COSMIC_ID	DRUG_ID	LN_IC50	prediction	fold
907269	1250	-0.610164	3.058581590652466	1
753562	1854	3.755774	3.8144514560699463	1
753624	1529	2.002066	4.256167888641357	1
949153	1191	-4.943422	0.6017780303955078	1
713880	1849	-0.132318	1.6973013877868652	1
905978	1816	4.702795	4.61219596862793	1
906790	1999	2.584128	2.8902010917663574	1
1240173	1941	-6.02967	2.026435613632202	1
909743	1024	-1.783284	2.110318422317505	1
906824	1931	5.91672	3.9619991779327393	1
906875	1999	2.716156	2.7277815341949463	1
909784	1736	1.018101	1.7725166082382202	1
949170	1553	2.356429	2.3148794174194336	1
906820	1449	4.895587	3.203071355819702	1
905979	1441	4.294106	2.8869669437408447	1
905983	1712	-3.221763	3.9806854724884033	1
1480359	1009	4.885005	4.203376770019531	1
749714	1088	5.189397	2.2855429649353027	1
909774	1816	5.741196	4.304802417755127	1
907792	2044	4.987467	2.173872947692871	1
907788	2111	2.553544	4.338258266448975	1
688013	1734	1.698865	3.7080461978912354	1
1299080	1561	2.364765	2.6642038822174072	1
907055	1930	-0.675366	3.5926671028137207	1
949174	1839	4.235286	2.7277815341949463	1
908465	1736	2.454583	2.64477276802063	1
717431	1030	4.313176	3.3922364711761475	1
1327766	1833	2.245491	2.233710527420044	1
946358	1086	-2.951686	1.5243663787841797	1
1290905	1806	7.621363	2.2855429649353027	1
909719	1093	4.897164	3.0992319583892822	1
1660035	1626	2.306065	3.2988545894622803	1
1298533	2057	5.069304	3.5847373008728027	1
909735	2145	-1.06606	3.0754454135894775	1
735784	2145	0.327537	3.2435410022735596	1
688011	1916	2.65672	3.202444314956665	1
905946	1624	3.083619	3.4417543411254883	1
910079	2045	5.995781	2.753730297088623	1
925346	2044	3.988524	2.49322772026062	1
749717	1911	-3.288222	3.8830270767211914	1
905937	2158	3.326291	3.91253924369812	1
753531	2046	3.176637	1.7650538682937622	1
907280	1908	-0.063516	2.2107672691345215	1
688013	1627	2.294181	3.715799331665039	1
687787	1560	4.966022	2.8978612422943115	1
688086	1507	4.495534	3.203071355819702	1
724869	1720	6.36043	2.3069570064544678	1
1480364	1834	2.851452	3.446972608566284	1
907289	1564	2.165789	2.300117015838623	1
1479987	2499	8.663452	4.928058624267578	1
905967	1732	5.49066	4.096022605895996	1
905948	1016	-0.239388	2.8869669437408447	1
905977	1925	5.942341	4.2969489097595215	1
905961	1941	-4.986246	2.026435613632202	1
906833	2111	4.607281	4.0449066162109375	1
908461	1050	2.428443	-0.5130903720855713	1
724839	1598	3.577162	4.117635250091553	1
753600	1060	3.583298	2.64477276802063	1
1240218	1810	5.140834	2.49322772026062	1
908141	1720	-3.245473	1.4673717021942139	1
930083	1507	7.89195	4.091981887817383	1
724839	2044	5.94656	2.0605218410491943	1
924107	2154	1.837793	3.8026323318481445	1
905951	1615	4.720864	2.6228652000427246	1
925346	1199	4.968976	4.431844234466553	1
946372	1621	5.068998	2.9235775470733643	1
910941	1199	3.544975	3.4618306159973145	1
687506	1373	3.899867	2.57656192779541	1
1240181	1613	2.630772	3.3922364711761475	1
905945	1507	5.328684	3.5150434970855713	1
905977	1372	-3.414837	1.7725166082382202	1
905980	1713	2.024146	2.889394521713257	1
1299075	2112	2.732379	3.682706117630005	1
910937	1862	-1.396554	1.0656481981277466	1
1240174	1630	5.482138	3.526904344558716	1
753600	2040	0.758578	3.0596725940704346	1
1298151	1730	1.318358	3.0488908290863037	1
906814	1739	5.559202	3.8706133365631104	1
909737	1023	4.39828	3.0674617290496826	1
753589	1025	7.023323	3.874955415725708	1
1290806	1997	4.320097	1.968963384628296	1
905962	1827	-0.707517	3.174243211746216	1
949153	1817	-2.366898	1.7484750747680664	1
908450	1022	3.298564	1.990729808807373	1
906824	1835	5.089461	3.046848773956299	1
906825	2096	2.196189	3.1904585361480713	1
1503365	1046	3.174725	2.1181082725524902	1
688010	1739	0.513499	3.202444314956665	1
753533	1237	4.85356	4.414514064788818	1
924107	1059	-1.348821	2.5472054481506348	1
906870	1586	3.541727	1.8156144618988037	1
946382	1708	0.698595	2.1209704875946045	1
713880	2096	2.932562	3.0534603595733643	1
1240155	2149	0.971326	3.639035940170288	1
687588	1043	6.032749	4.644524574279785	1
1290722	1825	-0.909883	3.6781842708587646	1
910861	1016	-2.353977	1.7253376245498657	1
1247871	1739	0.995184	2.110318422317505	1
1298531	1782	3.399942	3.5856409072875977	1
749714	1786	3.153397	2.9783926010131836	1
753574	1032	0.359728	2.4351913928985596	1
1659817	1932	0.264442	2.044435739517212	1
1240222	1582	5.044572	3.1094019412994385	1
906834	1250	-0.008722	3.534525156021118	1
1240197	1913	5.401337	4.928058624267578	1
1298347	1510	4.536927	2.989633083343506	1
724825	1052	2.446991	1.949272632598877	1
907783	1820	-0.189624	-0.028361130505800247	1
924241	1046	2.687973	1.9841974973678589	1
1240190	1042	6.091936	4.8005595207214355	1
908448	1558	3.094294	2.5751821994781494	1
753555	1939	3.123163	1.9989176988601685	1
910911	2154	2.760052	3.7512996196746826	1
1240198	1833	3.419762	3.446972608566284	1
924102	1373	2.949205	3.0213842391967773	1
946377	1036	2.437545	2.6298811435699463	1
1480364	1632	4.297381	2.3725178241729736	1
1322213	1033	3.769371	3.9408881664276123	1
907269	2149	-0.249211	3.2581698894500732	1
907794	1194	2.956651	2.866641044616699	1
908458	1249	2.7828	3.8693349361419678	1
905938	2110	4.331192	2.4361460208892822	1
1290722	1168	2.819614	2.8601412773132324	1
1298365	2039	4.332905	3.1094019412994385	1
906825	1919	2.711416	2.9073846340179443	1
1330947	1068	-1.399027	1.4673717021942139	1
908148	2106	1.114158	1.873671054840088	1
687995	1910	-1.497486	1.6973013877868652	1
905989	1053	2.671406	2.6582534313201904	1
905933	1803	0.963399	3.446972608566284	1
910920	1834	0.46641	3.284642219543457	1
1240218	1050	4.425328	0.1478465348482132	1
949154	2096	1.829179	2.57656192779541	1
908141	1559	-4.23986	0.5532822608947754	1
907067	1372	-5.055459	1.7725166082382202	1
925348	1069	5.041807	3.2128164768218994	1
909904	1786	4.432636	3.300386667251587	1
908121	1840	2.338189	3.107991933822632	1
909260	1029	4.069802	1.9007753133773804	1
905989	1050	2.331376	-0.3863697946071625	1
908440	1058	-1.242642	2.3148794174194336	1
753600	1018	5.278619	4.103529453277588	1
1290455	1088	1.236743	1.5250688791275024	1
909715	1563	3.860644	2.4361460208892822	1
909781	1029	7.874537	3.145372152328491	1
908449	1168	5.207274	2.9234230518341064	1
910933	1826	2.465355	3.258256673812866	1
909706	1199	5.534279	4.2969489097595215	1
949173	1909	0.546897	1.8293203115463257	1
998189	2107	5.568147	2.6582534313201904	1
1322212	1046	1.650345	1.9841974973678589	1
687505	1549	1.60914	2.3306214809417725	1
910698	2157	4.260381	4.414514064788818	1
905956	1713	0.929897	1.7725166082382202	1
909904	1939	2.911484	2.3069570064544678	1
906870	1073	2.790979	2.6079013347625732	1
910702	2171	8.153571	3.2235705852508545	1
1287706	1564	-0.965409	1.7725166082382202	1
1298349	1049	2.51475	2.67171573638916	1
1240168	1549	3.797114	2.5346977710723877	1
688011	1835	4.456437	2.890239953994751	1
906798	2158	3.747345	4.1939616203308105	1
909753	1594	3.238265	3.114170551300049	1
910944	1190	-3.790535	1.511223316192627	1
910546	1917	2.813354	4.41758394241333	1
906868	1708	0.229693	1.990729808807373	1
998184	1832	3.408192	1.8925098180770874	1
1524417	1050	2.20896	0.07860209047794342	1
724869	1838	4.196142	3.5847373008728027	1
907270	2111	1.602318	3.189927339553833	1
905948	1239	4.472436	4.147809982299805	1
1299075	1866	5.833965	3.298474073410034	1
946368	2003	5.384944	3.258256673812866	1
906871	1617	1.901116	1.891308069229126	1
910941	1917	0.477119	3.3922364711761475	1
907289	1844	5.795212	3.174243211746216	1
753614	2044	2.624694	2.1957385540008545	1
687592	1014	3.063947	2.6298811435699463	1
1303900	1553	4.817567	2.6228652000427246	1
1240157	1564	2.082351	3.011453866958618	1
909698	1062	3.079075	2.300117015838623	1
1298475	1494	-3.099937	2.49322772026062	1
722058	1180	-4.006055	2.1046793460845947	1
905951	2360	5.972724	2.6228652000427246	1
908121	1930	1.543071	4.110067844390869	1
722046	1050	1.670499	-0.6107399463653564	1
905985	1239	1.757619	3.9806854724884033	1
907792	1068	0.548099	2.026435613632202	1
906835	1449	7.206945	3.6102983951568604	1
924107	1025	5.447517	4.117635250091553	1
1330947	1079	-0.279461	1.797524333000183	1
949172	1862	-1.443176	0.8774367570877075	1
909740	1175	3.74867	3.8796231746673584	1
1298365	1845	-0.337311	3.446972608566284	1
1298157	1836	4.406909	3.107991933822632	1
908443	1738	2.506238	3.0105602741241455	1
930297	1175	5.093907	3.7973411083221436	1
908442	1918	1.511635	2.6582534313201904	1
908442	1511	-1.154794	2.173872947692871	1
1524419	2172	2.500756	3.6064555644989014	1
724873	1179	-0.052839	2.1046793460845947	1
906863	2044	2.861063	1.852421522140503	1
1330948	1915	1.071522	2.5751821994781494	1
949179	1910	2.441968	1.8293203115463257	1
1240154	2148	1.307815	3.6781842708587646	1
924250	1014	2.581537	2.3470752239227295	1
1299070	1783	4.413864	4.203376770019531	1
753574	1463	4.881349	2.991133689880371	1
906693	1931	5.584038	4.551980972290039	1
1298476	1924	4.789742	3.0337960720062256	1
910687	1924	2.578471	1.8282527923583984	1
907173	1180	-2.051937	2.152803897857666	1
906830	1927	5.491417	3.8706133365631104	1
687448	1581	5.215479	3.424828290939331	1
909698	1806	4.594862	2.173872947692871	1
1297446	1375	4.759246	1.511223316192627	1
1298168	1016	1.579465	2.8869669437408447	1
906814	1020	5.366886	1.378166675567627	1
1240167	1730	0.728257	2.843367338180542	1
908481	1635	5.956583	3.7080461978912354	1
905951	1080	-4.238729	0.40056854486465454	1
909774	1908	1.312375	2.51015305519104	1
907285	1168	5.202928	2.7720744609832764	1
724873	2048	-3.735816	-0.6107399463653564	1
722046	2010	3.265783	3.3687407970428467	1
905978	1576	3.582416	4.3217339515686035	1
1240129	1190	6.921125	2.765136480331421	1
907170	1085	1.731095	3.203071355819702	1
907295	1563	6.054811	3.715799331665039	1
905958	1808	-0.176251	1.511223316192627	1
687561	2111	4.136949	3.9618098735809326	1
905947	1940	2.744561	4.3217339515686035	1
946370	1927	6.19774	3.6102983951568604	1
1240127	1049	5.49641	2.803931951522827	1
1330983	1372	-2.639715	2.2107672691345215	1
1480361	1924	3.157072	3.114170551300049	1
753595	1560	5.365859	3.0337960720062256	1
906824	1803	3.213485	3.046848773956299	1
909761	1708	-0.259953	1.871219277381897	1
687592	1910	3.717973	1.9685887098312378	1
910548	1580	4.764254	3.7408807277679443	1
905961	1930	1.265874	3.8796231746673584	1
907042	1933	5.164593	0.9598273634910583	1
909905	1060	2.723945	2.6298811435699463	1
909736	2003	5.820079	3.3940539360046387	1
687448	1067	6.314445	2.074167251586914	1
909761	1175	4.689495	3.8796231746673584	1
1240173	1051	3.017332	-0.3863697946071625	1
906855	1131	2.934049	1.9945095777511597	1
906868	1561	0.856349	2.778660535812378	1
909757	1941	-0.661808	2.026435613632202	1
907787	2498	5.903961	3.08677077293396	1
907281	1084	-3.355432	2.0207149982452393	1
905974	1023	3.643365	2.980241060256958	1
949173	1031	-3.516747	0.8774367570877075	1
688015	2110	3.448829	3.715799331665039	1
1240145	1179	0.161862	2.1046793460845947	1
1298167	1047	4.150486	4.609869480133057	1
1299075	2172	0.623645	3.7994601726531982	1
1298151	1200	3.383289	4.860912799835205	1
906833	1372	1.857496	2.7227675914764404	1
1331036	1131	0.696532	2.069122076034546	1
1297449	1808	-1.52567	1.4414368867874146	1
946377	1926	-0.050995	2.731743574142456	1
910692	1809	0.061386	2.077657461166382	1
749713	1096	2.770638	0.40056854486465454	1
908151	1069	1.805246	2.809080123901367	1
905968	1069	4.881395	3.235269546508789	1
909746	1853	5.07282	2.802236318588257	1
910924	2107	4.924971	2.5145843029022217	1
908468	1046	1.493876	1.9841974973678589	1
753581	1079	4.007537	3.8706133365631104	1
687983	1180	-2.529616	1.9841974973678589	1
906862	2439	8.148565	3.8830270767211914	1
1298529	1996	3.985048	1.7303845882415771	1
908125	1999	3.240665	3.4234297275543213	1
753618	1778	3.24643	2.3148794174194336	1
906821	1928	6.426412	3.7533068656921387	1
908460	2148	1.810331	3.3687407970428467	1
1240170	1378	4.436969	2.1922237873077393	1
687592	1529	0.052486	3.9806854724884033	1
753595	1913	5.76723	4.804263591766357	1
907788	1915	2.280555	2.9356367588043213	1
909774	1018	5.885038	3.9688684940338135	1
946367	1018	4.925545	3.9618098735809326	1
1503363	1237	4.774667	4.144435882568359	1
908139	1940	4.802069	3.802560567855835	1
1331036	2156	-0.904855	2.616192102432251	1
906844	2145	-1.208213	3.107991933822632	1
753608	1011	4.961851	2.0436956882476807	1
713880	1069	3.532738	2.615863561630249	1
910567	1190	-0.710042	1.9121639728546143	1
908472	1003	1.402198	2.2958426475524902	1
910905	2359	5.584101	3.8693349361419678	1
909698	1783	5.48392	3.8693349361419678	1
1290798	1739	5.693339	3.5150434970855713	1
909774	1025	5.954248	4.145806789398193	1
905950	1840	1.676371	3.284642219543457	1
1479995	1916	3.146056	3.99831223487854	1
906797	1843	-2.733788	2.059067726135254	1
724868	1708	-1.530217	2.1046793460845947	1
1299075	1042	5.52772	4.922869682312012	1
1479995	1598	5.652145	4.380030155181885	1
909706	1910	3.122423	2.1058733463287354	1
1330983	1237	3.405652	2.4361460208892822	1
910935	1060	-0.71962	2.031484365463257	1
1295741	2055	-0.359073	2.233710527420044	1
909749	2047	3.757481	2.624596118927002	1
1240174	2046	2.524707	1.8664615154266357	1
1503368	1494	-1.174711	2.1957385540008545	1
688015	1912	0.851357	2.4977993965148926	1
753605	1629	3.863868	1.0656481981277466	1
687799	1018	5.1937	4.103529453277588	1
1240178	1175	5.176209	4.3551025390625	1
906830	1553	3.102451	2.6642038822174072	1
906820	1200	3.199327	3.4618306159973145	1
1524419	1615	3.684586	2.8869669437408447	1
905970	1049	5.242832	3.0596725940704346	1
907061	1019	1.316463	3.1079540252685547	1
910544	1806	2.920657	1.0603476762771606	1
1240196	2044	3.492751	1.852421522140503	1
905991	1583	2.805924	4.588873386383057	1
906805	1586	5.442703	3.081738233566284	1
908465	1734	2.257352	4.096022605895996	1
910911	1054	5.65804	1.7650538682937622	1
1327766	1804	5.045016	2.233710527420044	1
905948	1563	5.785885	4.414514064788818	1
907314	2037	5.689251	3.499990701675415	1
1240190	1926	0.508593	2.9388742446899414	1
906825	1003	-3.812728	2.765136480331421	1
905982	1057	-2.308772	2.731743574142456	1
908130	1011	1.627958	1.9435691833496094	1
910937	1029	4.643471	2.67171573638916	1
1503371	1708	-0.885037	2.1181082725524902	1
1298169	1924	5.33227	2.8869669437408447	1
907170	1813	5.010388	1.9121639728546143	1
908463	1560	4.842709	2.9388742446899414	1
687506	1012	2.089307	2.7293479442596436	1
753561	1043	5.546047	4.839034557342529	1
1240223	1784	6.883155	3.6781842708587646	1
1290455	1017	3.812368	2.4064035415649414	1
687983	1053	3.505864	2.4977993965148926	1
753540	1375	6.756864	2.0507519245147705	1
946359	2169	5.067066	2.6228652000427246	1
906818	1190	-3.641703	2.2708828449249268	1
1240189	1615	4.70276	2.4977993965148926	1
905946	1553	1.672107	2.6228652000427246	1
949178	1736	4.058306	2.3054769039154053	1
1659928	1494	-4.235962	2.173872947692871	1
749715	1025	4.413942	4.041625022888184	1
1299050	1825	0.266	2.6257548332214355	1
907042	1720	5.142428	1.891308069229126	1
724859	1059	0.067146	2.9388742446899414	1
909248	1512	5.715363	2.098088264465332	1
910930	1838	2.386954	1.7946380376815796	1
1503361	1814	6.405848	2.1957385540008545	1
753605	1928	4.332701	3.1208746433258057	1
908465	2038	4.598504	4.085141181945801	1
906869	1179	1.285552	2.0022077560424805	1
907795	1069	3.172181	2.748255968093872	1
905969	1086	0.003198	2.3725178241729736	1
905938	1634	3.037297	3.5295631885528564	1
753572	1916	3.000268	4.005451679229736	1
908148	1004	-6.357097	-0.895030677318573	1
908124	1250	3.974396	3.8706133365631104	1
753612	1809	-4.179123	1.8096755743026733	1
911905	1017	6.41556	4.415791034698486	1
910935	1594	0.267108	1.7253376245498657	1
906820	1817	-5.20718	2.4126954078674316	1
1299081	1029	5.698668	2.980241060256958	1
753592	1052	2.912283	2.1046793460845947	1
910688	2171	1.528794	1.825850486755371	1
753548	1849	-2.36777	1.4673717021942139	1
1503368	1828	4.237595	3.2435410022735596	1
910548	2109	4.796997	4.380030155181885	1
907279	1057	-0.559824	2.778660535812378	1
1240159	1712	-2.63135	4.0790486335754395	1
907046	1049	3.238263	2.9783926010131836	1
713885	1052	2.09429	1.9841974973678589	1
905991	1712	-3.660778	4.203376770019531	1
1240169	1819	0.257606	-0.5016248226165771	1
906763	1838	1.749361	1.8925098180770874	1
713899	2039	2.791381	2.6442785263061523	1
753594	1061	3.265516	3.0534603595733643	1
687985	1629	5.123308	1.0656481981277466	1
1298353	1933	4.893708	0.9843578934669495	1
1240169	2498	6.916245	4.658969402313232	1
1503367	1738	2.868698	2.8997621536254883	1
688027	1560	0.921126	2.4977993965148926	1
687505	1249	2.666545	3.940796375274658	1
1240160	1922	2.949267	3.0674617290496826	1
910781	1449	5.336979	3.526904344558716	1
908481	1018	6.202531	3.6944186687469482	1
1674021	1838	3.847017	3.174243211746216	1
687815	1059	-1.594548	2.8978612422943115	1
1240183	1829	0.932719	3.4751734733581543	1
688031	1835	2.486363	2.890239953994751	1
924241	2044	6.036488	2.077657461166382	1
1240179	1810	2.619143	2.0605218410491943	1
688013	2000	5.06912	2.890239953994751	1
906808	2177	2.755065	3.715799331665039	1
1298350	1175	3.349611	4.103529453277588	1
905968	2045	4.339229	3.114170551300049	1
724834	1048	5.647555	4.103529453277588	1
908465	1912	2.809219	2.9388742446899414	1
906814	1828	2.619394	3.4234297275543213	1
1322224	1200	1.496375	3.6360490322113037	1
910549	1809	-0.025459	2.1957385540008545	1
908123	2110	3.417527	4.0800065994262695	1
687588	1940	3.772967	4.104689121246338	1
905945	1378	4.977235	2.2855429649353027	1
905952	1014	2.952575	2.1435813903808594	1
722058	1237	4.932998	4.085141181945801	1
910922	1593	3.237107	2.9931771755218506	1
688010	1831	3.991228	2.890239953994751	1
1330950	1010	3.200272	2.822962522506714	1
906833	1996	3.762535	1.9012641906738281	1
907295	1593	3.105813	2.6442785263061523	1
1299075	1716	6.096774	4.067880153656006	1
908139	1372	-0.782768	2.3470752239227295	1
909698	1817	-5.90223	2.802236318588257	1
1247871	1615	3.657471	1.8282527923583984	1
907279	1494	-0.688444	2.13863205909729	1
1331036	1048	2.880865	2.049476146697998	1
907063	1250	1.354356	1.905466914176941	1
910546	1073	1.354905	4.256167888641357	1
908148	1033	4.080484	2.6079013347625732	1
1240157	1085	3.077035	3.769078493118286	1
924239	1855	3.966131	2.5856945514678955	1
1298167	1621	3.018851	3.3793203830718994	1
906851	1617	-2.272328	1.988432765007019	1
909755	1911	-3.927724	3.8693349361419678	1
905952	2011	3.024476	2.476311445236206	1
753605	1578	4.603297	2.077657461166382	1
1299069	1020	5.583414	1.1722654104232788	1
905938	1631	2.149788	1.797524333000183	1
906813	1180	-3.036281	2.074167251586914	1
1298357	2109	2.642824	3.802560567855835	1
753600	1819	1.98135	-0.6107399463653564	1
909256	2158	3.246009	4.0800065994262695	1
909905	1732	4.465878	3.9806854724884033	1
717431	1062	4.004948	2.3054769039154053	1
1240158	1808	-2.152161	2.2389187812805176	1
949174	2157	3.57731	3.499990701675415	1
905936	1626	2.191335	3.2988545894622803	1
998189	2048	-2.7206	-0.3863697946071625	1
713880	1086	-1.959502	1.9841974973678589	1
907053	1912	2.701768	1.873671054840088	1
908475	1050	1.396126	-0.6107399463653564	1
1299078	2145	-0.415382	3.4234297275543213	1
905950	1808	-1.01569	2.069349527359009	1
687798	1006	-0.961226	4.096022605895996	1
905984	2157	3.732755	3.8929855823516846	1
1298136	2159	5.545872	4.455465316772461	1
909729	1862	-1.608269	1.1925805807113647	1
722066	1250	2.630494	3.780000925064087	1
910691	1933	4.925812	1.0283401012420654	1
722045	1042	3.452721	4.8005595207214355	1
907275	1806	4.791987	1.5250688791275024	1
1240199	1998	6.981208	4.203376770019531	1
1503362	1812	2.665148	2.1957385540008545	1
907278	2039	2.100431	1.8156144618988037	1
905935	2112	3.948222	3.682706117630005	1
687777	1047	6.069399	4.221479892730713	1
908123	2000	3.633535	3.107991933822632	1
1298531	1931	4.958976	3.96003794670105	1
946370	1069	3.851392	2.8276970386505127	1
688086	1010	2.443797	2.4141030311584473	1
1298168	1069	4.54249	3.0578725337982178	1
909250	2154	3.872298	4.414514064788818	1
906797	1007	-5.285341	-1.6075860261917114	1
1480372	1168	3.378949	2.9073846340179443	1
753534	1131	4.856211	4.307640552520752	1
1298537	1179	1.463537	2.1046793460845947	1
1331050	2171	0.596272	1.6794893741607666	1
753563	1862	-2.062836	0.8322453498840332	1
910569	1784	4.521218	3.174243211746216	1
1290908	2112	1.593238	3.3687407970428467	1
910702	1175	5.653673	4.41758394241333	1
949177	1177	2.280741	3.3922364711761475	1
908126	1441	1.393054	1.4482280015945435	1
687588	2107	6.229023	2.731743574142456	1
906830	1627	4.060748	4.186343669891357	1
1298475	1627	3.003042	4.455465316772461	1
1330995	1635	5.748549	2.616192102432251	1
908476	1563	5.886272	4.085141181945801	1
905940	1804	5.868168	-0.028361130505800247	1
910905	1050	3.626304	-0.3863697946071625	1
907319	1814	4.996318	2.1957385540008545	1
753570	1043	3.492679	4.839034557342529	1
1298537	1191	-3.848105	1.2544339895248413	1
1290798	1054	3.909474	2.1209704875946045	1
753577	1854	3.536161	4.3217339515686035	1
905951	1563	6.755723	4.0800065994262695	1
724866	1918	3.612654	2.9388742446899414	1
909726	1799	4.441581	3.8706133365631104	1
1240222	1927	5.435736	3.99831223487854	1
909744	2498	7.731944	4.933696746826172	1
1240167	2011	2.996473	4.021589279174805	1
1480362	2172	2.93993	3.7408807277679443	1
909774	1780	6.564847	3.6481411457061768	1
688011	1913	4.87949	4.8958892822265625	1
910922	1011	0.766236	1.8455630540847778	1
910904	1428	5.952482	3.5856409072875977	1
724866	1738	3.277716	2.989633083343506	1
908125	1718	4.920058	3.8706133365631104	1
909751	1712	-4.19017	3.8693349361419678	1
724828	1018	5.706673	3.3922364711761475	1
909706	1061	3.028505	1.7725166082382202	1
909726	1062	-0.797204	1.7725166082382202	1
687777	1190	0.144707	2.2958426475524902	1
905984	1776	3.948992	2.9011101722717285	1
724872	1834	2.590146	2.890239953994751	1
906868	1583	3.150672	3.8929855823516846	1
753556	1069	3.311003	3.047931671142578	1
906793	2175	2.904603	4.1984357833862305	1
906696	1783	5.36514	4.408850193023682	1
749716	1930	1.166453	4.110067844390869	1
735784	1626	2.846	3.4829084873199463	1
1480367	1615	4.340951	3.114170551300049	1
753562	1927	4.470453	3.1079540252685547	1
949090	1062	2.206033	3.1904585361480713	1
1240198	2111	5.287828	4.415791034698486	1
906812	1839	3.56859	3.107991933822632	1
687985	1830	2.077532	2.890239953994751	1
906801	1786	2.440786	2.9783926010131836	1
753546	1050	3.767338	-0.28374072909355164	1
687802	1706	2.745574	3.5681426525115967	1
1240159	1820	2.386036	3.3940539360046387	1
905975	1511	-1.795246	2.2708828449249268	1
905942	1932	3.116634	2.989633083343506	1
924244	1824	1.848903	3.3687407970428467	1
907278	1073	5.28497	2.6079013347625732	1
909757	1553	1.286354	2.6582534313201904	1
753596	1014	-2.049004	1.7725166082382202	1
905970	1714	4.272472	2.64477276802063	1
1659823	1621	5.090609	2.802236318588257	1
1290798	1621	5.863379	2.806814432144165	1
753589	2055	2.669808	2.890239953994751	1
1330960	1079	-1.299642	2.110318422317505	1
724869	1828	4.559405	3.5847373008728027	1
906865	1014	-0.516252	1.7725166082382202	1
910935	1836	1.368461	1.7946380376815796	1
906837	1598	3.856172	3.8144514560699463	1
910947	1635	3.887825	2.6079013347625732	1
1331036	1997	2.499442	1.3908476829528809	1
1298531	1814	6.201657	1.852421522140503	1
1240198	2171	3.61815	3.2600879669189453	1
908470	1713	3.186159	3.2697694301605225	1
1240170	2172	4.014553	3.423197031021118	1
907055	1915	2.623033	2.297332525253296	1
1480358	1096	4.442535	-1.1195799112319946	1
1298475	1827	1.723386	3.5847373008728027	1
1240154	1613	2.51891	4.3551025390625	1
1240201	1259	4.214272	4.41758394241333	1
924244	1713	1.954504	2.64477276802063	1
1240143	1583	3.489564	4.389893054962158	1
908135	1629	4.243739	0.8774367570877075	1
905942	2048	-3.940107	-0.6107399463653564	1
1240198	1179	-0.002245	2.3725178241729736	1
1298151	1190	4.052957	2.2389187812805176	1
687995	1512	4.146397	2.077657461166382	1
906871	2109	1.813209	4.241860389709473	1
906818	1047	4.179035	4.130293369293213	1
1299078	2498	7.563025	4.404543399810791	1
910920	1199	4.040397	4.61219596862793	1
905956	1563	6.152886	4.186343669891357	1
1240146	1828	3.803529	3.3687407970428467	1
1240226	1718	5.987739	3.8706133365631104	1
905939	1709	-2.396083	1.871219277381897	1
722045	1375	6.229707	2.2958426475524902	1
1298222	2045	4.990726	2.753730297088623	1
1298219	2177	2.00624	4.1611504554748535	1
753564	1862	-2.063201	1.0656481981277466	1
1240145	1613	4.093411	4.103529453277588	1
753612	1017	4.897411	2.939537525177002	1
910947	1559	-4.678872	0.5532822608947754	1
1240218	1910	2.308056	2.3069570064544678	1
910569	1811	-1.956885	3.8693349361419678	1
909702	1239	0.023641	2.476311445236206	1
907062	2362	3.846625	2.226301431655884	1
1290725	1549	4.302313	1.6846212148666382	1
905961	1622	4.470976	4.088144302368164	1
910933	1930	0.491807	3.9618098735809326	1
687995	1832	2.872251	2.890239953994751	1
930083	2158	6.703102	4.398472785949707	1
1240218	2109	3.786007	4.40859842300415	1
687812	1030	4.69549	4.103529453277588	1
1240172	1931	6.706856	4.490841388702393	1
1480364	1803	5.903216	3.446972608566284	1
909721	1401	3.814259	2.1046793460845947	1
946355	1131	4.871125	4.704385757446289	1
1240201	1919	1.169957	2.7720744609832764	1
905982	1510	5.801652	2.8558199405670166	1
1298151	2045	6.00343	2.767089366912842	1
909784	2156	3.882392	3.8632049560546875	1
910905	1618	5.404665	4.3021674156188965	1
1331045	1712	-4.627734	2.616192102432251	1
749710	2112	3.617782	3.107991933822632	1
906875	1718	5.41734	3.203071355819702	1
1240201	1179	-0.425987	2.2533118724823	1
907057	1930	-0.250717	4.389563083648682	1
1240186	1067	6.15142	1.9841974973678589	1
910900	1581	2.210747	3.5681426525115967	1
1240201	2109	2.604729	4.40859842300415	1
908150	1378	4.724397	2.406630754470825	1
1240185	1052	2.546011	2.1046793460845947	1
687588	1250	2.560819	3.6102983951568604	1
753569	1062	3.132385	2.8149588108062744	1
1480364	1824	3.331655	3.446972608566284	1
1299080	1931	5.902175	4.130293369293213	1
946363	1564	4.060838	2.3054769039154053	1
687505	1378	1.217988	2.0605218410491943	1
908462	1941	-5.634853	2.079162359237671	1
908128	1007	-3.231496	-0.28374072909355164	1
949170	1631	2.129113	3.203071355819702	1
907279	1013	5.630107	3.4770877361297607	1
907317	2055	0.855274	3.2435410022735596	1
905942	2107	4.756228	2.9388742446899414	1
906797	2002	5.342833	3.211395025253296	1
687807	1067	5.417853	2.1046793460845947	1
924240	1048	4.803628	4.110067844390869	1
908475	1910	2.706187	2.0436956882476807	1
909740	1926	1.363902	2.6582534313201904	1
1298357	1816	6.75836	3.6360490322113037	1
1479987	2154	1.500514	4.588873386383057	1
906862	1029	4.916653	2.9783926010131836	1
910926	1808	-2.266368	2.059067726135254	1
1480364	1598	4.866277	4.380030155181885	1
1240130	1014	-2.945452	1.7725166082382202	1
1240201	1058	1.082166	3.0337960720062256	1
908121	1083	3.103315	2.9783926010131836	1
930083	1585	7.109741	3.3793203830718994	1
924239	1582	2.610924	2.0775182247161865	1
724828	1494	-2.664105	1.9121639728546143	1
1330995	1927	5.082609	1.905466914176941	1
687819	1191	-2.663426	1.2544339895248413	1
909750	1050	5.927102	-0.9615179300308228	1
910943	1821	5.272356	3.258256673812866	1
908130	1928	5.674702	3.368887424468994	1
1330985	1507	-1.689207	1.797524333000183	1
1240185	1814	5.81562	2.2958426475524902	1
909727	1593	1.161967	2.9053406715393066	1
905938	1012	0.206913	1.8156144618988037	1
905963	1058	1.578406	2.8869669437408447	1
1298348	2107	6.532616	2.9388742446899414	1
1303900	1733	0.841011	3.5150434970855713	1
1327773	1012	0.608081	1.7624796628952026	1
1290797	1018	5.497118	4.41758394241333	1
1290797	1259	3.904393	4.41758394241333	1
905990	1564	3.178904	3.1904585361480713	1
1331045	1576	1.545937	2.8100078105926514	1
1240173	1428	5.261549	3.8693349361419678	1
909250	1804	7.505493	3.284642219543457	1
905971	1716	4.184138	3.6471292972564697	1
1290455	1632	2.515085	1.5525792837142944	1
907789	2096	1.986405	2.1435813903808594	1
905978	1803	4.233122	3.284642219543457	1
924241	1933	3.37594	1.0656481981277466	1
1240154	1624	3.305048	3.8822529315948486	1
1298358	2039	4.80565	2.605295181274414	1
910926	1830	1.436001	3.211395025253296	1
907783	1782	3.879496	2.611891508102417	1
909704	1259	3.931433	4.036107540130615	1
1298537	1780	5.632234	3.780000925064087	1
946370	1706	2.066333	3.423197031021118	1
910907	1999	4.880981	3.5847373008728027	1
910568	1512	5.271291	2.6572177410125732	1
687592	1049	3.757831	2.8685364723205566	1
1295740	1939	2.749715	1.5419524908065796	1
753614	1378	4.031804	2.1957385540008545	1
908476	1621	3.342427	3.081738233566284	1
909726	1008	2.743523	2.2708828449249268	1
905969	1047	7.095083	4.609518527984619	1
910688	2360	4.646864	1.873671054840088	1
910911	1913	5.323588	4.530929088592529	1
1240153	1922	2.339434	2.980241060256958	1
687562	1940	2.433856	4.104689121246338	1
687568	1847	5.688346	3.258256673812866	1
909252	1784	3.663745	1.8925098180770874	1
1303900	1838	3.184392	3.107991933822632	1
1327766	1866	1.803052	2.3783695697784424	1
905958	1626	2.513211	1.9717249870300293	1
1298222	1828	2.807671	3.2435410022735596	1
906793	2045	5.810246	2.6642038822174072	1
753565	1736	5.868506	3.0534603595733643	1
909735	1022	-0.237245	1.8664615154266357	1
1240179	1594	3.492192	2.5472054481506348	1
910900	1933	5.532563	1.2544339895248413	1
1298353	1511	1.958397	2.0507519245147705	1
905947	1085	2.832852	3.7713122367858887	1
907269	1047	0.421317	3.214700937271118	1
907276	2110	6.246695	3.639035940170288	1
909704	2109	2.44334	4.341233253479004	1
1330942	1089	4.903541	1.5250688791275024	1
1240183	1032	1.362469	2.2132322788238525	1
753535	1037	3.472975	3.1079540252685547	1
908475	1720	6.085828	2.0436956882476807	1
905960	1806	5.927882	2.2855429649353027	1
909257	1033	4.517296	4.203376770019531	1
753592	2156	2.368401	4.096022605895996	1
907269	2498	7.14209	3.8696930408477783	1
1295741	1067	4.502986	1.949272632598877	1
906871	1014	3.501958	2.9681880474090576	1
1524417	1010	2.199105	2.4121124744415283	1
1479987	2157	3.346967	4.588873386383057	1
1330985	1061	3.384468	2.2107672691345215	1
1295740	1179	-0.370881	1.5243663787841797	1
907311	2037	3.393401	2.0255229473114014	1
724866	1706	3.719363	3.5681426525115967	1
753584	1038	3.775998	4.036107540130615	1
907300	1706	-1.987206	1.997942566871643	1
1240178	2174	3.12316	4.408850193023682	1
906790	1622	3.201424	3.802560567855835	1
946355	1168	-0.294853	2.4351913928985596	1
907057	1936	3.303007	3.0674617290496826	1
687459	1829	2.177173	3.211395025253296	1
906828	1089	4.802805	2.6572177410125732	1
909748	2111	4.359665	3.8796231746673584	1
687514	1824	2.632629	3.046848773956299	1
908130	2046	1.624917	1.8664615154266357	1
906795	1626	1.124634	3.8822529315948486	1
907321	1825	-1.913206	3.2435410022735596	1
1331038	1730	2.552811	1.9490474462509155	1
907173	1558	4.594994	2.7395193576812744	1
687505	1806	4.549639	2.0605218410491943	1
713869	1624	5.999372	3.5681426525115967	1
907787	1926	1.458715	1.8282527923583984	1
1240154	1511	-2.28458	2.6572177410125732	1
909745	2096	3.776811	2.6298811435699463	1
687590	1931	6.107295	4.030252456665039	1
1240197	1378	4.526113	2.765136480331421	1
724869	1249	5.694044	4.256167888641357	1
1290455	1618	1.965666	3.5295631885528564	1
909719	1375	5.874015	2.2389187812805176	1
946366	1941	-5.705906	1.9685887098312378	1
753556	1463	2.744289	3.1060736179351807	1
909251	2159	0.985895	2.372398853302002	1
908452	1042	3.168346	4.801387310028076	1
910910	1997	6.204198	1.988432765007019	1
906851	1733	0.637973	3.5150434970855713	1
909697	1033	4.828658	3.626075506210327	1
907787	1803	4.448869	1.8925098180770874	1
753541	1997	3.294451	1.7303845882415771	1
905981	1131	5.076761	4.599693775177002	1
687590	1809	0.03737	2.1922237873077393	1
906837	1812	0.788322	1.852421522140503	1
753592	2044	2.780459	2.2958426475524902	1
1290725	1019	3.420781	3.1079540252685547	1
1331045	1005	2.65831	1.4414368867874146	1
688086	1630	4.718624	3.203071355819702	1
1330985	1866	1.798248	2.3379874229431152	1
749714	1922	2.000757	2.9783926010131836	1
724868	1494	-2.557967	2.2958426475524902	1
753623	1812	3.759869	2.1957385540008545	1
905983	1829	0.50293	3.258256673812866	1
905989	1062	0.817069	2.300117015838623	1
910919	1512	4.217494	1.4414368867874146	1
753623	1086	-2.954218	2.1181082725524902	1
949171	1829	0.058065	2.7277815341949463	1
905964	2048	-5.238359	-1.2191007137298584	1
907313	2038	4.595553	3.970153331756592	1
910927	1730	2.143519	2.809080123901367	1
905948	2158	5.221444	4.414514064788818	1
753623	1005	4.403338	2.1957385540008545	1
1331033	1580	4.056794	1.8221790790557861	1
910944	1809	-1.935873	1.511223316192627	1
1331045	2057	4.479468	1.7946380376815796	1
753569	2159	2.404159	4.389893054962158	1
908126	2010	1.819682	-0.028361130505800247	1
905963	1911	-3.511491	4.147809982299805	1
1290905	2169	6.94522	2.6228652000427246	1
905955	1924	4.995736	2.6642038822174072	1
1299081	1928	5.186952	3.424828290939331	1
905949	1199	3.522991	4.182910442352295	1
1480371	1586	5.109176	3.1094019412994385	1
908462	1549	3.8224	2.7395193576812744	1
1290769	2096	-0.572185	2.300117015838623	1
910903	1011	1.558713	2.1058733463287354	1
946359	1736	7.102418	3.107339859008789	1
906792	1048	4.289856	3.9653127193450928	1
924107	1834	1.855729	3.046848773956299	1
906817	1072	6.5765	4.021589279174805	1
905936	2046	2.795675	1.871219277381897	1
910934	2439	8.916792	2.616192102432251	1
910900	1720	3.272621	2.0436956882476807	1
910851	1009	4.39298	3.9408881664276123	1
687799	1036	3.199694	2.64477276802063	1
735784	1177	5.442624	4.3014020919799805	1
946377	1194	2.805155	2.8685364723205566	1
688031	1564	3.642446	3.0534603595733643	1
905958	2157	4.277877	2.372398853302002	1
687459	1847	3.922289	3.211395025253296	1
905981	1029	5.506409	3.145372152328491	1
905942	1816	3.323783	4.182910442352295	1
1299059	1852	3.929049	3.5856409072875977	1
907795	1631	2.476641	3.6471292972564697	1
753551	1026	-0.006936	1.0656481981277466	1
910698	1046	0.819566	1.9293230772018433	1
908451	1820	1.336466	1.8679174184799194	1
1290922	1559	-3.150252	1.3427242040634155	1
909749	1559	-1.673928	0.8725150227546692	1
753588	1576	2.735606	3.874955415725708	1
1298362	2111	5.151227	3.6588845252990723	1
946369	2096	2.184736	2.9681880474090576	1
907045	2158	3.253687	4.0800065994262695	1
1298347	1834	2.261615	3.3687407970428467	1
1298348	1827	1.36419	3.3687407970428467	1
905937	1810	-1.053472	2.173872947692871	1
906821	2148	3.098845	3.5847373008728027	1
924187	1007	-2.107301	-0.41758787631988525	1
687821	1815	7.980539	4.096022605895996	1
907311	2360	4.110201	1.4482280015945435	1
688027	2055	2.252307	2.890239953994751	1
905990	1529	3.452894	4.203376770019531	1
753618	2438	7.757406	3.618901252746582	1
907312	2039	2.999017	2.8906021118164062	1
1240159	1802	5.060269	4.0790486335754395	1
687506	1016	1.959096	2.5472054481506348	1
907172	1023	4.058711	2.980241060256958	1
906797	1734	1.76614	4.0659613609313965	1
905938	2361	4.851988	1.873671054840088	1
753547	2499	10.365462	4.8958892822265625	1
1240220	1928	5.886465	3.6064555644989014	1
1290730	1598	4.457398	4.341233253479004	1
1480372	1908	2.516489	3.1904585361480713	1
1327766	2112	2.217443	2.233710527420044	1
1298348	1068	1.058418	2.0436956882476807	1
925338	1096	4.17702	0.40056854486465454	1
1240162	1268	5.506612	3.8144514560699463	1
910545	1191	-5.48035	0.5532822608947754	1
924187	2000	5.290596	3.0754454135894775	1
1330950	1034	-5.494508	2.1826839447021484	1
910688	1618	2.639969	3.5295631885528564	1
909743	1073	3.613812	2.476311445236206	1
910781	1922	0.855006	2.803931951522827	1
924187	1922	3.111318	2.803931951522827	1
907790	1268	5.495632	4.088144302368164	1
905961	1783	5.898365	3.8693349361419678	1
910903	2037	5.223689	4.186343669891357	1
905940	1862	-0.917678	0.18104256689548492	1
905963	1023	4.480488	3.145372152328491	1
1240212	1073	3.688757	3.940796375274658	1
908442	1922	2.695683	2.866641044616699	1
910947	1782	3.071	2.6079013347625732	1
753575	1625	6.615302	3.4829084873199463	1
905971	1613	1.822031	3.8796231746673584	1
1240169	1840	2.282669	3.258256673812866	1
1331032	1779	0.596165	1.905466914176941	1
907794	1558	4.73074	2.3116064071655273	1
688011	1815	4.90322	3.7080461978912354	1
1287706	1018	5.661229	3.9653127193450928	1
905972	1806	5.432286	2.2958426475524902	1
724825	1708	-2.32161	1.949272632598877	1
1240145	1834	2.440947	3.3687407970428467	1
688031	2111	2.349863	3.6944186687469482	1
909781	2172	4.601506	3.6064555644989014	1
925347	1529	4.284373	4.256167888641357	1
687794	1926	-0.450257	2.9388742446899414	1
907285	1918	3.05502	3.0337960720062256	1
1327765	2109	1.948972	2.8100078105926514	1
949179	1080	-1.780969	-0.8302356600761414	1
1503366	1054	4.66914	2.1181082725524902	1
1240200	1614	5.191459	3.99831223487854	1
753563	1584	2.435915	2.0775182247161865	1
1503361	1936	3.238981	2.991133689880371	1
687995	1191	-4.402542	1.0656481981277466	1
907321	1940	3.35489	4.135594844818115	1
908130	1018	5.685277	4.133960247039795	1
905944	1778	4.477981	2.9388742446899414	1
909729	1732	3.322756	3.9806854724884033	1
687592	1073	4.352037	3.9806854724884033	1
906765	1079	-1.267272	2.65079665184021	1
1299081	1828	4.032466	3.4234297275543213	1
1330972	1560	2.434439	2.4977993965148926	1
909737	2110	6.26293	4.351006031036377	1
910900	2039	3.421233	3.081738233566284	1
907172	1922	1.663405	2.980241060256958	1
1290806	1873	0.292311	2.5145843029022217	1
687562	1808	-1.538333	2.1922237873077393	1
906837	1873	0.398265	2.226301431655884	1
1330972	1441	-0.270549	2.4977993965148926	1
906875	1372	1.536369	2.3054769039154053	1
909738	1068	0.833128	1.811052918434143	1
949090	1054	4.418224	2.3725178241729736	1
687997	1832	4.210492	2.890239953994751	1
907792	1086	0.750267	1.871219277381897	1
753582	1049	4.370522	2.67171573638916	1
910781	1598	3.122877	4.112157344818115	1
906851	1129	4.452111	2.6228652000427246	1
907285	1250	3.92695	4.005451679229736	1
909784	2002	6.388401	3.4234297275543213	1
753594	1809	-0.286772	2.077657461166382	1
905972	1033	6.432288	4.096022605895996	1
908151	1052	0.768592	2.1209704875946045	1
905960	1133	3.981362	4.490841388702393	1
909761	1998	4.79622	3.8693349361419678	1
906855	1627	2.281556	2.0255229473114014	1
687505	1843	-1.498497	2.0605218410491943	1
905948	1058	0.470924	2.8869669437408447	1
907057	1847	-0.161466	3.3940539360046387	1
1298365	2096	4.447848	3.1904585361480713	1
910922	1191	-4.632313	0.7307363748550415	1
949088	1563	2.210597	2.311350107192993	1
753623	1799	3.725302	3.629936933517456	1
1240159	1046	3.254112	2.0868778228759766	1
1290908	1584	2.365272	3.081738233566284	1
687816	1062	4.619456	2.64477276802063	1
907320	1250	2.49017	3.629936933517456	1
687800	2360	6.232	2.9388742446899414	1
753610	1578	4.28271	2.077657461166382	1
905983	1910	3.631938	1.9685887098312378	1
910569	2109	1.935307	4.088144302368164	1
910903	1738	0.545161	2.9730513095855713	1
905971	2047	-0.67527	2.300117015838623	1
909706	1054	4.827261	2.074167251586914	1
906833	2000	5.121118	3.097431182861328	1
753538	1776	4.431914	2.434183359146118	1
753622	1031	-2.511745	1.0944528579711914	1
905991	1909	2.712415	2.117466926574707	1
1240204	2107	4.109221	2.226301431655884	1
924189	1129	3.86656	2.3148794174194336	1
1240168	1051	0.75489	-0.5016248226165771	1
1331048	1734	1.966552	2.616192102432251	1
722045	1091	1.665182	2.989633083343506	1
905955	1713	2.533637	1.7725166082382202	1
909904	1378	3.888656	2.49322772026062	1
910920	1844	3.265654	3.284642219543457	1
724878	1820	4.607199	3.3687407970428467	1
907795	1862	-1.429095	1.169305682182312	1
905957	1624	1.562649	3.4417543411254883	1
687590	1804	6.221001	3.258256673812866	1
906828	1068	-0.502246	2.256880521774292	1
687800	1054	5.328035	2.1046793460845947	1
905956	1622	4.56313	4.1984357833862305	1
688086	1013	2.208509	2.839867353439331	1
1240127	2177	3.031041	4.141444683074951	1
1659929	1050	3.7158	-0.3863697946071625	1
687590	1199	4.407335	4.039072513580322	1
909719	1025	5.376411	4.258472919464111	1
906798	1840	0.647532	3.211395025253296	1
908125	1916	5.448601	3.8706133365631104	1
907065	2043	4.183877	4.036107540130615	1
905958	1511	-3.902258	1.511223316192627	1
905950	1631	2.586003	3.7713122367858887	1
910937	1084	-2.698304	2.4977993965148926	1
909248	1378	4.44126	2.098088264465332	1
907791	1372	3.293631	2.5856945514678955	1
753615	1582	3.665009	2.0775182247161865	1
907318	1012	2.1903	2.9592604637145996	1
1240189	1825	-1.750918	2.890239953994751	1
910702	1836	6.313329	3.5847373008728027	1
907282	1375	5.535723	2.13863205909729	1
687804	1249	2.588184	3.9408881664276123	1
687777	1057	-1.103089	2.9388742446899414	1
905964	2157	4.64885	2.992835760116577	1
909709	1614	3.112541	3.1079540252685547	1
949175	1016	1.811843	2.3148794174194336	1
924244	1630	2.050777	3.780000925064087	1
910567	1021	1.456866	2.5178301334381104	1
1295740	1830	1.373235	1.8925098180770874	1
949173	1922	0.30723	2.5178301334381104	1
908141	1940	2.984568	2.760028600692749	1
906844	1915	2.161913	2.390784978866577	1
907788	1804	2.698687	3.682706117630005	1
905933	2438	10.75691	4.203376770019531	1
905959	1918	3.404784	3.114170551300049	1
687995	1025	4.5896	3.874955415725708	1
753538	1936	3.132918	2.5166187286376953	1
910903	1032	1.762045	2.7902843952178955	1
949176	1096	0.925419	-0.8302356600761414	1
749712	2000	5.168223	3.107991933822632	1
909709	1378	5.296732	1.852421522140503	1
909729	1179	0.402217	2.030897855758667	1
908476	1084	-5.05216	2.9388742446899414	1
1330941	1012	1.809849	2.806814432144165	1
1290730	1826	2.366012	3.211395025253296	1
753610	1449	4.324434	3.202444314956665	1
910926	1939	0.899533	1.8852969408035278	1
753584	1712	-1.226813	4.0659613609313965	1
907280	1006	2.411786	2.6079013347625732	1
753566	1866	4.42401	2.9351646900177	1
908443	1834	1.237252	3.4751734733581543	1
1330972	1494	-8.044732	2.077657461166382	1
908129	2149	2.981072	4.141444683074951	1
687563	1817	-6.446311	2.9235775470733643	1
1298216	1180	-0.97713	2.2533118724823	1
753600	1012	3.181359	3.081738233566284	1
1298350	1718	5.102321	3.780000925064087	1
1298136	1832	5.836973	3.5847373008728027	1
906870	1817	-4.891405	1.8156144618988037	1
1298136	1838	5.793432	3.5847373008728027	1
908141	1043	4.553878	3.638695478439331	1
1298156	1085	2.448979	3.1079540252685547	1
946382	1029	5.498552	2.9783926010131836	1
713878	1799	5.92228	3.202444314956665	1
905990	1814	6.517643	2.765136480331421	1
1299070	1237	5.043587	4.588873386383057	1
905977	1718	5.111853	3.8706133365631104	1
907045	1919	-0.103191	2.390784978866577	1
910710	2106	1.72357	1.4482280015945435	1
910952	2000	4.842242	3.284642219543457	1
910851	1814	5.713345	2.0507519245147705	1
1240212	1017	4.514266	3.7973411083221436	1
753605	1089	3.37699	2.077657461166382	1
909252	1093	3.425873	1.7997872829437256	1
906862	1133	3.139765	4.490841388702393	1
907270	1836	2.955759	2.6407201290130615	1
909719	1738	3.255925	3.0992319583892822	1
907314	1179	-1.057632	1.9001761674880981	1
908465	1828	5.17083	3.3687407970428467	1
910710	1927	4.513503	1.690364122390747	1
687448	1083	3.709966	2.980241060256958	1
687505	1062	2.720595	2.57656192779541	1
906818	1622	5.643942	4.1984357833862305	1
998189	2360	6.103859	2.6582534313201904	1
925348	1812	2.42683	2.49322772026062	1
908476	1058	0.051881	2.9388742446899414	1
905952	1581	1.116116	1.9717249870300293	1
924187	1080	0.235667	-0.41758787631988525	1
1299059	1799	2.380743	3.1079540252685547	1
908150	1825	-0.719088	3.44012188911438	1
1503364	1083	3.494578	2.6933071613311768	1
687505	1563	5.491584	3.8026323318481445	1
908152	1866	2.751948	3.095646619796753	1
905962	1598	4.024059	4.088144302368164	1
924187	1441	3.698923	2.5539214611053467	1
909248	1732	5.820238	3.9980180263519287	1
753579	1855	4.11328	1.7725166082382202	1
905975	1449	3.11429	3.8706133365631104	1
905949	1062	1.396444	2.64477276802063	1
910568	2157	4.204835	4.398472785949707	1
910933	1598	3.118248	4.104689121246338	1
1660036	1782	5.319624	3.8693349361419678	1
946370	1510	4.835513	2.8558199405670166	1
908463	1918	3.684791	2.9388742446899414	1
1297438	1032	0.908095	2.432727098464966	1
905962	2110	4.245218	3.91253924369812	1
1330984	1008	1.676879	1.4414368867874146	1
687586	1058	0.54661	2.731743574142456	1
905976	1928	4.271794	3.424828290939331	1
753533	1786	3.189201	3.145372152328491	1
688010	1918	4.472643	2.4977993965148926	1
909771	1625	2.064409	1.997942566871643	1
1290922	1096	4.176977	0.40056854486465454	1
949094	1845	-0.690417	3.258256673812866	1
1240121	2154	1.602605	3.7512996196746826	1
1298218	1175	5.760569	4.41758394241333	1
946370	2111	4.983589	3.9618098735809326	1
909253	1025	5.063109	2.760028600692749	1
907046	1777	4.370172	3.5150434970855713	1
909743	1561	0.808727	1.8282527923583984	1
910704	1511	-1.465033	2.2855429649353027	1
909724	1067	5.450724	2.074167251586914	1
1331048	1815	5.778779	2.616192102432251	1
1331055	1048	5.15654	3.6944186687469482	1
1298222	1089	5.407072	2.1957385540008545	1
905958	1093	3.906745	1.7997872829437256	1
1290455	1809	-1.332423	1.5250688791275024	1
946360	1844	6.687228	3.446972608566284	1
906801	2159	5.05875	4.0800065994262695	1
910947	1093	3.305478	1.825850486755371	1
1298365	1926	0.34514	3.114170551300049	1
909721	1854	6.997787	4.200180530548096	1
910853	1093	4.062244	2.9730513095855713	1
1503367	1564	-0.063454	2.990041732788086	1
687985	1738	0.277275	2.6000852584838867	1
909736	1016	3.088119	2.767089366912842	1
713880	1911	-5.510786	3.7080461978912354	1
753541	1786	1.747787	2.5166187286376953	1
910916	1068	0.269716	1.7303845882415771	1
905944	1733	1.368114	3.780000925064087	1
724839	2439	11.052212	3.940796375274658	1
909773	1849	0.056605	1.3908476829528809	1
906797	1627	3.015072	4.1939616203308105	1
905951	1561	2.682567	2.6228652000427246	1
906814	1626	2.143111	3.424828290939331	1
753566	1557	4.765457	1.8852969408035278	1
687455	1806	4.479318	2.059067726135254	1
907170	1449	4.464765	3.203071355819702	1
1327775	1580	3.005363	2.4900929927825928	1
910704	1718	3.41672	3.5150434970855713	1
905957	1237	4.691622	4.0800065994262695	1
687562	1052	2.499908	2.030897855758667	1
687820	1922	4.196268	3.0596725940704346	1
1299081	1052	4.096894	2.074167251586914	1
910698	1029	5.465166	3.145372152328491	1
753565	1712	-3.95314	3.7080461978912354	1
909725	1832	4.76633	3.4234297275543213	1
687787	1931	5.495719	4.631104469299316	1
910933	1581	0.586358	3.423197031021118	1
753533	1854	4.092284	4.3217339515686035	1
910694	1630	4.449151	3.6102983951568604	1
1503366	1011	2.308739	1.9989176988601685	1
909721	1093	5.840417	2.989633083343506	1
753584	1131	3.047108	4.4046101570129395	1
909749	1849	1.238878	1.8852969408035278	1
908475	1025	4.421537	4.200180530548096	1
1298529	1020	6.291711	0.5724399089813232	1
949170	1563	5.656561	3.499990701675415	1
753610	1557	4.791969	1.6973013877868652	1
906795	1912	2.815594	3.151287317276001	1
905982	1375	5.708701	2.1922237873077393	1
724839	1802	5.316182	3.940796375274658	1
1298538	1033	5.663467	4.248306751251221	1
1298365	1941	-2.178171	2.117466926574707	1
753618	1832	3.489601	2.7277815341949463	1
1330931	1046	1.498643	1.1524525880813599	1
908472	1259	4.213532	4.103529453277588	1
1299059	2010	4.058696	2.6257548332214355	1
724859	1093	4.890383	2.989633083343506	1
905975	1080	-3.823725	-0.28374072909355164	1
1299075	1915	3.374014	2.9356367588043213	1
1298347	1022	2.215974	2.1046793460845947	1
908148	2096	1.285343	2.2107672691345215	1
1330993	1997	4.538644	2.3043932914733887	1
753623	1259	3.562943	4.3014020919799805	1
906870	1624	0.696412	1.997942566871643	1
907791	1582	4.01788	2.0775182247161865	1
909744	1250	1.5249	3.039963960647583	1
1659817	1855	4.02487	2.5856945514678955	1
909748	2498	7.916304	4.3021674156188965	1
949173	1043	2.280352	4.099736213684082	1
905968	2109	0.480568	4.380030155181885	1
905937	1708	-1.924395	1.871219277381897	1
910932	1708	-0.074648	2.074167251586914	1
1503362	1829	1.751933	3.2435410022735596	1
909256	1936	2.635616	2.9783926010131836	1
946360	1054	5.158922	2.3725178241729736	1
908447	2171	-1.971746	2.303199529647827	1
1298351	1047	3.894745	4.307640552520752	1
753596	1511	-1.325273	2.2708828449249268	1
909745	1817	-5.242256	2.9235775470733643	1
1240162	1072	5.037191	3.5856409072875977	1
1330948	1625	2.321349	1.997942566871643	1
909698	1815	5.175697	3.8693349361419678	1
1659817	1192	2.535381	2.3783695697784424	1
1299080	1622	5.022758	4.1984357833862305	1
908468	1627	3.411709	3.715799331665039	1
1240198	1058	0.314418	3.114170551300049	1
909719	1034	-2.047074	3.0674617290496826	1
1298529	1042	6.21274	4.839034557342529	1
1298167	2174	1.255683	4.408850193023682	1
907271	1852	6.040591	4.027322292327881	1
1298350	1998	5.940311	4.096022605895996	1
905954	1200	3.44687	4.2969489097595215	1
910933	1613	2.324995	3.9618098735809326	1
909757	1840	4.002503	3.174243211746216	1
907792	2362	6.576526	2.6582534313201904	1
910548	1199	4.090279	4.447126388549805	1
949171	1053	3.043019	2.3148794174194336	1
949172	1042	4.900037	4.099736213684082	1
753533	1919	1.784049	2.4121124744415283	1
1240162	1401	3.111512	1.7650538682937622	1
910780	2048	-3.438512	-0.8302356600761414	1
910698	2171	2.500989	3.0531742572784424	1
1240142	1089	3.645751	2.2748706340789795	1
908452	1133	3.444169	4.161920070648193	1
910694	1808	3.164826	2.1922237873077393	1
1240189	1626	0.175751	3.1208746433258057	1
910936	1780	4.44846	3.1079540252685547	1
1299081	1014	0.803304	1.7725166082382202	1
910943	2110	6.225007	3.970153331756592	1
907275	1558	2.34101	2.5751821994781494	1
688018	1061	5.598591	3.0534603595733643	1
910910	2046	5.55439	2.1209704875946045	1
946370	1854	5.917856	4.104689121246338	1
905958	1925	4.167028	2.302001714706421	1
1247873	1834	0.443921	3.3687407970428467	1
906790	1916	1.84312	3.3309195041656494	1
909251	1624	0.604965	1.9717249870300293	1
909712	1620	5.360116	3.423197031021118	1
753569	2359	5.418679	4.248306751251221	1
906851	1843	1.269596	2.2855429649353027	1
906844	1079	1.195162	3.5150434970855713	1
1247873	1828	5.571362	3.3687407970428467	1
910689	1091	3.335795	2.7627804279327393	1
1240201	1997	5.244168	2.3069570064544678	1
906828	1048	4.475455	4.3551025390625	1
925348	1089	6.35965	2.49322772026062	1
1503365	1564	1.27557	2.990041732788086	1
1240218	1733	3.541525	4.005451679229736	1
688006	1911	-5.507893	3.7080461978912354	1
906693	1057	-1.55395	3.0337960720062256	1
687777	1023	4.60656	3.0596725940704346	1
1480362	2043	5.247342	4.415791034698486	1
687820	1372	0.231131	2.64477276802063	1
949173	1085	0.295215	3.203071355819702	1
907045	1629	2.990517	1.3427242040634155	1
909749	1168	3.553318	2.727677583694458	1
908458	1038	2.490458	3.8796231746673584	1
1327766	1826	1.634266	2.233710527420044	1
907282	1931	5.29066	4.161920070648193	1
910933	1529	0.028249	3.9806854724884033	1
1299052	1713	-2.444427	2.3722805976867676	1
749710	1013	4.039349	3.5751874446868896	1
1240154	1915	2.7554	2.8601412773132324	1
753558	1849	0.407995	1.8455630540847778	1
687506	2362	4.584084	2.5472054481506348	1
906869	1085	2.761769	3.3309195041656494	1
1298219	1068	0.862732	1.9217766523361206	1
906693	1564	1.811526	2.8494701385498047	1
753569	1622	3.916906	4.425826549530029	1
906817	1910	5.640244	1.9989176988601685	1
724825	1026	-0.936398	0.8322453498840332	1
909784	1582	5.110971	2.9053406715393066	1
910850	1053	3.591462	2.767089366912842	1
1299052	2011	5.619997	3.5856409072875977	1
909773	1940	3.598378	2.8100078105926514	1
724866	1712	-1.986066	4.096022605895996	1
907282	1849	0.780072	1.891308069229126	1
905933	2106	2.894316	3.114170551300049	1
1299059	1024	0.612758	3.1079540252685547	1
1298357	1811	-1.713933	3.626075506210327	1
909907	1249	5.71176	3.8830270767211914	1
1299064	2109	3.449266	4.135594844818115	1
753547	1013	2.985262	3.0612967014312744	1
1303900	2170	2.89328	2.6228652000427246	1
1331038	1714	4.228625	2.031484365463257	1
906864	1133	4.42366	4.609869480133057	1
1331050	1007	-6.588209	-1.0419870615005493	1
753578	1559	-1.539844	0.7307363748550415	1
907048	1069	2.548612	2.809080123901367	1
907276	1133	5.284174	3.698823928833008	1
908147	1038	1.914944	2.185056447982788	1
905974	1998	3.448363	3.8632049560546875	1
1240193	1049	3.174343	2.67171573638916	1
906851	2011	6.032966	3.8830270767211914	1
717431	2048	-3.667305	-0.8302356600761414	1
1298226	1799	2.643047	3.8895680904388428	1
907172	1017	4.509697	3.9653127193450928	1
909770	2112	3.474834	2.8902010917663574	1
907271	2359	6.225752	4.027322292327881	1
910546	2111	5.093206	4.41758394241333	1
1247873	1924	3.377869	2.9388742446899414	1
1660034	1580	5.782407	3.2988545894622803	1
907318	1840	2.685188	3.2435410022735596	1
749717	1712	-3.258046	3.8830270767211914	1
906817	1738	2.229143	2.8997621536254883	1
910850	1808	1.31806	2.2389187812805176	1
909697	1816	4.776947	3.6360490322113037	1
1322213	1085	1.94527	3.6481411457061768	1
1240168	2112	1.702175	3.258256673812866	1
906812	1713	3.548438	3.107339859008789	1
909781	1032	5.026332	2.4121124744415283	1
905977	1441	3.150399	2.6642038822174072	1
1240209	1714	2.427931	2.3470752239227295	1
1240193	1932	1.173122	2.6000852584838867	1
908476	2112	3.586519	3.3687407970428467	1
1298347	1810	3.758719	2.2958426475524902	1
1660036	1008	3.054029	2.173872947692871	1
906791	1179	2.412203	2.1046793460845947	1
1330993	2096	3.327709	3.0678536891937256	1
1240196	1939	4.427669	1.7303845882415771	1
925347	2110	4.278561	4.455465316772461	1
724872	1786	2.603153	2.67171573638916	1
687505	1494	-5.049605	2.0605218410491943	1
1240162	2044	3.538782	1.852421522140503	1
907045	1060	3.666876	3.107339859008789	1
924238	1062	0.70583	3.0213842391967773	1
911905	1631	5.537404	3.99831223487854	1
905940	1089	3.664723	1.0603476762771606	1
910919	1928	1.533517	1.8221790790557861	1
909703	1043	4.19935	3.2569234371185303	1
1299052	1854	4.197382	3.8144514560699463	1
1298151	2154	1.609601	4.351006031036377	1
1299059	1372	-0.527499	2.3722805976867676	1
905938	2172	-1.771929	1.997942566871643	1
1299062	1025	7.390174	3.874955415725708	1
713869	1057	-0.466766	2.9388742446899414	1
688023	1814	5.275197	2.077657461166382	1
910918	1026	-1.813381	0.5596925616264343	1
688011	1250	2.547765	3.202444314956665	1
688031	1820	-0.33747	2.890239953994751	1
908462	1016	-0.033897	2.986912488937378	1
909721	1052	4.878344	2.1046793460845947	1
1290906	1005	4.447555	2.2855429649353027	1
753540	1199	5.480054	4.304802417755127	1
688006	1804	6.472716	2.890239953994751	1
910687	1168	2.369426	2.294896364212036	1
907314	1927	5.701224	3.203071355819702	1
1290730	1738	2.421624	2.831148386001587	1
905968	1008	-0.370471	2.765136480331421	1
907058	2107	4.690846	2.6642038822174072	1
1240206	1080	-5.962846	-1.0194026231765747	1
905952	1922	1.685872	1.9007753133773804	1
1298475	1912	3.784245	3.0337960720062256	1
1240197	1631	4.404992	3.99831223487854	1
713880	1912	1.91711	2.4977993965148926	1
688031	2177	1.70579	3.715799331665039	1
1299062	1617	1.240241	1.6973013877868652	1
949153	1564	2.376245	2.1435813903808594	1
687816	1834	0.210839	3.3687407970428467	1
909257	1373	2.96512	3.1904585361480713	1
753583	1086	-0.448834	1.7650538682937622	1
1503369	2175	3.933552	4.200180530548096	1
905941	1998	5.100012	4.248306751251221	1
910910	1032	1.022805	2.390784978866577	1
1480358	1927	6.042054	3.99831223487854	1
908146	1088	0.291068	1.511223316192627	1
971777	1510	3.280877	2.9730513095855713	1
1299050	1936	2.685586	2.5166187286376953	1
906801	1720	-2.404628	1.988432765007019	1
925347	1046	6.028206	2.2533118724823	1
735784	1050	3.880852	-0.3245999813079834	1
1298475	1378	1.257662	2.49322772026062	1
687820	1928	6.973729	3.5681426525115967	1
908146	1778	2.677844	1.8282527923583984	1
713885	1029	5.987537	2.67171573638916	1
907792	1237	7.325734	3.91253924369812	1
908483	1922	2.024916	2.67171573638916	1
910921	1814	6.555465	2.2708828449249268	1
910920	1866	1.898388	3.0578725337982178	1
1524418	2039	2.900336	2.9931771755218506	1
907312	1047	2.507417	4.4046101570129395	1
907788	1854	3.48652	4.46549654006958	1
753564	1873	0.264697	2.4977993965148926	1
753600	1855	5.302769	2.64477276802063	1
906839	1634	5.116105	4.658969402313232	1
909774	2047	2.870347	2.51015305519104	1
1298348	2170	6.686771	2.9388742446899414	1
1240122	1924	4.241555	2.226301431655884	1
905978	1175	3.492102	4.401870250701904	1
908455	1820	1.508215	2.8902010917663574	1
1298365	1779	1.634955	3.99831223487854	1
1330947	1720	-2.78214	1.4673717021942139	1
910781	1827	0.356883	3.0754454135894775	1
907286	1928	5.81499	3.7533068656921387	1
724869	1043	6.481394	5.035662651062012	1
1290455	1003	-3.549858	1.5250688791275024	1
910921	1131	3.361811	4.130293369293213	1
907789	1401	0.701608	1.5243663787841797	1
908126	2359	4.327043	2.611891508102417	1
753600	1043	5.905901	4.8005595207214355	1
1503362	1068	-0.140598	1.9989176988601685	1
1240162	1177	6.207249	3.6588845252990723	1
1503370	1811	-3.991464	4.096022605895996	1
753595	1593	4.274567	3.278503656387329	1
905942	1598	1.785579	4.200180530548096	1
946372	1029	5.304019	2.8685364723205566	1
1298537	1811	-1.584271	4.096022605895996	1
907317	1034	-2.653148	2.991133689880371	1
687514	1845	3.518254	3.046848773956299	1
1298169	2047	4.405403	2.889394521713257	1
910943	1013	4.455584	3.4308784008026123	1
906765	1626	1.075694	2.4900929927825928	1
753615	1922	1.697147	2.1826839447021484	1
753578	1239	4.066893	4.147809982299805	1
908139	1815	5.684105	3.626075506210327	1
907066	1732	3.056857	4.0659613609313965	1
724859	1927	5.588748	3.780000925064087	1
688015	1039	3.122759	3.202444314956665	1
906871	1847	2.994804	3.275442600250244	1
1240181	2039	2.939028	2.4126954078674316	1
908150	1852	4.705193	4.159745693206787	1
910926	1025	5.154174	4.341233253479004	1
908448	1049	3.567965	1.9473446607589722	1
1240212	2172	3.217612	3.2895445823669434	1
949093	1930	3.186946	4.110067844390869	1
753620	1401	3.268164	1.9001761674880981	1
924187	1239	4.401822	3.978942632675171	1
1480361	1576	3.316282	4.380030155181885	1
910853	2046	4.345833	2.074167251586914	1
907790	1012	0.42055	2.802236318588257	1
753573	1011	4.742191	1.9989176988601685	1
909251	1268	4.037935	2.748577117919922	1
906875	2113	2.024967	2.7277815341949463	1
946372	1614	5.247088	3.6102983951568604	1
687798	1576	2.171565	4.200180530548096	1
907286	1038	4.481635	4.41758394241333	1
907295	1844	6.922362	2.890239953994751	1
909755	2171	2.001587	2.7627804279327393	1
905941	1806	8.511529	2.2748706340789795	1
1327773	2046	1.108746	1.1923877000808716	1
909749	1806	6.734536	2.059067726135254	1
907173	1849	-0.790941	2.079162359237671	1
1240154	2110	3.829815	4.398472785949707	1
1240222	2107	5.561256	3.114170551300049	1
1240179	2109	2.088077	4.117635250091553	1
908481	1036	4.593579	3.0534603595733643	1
907170	2157	3.263608	3.499990701675415	1
687995	1919	1.579578	2.432727098464966	1
1327768	1941	-5.671592	1.3908476829528809	1
909250	1025	6.170839	4.3217339515686035	1
907312	2498	7.791776	4.886974811553955	1
1331036	1835	0.549983	1.7946380376815796	1
1240167	1021	2.242597	2.991133689880371	1
1298537	1025	4.836775	4.200180530548096	1
735784	1811	-1.460379	4.021589279174805	1
1290769	1013	4.338089	3.3061411380767822	1
753622	2175	4.50534	4.135594844818115	1
687820	1050	5.021287	-0.6107399463653564	1
1240192	1080	-4.111508	-1.3238706588745117	1
910904	1909	2.886214	1.7303845882415771	1
930299	1549	3.686261	2.8601412773132324	1
1240121	1598	4.096229	3.8144514560699463	1
909773	1175	3.105607	2.049476146697998	1
907048	1529	-1.525762	3.8830270767211914	1
910851	1809	-0.746233	2.0507519245147705	1
724834	1091	2.928243	2.989633083343506	1
907321	1810	-2.338838	2.1957385540008545	1
1247871	1449	4.395701	2.110318422317505	1
753621	1054	5.526197	2.1181082725524902	1
908463	2145	1.009185	3.3687407970428467	1
753616	1581	3.497069	2.9452314376831055	1
1330983	2112	1.669699	1.8679174184799194	1
907317	1093	2.562175	2.8997621536254883	1
687592	1058	2.351417	2.731743574142456	1
1240155	1808	0.794445	2.116302967071533	1
906870	1814	3.066615	1.5250688791275024	1
910922	1918	3.335645	2.8869669437408447	1
906869	1033	4.934912	3.626075506210327	1
906865	1910	2.534709	2.1058733463287354	1
909751	1249	3.051531	3.8693349361419678	1
908146	2360	4.601524	1.8282527923583984	1
1480364	1004	-1.665703	-1.1195799112319946	1
1480358	1177	4.049117	4.415791034698486	1
946356	1019	1.664783	3.629936933517456	1
949093	2112	4.569557	3.107991933822632	1
910554	1862	-0.696801	1.169305682182312	1
946382	1776	4.276678	2.809080123901367	1
910692	1936	3.357168	2.67171573638916	1
906851	1918	1.701919	2.6228652000427246	1
946366	1594	4.269334	2.731743574142456	1
1298348	1050	3.002958	-0.6107399463653564	1
1479988	2037	4.497765	4.588873386383057	1
1240193	1908	3.379816	3.0534603595733643	1
906835	1916	3.803634	3.6102983951568604	1
1290725	1997	2.444539	1.7303845882415771	1
688006	1057	-0.142332	2.4977993965148926	1
906862	1558	1.74233	2.390784978866577	1
724868	1816	4.448972	4.182910442352295	1
909260	1917	1.099335	2.185056447982788	1
907063	1873	0.945113	1.7253376245498657	1
1290922	1912	1.509403	2.6228652000427246	1
1331038	1843	-2.773258	1.4414368867874146	1
687815	2148	1.034855	3.4751734733581543	1
1327771	1033	3.522626	2.611891508102417	1
906798	2359	5.432087	4.0659613609313965	1
1330948	1529	-0.989311	2.6079013347625732	1
909256	1924	-0.65327	2.6228652000427246	1
1298348	1372	0.313144	2.64477276802063	1
909745	1549	3.41955	2.5346977710723877	1
905990	1054	5.88658	2.3725178241729736	1
749709	1819	-4.8531	0.40056854486465454	1
1240219	1635	5.816717	4.256167888641357	1
905944	1005	3.002025	2.2958426475524902	1
688015	1618	3.279229	4.8958892822265625	1
909748	1854	5.798418	4.088144302368164	1
1240226	2156	6.056837	3.8632049560546875	1
1298167	1557	3.944546	2.256880521774292	1
905983	1932	3.650707	2.8558199405670166	1
753615	1811	-1.387113	2.979379177093506	1
749714	1179	2.146664	2.1209704875946045	1
910922	2157	3.585232	4.414514064788818	1
753618	1826	2.685011	2.7277815341949463	1
1331045	1630	4.043175	1.905466914176941	1
907173	2109	5.300819	4.298177242279053	1
753577	1494	-2.173529	2.069349527359009	1
908141	1549	4.070671	2.5751821994781494	1
724868	1463	3.160672	3.0596725940704346	1
1659818	2111	3.047144	2.939537525177002	1
1240181	1816	3.826607	3.4618306159973145	1
908442	1561	-1.382521	2.6582534313201904	1
1331050	2107	3.803742	1.7253376245498657	1
907042	1507	4.542201	3.626305341720581	1
687815	1718	3.376305	3.8895680904388428	1
924244	1237	4.772896	4.085141181945801	1
906804	1926	-1.618452	2.603861093521118	1
908440	1024	-0.47957	3.203071355819702	1
1240183	1463	5.6709	3.1060736179351807	1
946368	2047	0.2152	2.6298811435699463	1
724878	1613	6.038572	4.103529453277588	1
907318	1023	1.862796	2.991133689880371	1
1298347	2106	3.345119	2.9388742446899414	1
687802	1580	7.061218	3.5681426525115967	1
1240185	1816	4.113634	4.182910442352295	1
1330972	1032	1.462188	2.432727098464966	1
1509073	1785	3.500152	4.147809982299805	1
753589	1003	-0.867832	2.077657461166382	1
687506	1401	2.781068	1.851257562637329	1
908443	1813	5.250251	2.2748706340789795	1
749713	1940	4.247062	4.041625022888184	1
1503371	1375	5.804373	2.1957385540008545	1
1674021	1912	1.890632	2.6582534313201904	1
722066	1830	3.076776	3.3687407970428467	1
909706	1615	5.736025	2.6642038822174072	1
907276	1782	6.524446	3.626075506210327	1
753585	1777	5.766938	3.7713122367858887	1
688031	1061	4.239576	3.0534603595733643	1
909713	2148	0.522756	3.4234297275543213	1
909770	1716	5.469828	3.3309195041656494	1
724873	1931	5.370314	4.221479892730713	1
1240159	1560	3.409565	2.767089366912842	1
924250	2170	5.454981	2.5145843029022217	1
1298347	1011	-0.87796	2.0436956882476807	1
1298359	1734	2.214741	4.021589279174805	1
908461	1930	1.79335	3.5926671028137207	1
907277	1799	4.258817	2.110318422317505	1
924100	1782	5.139826	4.2889628410339355	1
917486	1909	1.832501	2.026435613632202	1
909709	1830	3.432321	2.6257548332214355	1
753545	1862	-1.987883	1.378166675567627	1
753610	1020	5.405831	1.0656481981277466	1
907067	1557	4.443732	2.1058733463287354	1
905967	1249	3.951083	4.096022605895996	1
753532	1627	3.207401	3.7512996196746826	1
1524416	2045	3.721748	2.8869669437408447	1
906817	2171	5.258694	2.8997621536254883	1
924100	1020	6.19979	1.8536083698272705	1
907792	1023	4.980815	2.866641044616699	1
925338	1133	4.903616	4.490841388702393	1
906833	1083	3.180544	2.8732545375823975	1
1298537	1375	7.161933	2.2958426475524902	1
949088	1046	-2.063643	1.1923877000808716	1
907291	1016	1.573578	2.6582534313201904	1
905933	1068	0.171492	2.117466926574707	1
1480372	1922	4.339219	3.3091275691986084	1
910947	1817	-5.117888	1.8156144618988037	1
906875	1558	2.426055	2.4141030311584473	1
910922	1004	-4.024655	0.07860209047794342	1
1659823	1620	5.805749	3.2988545894622803	1
905968	1020	5.108114	1.4231079816818237	1
909753	1131	3.007558	4.609518527984619	1
753535	1060	2.986039	2.3722805976867676	1
1297449	2177	1.209195	2.311350107192993	1
1503362	1512	5.619948	2.1957385540008545	1
687563	1007	-5.907009	-0.5016248226165771	1
910780	2055	0.282441	2.7277815341949463	1
910926	1007	-6.547814	-1.6075860261917114	1
907172	1058	1.122306	2.6642038822174072	1
906793	1778	5.565389	2.6642038822174072	1
907063	1194	5.296713	1.8391361236572266	1
909723	1922	5.97593	2.980241060256958	1
905955	1017	5.047234	3.9653127193450928	1
910691	1843	-0.413072	2.1090474128723145	1
1503364	1043	5.615719	4.361032009124756	1
907786	1553	3.322885	2.9388742446899414	1
907286	1843	-0.053019	2.49322772026062	1
905945	1786	2.604282	2.9783926010131836	1
998184	1057	-4.299441	1.8282527923583984	1
753548	1050	1.317398	-0.895030677318573	1
909249	1507	3.032393	2.65079665184021	1
909738	1006	5.192118	4.0790486335754395	1
1331036	1051	-2.558931	-1.0419870615005493	1
687980	1629	4.409884	1.0656481981277466	1
753584	1507	4.766719	3.729210138320923	1
753566	1054	5.944121	1.793138861656189	1
909737	1259	3.760688	4.389563083648682	1
908151	1586	3.722338	2.806814432144165	1
688014	1828	3.501621	2.890239953994751	1
753582	1168	3.930468	2.432727098464966	1
907282	1558	4.771031	2.9234230518341064	1
907278	1627	2.619203	2.4361460208892822	1
1298226	1088	1.814627	2.2748706340789795	1
909702	2110	2.747399	2.372398853302002	1
1240145	1068	0.233008	2.0436956882476807	1
909751	1927	4.887472	3.6471292972564697	1
924111	1733	0.886852	3.1079540252685547	1
907046	1713	2.845857	3.107339859008789	1
1524418	1133	4.327182	4.599693775177002	1
905977	1268	6.244345	4.1984357833862305	1
1330931	1845	-1.401523	-0.028361130505800247	1
905964	1854	3.943198	3.3349061012268066	1
906798	2113	2.288481	3.211395025253296	1
909740	1826	3.766865	3.174243211746216	1
687800	1507	5.772285	3.780000925064087	1
1480367	2044	5.253745	2.765136480331421	1
1240199	2149	6.244783	4.588873386383057	1
1298476	2043	6.895404	4.41758394241333	1
1297446	1372	0.925259	2.1435813903808594	1
1298526	1585	4.823524	3.278503656387329	1
906863	1835	3.542754	2.6257548332214355	1
907068	1401	2.161553	1.851257562637329	1
724859	1849	-1.575347	2.0436956882476807	1
930301	1936	3.93362	2.980241060256958	1
907319	1593	4.707977	2.9592604637145996	1
998189	1927	6.182738	3.6471292972564697	1
909747	1813	7.241335	2.173872947692871	1
909260	1578	3.87137	1.511223316192627	1
1298358	1622	4.976583	3.802560567855835	1
753569	1058	1.862354	2.8978612422943115	1
910926	2170	4.012234	2.7117855548858643	1
906812	1832	4.199289	3.107991933822632	1
909753	1714	1.92791	3.1904585361480713	1
907274	1586	4.462675	1.7624796628952026	1
1290769	1529	2.379564	3.8693349361419678	1
905980	1007	-1.964608	0.07860209047794342	1
724873	2046	5.53835	2.1046793460845947	1
753574	1830	2.183052	3.2435410022735596	1
905962	2113	4.779266	3.174243211746216	1
908124	1018	5.548453	3.9653127193450928	1
998189	1827	1.391586	3.174243211746216	1
1240190	1786	2.405665	3.0596725940704346	1
910704	2172	4.07431	3.4417543411254883	1
724839	1931	7.339287	3.9619991779327393	1
688031	2003	4.46918	2.890239953994751	1
724828	1915	2.912621	2.4141030311584473	1
1331032	1199	3.499685	2.137866735458374	1
908475	1804	6.069146	3.3687407970428467	1
910692	1782	3.784242	3.7080461978912354	1
1240212	1093	4.760702	2.7134108543395996	1
1297439	1054	4.344734	1.9841974973678589	1
905960	1913	4.468732	4.825417995452881	1
906855	2177	1.756926	2.0255229473114014	1
907272	1008	-1.70466	1.511223316192627	1
724839	1372	0.746635	2.57656192779541	1
1524414	1026	-0.998197	0.7307363748550415	1
905964	1618	2.96748	3.413778066635132	1
688023	2046	4.441732	1.9841974973678589	1
908452	1034	-2.588664	2.937025785446167	1
906801	1560	1.093537	2.6228652000427246	1
905956	1067	4.852042	2.074167251586914	1
1503362	1911	-5.282162	4.021589279174805	1
1299081	1054	2.917932	2.074167251586914	1
905971	2111	2.742071	3.8796231746673584	1
905942	2109	4.60654	4.200180530548096	1
1503361	1561	2.057794	2.753730297088623	1
687562	2045	5.11885	2.731743574142456	1
753610	1996	4.435611	1.6973013877868652	1
1503368	1463	5.504286	2.991133689880371	1
909702	1068	-2.249259	1.5419524908065796	1
713878	1736	5.150955	3.0534603595733643	1
924238	1706	-0.749781	3.8822529315948486	1
1480359	1997	1.551709	2.117466926574707	1
909974	1014	0.981991	2.889394521713257	1
688023	1849	-1.63211	1.6973013877868652	1
924108	1828	4.004474	3.174243211746216	1
905947	1032	1.386365	2.4121124744415283	1
749711	1777	3.128803	3.5150434970855713	1
908145	2039	4.391394	2.9793524742126465	1
1330947	1820	-0.928886	1.8679174184799194	1
1297438	1626	0.084792	3.1208746433258057	1
1303911	1598	4.53352	4.041625022888184	1
949174	2148	1.373764	2.7277815341949463	1
909706	1007	-0.983728	-0.28374072909355164	1
930083	1915	4.758998	2.8601412773132324	1
1331034	1618	2.748406	2.8409206867218018	1
1299070	1713	2.818967	3.1904585361480713	1
1240183	1191	-6.090917	1.2774659395217896	1
998184	2045	3.794609	1.8282527923583984	1
907272	2145	-1.099765	1.8925098180770874	1
907788	1585	4.964459	3.375977039337158	1
924244	1809	0.375642	2.2958426475524902	1
1674021	1839	4.24301	3.174243211746216	1
907311	1618	1.094803	3.316422700881958	1
905969	1924	4.058037	3.114170551300049	1
753583	1089	6.326077	1.852421522140503	1
949176	1019	3.459004	3.203071355819702	1
713885	1047	4.743087	4.083820819854736	1
1480359	1026	-0.088692	1.4231079816818237	1
905984	1614	3.932543	3.626305341720581	1
905969	1714	1.614582	3.1904585361480713	1
910935	1013	1.333108	1.8147058486938477	1
1240173	1777	5.443968	3.6471292972564697	1
1660035	1594	5.223429	2.6582534313201904	1
753610	1093	3.801258	2.6000852584838867	1
906842	1576	1.171368	2.8100078105926514	1
1503361	2040	-0.00617	2.991133689880371	1
724878	1019	4.805672	3.780000925064087	1
1322212	1009	5.336795	3.7080461978912354	1
925338	1049	4.152312	2.9783926010131836	1
713878	1620	5.885578	3.1208746433258057	1
1240181	1131	3.193254	3.3950579166412354	1
907280	1804	5.022944	1.8679174184799194	1
1503370	1786	1.890803	3.0596725940704346	1
687505	1200	2.485342	3.8310821056365967	1
1503364	1051	3.50905	-0.5130903720855713	1
753555	2156	1.861667	4.021589279174805	1
907300	1708	-1.881979	1.5525792837142944	1
907269	2170	1.255388	2.2516655921936035	1
907062	1834	2.784496	2.6257548332214355	1
687800	1014	5.687966	2.64477276802063	1
910710	2498	6.983585	3.316422700881958	1
910781	2177	1.165335	4.141444683074951	1
905960	1816	5.5808	4.308053493499756	1
687995	1930	0.466964	3.6944186687469482	1
907173	2172	3.243762	3.680001974105835	1
1240169	1622	5.135452	4.104689121246338	1
906824	1808	-0.989809	2.0605218410491943	1
924239	1631	1.546149	2.65079665184021	1
1240196	1814	6.812847	1.852421522140503	1
713869	1010	3.95763	2.531402826309204	1
687997	2177	3.146102	3.715799331665039	1
753538	1912	3.330394	2.226301431655884	1
907789	2173	3.644327	1.9717249870300293	1
1330985	1996	3.105919	1.4673717021942139	1
1298352	1502	6.719856	4.304802417755127	1
910549	1008	-1.069373	2.1957385540008545	1
1659818	1916	-1.450879	2.65079665184021	1
906818	1559	-1.447479	1.378166675567627	1
717431	1259	0.320734	3.3922364711761475	1
1240158	1042	4.814316	5.63504695892334	1
905938	1179	0.537233	1.5525792837142944	1
753621	1582	5.266458	2.9592604637145996	1
946382	1017	4.145148	4.110067844390869	1
687800	1785	5.740276	4.096022605895996	1
688026	1912	1.879281	2.4977993965148926	1
1240142	1401	1.436628	2.0287792682647705	1
905933	1091	2.631941	3.2600879669189453	1
908461	2044	3.901854	2.116302967071533	1
1240197	1634	4.266588	4.928058624267578	1
908443	1378	5.696947	2.2748706340789795	1
910702	1862	3.00976	1.5607340335845947	1
1240187	2046	2.848491	2.1046793460845947	1
1240218	2177	3.579604	4.455465316772461	1
1503366	2110	4.98326	4.144435882568359	1
907071	1835	4.823442	3.3940539360046387	1
1240161	1578	5.393243	1.852421522140503	1
907281	1780	4.1709	2.65079665184021	1
909248	1576	3.345835	4.12517786026001	1
1659928	1915	0.466794	2.3116064071655273	1
753623	1036	4.445863	2.990041732788086	1
753594	1835	2.142551	2.890239953994751	1
907045	2177	0.682729	4.0800065994262695	1
908455	2498	8.092878	4.357976913452148	1
1480372	2113	3.667412	3.446972608566284	1
1298352	1372	-2.236927	2.51015305519104	1
753583	1720	2.116763	1.7303845882415771	1
1240157	2360	3.661787	2.767089366912842	1
753575	2111	6.294619	4.3014020919799805	1
908121	1831	3.236302	3.107991933822632	1
907787	1375	3.936049	1.511223316192627	1
713880	1782	4.643486	3.7080461978912354	1
1298533	1561	1.666636	3.0337960720062256	1
1240160	1734	2.918883	4.0790486335754395	1
949178	1149	0.254103	1.8293203115463257	1
906851	2044	3.750143	2.2855429649353027	1
905938	1911	-5.0212	2.6079013347625732	1
924188	1080	-0.981524	-0.9615179300308228	1
1299075	1830	3.631072	3.682706117630005	1
909745	1594	-0.284157	2.731743574142456	1
906798	1829	1.277851	3.211395025253296	1
749709	1096	4.155691	0.40056854486465454	1
909719	2499	9.23866	5.630246639251709	1
1331038	1840	-0.657931	1.7946380376815796	1
910905	1091	1.4762	2.7627804279327393	1
905956	1037	3.848075	3.8706133365631104	1
924106	1006	-1.790931	3.8830270767211914	1
1299078	1052	3.077597	2.074167251586914	1
906820	1804	5.41927	2.7277815341949463	1
949179	1200	3.361766	3.4618306159973145	1
949171	2003	4.595561	2.7277815341949463	1
908455	1014	1.786215	2.3470752239227295	1
906790	2096	-1.495232	2.3470752239227295	1
1303911	1042	4.696461	5.014388561248779	1
909728	1089	6.291744	2.2748706340789795	1
687802	1560	6.181413	2.9388742446899414	1
909907	1038	4.992081	4.110067844390869	1
753535	1091	1.990333	2.2790708541870117	1
946372	1080	-4.926521	-0.5016248226165771	1
909745	1179	1.342051	2.030897855758667	1
909724	2170	1.459038	2.6642038822174072	1
724873	1563	5.888767	4.085141181945801	1
724828	2000	5.12036	2.7277815341949463	1
910700	1808	2.806129	2.173872947692871	1
1298537	1175	3.249946	4.103529453277588	1
930299	1940	4.243719	4.4872727394104	1
905952	1053	1.258112	1.8282527923583984	1
909715	1557	3.789912	1.4673717021942139	1
998184	2172	0.145151	1.9717249870300293	1
687798	1915	1.011537	2.531402826309204	1
1240161	1911	-6.691946	3.5856409072875977	1
910701	1050	4.488409	-1.0194026231765747	1
908465	1783	6.539388	4.096022605895996	1
946370	1048	5.399391	3.9618098735809326	1
910853	1803	6.294885	3.4234297275543213	1
908440	2498	6.642636	3.9821107387542725	1
910952	2171	2.359278	3.0531742572784424	1
907065	1776	5.041659	2.9351646900177	1
687995	1059	2.334223	2.4977993965148926	1
1298353	1037	3.181831	3.6481411457061768	1
1327773	1022	-2.437576	1.1923877000808716	1
905934	1845	2.506161	3.682706117630005	1
724834	1712	-1.164063	4.096022605895996	1
1298226	2110	5.288341	4.389893054962158	1
905981	1507	2.90512	3.7713122367858887	1
1479988	1936	2.550432	3.3091275691986084	1
1480359	1057	-2.150945	3.114170551300049	1
735784	1026	0.236684	1.0944528579711914	1
909728	1060	-0.409351	2.8149588108062744	1
906828	1908	2.214807	3.0213842391967773	1
908447	1584	3.641017	2.4126954078674316	1
1331033	1940	2.664552	2.8100078105926514	1
946355	1378	3.496268	2.1957385540008545	1
949175	1494	-5.345053	1.9121639728546143	1
1503363	1630	3.525723	3.629936933517456	1
905986	1086	0.715884	2.030897855758667	1
907278	1559	-1.551331	0.5532822608947754	1
687561	1578	5.821004	2.1922237873077393	1
949094	1563	6.3419	3.970153331756592	1
907042	1561	0.985163	2.778660535812378	1
687586	1712	-3.182251	3.9806854724884033	1
1240209	1808	0.711292	2.116302967071533	1
1659819	1048	2.741537	2.049476146697998	1
910935	1057	-3.7481	1.7253376245498657	1
753576	1777	6.539826	3.629936933517456	1
906746	1046	2.665931	2.030897855758667	1
906804	1847	3.528058	3.162635564804077	1
1299052	1734	1.565336	3.5856409072875977	1
1298216	1916	4.42529	4.005451679229736	1
905960	1047	5.666631	4.490841388702393	1
905952	2172	1.77723	1.9717249870300293	1
687800	2159	5.995605	4.085141181945801	1
908451	1810	-0.952733	1.5250688791275024	1
946367	2046	4.70537	2.030897855758667	1
688025	1062	4.93176	3.0534603595733643	1
905983	1175	4.916289	3.9618098735809326	1
910781	2038	4.19369	4.141444683074951	1
910692	1463	3.202523	2.67171573638916	1
905978	1037	3.188642	3.7713122367858887	1
910921	1873	0.297292	2.6642038822174072	1
1298226	1598	5.004804	4.425826549530029	1
905949	1714	0.574302	2.64477276802063	1
1297439	2156	3.499111	3.7080461978912354	1
753592	1855	4.044789	2.64477276802063	1
905979	1048	6.802321	4.401870250701904	1
909736	1050	2.645914	-0.9854897260665894	1
910931	1080	-5.497767	-0.6107399463653564	1
909721	1915	4.335876	2.531402826309204	1
908470	1615	7.103432	2.986912488937378	1
924102	1829	1.838518	3.6781842708587646	1
907057	1200	2.652925	4.860912799835205	1
1298151	1933	4.196445	0.9633035659790039	1
1503364	1014	3.833455	2.3470752239227295	1
946373	1925	6.090936	4.182990550994873	1
909702	1006	-3.929483	2.476311445236206	1
753551	1817	-6.23855	2.6442785263061523	1
753532	1563	5.358473	3.7512996196746826	1
910911	2113	3.234428	2.6257548332214355	1
1298169	1580	5.862751	3.6064555644989014	1
1303900	1581	2.652496	3.4417543411254883	1
1298529	1061	5.808538	2.3722805976867676	1
909253	1058	1.193207	1.873671054840088	1
688031	1847	2.70669	2.890239953994751	1
946356	1192	3.380245	2.843367338180542	1
910951	1780	4.46745	1.690364122390747	1
909975	1019	2.898151	3.6481411457061768	1
909904	1613	6.456727	4.41758394241333	1
910694	2109	2.656808	4.104689121246338	1
908448	1023	2.679547	1.9473446607589722	1
1240224	1179	1.548066	1.9293230772018433	1
906875	1730	1.49133	2.4413459300994873	1
1298533	1738	1.547886	3.2235705852508545	1
687448	1930	2.454095	3.9653127193450928	1
906804	1928	3.33099	3.38118052482605	1
1480367	2169	2.80515	3.114170551300049	1
1503364	1933	3.026603	1.1722654104232788	1
724868	1716	4.881566	3.780000925064087	1
910545	1933	1.948703	0.5532822608947754	1
1327765	1634	3.591802	2.8409206867218018	1
909907	2169	5.825014	2.6228652000427246	1
753578	1013	2.832614	3.8496158123016357	1
753561	1912	-1.573712	2.226301431655884	1
753594	2003	4.783672	2.890239953994751	1
908123	1007	-5.435892	0.40056854486465454	1
687980	1782	3.561098	3.7080461978912354	1
908470	2043	7.477018	4.430610179901123	1
1674021	2362	4.818026	2.6582534313201904	1
906807	1190	-5.58265	1.4414368867874146	1
753562	1560	0.955921	2.226301431655884	1
1298538	2107	5.917255	2.8978612422943115	1
910851	1736	3.201662	2.51015305519104	1
687980	1072	4.615811	3.7080461978912354	1
1298533	2038	4.948439	4.455465316772461	1
1240189	1529	0.201814	3.7080461978912354	1
1298222	1085	1.988147	3.629936933517456	1
910934	1375	3.386584	1.4414368867874146	1
909738	1838	4.7525	3.3940539360046387	1
907067	1086	-0.360033	2.074167251586914	1
908152	1824	1.972608	3.44012188911438	1
753547	1820	0.769452	2.890239953994751	1
907279	1093	6.137017	2.9121999740600586	1
1240190	1441	0.45759	2.9388742446899414	1
907319	1025	5.157632	4.135594844818115	1
908463	1067	6.782254	2.1046793460845947	1
687787	2040	0.370349	3.1060736179351807	1
907786	1179	0.622241	2.1046793460845947	1
908461	1783	6.375445	3.626075506210327	1
924100	1933	6.451965	1.8536083698272705	1
908481	1007	-3.207487	-1.3238706588745117	1
1240187	1059	-1.349188	2.9388742446899414	1
688021	1003	1.049561	2.077657461166382	1
908443	2045	3.784868	2.8978612422943115	1
749717	1594	3.371523	2.6228652000427246	1
687586	1618	4.785282	4.658969402313232	1
906868	2106	1.819633	2.778660535812378	1
753588	1003	-4.677125	2.077657461166382	1
946358	1927	3.759405	2.110318422317505	1
687980	2096	2.728326	3.0534603595733643	1
1290905	2170	6.543382	2.6228652000427246	1
910861	1194	4.708229	1.8391361236572266	1
910920	1836	4.640246	3.284642219543457	1
1290455	1131	2.382409	2.577699899673462	1
1331037	1632	1.312848	1.1923877000808716	1
930299	2159	6.340919	4.398472785949707	1
1240185	1924	3.575492	2.9388742446899414	1
1240226	1563	5.836011	4.186343669891357	1
906763	1812	2.305534	1.511223316192627	1
1240155	2040	1.582191	2.6933071613311768	1
1298222	1632	3.920775	2.1181082725524902	1
1290922	1780	5.898417	3.5150434970855713	1
1240130	1583	2.394174	4.186343669891357	1
905967	2362	3.93143	2.9388742446899414	1
688011	1007	-3.334525	-1.3238706588745117	1
1331036	2096	2.014721	2.031484365463257	1
908121	1922	3.251811	2.9783926010131836	1
1327773	1378	2.463164	1.4414368867874146	1
722066	1008	2.611716	2.2958426475524902	1
687586	1919	2.869108	2.5346977710723877	1
753548	1088	-0.112949	1.5250688791275024	1
907792	1816	4.631448	3.930361032485962	1
946370	1034	-3.943156	2.8685364723205566	1
1298347	1004	0.185147	-0.6107399463653564	1
1240226	1048	7.383948	3.9653127193450928	1
687819	1909	2.724761	2.0436956882476807	1
907042	1558	3.660442	2.9234230518341064	1
909708	2110	3.767651	3.7512996196746826	1
1330931	1062	2.367008	1.0939244031906128	1
1298134	1179	-0.109153	1.851257562637329	1
907278	1022	-0.033386	1.5525792837142944	1
909753	2499	10.332593	4.928058624267578	1
753535	1512	5.956292	1.852421522140503	1
1298215	1016	0.782336	2.226301431655884	1
1330942	1776	4.034149	2.3379874229431152	1
905989	1083	-0.721186	2.866641044616699	1
906877	1200	2.91298	2.302001714706421	1
753576	1998	5.841511	4.021589279174805	1
909263	1004	1.726829	-0.3863697946071625	1
949154	1088	2.786476	2.0605218410491943	1
910952	1080	-1.445438	0.07860209047794342	1
1240204	1054	3.54127	1.7650538682937622	1
1503371	2171	5.233032	2.8997621536254883	1
908139	1441	6.219236	2.5145843029022217	1
724825	1048	3.994879	2.939537525177002	1
910710	2047	1.174779	1.0939244031906128	1
909744	1836	1.809405	2.3971030712127686	1
909728	1998	5.7485	4.248306751251221	1
713869	1036	5.129899	2.64477276802063	1
753555	1014	0.44925	2.990041732788086	1
924102	1913	4.080137	5.014707088470459	1
909737	1008	-1.575409	2.2389187812805176	1
688021	1734	7.397055	3.7080461978912354	1
749717	1083	4.500161	2.9783926010131836	1
1299059	1463	3.864775	2.5166187286376953	1
905972	1847	3.679384	3.3687407970428467	1
724870	1036	6.013684	2.8494701385498047	1
946377	1067	4.985304	2.030897855758667	1
946377	1091	1.727034	2.8558199405670166	1
905941	1845	5.542979	3.4751734733581543	1
722046	2046	1.250135	2.1046793460845947	1
910710	1559	-4.193391	0.18104256689548492	1
906817	1808	2.1677	2.1957385540008545	1
1330972	1046	0.668271	1.9841974973678589	1
910924	1494	-4.261624	2.116302967071533	1
1480364	1179	1.351548	2.3725178241729736	1
1298362	1072	5.334701	3.5856409072875977	1
906868	1832	4.031893	3.275442600250244	1
910546	1378	4.379137	2.49322772026062	1
908125	1022	1.583881	2.074167251586914	1
907318	1802	3.499339	4.021589279174805	1
910937	1563	4.882532	3.715799331665039	1
1330931	1093	3.06428	0.875108540058136	1
949172	1594	1.488298	2.3148794174194336	1
949093	1021	6.005719	2.9783926010131836	1
753569	2055	1.041957	3.4751734733581543	1
1240129	1179	1.595136	2.3725178241729736	1
910569	1832	3.703284	3.174243211746216	1
1240122	1630	5.721386	3.1079540252685547	1
905989	1918	5.468847	2.6582534313201904	1
906817	1776	5.490821	2.843367338180542	1
753581	1372	-1.421688	1.7725166082382202	1
909725	1706	1.097132	3.424828290939331	1
908458	1026	-1.116697	1.169305682182312	1
1659823	1815	4.933335	3.8693349361419678	1
1330942	1177	4.842832	2.4064035415649414	1
906875	1831	2.255295	2.7277815341949463	1
1503366	1042	5.025528	5.390137195587158	1
906837	1560	2.197827	2.226301431655884	1
906875	1738	3.331735	2.303199529647827	1
924188	1559	-1.968758	0.9598273634910583	1
910935	1580	3.603742	1.8221790790557861	1
905977	1088	4.682987	2.2708828449249268	1
1298151	1854	4.973922	4.258472919464111	1
1240158	1833	1.933103	3.3940539360046387	1
688026	1054	4.272973	1.9841974973678589	1
1299050	1373	5.182404	2.3722805976867676	1
1240209	1730	1.829664	2.631276845932007	1
753592	1034	-4.90233	3.0596725940704346	1
688015	1030	3.864462	3.6944186687469482	1
909750	1928	3.860806	3.543104648590088	1
753573	2362	3.113634	2.753730297088623	1
909778	1005	3.317903	2.2855429649353027	1
910781	1563	5.622007	4.141444683074951	1
1303901	1017	4.764309	3.6944186687469482	1
1298349	2149	1.104513	3.715799331665039	1
910934	1779	0.189619	1.905466914176941	1
1240145	1007	-5.483417	-0.6107399463653564	1
910853	1014	2.973262	1.7725166082382202	1
907278	1736	4.027169	2.2107672691345215	1
1509073	2111	3.006325	4.401870250701904	1
906869	2498	8.879469	4.357976913452148	1
1240178	1917	3.106285	4.3551025390625	1
688026	1918	2.400643	2.4977993965148926	1
1298365	1855	6.125061	3.1904585361480713	1
909743	1084	-4.653436	1.8282527923583984	1
1240167	2439	9.187647	4.021589279174805	1
713899	1585	4.646004	2.6442785263061523	1
687457	2361	5.049425	2.7117855548858643	1
1298357	1706	1.386273	3.0344021320343018	1
713869	1190	3.051052	2.2958426475524902	1
1331032	1625	3.057497	1.8221790790557861	1
1240146	1019	-0.147197	3.780000925064087	1
1659817	1629	3.62141	0.8322453498840332	1
909257	2158	2.348176	4.588873386383057	1
1240157	2002	5.356187	3.3940539360046387	1
749717	1919	2.957888	2.390784978866577	1
1298358	1634	4.358646	4.357976913452148	1
907789	1925	3.088774	2.302001714706421	1
946372	1030	5.036015	3.9618098735809326	1
908483	1024	-1.744398	3.202444314956665	1
687455	2170	2.710239	2.7117855548858643	1
910545	1529	-1.422629	2.6079013347625732	1
687514	1089	2.782148	2.0605218410491943	1
753616	1782	6.043802	3.618901252746582	1
753555	1067	5.090967	2.1181082725524902	1
753563	1372	-5.171307	2.5856945514678955	1
906746	1372	0.315914	2.6298811435699463	1
724825	1084	-5.301259	2.0207149982452393	1
753547	1011	0.035285	1.6973013877868652	1
909746	1511	2.006671	2.173872947692871	1
906842	1013	1.946214	1.8147058486938477	1
908455	1067	5.956464	2.0022077560424805	1
906865	1086	0.074924	2.074167251586914	1
930299	1005	5.946869	2.6572177410125732	1
906812	1829	0.890233	3.107991933822632	1
1240174	1026	-0.850809	1.0283401012420654	1
1290722	1806	6.306861	2.6572177410125732	1
1299070	1239	0.984474	4.203376770019531	1
910921	1712	-2.863268	3.8632049560546875	1
907295	1782	5.000635	3.7080461978912354	1
909251	1073	3.755803	2.476311445236206	1
1240162	1733	0.908251	3.1079540252685547	1
1659817	2107	3.951292	2.0207149982452393	1
909250	1839	4.960571	3.284642219543457	1
1298533	1047	5.931038	4.551980972290039	1
724870	1061	4.555795	2.8494701385498047	1
753534	1557	5.44072	1.9217766523361206	1
1330983	1020	3.335792	0.5532822608947754	1
971777	1180	-4.045903	2.074167251586914	1
749714	1018	5.896444	4.110067844390869	1
753558	1629	4.661029	0.7307363748550415	1
753618	2158	4.714928	3.499990701675415	1
909748	2145	-0.621994	3.174243211746216	1
687506	2044	2.570777	2.0605218410491943	1
1299052	1594	4.23671	2.226301431655884	1
909755	1866	4.016279	2.748255968093872	1
753583	1012	3.070146	2.386730909347534	1
1299070	2003	5.271149	3.446972608566284	1
1240198	1046	1.288551	2.3725178241729736	1
906696	2439	9.910329	4.408850193023682	1
687807	1038	3.41519	4.103529453277588	1
1330964	1036	5.122189	3.0534603595733643	1
749717	1618	5.217012	4.825417995452881	1
1480371	1593	3.083429	3.1094019412994385	1
1303911	1494	-0.395771	2.2855429649353027	1
905979	2158	4.443026	4.414514064788818	1
1240153	1091	3.558589	2.9730513095855713	1
909746	1635	6.18288	3.8693349361419678	1
1322212	1096	0.783098	-1.3238706588745117	1
924240	1839	3.754305	3.107991933822632	1
910399	1239	1.215756	4.096022605895996	1
907317	1191	-5.558754	1.0944528579711914	1
1298222	1733	3.275938	3.629936933517456	1
905936	1085	2.268594	3.6471292972564697	1
753556	1918	1.607596	2.8978612422943115	1
905946	1510	3.163133	2.957514524459839	1
910079	1131	4.11037	4.704385757446289	1
1659929	1529	3.252897	3.8693349361419678	1
1479987	1816	5.006758	4.447126388549805	1
909252	1131	2.379838	2.250026226043701	1
1240212	1866	2.572784	2.68098521232605	1
949170	1576	3.091452	3.7885732650756836	1
1330984	1922	2.727715	1.8391361236572266	1
1303900	1073	5.228384	3.8830270767211914	1
1503361	1843	-0.574289	2.1957385540008545	1
1240158	1852	5.701745	4.0790486335754395	1
949171	1804	4.909052	2.7277815341949463	1
687802	1849	0.921209	2.0436956882476807	1
1330973	1936	4.461987	2.67171573638916	1
907317	2362	1.788316	2.753730297088623	1
907270	1734	1.042125	3.5023488998413086	1
906826	1029	7.464957	2.9783926010131836	1
1298356	2107	3.275972	2.603861093521118	1
1240190	1627	3.617841	4.085141181945801	1
906805	1006	3.583214	4.096022605895996	1
753618	2040	0.280845	2.5178301334381104	1
905946	1048	5.198676	4.110067844390869	1
949179	1179	0.617857	1.9001761674880981	1
1509073	1917	1.477582	4.401870250701904	1
907068	1736	2.728106	2.57656192779541	1
1240143	1630	3.694488	3.8895680904388428	1
753622	1168	2.973823	2.4351913928985596	1
1480362	1804	5.470935	3.446972608566284	1
753600	1512	5.247606	2.2958426475524902	1
1240219	1931	7.126829	4.551980972290039	1
722046	1007	-6.92488	-0.6107399463653564	1
1298538	1632	2.735671	2.0287792682647705	1
910544	2149	-1.888637	2.0255229473114014	1
753623	1813	6.7711	2.1957385540008545	1
907042	1007	-6.735974	-0.9615179300308228	1
907783	1816	2.274893	1.528422474861145	1
687514	1838	3.634206	3.046848773956299	1
924244	1088	3.674014	2.2958426475524902	1
687794	1854	3.345927	4.200180530548096	1
1480358	1061	5.718549	3.1904585361480713	1
907789	1057	-1.775131	1.8282527923583984	1
908150	1010	4.298507	2.7395193576812744	1
906833	1401	1.660866	1.9608430862426758	1
722045	1018	6.005597	4.103529453277588	1
906828	1598	3.193819	4.4872727394104	1
909737	1067	5.814269	2.0868778228759766	1
1331036	2111	0.592012	2.049476146697998	1
907171	1058	0.960142	2.6642038822174072	1
1297446	1036	4.420369	2.1435813903808594	1
688018	1627	4.444102	3.715799331665039	1
1240167	1626	1.352863	3.4829084873199463	1
1240189	1060	1.36932	3.0534603595733643	1
905933	1827	-1.090943	3.446972608566284	1
753614	2438	10.830053	4.021589279174805	1
910399	1510	2.88715	2.989633083343506	1
909975	1067	6.117382	1.9636327028274536	1
908126	2172	-0.630695	1.378895878791809	1
905945	1919	1.164546	2.390784978866577	1
908126	1042	5.05999	4.1407470703125	1
910851	1563	4.828726	4.1611504554748535	1
749712	1043	5.70183	5.014388561248779	1
907321	1373	4.53087	2.990041732788086	1
1240192	1853	3.610249	2.6442785263061523	1
924238	2498	7.672016	5.014707088470459	1
1240142	1012	1.438983	3.117957353591919	1
909743	1813	0.742134	1.511223316192627	1
907058	1549	5.184515	2.7902843952178955	1
907787	2002	2.787519	1.8925098180770874	1
907272	1042	4.497953	3.2569234371185303	1
910692	1510	2.168275	2.6000852584838867	1
753608	1032	-3.530867	2.531402826309204	1
910947	2360	3.027708	1.873671054840088	1
688058	2359	6.310906	4.159745693206787	1
910687	2038	1.048077	2.372398853302002	1
1503365	1809	3.357104	2.1957385540008545	1
907791	1052	4.03263	1.949272632598877	1
907061	1054	2.56678	1.7650538682937622	1
1240181	1561	-0.279109	2.3148794174194336	1
688011	1734	3.548941	3.7080461978912354	1
910924	1052	4.228647	2.0022077560424805	1
905933	1593	3.731666	3.1094019412994385	1
946354	1088	1.445368	2.1957385540008545	1
906863	1089	3.096785	1.852421522140503	1
724868	1083	1.580265	3.0596725940704346	1
905980	1052	6.267358	1.9293230772018433	1
905952	1827	0.922361	1.8925098180770874	1
907285	1428	6.950253	4.256167888641357	1
753624	2145	0.417557	3.5847373008728027	1
753558	1593	2.975822	2.9931771755218506	1
1331037	1249	1.793363	2.616192102432251	1
907289	1050	1.529183	-0.3863697946071625	1
906825	1912	4.144334	3.114170551300049	1
1303900	1401	5.483319	2.1209704875946045	1
909907	1561	1.825085	2.6228652000427246	1
907173	1560	4.176264	2.986912488937378	1
687561	2439	9.637241	3.9806854724884033	1
687506	1847	5.881662	3.046848773956299	1
1503366	1819	-2.958097	-0.3245999813079834	1
749714	1581	2.66575	3.4417543411254883	1
925347	1840	3.545353	3.5847373008728027	1
1290769	1996	5.049678	2.026435613632202	1
1240157	2359	5.29716	4.0790486335754395	1
930299	1003	-1.016315	2.6572177410125732	1
722045	2171	2.326111	2.989633083343506	1
1295741	1783	4.448362	2.979379177093506	1
905944	2170	3.521546	2.9388742446899414	1
1290722	2107	5.34416	3.151287317276001	1
909736	1557	4.204029	1.811052918434143	1
749713	1194	5.793501	2.9783926010131836	1
687514	1529	2.506743	3.940796375274658	1
724828	1824	1.83231	2.7277815341949463	1
908450	1924	3.905043	2.778660535812378	1
910694	1632	4.613002	2.030897855758667	1
688087	1372	-1.245947	2.3054769039154053	1
905961	1020	5.473289	1.169305682182312	1
753616	2003	4.069515	2.7277815341949463	1
1509074	1051	2.31698	0.07860209047794342	1
905976	1832	4.541523	3.4234297275543213	1
910554	1190	-0.531914	2.173872947692871	1
907061	1840	0.21251	2.6257548332214355	1
905962	1576	4.007764	4.088144302368164	1
905958	1843	-0.374296	1.511223316192627	1
1240154	1021	2.806278	3.389754056930542	1
909737	1816	4.604355	4.860912799835205	1
907314	1854	3.727877	3.7885732650756836	1
688025	1780	2.92537	3.202444314956665	1
1524414	1931	5.08972	4.599693775177002	1
906804	1250	0.838907	3.6481411457061768	1
909712	1093	3.877175	2.8558199405670166	1
905936	2044	2.482759	2.173872947692871	1
910903	1057	-3.441215	2.6642038822174072	1
906801	1713	0.269863	3.107339859008789	1
907067	1012	1.582094	2.9053406715393066	1
909755	1005	4.2585	2.173872947692871	1
1298358	1916	2.271392	3.3309195041656494	1
688058	1778	4.947628	2.986912488937378	1
687459	1631	4.386539	3.729210138320923	1
907067	1375	6.73817	2.2708828449249268	1
905937	1131	2.567263	3.966193914413452	1
1480371	1803	3.270206	3.446972608566284	1
724825	2170	0.644969	2.0207149982452393	1
910936	1017	4.791196	3.6588845252990723	1
908470	1016	3.091375	2.986912488937378	1
1659818	1019	1.097155	2.65079665184021	1
910780	1576	2.279029	3.7885732650756836	1
1240183	1621	5.993242	3.117957353591919	1
909263	1915	2.403873	2.3116064071655273	1
1659819	1058	-0.576834	1.7253376245498657	1
909736	1814	6.761855	2.2389187812805176	1
1240219	1830	4.038995	3.5847373008728027	1
946370	1133	4.71403	4.030252456665039	1
687777	2010	5.205185	3.3687407970428467	1
907057	1048	3.950683	4.389563083648682	1
907172	2154	3.011576	4.186343669891357	1
924244	1175	4.161754	4.103529453277588	1
908152	1709	-2.254983	2.152803897857666	1
1330941	1168	2.466128	2.390784978866577	1
1290769	1190	-2.044907	2.173872947692871	1
1660036	1559	1.794006	1.169305682182312	1
1240160	1925	6.426569	4.860912799835205	1
907278	1563	4.910627	2.4361460208892822	1
907173	1375	7.436257	2.406630754470825	1
688011	1811	-1.428833	3.7080461978912354	1
1290722	2038	4.460095	4.398472785949707	1
688015	1200	1.861147	3.839259386062622	1
906693	2499	10.550246	4.804263591766357	1
1290724	1580	5.674361	2.8973019123077393	1
946370	1866	3.666483	2.8276970386505127	1
735784	1249	4.250687	4.021589279174805	1
909784	1939	2.133852	2.1058733463287354	1
724872	1072	3.930752	3.7080461978912354	1
910927	1939	1.39623	1.988432765007019	1
908129	1131	4.902531	4.454505443572998	1
906693	2040	1.464296	3.300386667251587	1
906824	1581	2.131917	3.2895445823669434	1
907055	1816	2.798015	3.6360490322113037	1
910952	1200	2.517729	4.61219596862793	1
905976	1996	4.647317	2.1058733463287354	1
910937	2040	0.753334	2.67171573638916	1
753555	1559	-3.729812	1.0944528579711914	1
909697	1428	4.550376	3.626075506210327	1
753621	1910	1.88511	1.9989176988601685	1
911905	2159	4.539849	4.588873386383057	1
687588	1026	-0.640698	1.1925805807113647	1
907051	1051	4.78572	-0.41758787631988525	1
753556	1054	4.999406	2.0287792682647705	1
910544	2047	1.682783	1.0939244031906128	1
910861	1372	2.237259	2.031484365463257	1
908440	1720	0.942126	1.8293203115463257	1
909712	1026	-0.092818	1.1925805807113647	1
1240158	1621	4.737506	2.9991233348846436	1
924111	1913	4.776494	4.530929088592529	1
910944	1834	-0.69879	1.8925098180770874	1
906832	1511	-2.151592	1.4414368867874146	1
1331032	1032	0.802572	1.9128954410552979	1
906834	1086	-4.136668	1.9608430862426758	1
1330941	1018	5.996139	4.110067844390869	1
1298365	1835	2.661228	3.446972608566284	1
907269	1936	1.439727	2.3643763065338135	1
905971	1007	-5.753595	-0.3863697946071625	1
753588	1561	0.415259	2.4977993965148926	1
1299050	1785	5.470176	3.5856409072875977	1
910851	1581	3.425077	3.38118052482605	1
910545	1940	2.399105	2.760028600692749	1
1503361	1372	1.060265	2.990041732788086	1
1240154	1849	-2.214436	2.256880521774292	1
687457	1613	4.70664	4.036107540130615	1
687983	1560	4.207266	2.4977993965148926	1
1331033	1626	-1.443362	1.8221790790557861	1
1240127	1016	1.218548	2.5539214611053467	1
1524417	1018	4.840514	4.401870250701904	1
907318	1036	4.057583	2.990041732788086	1
909735	1804	3.984653	3.0754454135894775	1
907051	1494	-0.963534	2.1090474128723145	1
1327769	1561	2.550518	1.7253376245498657	1
1480371	1428	5.669834	4.203376770019531	1
1299062	1086	1.622784	1.9841974973678589	1
1295741	1996	1.623121	1.7199676036834717	1
906863	1581	2.147841	2.8973019123077393	1
906693	2148	3.992593	3.5847373008728027	1
908442	1131	3.855885	3.966193914413452	1
687448	1820	5.335771	3.4234297275543213	1
907269	1630	0.987779	3.058581590652466	1
906830	1008	2.863757	2.2708828449249268	1
924106	1019	2.645655	3.5150434970855713	1
749711	1718	3.876793	3.5150434970855713	1
724878	1553	4.296018	2.9388742446899414	1
949090	2000	6.397294	3.446972608566284	1
946363	1023	3.261381	2.5178301334381104	1
1290806	1024	-0.157043	3.3309195041656494	1
907055	1829	1.289005	2.8902010917663574	1
1297438	2046	1.94665	1.9841974973678589	1
1480372	1180	-1.416297	2.3725178241729736	1
753621	1738	1.05586	2.8997621536254883	1
907794	1563	6.568779	3.91253924369812	1
1247871	2111	2.146364	2.185056447982788	1
1299080	1008	-1.267225	2.2708828449249268	1
910943	2156	3.837469	3.9806854724884033	1
906818	1584	3.778335	2.9053406715393066	1
1479987	1916	3.352595	3.99831223487854	1
906797	1812	3.448131	2.059067726135254	1
753622	1029	5.317472	2.991133689880371	1
753616	1072	4.938194	3.618901252746582	1
753566	1826	4.943575	3.211395025253296	1
909257	1038	2.370269	4.415791034698486	1
908460	1060	3.329457	2.64477276802063	1
753616	1630	4.219721	3.203071355819702	1
687985	1586	4.717099	2.6442785263061523	1
1298216	2038	4.932114	4.455465316772461	1
1503367	1036	3.700092	2.990041732788086	1
1503366	1190	-0.899584	2.1957385540008545	1
908458	1780	5.635474	3.6471292972564697	1
724834	1032	2.961433	2.531402826309204	1
905978	1585	3.709534	2.9931771755218506	1
1240155	2110	5.657491	3.639035940170288	1
907270	1776	3.741981	2.313246011734009	1
753576	1806	7.185855	2.1957385540008545	1
1290769	2159	6.567713	3.91253924369812	1
687563	1739	0.705433	3.6102983951568604	1
1331038	1004	-4.052276	-1.0419870615005493	1
910947	1576	1.064268	2.760028600692749	1
925346	1598	3.759853	4.40859842300415	1
1479988	1786	2.836906	3.3091275691986084	1
908145	1939	1.911132	1.891308069229126	1
910688	1019	0.213489	1.797524333000183	1
722045	1553	3.886671	2.9388742446899414	1
753548	2359	4.18168	2.6079013347625732	1
906746	1931	5.618233	4.030252456665039	1
1240155	2038	3.180044	3.639035940170288	1
946368	2044	2.802258	2.1922237873077393	1
909747	1020	6.761815	1.169305682182312	1
1240196	1067	6.270279	1.7650538682937622	1
907287	2109	1.680575	4.088144302368164	1
1240129	2113	3.58421	3.446972608566284	1
1509074	2044	5.888596	2.069349527359009	1
905954	1061	1.150995	1.7725166082382202	1
1298222	1825	1.591909	3.2435410022735596	1
713899	2156	4.400958	3.7080461978912354	1
917486	2045	5.688745	2.6582534313201904	1
910937	1007	-6.391892	-1.3238706588745117	1
687997	1733	4.130236	3.202444314956665	1
687562	1051	1.991484	-0.5016248226165771	1
1240209	2158	5.682878	3.639035940170288	1
1659929	1786	4.276806	2.866641044616699	1
1240197	1047	7.258982	4.609518527984619	1
688015	1067	4.009727	1.9841974973678589	1
753588	1009	4.674726	3.7080461978912354	1
907275	1854	3.261568	2.760028600692749	1
1240161	1634	4.438133	4.530929088592529	1
909761	1019	4.025327	3.6471292972564697	1
907272	1091	1.536063	1.7997872829437256	1
907300	1021	-0.151555	1.9473446607589722	1
905991	1046	0.713024	2.3725178241729736	1
906833	1832	3.140162	3.097431182861328	1
949154	1025	5.506288	4.117635250091553	1
909750	1913	5.567116	4.425293922424316	1
908150	1629	4.131121	1.2469199895858765	1
924102	1057	0.617849	3.151287317276001	1
909744	2159	3.145881	3.725154161453247	1
906863	1268	5.048211	3.8144514560699463	1
949094	1908	4.646901	2.6298811435699463	1
909698	1635	3.995882	3.8693349361419678	1
1240226	1939	4.374248	2.1058733463287354	1
907170	1830	1.072506	2.7277815341949463	1
1330983	1622	3.398997	2.760028600692749	1
687586	1614	3.783444	3.6102983951568604	1
910910	2112	2.893517	3.107991933822632	1
908462	1563	7.224709	4.322366237640381	1
906812	1036	5.784304	3.107339859008789	1
909719	1512	5.06674	2.2389187812805176	1
905957	1268	5.112557	4.041625022888184	1
907272	2107	3.777726	1.8282527923583984	1
1290724	1199	3.772948	3.9619710445404053	1
753585	1017	3.970253	4.401870250701904	1
906812	1047	5.205326	4.490841388702393	1
1240178	1799	4.485888	4.091981887817383	1
753563	1011	1.204236	1.7199676036834717	1
907055	1191	-5.497705	1.1722654104232788	1
1240209	1911	-4.32175	3.626075506210327	1
1298157	1624	4.800041	3.4417543411254883	1
906842	1089	1.404025	1.4414368867874146	1
908470	1168	3.513829	2.7395193576812744	1
909250	2498	8.504735	5.336418628692627	1
1330941	1812	4.388152	2.2855429649353027	1
910926	1940	2.997869	4.341233253479004	1
1240201	1784	5.631961	3.5847373008728027	1
1479995	1036	3.236512	3.1904585361480713	1
1330995	1594	2.375795	1.7253376245498657	1
910924	1583	2.957355	3.639035940170288	1
910922	1133	2.906693	4.599693775177002	1
907173	1088	3.122168	2.406630754470825	1
910936	1718	3.328581	3.1079540252685547	1
688013	1785	5.065333	3.7080461978912354	1
753575	1626	4.39625	3.4829084873199463	1
946372	1931	4.745121	4.030252456665039	1
907065	1190	4.28929	2.059067726135254	1
1240159	1131	7.070521	4.958014965057373	1
924240	1578	4.590481	2.2855429649353027	1
906869	1925	4.610573	3.6360490322113037	1
910944	1626	1.02895	1.9717249870300293	1
910924	1817	-6.015245	2.605295181274414	1
909774	2360	4.595457	2.603861093521118	1
753556	1583	3.204493	4.389893054962158	1
909249	1046	0.791648	1.949272632598877	1
753548	1593	0.622771	1.8156144618988037	1
910911	1057	-0.52472	2.226301431655884	1
688011	1847	3.18001	2.890239953994751	1
1330973	1088	6.424994	2.077657461166382	1
949173	1873	0.868905	2.3148794174194336	1
910691	1734	2.019532	3.978942632675171	1
1240154	1072	4.218172	4.408850193023682	1
687455	1560	4.42687	2.7117855548858643	1
907285	1829	3.228796	3.5847373008728027	1
1298357	1585	4.897533	2.605295181274414	1
907045	1852	4.759242	3.8830270767211914	1
907312	2171	1.940763	2.831148386001587	1
909771	1799	3.973688	1.797524333000183	1
1330931	1463	3.031486	1.5418413877487183	1
724873	1032	2.002324	2.531402826309204	1
1240146	1930	2.288013	4.103529453277588	1
946358	1560	2.28983	1.8282527923583984	1
1240178	1089	6.579511	2.6572177410125732	1
908452	1941	-6.363156	1.891308069229126	1
908470	2159	4.272895	4.322366237640381	1
1480358	1079	-2.231671	3.99831223487854	1
910918	1024	-2.303037	1.905466914176941	1
687800	1917	2.65814	4.103529453277588	1
724839	1635	6.490249	3.940796375274658	1
1524414	2177	2.662499	4.414514064788818	1
749715	1083	2.793651	2.9783926010131836	1
753618	1849	-3.573727	1.8293203115463257	1
907051	1845	3.877721	3.0754454135894775	1
687983	1060	3.532084	3.0534603595733643	1
753572	1131	5.139686	4.551980972290039	1
908457	1712	-0.00159	3.8693349361419678	1
1298219	1734	2.086721	3.9408881664276123	1
688031	2048	-4.630861	-1.3238706588745117	1
908130	1059	2.765683	2.5539214611053467	1
924108	2171	0.864974	2.7627804279327393	1
908120	1939	0.985296	1.988432765007019	1
907281	1268	3.44068	3.3349061012268066	1
907285	1083	5.364865	3.300386667251587	1
906696	1919	2.365196	2.8601412773132324	1
905945	1022	2.696661	2.1209704875946045	1
1298226	2438	9.144917	4.248306751251221	1
925348	1634	6.271358	4.804263591766357	1
910701	1912	3.226278	2.226301431655884	1
909697	1936	2.210203	2.6933071613311768	1
905986	1058	2.187625	2.731743574142456	1
753569	1812	4.243964	2.2748706340789795	1
1298529	1931	5.691298	3.96003794670105	1
687819	1029	6.184483	3.0596725940704346	1
1240123	1463	3.396584	2.866641044616699	1
1298216	1613	5.078081	4.41758394241333	1
909727	2040	1.265177	2.980241060256958	1
1240143	1069	3.387792	3.047931671142578	1
910780	1250	-0.255591	3.203071355819702	1
753588	2170	1.357481	2.4977993965148926	1
1480364	2149	3.162938	4.588873386383057	1
907272	1936	1.504106	1.9007753133773804	1
1290725	1072	3.752285	3.5856409072875977	1
1298134	1924	5.01707	2.5472054481506348	1
687506	1080	-2.867343	-0.4530491828918457	1
909747	1996	6.284138	2.026435613632202	1
910933	1022	0.497163	2.030897855758667	1
1240200	1930	1.235172	4.415791034698486	1
905949	1997	5.430007	2.0436956882476807	1
908125	1927	5.806913	3.8706133365631104	1
910702	1629	6.383725	1.5607340335845947	1
1659817	1924	1.304464	2.0207149982452393	1
687812	1811	-2.617683	4.096022605895996	1
905940	1014	2.189809	1.0939244031906128	1
909974	1003	-1.500611	2.069349527359009	1
946356	1834	2.508752	3.2435410022735596	1
909708	1799	3.028595	3.1079540252685547	1
909697	1052	3.654072	2.0022077560424805	1
907274	1917	2.180856	2.049476146697998	1
753596	1199	3.912371	4.2969489097595215	1
909713	1510	5.620658	2.9730513095855713	1
909755	1047	6.164361	3.966193914413452	1
749712	1553	1.863832	2.6228652000427246	1
1297438	1558	1.900118	2.432727098464966	1
924238	2111	3.373511	4.3551025390625	1
910853	1826	1.993829	3.4234297275543213	1
687821	1930	1.930581	4.103529453277588	1
905939	1622	4.510892	4.088144302368164	1
910546	1824	3.824277	3.5847373008728027	1
753621	1047	6.312806	4.704385757446289	1
910710	1738	-1.895877	0.875108540058136	1
907048	1131	6.008694	4.490841388702393	1
906826	1782	6.735863	3.8830270767211914	1
908458	1916	1.986487	3.6471292972564697	1
907278	1080	-1.998686	-0.895030677318573	1
906795	2113	3.325092	3.6781842708587646	1
907062	2498	7.733458	4.530929088592529	1
1298136	2498	9.24798	4.804263591766357	1
753600	1067	5.858488	2.1046793460845947	1
946368	1862	-1.940611	1.1925805807113647	1
909703	2499	9.682484	3.08677077293396	1
910931	1924	3.1734	2.9388742446899414	1
910932	1089	3.426771	2.2708828449249268	1
1240123	1030	3.4424	3.8796231746673584	1
1240196	1910	4.867818	1.7303845882415771	1
910947	1831	2.981032	1.8679174184799194	1
1331050	1941	-5.298779	1.3908476829528809	1
1330985	1494	-4.953329	1.5250688791275024	1
905957	2055	0.49403	3.107991933822632	1
906863	1730	3.013091	2.434183359146118	1
687514	1622	4.606172	4.117635250091553	1
1240178	1561	4.340147	3.151287317276001	1
907789	1529	0.490492	2.476311445236206	1
753576	2499	11.588236	5.516537666320801	1
687980	1928	4.844594	3.1208746433258057	1
1503361	1073	3.286947	4.021589279174805	1
753592	1838	3.645248	3.3687407970428467	1
724874	1049	4.611839	3.0596725940704346	1
1299050	1732	4.901321	3.5856409072875977	1
905960	1030	4.691279	4.110067844390869	1
905979	1005	4.165547	2.069349527359009	1
1298167	1932	1.778264	3.3762760162353516	1
905975	1820	2.717698	3.4234297275543213	1
1299059	1598	5.419158	3.8144514560699463	1
1298157	1634	4.958753	4.825417995452881	1
1327766	1817	-4.84124	2.0775182247161865	1
906855	1714	2.080475	1.0939244031906128	1
1479995	1933	5.069096	1.4231079816818237	1
909905	1811	-2.945209	3.9806854724884033	1
722046	1615	3.923114	2.9388742446899414	1
753584	1512	5.796289	2.059067726135254	1
687995	1018	5.629053	3.6944186687469482	1
909263	1062	2.05849	2.300117015838623	1
753578	1927	3.92275	3.7713122367858887	1
909725	1042	6.255441	4.884671211242676	1
1298218	1512	6.195183	2.49322772026062	1
1240219	1785	7.001561	4.256167888641357	1
1240125	2177	2.27546	4.186343669891357	1
1509073	1799	3.428909	3.7713122367858887	1
905955	1378	5.85886	2.2708828449249268	1
688026	1564	5.21189	3.0534603595733643	1
1298476	2003	8.317215	3.5847373008728027	1
717431	2439	7.391621	3.618901252746582	1
907063	1239	1.308525	2.616192102432251	1
906746	1915	2.813586	2.5346977710723877	1
753608	1512	6.282572	2.2958426475524902	1
1240185	1585	3.279945	3.081738233566284	1
907062	1177	5.485545	3.6588845252990723	1
1330973	1052	4.32984	1.9841974973678589	1
687802	1817	-2.981679	3.081738233566284	1
724825	1812	2.120534	1.8096755743026733	1
687505	2039	2.080575	2.7293479442596436	1
907172	1168	4.008325	2.7902843952178955	1
1299062	1922	5.115485	2.67171573638916	1
910544	1576	2.121691	3.176870107650757	1
906820	2011	3.401459	3.618901252746582	1
907275	1811	-3.598558	2.6079013347625732	1
753614	1834	2.902456	3.2435410022735596	1
907062	1003	-3.110903	1.852421522140503	1
687505	1622	3.197901	4.117635250091553	1
908473	2173	4.912099	3.5681426525115967	1
753558	1785	6.332691	4.147809982299805	1
724838	1237	5.435692	4.1939616203308105	1
910933	1059	0.431793	2.731743574142456	1
713899	1613	3.732506	3.6944186687469482	1
946373	1627	4.00388	3.8929855823516846	1
910924	1068	0.370337	1.968963384628296	1
907065	2010	4.744194	3.211395025253296	1
946368	1008	3.081324	2.1922237873077393	1
910853	1933	2.490296	1.378166675567627	1
910689	2106	5.339717	2.6582534313201904	1
907792	1825	2.33411	3.174243211746216	1
724866	1259	5.873799	4.103529453277588	1
910850	1047	3.053546	4.958014965057373	1
1240220	1192	2.151388	3.0578725337982178	1
906793	1021	2.851654	2.980241060256958	1
1297449	1812	1.031386	1.4414368867874146	1
905940	1180	-2.299463	1.1524525880813599	1
907312	2010	3.876113	3.211395025253296	1
753535	1177	4.511701	3.6588845252990723	1
907287	1635	3.759815	3.8693349361419678	1
1298537	1785	5.602605	4.096022605895996	1
1298537	1512	5.405418	2.2958426475524902	1
687448	1909	2.203167	2.1058733463287354	1
910922	1237	5.675612	4.414514064788818	1
909250	1778	2.343973	2.8869669437408447	1
905956	1013	2.991019	3.545322895050049	1
905940	1020	5.054076	0.18104256689548492	1
1290725	1054	3.940975	1.7650538682937622	1
687802	1813	8.026773	2.2958426475524902	1
908129	1449	6.297519	3.526904344558716	1
687459	1919	2.756258	2.727677583694458	1
909715	1033	0.182622	2.6079013347625732	1
749717	1732	5.764346	3.8830270767211914	1
1290797	1808	0.540296	2.49322772026062	1
1240226	1804	7.677084	3.4234297275543213	1
688025	1615	4.503819	2.4977993965148926	1
906863	1831	2.913356	2.6257548332214355	1
907045	2040	4.535382	2.9783926010131836	1
906839	2037	4.608832	3.970153331756592	1
907270	1049	1.621012	2.3643763065338135	1
1298350	2046	4.012273	2.1046793460845947	1
753585	1839	4.435998	3.284642219543457	1
925338	1913	5.615818	4.825417995452881	1
910692	1021	3.268741	2.67171573638916	1
908465	1375	7.768685	2.2958426475524902	1
907042	2106	1.823728	2.778660535812378	1
724874	1031	3.198402	1.2544339895248413	1
908126	1190	-2.797482	1.0603476762771606	1
1240187	2055	1.646525	3.3687407970428467	1
1240130	2173	4.422428	3.424828290939331	1
1322212	1243	2.192917	3.7080461978912354	1
1240182	1375	7.074682	2.077657461166382	1
735784	1003	-2.5565	2.1957385540008545	1
905974	1079	-1.881135	3.8706133365631104	1
753624	1843	-1.042581	2.49322772026062	1
909743	1050	1.378018	-0.8573159575462341	1
687777	1730	3.186102	2.9530885219573975	1
907792	1012	1.841004	2.802236318588257	1
687514	1812	1.37058	2.0605218410491943	1
907170	1034	-3.021969	2.5178301334381104	1
1298538	1855	4.632701	2.8149588108062744	1
1298351	1915	0.540062	2.538989782333374	1
906833	1780	5.176119	3.534525156021118	1
910698	1563	5.6609	4.414514064788818	1
907317	1560	2.281701	2.753730297088623	1
905982	1009	4.675695	3.9806854724884033	1
905970	1058	2.564294	2.9388742446899414	1
905955	2359	5.450564	3.8632049560546875	1
906746	1804	5.081768	3.258256673812866	1
1331033	1827	1.652009	1.7946380376815796	1
1240206	1046	0.123646	1.7650538682937622	1
1240159	1053	4.31898	2.767089366912842	1
909746	1932	5.340233	2.7627804279327393	1
1240167	2112	1.742596	3.2435410022735596	1
907317	2000	3.881879	3.2435410022735596	1
1240122	1561	1.916651	2.226301431655884	1
753540	1512	5.627763	2.0507519245147705	1
906795	2171	2.959764	3.3762760162353516	1
908473	1828	5.25508	3.3687407970428467	1
687568	1833	2.686068	3.258256673812866	1
905940	1004	-5.264247	-1.698299765586853	1
688031	1873	0.958282	2.4977993965148926	1
906817	1089	4.747566	2.1957385540008545	1
909774	1919	2.123578	2.538989782333374	1
909704	1250	0.523648	3.729210138320923	1
1298219	1021	3.989112	2.8706390857696533	1
909257	1168	2.565789	2.9073846340179443	1
909249	1047	3.798998	2.841663122177124	1
1503369	1029	5.753761	3.0596725940704346	1
910688	1029	4.65596	1.9473446607589722	1
1240155	1932	2.948367	2.613568067550659	1
1298151	1782	5.463211	4.0790486335754395	1
907053	1634	3.052688	3.5295631885528564	1
687506	1007	-5.181565	-0.4530491828918457	1
1298134	1191	-3.880575	1.0995956659317017	1
717431	2110	3.899786	3.499990701675415	1
925340	1635	5.941971	3.626075506210327	1
688086	1047	4.032112	3.3950579166412354	1
905981	1912	1.150164	2.8869669437408447	1
1330993	1838	2.087655	3.682706117630005	1
1298352	1785	7.149411	3.9408881664276123	1
905946	1927	5.703263	3.5150434970855713	1
687980	2038	2.18539	3.715799331665039	1
909719	2045	5.204165	2.767089366912842	1
907321	1862	-1.5063	1.0944528579711914	1
909774	1733	3.177367	3.6481411457061768	1
910568	2173	4.853839	3.8822529315948486	1
924107	1714	0.8132	2.57656192779541	1
946353	1249	4.353584	4.021589279174805	1
724878	1626	4.263853	3.5681426525115967	1
906843	1834	3.017772	3.046848773956299	1
924238	1630	2.671689	4.091981887817383	1
908126	1924	5.132124	1.4482280015945435	1
906812	1634	3.561062	4.825417995452881	1
925347	1832	4.86754	3.5847373008728027	1
909755	1819	1.152261	-0.3863697946071625	1
753547	1997	-0.733524	1.6973013877868652	1
687592	1912	2.409175	2.731743574142456	1
909778	1922	3.404071	2.9783926010131836	1
910698	1718	4.04078	3.7713122367858887	1
949171	1559	-2.480641	0.8774367570877075	1
687448	1780	7.063626	3.8706133365631104	1
687562	1839	3.439977	3.258256673812866	1
910861	1873	0.616031	1.7253376245498657	1
908476	1782	5.647427	4.096022605895996	1
907289	1079	2.273326	3.6471292972564697	1
909249	1940	3.760262	3.3349061012268066	1
1298349	1918	3.490201	2.4977993965148926	1
1298169	1836	3.541161	3.284642219543457	1
908476	1072	5.922018	4.096022605895996	1
687561	1052	2.963339	2.030897855758667	1
1298216	1810	1.842014	2.49322772026062	1
909697	2107	4.665934	2.5145843029022217	1
724870	1932	3.38175	3.2235705852508545	1
907794	2158	5.042026	3.91253924369812	1
1240157	2047	0.789182	3.011453866958618	1
907045	1019	2.627972	3.5150434970855713	1
724869	2037	6.215371	4.455465316772461	1
1297446	2362	3.431733	1.8282527923583984	1
1240127	1259	5.886863	4.133960247039795	1
905942	1776	4.085109	2.9530885219573975	1
908455	1582	3.230392	2.605295181274414	1
949154	1022	-0.169062	1.851257562637329	1
753615	1782	3.585103	2.979379177093506	1
753552	1011	1.612198	1.8852969408035278	1
1331032	1007	-5.034455	-1.0419870615005493	1
724870	2047	1.532237	2.8494701385498047	1
907169	1928	4.316431	3.424828290939331	1
910698	1084	-4.703614	2.8869669437408447	1
909698	1620	4.606612	3.2988545894622803	1
910927	2000	5.49246	3.107991933822632	1
1240179	1840	2.432528	3.046848773956299	1
910851	1024	-2.665129	3.6481411457061768	1
907067	1815	5.156658	3.8632049560546875	1
1298167	1925	4.984946	4.531114101409912	1
749717	1072	4.688475	3.8830270767211914	1
905940	1583	2.867898	2.0255229473114014	1
946369	1080	-4.880093	-0.9615179300308228	1
753548	1808	-2.788589	1.5250688791275024	1
908141	2145	-2.417607	1.8679174184799194	1
687592	2172	2.98842	3.423197031021118	1
1503371	1598	2.857964	4.135594844818115	1
1298476	2112	4.949582	3.5847373008728027	1
1503362	1811	-2.750862	4.021589279174805	1
906793	1844	3.029193	3.4234297275543213	1
687505	1714	2.623412	2.57656192779541	1
1298169	1814	6.707988	2.069349527359009	1
910399	1036	4.320963	2.64477276802063	1
1299070	1428	4.806171	4.203376770019531	1
905945	1739	3.749193	3.5150434970855713	1
1330942	2177	2.109533	2.4361460208892822	1
906864	1839	3.201322	3.6781842708587646	1
1303900	1632	3.974621	2.1209704875946045	1
909736	1738	0.735619	3.0992319583892822	1
753581	1557	5.553967	2.1058733463287354	1
687455	1024	1.209396	3.729210138320923	1
1240190	1083	-0.502036	3.0596725940704346	1
906818	1373	-2.190445	1.7725166082382202	1
910079	1621	4.171339	2.9592604637145996	1
753608	1778	3.173505	2.9388742446899414	1
753565	1559	-2.169629	1.0656481981277466	1
1503361	1549	3.041183	2.4351913928985596	1
909709	1049	3.286627	2.5166187286376953	1
1503370	2172	2.438416	3.5681426525115967	1
905955	1996	4.746987	2.1058733463287354	1
908468	1268	4.586451	3.874955415725708	1
946353	1060	3.192647	2.990041732788086	1
907286	1177	5.039602	4.41758394241333	1
906696	1908	0.890032	3.0213842391967773	1
687506	1003	-2.25569	2.0605218410491943	1
910933	2106	3.719891	2.731743574142456	1
910916	2038	4.487559	3.7512996196746826	1
906877	1401	3.605945	1.5243663787841797	1
908146	1936	2.212331	1.9007753133773804	1
749716	1559	-2.191684	1.3427242040634155	1
1290922	1378	3.469153	2.2855429649353027	1
753552	1043	5.768313	5.25806188583374	1
1330982	1564	1.690937	2.031484365463257	1
724866	1084	-0.376391	2.9388742446899414	1
1240187	1999	4.273775	3.3687407970428467	1
687777	1916	4.985442	3.780000925064087	1
905972	1053	5.572864	2.9388742446899414	1
906877	1620	5.439136	1.9717249870300293	1
905978	2096	3.2747	2.889394521713257	1
949176	1243	3.369023	3.618901252746582	1
906807	1034	-3.824559	1.8391361236572266	1
687997	2145	1.299558	2.890239953994751	1
905986	2498	8.046059	4.658969402313232	1
1330942	2498	6.350486	3.5295631885528564	1
1240121	1847	2.960985	2.6257548332214355	1
1299062	1089	6.423569	2.077657461166382	1
753534	1625	4.09421	3.38118052482605	1
753588	1011	-1.763926	1.6973013877868652	1
1331033	1854	2.347741	2.8100078105926514	1
910903	2039	4.203728	2.9053406715393066	1
1659929	1911	-3.767339	3.8693349361419678	1
1298538	2361	4.866934	2.8978612422943115	1
753615	1813	5.860967	1.8096755743026733	1
910698	1058	-0.399417	2.8869669437408447	1
905957	1936	3.520403	2.9783926010131836	1
910947	2177	1.278713	2.4361460208892822	1
1503367	1940	3.810872	4.135594844818115	1
908468	1909	-0.375549	1.6973013877868652	1
908118	1057	-2.034336	2.3148794174194336	1
687821	1617	7.42149	2.0436956882476807	1
1303900	1020	5.266845	1.3427242040634155	1
1298226	1021	3.350874	3.1060736179351807	1
907783	1373	0.376118	1.0939244031906128	1
753551	1598	4.506461	3.874955415725708	1
1290725	1931	4.746524	3.96003794670105	1
1330947	1824	0.586435	1.8679174184799194	1
1240222	2040	0.76702	3.3091275691986084	1
906821	1085	3.363649	4.005451679229736	1
753545	2173	5.335843	3.424828290939331	1
1298351	2111	3.599902	3.9688684940338135	1
910935	1940	2.741219	2.8100078105926514	1
1660036	1779	0.680452	3.6471292972564697	1
909748	1927	5.474508	3.6471292972564697	1
753577	1918	2.563654	2.8869669437408447	1
1299075	1629	4.013407	1.8536083698272705	1
753620	1913	2.782081	3.9821107387542725	1
910932	2173	5.376452	3.424828290939331	1
1240186	1017	4.58059	3.6944186687469482	1
906830	1732	5.640081	3.8632049560546875	1
906834	1821	3.350441	3.097431182861328	1
949153	2040	-0.520404	1.9007753133773804	1
1298359	1799	1.587232	3.629936933517456	1
749717	1999	4.200698	3.107991933822632	1
907789	1003	-1.800191	1.511223316192627	1
1503369	1853	5.119599	3.081738233566284	1
687815	1006	0.53257	4.248306751251221	1
908449	1494	0.838487	2.13863205909729	1
687459	1620	5.939251	3.476534605026245	1
1298222	1008	-2.135029	2.1957385540008545	1
687562	1811	-4.256232	3.9806854724884033	1
910853	1073	6.50544	3.8632049560546875	1
910933	2045	4.887237	2.731743574142456	1
1524416	1708	-1.35379	1.9293230772018433	1
724873	1073	4.501158	4.096022605895996	1
1524415	1622	4.674237	4.3217339515686035	1
905974	2002	4.657938	3.4234297275543213	1
907051	1013	4.008183	3.4827041625976562	1
905956	1831	3.415279	3.4234297275543213	1
905971	1428	3.554459	3.8693349361419678	1
1322212	1507	5.115288	3.202444314956665	1
688027	2361	4.980821	2.4977993965148926	1
909757	1930	2.528158	3.8796231746673584	1
753576	1259	4.538878	4.3014020919799805	1
907062	2110	5.000254	3.7512996196746826	1
908455	1829	0.979762	2.8902010917663574	1
753532	1615	3.975632	2.226301431655884	1
907053	1625	4.284381	1.997942566871643	1
910079	1085	2.33254	3.629936933517456	1
905989	1624	1.92165	3.2988545894622803	1
1660035	1917	4.450707	3.8796231746673584	1
909975	1177	5.655854	3.9688684940338135	1
753616	1463	3.988043	2.5178301334381104	1
1299078	1013	4.292137	3.545322895050049	1
930301	1033	5.105053	3.8632049560546875	1
906812	1026	-2.46805	1.3427242040634155	1
1297449	1820	2.684237	1.7946380376815796	1
910781	2057	4.527275	3.0754454135894775	1
909781	1709	2.625638	1.9293230772018433	1
908472	1494	-0.918078	2.2958426475524902	1
753547	1561	1.692035	2.4977993965148926	1
1290908	1614	2.3799	3.780000925064087	1
1299075	1708	-0.891661	2.341109275817871	1
1674021	1583	2.520601	3.91253924369812	1
908145	1093	4.991079	2.9121999740600586	1
924111	1926	0.138084	2.226301431655884	1
925340	1925	5.404707	3.6360490322113037	1
908130	2498	8.134155	5.130432605743408	1
1298347	1029	5.067698	3.0596725940704346	1
753565	2010	2.310231	2.890239953994751	1
753541	1052	1.904372	1.7650538682937622	1
946355	1933	2.902453	1.0944528579711914	1
1660034	2109	3.478701	4.088144302368164	1
1297449	1738	1.563772	1.6794893741607666	1
1298216	1738	2.366886	3.2235705852508545	1
1297439	1931	3.883855	4.083820819854736	1
1290769	1010	5.098878	2.3116064071655273	1
687816	1553	1.625119	2.9388742446899414	1
687807	1086	3.226405	2.1046793460845947	1
1240161	1632	1.386388	1.7650538682937622	1
1240185	1086	-1.643399	2.1046793460845947	1
906798	1026	-1.38509	0.8725150227546692	1
910548	1553	2.645808	3.114170551300049	1
909726	1634	6.006831	4.404543399810791	1
905960	1624	2.124456	3.4417543411254883	1
1299081	1809	1.463785	2.2708828449249268	1
1247871	1998	3.857642	2.476311445236206	1
687563	1709	-3.152236	2.030897855758667	1
907055	2171	0.055259	2.613568067550659	1
1240200	1463	2.79209	3.3091275691986084	1
1240169	1624	4.130221	3.423197031021118	1
1298357	1932	6.151826	2.613568067550659	1
946355	2039	2.769924	2.9592604637145996	1
1240224	1618	6.716601	5.336418628692627	1
908461	2039	2.721823	2.605295181274414	1
1659818	2157	4.108091	2.992835760116577	1
1480374	1853	3.105616	3.1094019412994385	1
907799	1052	1.15715	1.1923877000808716	1
1331032	2112	1.506402	1.7946380376815796	1
909721	1010	5.112853	2.531402826309204	1
1240179	2047	3.11618	2.57656192779541	1
1240209	1803	2.880628	2.8902010917663574	1
907783	2107	3.902605	1.4482280015945435	1
909747	1372	-2.338853	2.300117015838623	1
917486	1635	5.424088	3.8693349361419678	1
905952	1919	1.407799	2.294896364212036	1
1240127	1020	6.164632	1.0283401012420654	1
905950	1089	2.675571	2.069349527359009	1
1331038	2360	4.200363	1.7253376245498657	1
687799	1510	3.814581	2.989633083343506	1
908118	2171	-1.714917	2.303199529647827	1
1480359	2039	2.837388	3.1094019412994385	1
906824	2045	4.89753	2.5472054481506348	1
909740	2111	4.394378	3.8796231746673584	1
905958	1557	4.808248	1.5419524908065796	1
907312	2157	4.804169	4.1939616203308105	1
907286	1838	2.759123	3.5847373008728027	1
687995	1083	2.364532	2.67171573638916	1
924111	1373	3.080287	2.3722805976867676	1
1247871	1073	2.163407	2.476311445236206	1
753624	1816	4.562852	4.431844234466553	1
907285	1200	4.574594	4.431844234466553	1
1240127	1023	4.596608	2.803931951522827	1
909751	2044	2.296632	2.173872947692871	1
724859	2043	5.246363	4.103529453277588	1
1509073	1712	-3.143926	4.147809982299805	1
909256	1030	3.556086	4.110067844390869	1
905958	1046	0.611448	1.5243663787841797	1
908448	2046	0.562072	1.5525792837142944	1
949154	2043	4.336685	3.7973411083221436	1
907794	1032	1.618992	2.3116064071655273	1
687563	1133	3.482337	4.030252456665039	1
906790	1068	-0.422141	1.968963384628296	1
909745	2361	5.040821	2.731743574142456	1
906851	1738	2.726739	2.957514524459839	1
909724	2110	3.300169	4.186343669891357	1
909737	2172	3.268957	3.619338274002075	1
1297446	1085	1.550916	2.110318422317505	1
907281	1011	-2.239692	1.7199676036834717	1
1327769	1843	-3.303609	1.4414368867874146	1
1240167	1059	0.36862	2.753730297088623	1
1480358	1008	3.08342	2.765136480331421	1
722058	1928	2.791619	3.5681426525115967	1
909721	1613	4.353536	4.103529453277588	1
906877	1190	-3.352497	1.511223316192627	1
749711	1925	4.243549	4.308053493499756	1
946360	1131	6.79304	4.609518527984619	1
905976	1629	6.013205	1.378166675567627	1
1240198	2173	4.025588	3.7408807277679443	1
907787	1373	1.753266	2.1435813903808594	1
1331048	1940	3.515758	2.8100078105926514	1
930298	2038	5.204147	3.8026323318481445	1
906808	1034	-1.172965	2.67171573638916	1
924187	1855	5.712395	2.8457133769989014	1
924102	1631	3.542534	4.091981887817383	1
1240198	1614	4.414759	3.99831223487854	1
909738	2360	6.721398	2.767089366912842	1
753558	1626	2.730635	3.6064555644989014	1
905978	1494	-1.201639	2.069349527359009	1
906851	2177	1.595984	4.0800065994262695	1
1240201	1180	-3.387861	2.2533118724823	1
1299081	1833	3.062673	3.4234297275543213	1
909702	1058	-0.7951	1.8282527923583984	1
753581	1175	4.755186	3.9653127193450928	1
687802	1778	5.467653	2.9388742446899414	1
905937	2037	3.307205	3.91253924369812	1
909703	1180	-3.969741	1.5243663787841797	1
906763	2038	1.264186	2.372398853302002	1
924187	1091	2.257789	2.8481805324554443	1
905960	1825	-0.225927	3.107991933822632	1
908462	1047	5.540167	4.689001560211182	1
753612	2113	2.909111	2.233710527420044	1
910689	1998	8.016771	3.8693349361419678	1
1503363	1559	-1.929036	1.0944528579711914	1
908447	1916	4.373786	3.203071355819702	1
908121	1576	2.086298	4.041625022888184	1
906808	2106	5.592303	2.4977993965148926	1
906834	1713	1.831194	2.7227675914764404	1
1297449	1093	2.88685	1.6794893741607666	1
1509074	1019	3.339803	3.7713122367858887	1
1659928	1033	4.26033	3.8693349361419678	1
910691	1836	2.761655	3.0754454135894775	1
907788	1620	5.344501	3.7994601726531982	1
688025	1626	-2.408945	3.1208746433258057	1
1299062	2047	1.721177	3.0534603595733643	1
910927	1511	-2.716356	2.2855429649353027	1
924188	2175	6.382331	4.241860389709473	1
907312	1021	2.607747	2.9922242164611816	1
946359	1017	5.825418	4.110067844390869	1
1240127	1494	-1.700009	2.1090474128723145	1
1240192	1019	3.659107	3.202444314956665	1
1327775	2362	4.40983	2.0207149982452393	1
908481	1025	6.250993	3.874955415725708	1
907788	1803	4.120549	3.682706117630005	1
907300	1918	1.7339	1.873671054840088	1
905939	1808	-0.213606	2.173872947692871	1
905957	1817	-6.588443	2.806814432144165	1
910936	1428	5.879905	3.5856409072875977	1
687799	1919	-0.701592	2.531402826309204	1
1503361	1808	0.601687	2.1957385540008545	1
910554	1237	5.719341	3.91253924369812	1
906830	1786	5.766594	2.980241060256958	1
687985	2045	3.585751	2.4977993965148926	1
906855	1088	0.481948	1.0603476762771606	1
908468	2174	1.316277	3.7080461978912354	1
910079	1375	7.900852	2.1957385540008545	1
905957	1826	3.602275	3.107991933822632	1
908124	1375	4.954692	2.2708828449249268	1
910546	1927	4.787522	4.005451679229736	1
909755	1004	-1.08113	-0.3863697946071625	1
1503361	1853	3.797143	2.9592604637145996	1
905974	1011	2.650725	2.1058733463287354	1
1240185	1832	3.760387	3.3687407970428467	1
910931	1177	3.724048	4.103529453277588	1
910781	1557	5.112092	1.9435691833496094	1
909194	1925	5.459006	3.839259386062622	1
1290806	1941	-5.120498	1.968963384628296	1
1240122	2040	2.419173	2.5166187286376953	1
909256	1585	4.005653	2.806814432144165	1
908455	2002	6.04021	2.8902010917663574	1
1290922	1091	1.060358	2.957514524459839	1
1524419	1085	2.71437	3.7713122367858887	1
1331037	1916	-0.85464	1.905466914176941	1
1240197	1915	4.034868	2.9073846340179443	1
753561	1080	-4.944129	-1.0194026231765747	1
907320	2112	2.033619	3.2435410022735596	1
946360	1824	3.524764	3.446972608566284	1
1298156	1038	2.65817	3.6588845252990723	1
906839	1819	-1.174246	-0.5016248226165771	1
949176	1618	3.3586	3.9821107387542725	1
1331035	1248	-5.735427	2.8409206867218018	1
905967	1786	3.246532	3.0596725940704346	1
1240183	1563	6.715266	4.389893054962158	1
687799	1026	-0.30146	1.2544339895248413	1
1479995	1625	5.22031	3.7408807277679443	1
909771	1615	2.967013	1.873671054840088	1
724838	1175	4.440875	4.036107540130615	1
907272	1594	1.78012	1.8282527923583984	1
753554	1927	5.297243	3.8895680904388428	1
946355	2173	3.322796	3.4829084873199463	1
905971	1849	-0.159069	2.026435613632202	1
1299070	2438	9.546993	4.203376770019531	1
905984	1839	3.934034	3.275442600250244	1
749716	1502	3.717855	4.308053493499756	1
905956	1249	4.144551	3.8632049560546875	1
1330973	1004	-1.851192	-1.3238706588745117	1
1298167	1085	1.627996	4.091981887817383	1
753552	1014	1.980198	2.624596118927002	1
905952	1441	1.600198	1.8282527923583984	1
946366	2096	3.51408	2.6298811435699463	1
909260	1131	1.811774	2.250026226043701	1
908148	1997	2.516979	1.4673717021942139	1
1298353	1179	0.803095	1.9636327028274536	1
907285	1803	2.195549	3.5847373008728027	1
1240179	1042	5.082604	4.615393161773682	1
906763	1830	0.866798	1.8925098180770874	1
909905	1940	5.550771	4.104689121246338	1
687459	1782	6.070948	4.0659613609313965	1
924240	2362	3.626178	2.6228652000427246	1
905981	1529	2.407962	4.147809982299805	1
908128	2438	10.937887	3.8632049560546875	1
910549	1557	3.913463	1.9989176988601685	1
906801	1250	4.693932	3.5150434970855713	1
1330982	1007	-6.423313	-1.0419870615005493	1
949175	1073	2.205126	3.618901252746582	1
1659818	1940	2.118634	3.3349061012268066	1
1480372	1624	3.326948	3.7408807277679443	1
1674021	1828	4.869835	3.174243211746216	1
908151	1030	2.797196	4.110067844390869	1
906763	1813	3.773868	1.511223316192627	1
909698	1375	6.0663	2.173872947692871	1
1240209	1010	2.421038	2.297332525253296	1
908147	1778	0.784409	1.8282527923583984	1
1298348	1813	6.214805	2.2958426475524902	1
907269	1779	0.50498	3.058581590652466	1
753532	1836	2.859123	2.6257548332214355	1
907300	1036	2.935896	2.2107672691345215	1
906862	1008	-1.005354	2.2855429649353027	1
1240162	1018	6.797634	3.6588845252990723	1
924151	1625	5.215377	3.8822529315948486	1
753614	1372	-0.751475	2.990041732788086	1
749717	1237	6.361999	4.0800065994262695	1
687457	1512	5.860779	2.059067726135254	1
687812	1996	6.072316	2.0436956882476807	1
905950	2172	3.317415	3.6064555644989014	1
687514	1821	2.919875	3.046848773956299	1
753538	1785	5.78197	3.5856409072875977	1
906844	1013	0.348671	3.5751874446868896	1
909904	1624	5.344534	3.7533068656921387	1
907320	1598	4.011507	4.135594844818115	1
925338	1939	3.806408	1.988432765007019	1
1660035	1557	5.579523	2.026435613632202	1
1240160	1022	2.920162	2.0868778228759766	1
1298475	1372	-2.022564	2.8494701385498047	1
910546	2438	11.422018	4.256167888641357	1
1240189	1849	-1.04546	1.6973013877868652	1
949178	1802	2.963936	3.618901252746582	1
909719	2498	7.312052	5.630246639251709	1
1240143	1845	3.59349	3.4751734733581543	1
906765	2498	6.479854	3.413778066635132	1
911905	1019	4.380334	3.99831223487854	1
753573	1441	1.700879	2.753730297088623	1
909248	1625	5.287378	3.3985273838043213	1
687798	2361	4.829072	2.9388742446899414	1
753561	1561	-1.203226	2.226301431655884	1
909784	1873	1.616316	2.6642038822174072	1
713869	2110	4.460149	4.085141181945801	1
1297449	1014	2.199836	2.031484365463257	1
909745	2359	6.39953	3.9806854724884033	1
1524417	1052	2.013764	1.9293230772018433	1
910853	1706	1.506329	3.424828290939331	1
905958	1023	2.834849	1.9007753133773804	1
1290905	1621	5.264093	2.806814432144165	1
910781	1051	-0.102903	-0.41758787631988525	1
908475	1939	1.778578	2.0436956882476807	1
688015	1511	-0.859988	2.077657461166382	1
905991	1708	0.204455	2.3725178241729736	1
1240159	1180	-2.779359	2.0868778228759766	1
687562	1824	2.890366	3.258256673812866	1
909709	1627	3.169611	3.7512996196746826	1
909774	2003	6.440075	3.162635564804077	1
1660035	1833	0.158817	3.174243211746216	1
1290806	1940	3.95087	3.802560567855835	1
1330995	1734	1.919684	2.616192102432251	1
906696	1854	3.041687	4.4872727394104	1
946382	1819	-2.415844	0.40056854486465454	1
687588	1046	3.615473	2.030897855758667	1
1330983	1048	4.101344	2.4064035415649414	1
1298359	1268	3.920124	4.135594844818115	1
909907	1825	1.111777	3.107991933822632	1
906763	1849	-2.207839	1.5419524908065796	1
1298226	1618	3.688712	5.170849323272705	1
909781	2048	2.190489	0.07860209047794342	1
907274	2096	2.507434	2.031484365463257	1
753577	1375	6.739094	2.069349527359009	1
753610	1583	2.775915	3.715799331665039	1
909726	1011	3.260281	2.1058733463287354	1
713880	1873	0.046793	2.4977993965148926	1
906793	1911	-6.248087	3.8632049560546875	1
687794	1786	4.10812	3.0596725940704346	1
906871	2000	4.766403	3.275442600250244	1
687561	1918	1.914032	2.731743574142456	1
930301	1042	5.77791	4.884671211242676	1
911905	2110	6.021478	4.588873386383057	1
753546	1576	3.748209	4.1984357833862305	1
906844	1932	1.226265	2.957514524459839	1
906837	1940	3.005272	3.8144514560699463	1
908152	1086	3.509434	2.152803897857666	1
909748	1843	0.514886	2.173872947692871	1
909703	1926	0.563075	1.8282527923583984	1
906868	2055	0.445172	3.275442600250244	1
907062	1847	3.738665	2.6257548332214355	1
1298357	1047	5.279488	3.698823928833008	1
1298365	1011	4.367464	2.117466926574707	1
1240169	2170	4.47542	2.731743574142456	1
1480374	1930	0.388497	4.415791034698486	1
687983	1816	4.101347	3.839259386062622	1
908145	2002	5.609858	3.275442600250244	1
906693	1559	1.993399	1.5607340335845947	1
1330972	2046	1.933864	1.9841974973678589	1
907799	1372	1.590994	2.031484365463257	1
687820	1133	3.519466	4.221479892730713	1
906877	1249	2.377029	2.476311445236206	1
905985	1031	-1.968981	1.1925805807113647	1
924188	2173	6.375928	3.543104648590088	1
1327771	2040	-2.468591	1.5418413877487183	1
910689	1553	6.75729	2.6582534313201904	1
924100	1940	4.873296	4.46549654006958	1
910700	1853	3.71979	2.802236318588257	1
753554	1401	2.748072	2.0287792682647705	1
906835	2048	-1.638143	-0.5016248226165771	1
906863	1024	-1.29316	3.1079540252685547	1
908465	1930	1.323566	4.103529453277588	1
1298216	1941	-5.906552	2.3069570064544678	1
906855	1834	2.122369	-0.028361130505800247	1
1290905	1820	4.674211	3.107991933822632	1
905939	1046	1.410233	1.871219277381897	1
907269	1922	1.387015	2.3643763065338135	1
909774	1809	0.531132	2.0507519245147705	1
924239	1053	1.120556	2.0207149982452393	1
1240222	1079	-2.112654	3.99831223487854	1
907789	1620	4.831879	1.9717249870300293	1
1298350	1813	5.717699	2.2958426475524902	1
906835	2113	5.244477	3.258256673812866	1
905962	1836	3.701011	3.174243211746216	1
1298216	1401	3.600488	2.2533118724823	1
907789	1594	1.78888	1.8282527923583984	1
905948	1023	2.778392	3.145372152328491	1
1240196	1062	4.526156	2.3722805976867676	1
688011	1042	3.476624	4.806606769561768	1
910548	1782	5.469397	4.203376770019531	1
1303901	1085	2.55917	3.202444314956665	1
1240167	1057	-0.329801	2.753730297088623	1
1240123	1622	4.989149	4.088144302368164	1
907272	1581	0.553926	1.9717249870300293	1
910944	1813	0.756751	1.511223316192627	1
1298219	1079	1.914724	3.6481411457061768	1
905933	1024	1.967486	3.99831223487854	1
946377	2171	0.921534	2.8558199405670166	1
910544	1804	4.284279	-0.028361130505800247	1
909774	1783	5.164596	3.9408881664276123	1
1240182	1915	3.972237	2.432727098464966	1
906821	1004	-0.988488	0.1478465348482132	1
905954	2048	-3.102408	-0.28374072909355164	1
909194	1019	3.350888	3.202444314956665	1
910930	1549	3.501389	1.9128954410552979	1
905951	1618	5.452855	4.825417995452881	1
1299052	1023	4.683024	2.5166187286376953	1
905990	1057	-1.259657	3.114170551300049	1
905934	2362	6.28022	3.1513121128082275	1
906832	1816	4.548435	2.137866735458374	1
1524419	1919	1.965417	2.4121124744415283	1
905951	2048	-1.944162	0.40056854486465454	1
1298475	1375	8.663916	2.49322772026062	1
1298537	1736	5.461204	2.64477276802063	1
1290455	1835	1.810355	1.8679174184799194	1
906825	1372	0.426202	3.1904585361480713	1
910702	1061	7.946251	2.8494701385498047	1
908475	1624	2.500149	3.5681426525115967	1
1298359	2170	4.628654	2.753730297088623	1
1240193	2145	-1.941112	2.890239953994751	1
1240146	1583	2.091256	4.085141181945801	1
1240201	1736	2.953669	2.8494701385498047	1
910689	1829	2.054593	3.174243211746216	1
946382	1507	4.441312	3.5150434970855713	1
910911	1401	2.630146	1.7650538682937622	1
1503367	1494	-2.180707	2.1957385540008545	1
907055	1131	6.041114	3.698823928833008	1
909735	1855	2.772157	2.8457133769989014	1
905948	1580	3.601172	3.6064555644989014	1
905985	1057	-2.526632	2.731743574142456	1
1298352	1249	5.965692	3.9408881664276123	1
949172	2157	3.823334	3.499990701675415	1
910900	1910	3.184518	2.0436956882476807	1
910687	1510	0.746929	1.7997872829437256	1
1298219	1190	4.491236	2.0507519245147705	1
1479988	1813	3.352069	2.765136480331421	1
1297438	2171	-1.137179	2.6000852584838867	1
1298531	1033	5.285355	3.5856409072875977	1
905974	1084	-2.68913	2.6642038822174072	1
924111	2039	3.335864	2.386730909347534	1
753535	1926	1.688163	2.226301431655884	1
724868	1068	0.713761	2.0436956882476807	1
1327771	1733	1.602717	1.690364122390747	1
1298347	2109	3.630959	4.200180530548096	1
906795	1250	3.492313	4.091981887817383	1
909729	1915	3.149625	2.5346977710723877	1
905948	1931	6.402852	4.599693775177002	1
688013	2438	7.278135	3.7080461978912354	1
1298216	1558	3.096516	2.7720744609832764	1
946360	1629	5.097226	1.4231079816818237	1
910952	1816	5.470897	4.61219596862793	1
910568	1598	3.723968	4.4872727394104	1
925340	1804	2.420725	2.8902010917663574	1
1330942	2158	3.786868	2.4361460208892822	1
1659817	1175	4.176243	2.939537525177002	1
688025	1563	5.105902	3.715799331665039	1
687980	1819	2.452957	-1.3238706588745117	1
905935	1593	4.562261	3.375977039337158	1
753620	1778	4.247764	2.3148794174194336	1
909748	1996	5.69063	2.026435613632202	1
1240157	2111	4.573588	4.389563083648682	1
907788	2010	2.575798	3.682706117630005	1
946356	1585	4.645921	2.9592604637145996	1
687586	1939	4.322511	1.9685887098312378	1
753564	1494	-2.401925	2.077657461166382	1
1330972	1580	5.270741	3.1208746433258057	1
735784	1428	6.017604	4.021589279174805	1
1298358	2096	-1.138186	2.3470752239227295	1
946360	1778	4.778214	3.114170551300049	1
1240212	1804	3.369066	3.046848773956299	1
905941	1824	5.323861	3.4751734733581543	1
909698	1816	4.051787	3.930361032485962	1
905968	1268	2.784044	4.380030155181885	1
1330973	1926	1.029632	2.4977993965148926	1
946370	2172	2.947545	3.423197031021118	1
753547	2361	4.562599	2.4977993965148926	1
909744	2048	-4.594309	-1.1493092775344849	1
908440	1932	0.670737	2.303199529647827	1
1240129	2045	6.137682	3.114170551300049	1
1297449	1180	-4.497275	1.1923877000808716	1
1330982	1046	-0.686581	1.1923877000808716	1
906795	1916	3.809366	4.091981887817383	1
1298223	1915	1.545234	2.2132322788238525	1
909746	1042	6.266056	4.595188617706299	1
909729	1011	3.817004	1.9685887098312378	1
905954	1916	2.48986	3.8706133365631104	1
924107	1618	1.91923	4.400548458099365	1
906830	1043	6.175811	4.884671211242676	1
687800	1627	4.358552	4.085141181945801	1
753582	1375	5.508553	2.077657461166382	1
1503365	1043	7.627002	5.390137195587158	1
949171	1449	3.943815	3.203071355819702	1
1659823	1811	-2.211324	3.8693349361419678	1
753563	1829	0.305646	2.233710527420044	1
1303897	1558	5.783404	1.9128954410552979	1
753610	1561	1.653159	2.4977993965148926	1
907053	1072	4.041586	2.6079013347625732	1
907789	1093	1.665217	1.7997872829437256	1
906805	1033	4.932372	4.096022605895996	1
905961	2157	5.180847	3.91253924369812	1
753574	1025	6.435072	4.135594844818115	1
687588	2438	10.31991	3.9806854724884033	1
908148	2048	-4.615924	-0.895030677318573	1
910554	1561	2.005195	2.6582534313201904	1
906696	1175	3.813764	4.3551025390625	1
906791	1634	4.923897	4.848907947540283	1
713878	1855	4.623654	3.0534603595733643	1
753538	1720	5.178253	1.7303845882415771	1
905971	2177	1.95006	3.91253924369812	1
910924	1043	3.921357	4.361032009124756	1
910544	2040	0.552934	1.5418413877487183	1
907291	1828	3.931693	3.174243211746216	1
753584	1936	3.157222	2.9922242164611816	1
906795	1061	5.151084	3.0213842391967773	1
749711	2011	3.949592	3.8830270767211914	1
687800	1713	5.320114	2.64477276802063	1
1327766	1819	-4.662091	-1.2191007137298584	1
906877	1557	5.639885	1.5419524908065796	1
1330972	1838	1.745057	2.890239953994751	1
687777	1912	2.22221	2.9388742446899414	1
909748	1168	2.062968	2.3116064071655273	1
724839	1038	4.795724	3.7973411083221436	1
905950	1061	5.346141	2.889394521713257	1
910692	1845	1.76585	2.890239953994751	1
949179	2044	2.707818	1.9121639728546143	1
924102	1849	-0.579678	2.256880521774292	1
907319	1918	3.155637	2.753730297088623	1
907270	1086	-4.668505	1.6360090970993042	1
688086	1847	4.952953	2.7277815341949463	1
1298529	1179	1.672931	1.7650538682937622	1
1524418	1168	3.008628	2.4121124744415283	1
1295741	2010	1.373878	2.233710527420044	1
1240179	2000	4.925368	3.046848773956299	1
949171	1928	2.280623	2.9452314376831055	1
1297446	1927	4.035412	2.110318422317505	1
1298348	1507	4.505786	3.780000925064087	1
724878	1997	4.474974	2.0436956882476807	1
1240197	1812	5.352823	2.765136480331421	1
910780	1910	-2.732603	1.8293203115463257	1
753566	1634	4.029871	4.886974811553955	1
908462	2096	3.824558	3.2697694301605225	1
930297	1810	3.994678	2.0605218410491943	1
908141	1079	1.751146	1.797524333000183	1
905962	1067	6.458906	1.871219277381897	1
687983	2055	1.749086	2.890239953994751	1
1331037	1029	3.377134	1.8391361236572266	1
907314	1917	-0.164509	3.3922364711761475	1
908122	2158	1.967572	4.0800065994262695	1
908124	1631	1.818158	3.8706133365631104	1
917486	1080	-1.206341	-0.3863697946071625	1
1480359	1020	5.48527	1.4231079816818237	1
906832	1778	3.160777	1.7253376245498657	1
749717	1708	1.266476	2.1209704875946045	1
924189	1629	5.57987	0.8774367570877075	1
906828	1239	1.581578	4.408850193023682	1
1297446	2003	4.2344	1.8925098180770874	1
906868	1625	5.266999	3.543104648590088	1
1240190	1086	-3.591096	2.1046793460845947	1
1299050	1780	5.088818	3.1079540252685547	1
722066	1069	3.581947	2.9530885219573975	1
1290798	1832	2.989762	3.107991933822632	1
724878	1803	4.707441	3.3687407970428467	1
1298526	1635	6.434604	4.256167888641357	1
910952	1032	-0.994841	2.4121124744415283	1
906824	1047	5.646048	3.9619991779327393	1
907300	2106	1.723262	1.873671054840088	1
1240181	1441	1.715257	2.3148794174194336	1
910701	1089	5.570474	1.852421522140503	1
1524419	1578	5.102219	2.069349527359009	1
907173	1175	3.638229	4.430610179901123	1
905944	1054	4.416259	2.1046793460845947	1
1290725	1037	2.105273	3.1079540252685547	1
907272	2359	3.509221	2.476311445236206	1
909712	1635	5.215307	3.9806854724884033	1
906804	1855	3.036342	2.51015305519104	1
1240196	2109	2.003122	3.8144514560699463	1
908150	1733	3.782673	3.8207616806030273	1
946356	1776	4.431218	2.843367338180542	1
1240161	1512	4.880735	1.852421522140503	1
907788	1564	3.825216	3.0678536891937256	1
908460	1073	7.39932	4.096022605895996	1
910692	1043	5.641628	4.806606769561768	1
906824	2498	7.816373	4.400548458099365	1
753576	2040	3.133325	2.991133689880371	1
907061	1811	-4.285574	3.5856409072875977	1
713899	2055	1.646846	2.890239953994751	1
910687	1785	4.190611	2.476311445236206	1
909251	1826	1.485371	1.8925098180770874	1
906814	2057	2.372001	3.4234297275543213	1
1298352	2173	4.95192	3.38118052482605	1
906808	1089	4.12195	2.077657461166382	1
930083	2148	2.140084	3.6781842708587646	1
1298365	1814	6.512249	2.765136480331421	1
1503364	1005	2.928947	2.116302967071533	1
687995	1051	-0.722817	-1.3238706588745117	1
1290797	1830	2.714541	3.5847373008728027	1
905982	1913	4.561496	4.658969402313232	1
907794	1806	3.680712	2.173872947692871	1
753579	1039	4.187239	3.8706133365631104	1
1240185	2000	5.21355	3.3687407970428467	1
910704	1819	-4.767969	0.40056854486465454	1
905942	1021	2.444436	3.0596725940704346	1
724859	1932	3.321148	2.989633083343506	1
905952	1054	0.986147	1.5243663787841797	1
909778	2037	5.663573	4.0800065994262695	1
753547	2156	4.732833	3.7080461978912354	1
1290798	1580	5.261629	3.4417543411254883	1
1240178	1088	2.812932	2.6572177410125732	1
753620	1003	-4.359837	1.9121639728546143	1
909698	1913	4.794089	4.3021674156188965	1
910926	1840	0.551852	3.211395025253296	1
908128	2177	2.026785	4.186343669891357	1
946355	2148	2.968368	3.2435410022735596	1
906763	1779	0.415257	2.110318422317505	1
907790	1013	3.740719	3.3061411380767822	1
909713	1069	3.788303	2.9391281604766846	1
924240	1190	4.002734	2.2855429649353027	1
905970	1627	4.875301	4.085141181945801	1
905986	1718	4.533272	3.6102983951568604	1
907285	2177	2.570169	4.455465316772461	1
909740	1621	4.452988	2.802236318588257	1
909747	1625	7.734155	3.2988545894622803	1
910548	1593	2.953163	3.1094019412994385	1
1299070	1060	2.050913	3.1904585361480713	1
1331048	1578	2.575001	1.4414368867874146	1
753546	1630	4.993542	3.8706133365631104	1
909725	2003	5.952041	3.4234297275543213	1
687448	1912	3.902541	2.6642038822174072	1
906870	2110	4.016173	2.4361460208892822	1
924107	1378	2.151449	2.0605218410491943	1
905977	1378	6.103242	2.2708828449249268	1
908442	1926	0.88459	2.6582534313201904	1
907269	2111	2.838605	3.189927339553833	1
910544	1843	-2.738231	1.0603476762771606	1
1240168	1912	2.813397	2.731743574142456	1
924188	1083	4.452809	2.937025785446167	1
910700	1249	3.510454	3.8693349361419678	1
1330931	1373	2.783927	1.0939244031906128	1
907042	1620	5.009636	3.543104648590088	1
910689	2159	7.702126	3.91253924369812	1
909751	1909	2.014109	2.026435613632202	1
906804	1713	0.039787	2.51015305519104	1
909698	1918	4.177362	2.6582534313201904	1
910702	1839	5.646287	3.5847373008728027	1
1240196	1133	4.593197	3.96003794670105	1
910546	2038	5.433715	4.455465316772461	1
753577	1558	2.042169	2.4121124744415283	1
724859	2172	4.604914	3.5681426525115967	1
1331050	1080	-5.385512	-1.0419870615005493	1
1240123	1529	2.326501	3.8693349361419678	1
946372	1057	-2.577936	2.731743574142456	1
910694	1779	1.572469	3.6102983951568604	1
1295741	1931	2.343603	2.841663122177124	1
1503370	1810	-0.947997	2.2958426475524902	1
724859	1632	4.424214	2.1046793460845947	1
949093	1913	7.421582	4.825417995452881	1
753612	1034	-1.295559	2.1826839447021484	1
1503363	1733	2.802573	3.629936933517456	1
1290455	1062	-1.90745	2.2107672691345215	1
753549	1179	2.075857	2.030897855758667	1
1240192	1815	5.485177	3.7080461978912354	1
910904	2010	5.722006	2.6257548332214355	1
1331035	1003	-4.221604	1.4414368867874146	1
908460	1821	5.315744	3.3687407970428467	1
908455	1720	6.597221	1.968963384628296	1
1330948	1911	-6.217964	2.6079013347625732	1
753566	1199	4.981898	4.417909145355225	1
1509074	1011	1.933503	1.8455630540847778	1
949178	2039	2.997898	2.4126954078674316	1
722046	1441	-0.098512	2.9388742446899414	1
909719	1940	2.895135	4.258472919464111	1
910948	1248	-5.743569	4.825417995452881	1
906798	1563	4.429064	4.1939616203308105	1
1240178	1855	7.374055	3.0213842391967773	1
909724	1086	1.750335	2.074167251586914	1
753605	1179	-0.380818	1.9841974973678589	1
909260	2037	3.214127	2.372398853302002	1
687459	1910	2.028127	1.8852969408035278	1
1330972	2002	5.231936	2.890239953994751	1
1503366	1062	5.842091	2.990041732788086	1
724839	1052	5.940009	1.851257562637329	1
910079	1594	4.497597	2.753730297088623	1
1240159	2043	5.309273	4.389563083648682	1
1298151	2173	4.007545	3.619338274002075	1
946363	1052	1.065079	1.9001761674880981	1
687980	1828	2.989288	2.890239953994751	1
906696	1058	0.966085	3.151287317276001	1
907279	1933	7.058521	0.9598273634910583	1
753535	1011	-0.035808	1.7303845882415771	1
1299050	1999	2.563864	2.6257548332214355	1
1330947	1510	2.78738	1.825850486755371	1
1480361	2171	2.528938	3.2600879669189453	1
909753	1559	0.195148	1.4231079816818237	1
753555	1029	5.075937	2.991133689880371	1
910899	1933	3.42852	1.0656481981277466	1
907067	1812	1.568784	2.2708828449249268	1
1240127	2173	5.473247	3.368887424468994	1
1298352	1073	6.86095	3.9408881664276123	1
946372	1084	-0.536452	2.731743574142456	1
949171	1803	6.146783	2.7277815341949463	1
925347	1068	1.144934	2.3069570064544678	1
910934	1811	-3.668135	2.616192102432251	1
1240160	1932	5.124516	3.0992319583892822	1
1479995	1615	5.34474	3.114170551300049	1
907285	1716	6.407962	4.005451679229736	1
909721	1058	2.103432	2.9388742446899414	1
909905	1062	3.788895	2.6298811435699463	1
924102	1817	-5.240174	3.3793203830718994	1
908469	1268	3.57498	3.874955415725708	1
1298531	2044	3.360585	1.852421522140503	1
1290722	1782	3.841759	4.408850193023682	1
753595	1624	4.343578	3.7533068656921387	1
1331036	1019	-0.928263	1.905466914176941	1
908442	1799	-0.298896	3.6471292972564697	1
910903	1563	4.409032	4.186343669891357	1
1327769	1441	1.004808	1.7253376245498657	1
907170	1613	3.558273	3.3922364711761475	1
1240224	1259	6.315339	4.401870250701904	1
905979	1023	3.56227	3.145372152328491	1
1298151	1014	2.242634	3.011453866958618	1
687514	1013	3.768572	3.2278082370758057	1
753559	1029	3.61156	2.991133689880371	1
909907	1827	-0.612615	3.107991933822632	1
687590	1428	5.970937	3.9806854724884033	1
905949	1248	-4.443682	4.848907947540283	1
724828	1060	-1.280367	2.3054769039154053	1
1480361	1047	4.209838	4.609518527984619	1
1330964	1038	1.891511	3.6944186687469482	1
907790	1014	0.061322	2.300117015838623	1
905990	1799	4.864325	3.99831223487854	1
687455	1072	5.016114	4.0659613609313965	1
905964	1734	2.130133	2.979379177093506	1
1503371	1175	3.835803	4.3014020919799805	1
1299062	1808	1.167522	2.077657461166382	1
713878	2154	3.042955	3.715799331665039	1
907286	1378	4.053968	2.49322772026062	1
1299062	1732	4.832225	3.7080461978912354	1
753563	1629	4.354638	0.8322453498840332	1
905980	1093	7.490391	3.0531742572784424	1
1503363	2037	3.989276	4.144435882568359	1
907274	2149	0.270746	2.311350107192993	1
907045	1853	3.631258	2.806814432144165	1
724838	1086	0.077412	1.793138861656189	1
907066	1052	5.104863	1.793138861656189	1
949179	1372	1.919224	2.3054769039154053	1
971777	2044	3.136556	2.2708828449249268	1
905984	2111	2.752364	3.9157586097717285	1
753594	2439	8.762717	3.7080461978912354	1
724870	1553	3.488812	3.0337960720062256	1
1330991	1852	3.760877	2.6079013347625732	1
908125	1016	2.489603	2.6642038822174072	1
687563	1529	-2.280521	3.9806854724884033	1
910948	2113	5.243246	3.107991933822632	1
906790	1913	5.075033	4.357976913452148	1
1240217	1720	-1.752858	1.811052918434143	1
906875	1449	5.560328	3.203071355819702	1
1330947	2107	2.299457	1.873671054840088	1
1330972	1845	-0.916024	2.890239953994751	1
1290922	1583	3.21532	4.0800065994262695	1
910698	1581	2.845985	3.6064555644989014	1
924240	1011	0.081707	1.988432765007019	1
905970	1047	6.262941	4.221479892730713	1
910850	1631	4.533719	3.769078493118286	1
1524415	1786	3.022564	3.145372152328491	1
908461	1804	1.234792	2.8902010917663574	1
1240220	1635	6.061076	4.147809982299805	1
688018	1268	5.229448	3.874955415725708	1
924111	1844	3.040822	2.6257548332214355	1
1240160	1069	2.926199	3.0488908290863037	1
713880	1004	-5.105577	-1.3238706588745117	1
910905	1168	3.733751	2.3116064071655273	1
753582	1594	3.486755	2.4977993965148926	1
949153	1061	3.97296	2.1435813903808594	1
687561	1847	2.776826	3.258256673812866	1
907270	1778	2.790675	2.2516655921936035	1
909745	1809	1.629769	2.1922237873077393	1
724869	1558	3.77466	2.7720744609832764	1
687819	2148	2.329365	3.3687407970428467	1
1298359	1720	3.483084	1.9989176988601685	1
909774	2011	3.081311	3.9408881664276123	1
1503365	1011	4.899848	1.9989176988601685	1
1240168	2047	3.900544	2.6298811435699463	1
946355	1016	-0.024761	2.753730297088623	1
906869	1843	-0.418313	2.116302967071533	1
907068	1259	0.991206	3.7973411083221436	1
1331035	1011	0.332713	1.3908476829528809	1
1331035	1013	1.199866	1.8147058486938477	1
1480367	2172	1.733313	3.7408807277679443	1
907171	1940	4.063763	4.1984357833862305	1
906795	1803	7.043274	3.6781842708587646	1
749713	1559	-2.331642	1.3427242040634155	1
1480358	1031	-1.69211	1.4231079816818237	1
924187	1733	3.962978	3.526904344558716	1
909718	2003	5.119083	3.174243211746216	1
1331037	1050	1.570003	-1.0419870615005493	1
907278	1933	3.078316	0.5532822608947754	1
1240174	1073	4.173971	3.978942632675171	1
905977	1777	6.416557	3.8706133365631104	1
924107	1873	-0.391108	2.5472054481506348	1
1330984	1036	1.438375	2.031484365463257	1
909781	1051	4.905086	0.07860209047794342	1
1660036	1557	3.950851	2.026435613632202	1
1240143	1709	2.204476	2.0287792682647705	1
753569	1003	-1.864321	2.2748706340789795	1
1240224	1036	5.614083	2.889394521713257	1
1240197	1732	1.426372	4.203376770019531	1
1480360	1849	-0.136531	2.117466926574707	1
910926	1583	2.646609	4.1939616203308105	1
907799	1932	1.880732	1.6794893741607666	1
908475	1629	6.656364	1.2544339895248413	1
949153	1786	1.394789	1.9007753133773804	1
908152	1085	1.648623	3.8207616806030273	1
910905	2158	5.977269	3.91253924369812	1
1240212	1613	4.675232	3.7973411083221436	1
1330972	1803	5.384795	2.890239953994751	1
905984	2148	1.102584	3.275442600250244	1
908121	1785	5.389391	3.8830270767211914	1
1240143	1799	5.824388	3.8895680904388428	1
910549	2149	1.757157	4.144435882568359	1
753589	1622	4.417078	3.874955415725708	1
905989	1010	3.069888	2.3116064071655273	1
907065	1586	5.043896	2.8906021118164062	1
910943	2498	9.00018	4.658969402313232	1
1299059	1815	6.301966	3.5856409072875977	1
688013	1463	3.765783	2.67171573638916	1
906835	1093	6.737843	2.8558199405670166	1
753554	1613	4.224137	4.357667922973633	1
908144	1862	-2.036728	0.9598273634910583	1
1240169	1059	2.606016	2.731743574142456	1
924107	1034	-4.40829	2.78202486038208	1
1240187	1072	5.164333	4.096022605895996	1
1330950	1635	4.807507	2.979379177093506	1
1330983	1615	4.248744	1.873671054840088	1
907311	2011	1.403832	2.611891508102417	1
753623	1733	2.503967	3.629936933517456	1
906844	1005	1.540395	2.2855429649353027	1
909698	1777	4.635857	3.6471292972564697	1
910931	1853	3.444454	3.081738233566284	1
909744	1632	2.271759	1.8650192022323608	1
924244	1733	1.920125	3.780000925064087	1
907295	1131	6.349172	4.083820819854736	1
925348	1042	7.854268	5.035662651062012	1
909974	1847	6.743123	3.284642219543457	1
907313	1931	4.8389	4.030252456665039	1
930083	1720	8.313351	2.256880521774292	1
1290724	1079	-1.243128	3.1079540252685547	1
910916	1833	2.918007	2.6257548332214355	1
908147	1199	1.871317	2.302001714706421	1
1297447	1059	-0.349352	2.0207149982452393	1
905948	1909	1.499474	1.8455630540847778	1
907795	1401	0.995047	1.871219277381897	1
909744	1529	-1.45732	3.696009874343872	1
907042	1014	1.453648	2.9681880474090576	1
749717	1563	6.449048	4.0800065994262695	1
908480	1043	4.139048	4.806606769561768	1
910548	1634	4.838713	4.928058624267578	1
908472	2096	3.53776	2.64477276802063	1
1240143	1179	0.281786	2.0287792682647705	1
687812	1810	1.662152	2.2958426475524902	1
907057	1808	-1.030759	2.2389187812805176	1
1303897	1820	3.450966	1.7946380376815796	1
753585	1813	6.575907	2.069349527359009	1
1290769	2043	6.735317	3.8796231746673584	1
906842	1919	1.058878	1.9128954410552979	1
1240142	1706	0.890163	3.6701529026031494	1
687561	1784	5.470131	3.258256673812866	1
753552	1239	3.056784	4.0659613609313965	1
906877	1873	0.361974	1.8282527923583984	1
906804	1052	1.386688	1.9636327028274536	1
909751	1373	6.009099	2.300117015838623	1
688013	1237	5.0886	3.715799331665039	1
724825	1046	1.751189	1.949272632598877	1
909746	1912	5.287286	2.6582534313201904	1
1524418	1915	1.642994	2.4121124744415283	1
1290797	2154	3.274752	4.455465316772461	1
1287706	1084	-0.539986	2.6642038822174072	1
907169	1585	4.49019	2.9053406715393066	1
1298357	1023	5.577771	2.6933071613311768	1
1240200	1091	2.702874	3.2600879669189453	1
946370	1997	5.021386	1.9685887098312378	1
908468	1549	3.568182	2.432727098464966	1
946373	1014	2.615935	2.9681880474090576	1
924108	1997	4.012272	2.026435613632202	1
910079	1268	4.05545	4.135594844818115	1
1240199	1089	8.453057	2.765136480331421	1
906843	1835	2.711284	3.046848773956299	1
906804	1581	1.005954	3.38118052482605	1
905948	1778	2.206891	2.8869669437408447	1
905949	2010	4.883937	3.3687407970428467	1
906792	1936	1.460335	2.980241060256958	1
687448	2039	5.007893	2.9053406715393066	1
907274	2361	5.136382	1.7253376245498657	1
749714	2107	5.94141	2.6228652000427246	1
909781	1061	6.965147	2.889394521713257	1
1298529	2171	4.03947	2.2790708541870117	1
1330960	1621	2.696362	1.7484750747680664	1
1290797	1378	2.489744	2.49322772026062	1
1298168	1005	4.580838	2.069349527359009	1
1240183	2170	6.245278	2.8978612422943115	1
908123	1043	5.299888	5.014388561248779	1
687985	1613	3.094845	3.6944186687469482	1
908450	1029	7.007428	2.937025785446167	1
1327773	1998	3.695032	2.616192102432251	1
1240217	1820	4.085794	3.3940539360046387	1
910920	1038	1.552073	4.401870250701904	1
1331035	1032	1.216188	1.9128954410552979	1
688058	1051	3.295774	-0.35155189037323	1
906693	1068	0.953409	2.3069570064544678	1
1330982	2040	0.593979	1.8391361236572266	1
907068	1630	3.826419	3.5694210529327393	1
1298226	1996	3.616545	2.0007686614990234	1
1298365	1734	1.653769	4.203376770019531	1
907289	1835	3.553007	3.174243211746216	1
753551	1849	-0.240317	1.6973013877868652	1
749714	1712	1.06818	3.8830270767211914	1
724874	2046	5.376346	2.1046793460845947	1
905945	1928	5.489956	3.4417543411254883	1
1479987	1839	2.915936	3.446972608566284	1
908447	2156	1.759837	3.618901252746582	1
910936	1494	-3.558301	1.852421522140503	1
1660036	1714	3.542045	2.300117015838623	1
925348	1617	3.214427	2.3069570064544678	1
906864	1618	4.241518	5.014707088470459	1
907287	1806	2.491198	2.173872947692871	1
906863	1839	2.66272	2.6257548332214355	1
905982	1016	-0.672626	2.731743574142456	1
909715	1191	-5.478279	0.5532822608947754	1
724870	1720	5.595712	2.3069570064544678	1
1660035	1013	3.976463	3.3061411380767822	1
906835	1811	-1.602416	3.9806854724884033	1
687459	1824	3.960991	3.211395025253296	1
749710	2145	2.509904	3.107991933822632	1
906835	2111	5.651556	3.9618098735809326	1
907276	1936	4.442788	2.6933071613311768	1
1298538	1510	4.710031	3.0105602741241455	1
905958	1005	0.899379	1.511223316192627	1
1297447	1051	4.166566	-1.2191007137298584	1
1240193	2002	3.341549	2.890239953994751	1
946355	1008	0.858194	2.1957385540008545	1
687815	1553	2.047077	2.8978612422943115	1
1240169	2038	5.305876	3.970153331756592	1
910548	1939	4.249915	2.117466926574707	1
753592	1050	1.674375	-0.6107399463653564	1
1331032	1594	3.175898	1.7253376245498657	1
1330995	1624	1.954487	1.8221790790557861	1
924244	1909	1.251307	2.0436956882476807	1
908443	1830	1.528617	3.4751734733581543	1
906693	1779	1.447133	4.005451679229736	1
946363	1249	1.186383	3.618901252746582	1
949175	1512	4.81922	1.9121639728546143	1
687596	1048	5.21063	3.9688684940338135	1
1322213	2173	3.637321	3.38118052482605	1
910916	1561	0.453411	2.226301431655884	1
688058	1058	1.401759	2.986912488937378	1
906877	2149	0.522704	2.372398853302002	1
713878	1852	5.583333	3.7080461978912354	1
724839	1821	5.05859	3.046848773956299	1
753594	1036	4.374948	3.0534603595733643	1
1298222	1131	6.605378	4.704385757446289	1
909737	1925	5.694325	4.860912799835205	1
753581	1617	3.567604	2.1058733463287354	1
909907	1058	2.639197	2.6228652000427246	1
688011	1463	3.615547	2.67171573638916	1
905934	1089	6.916469	2.6352615356445312	1
753569	1733	2.875055	3.8895680904388428	1
946355	1776	4.969403	2.843367338180542	1
905972	1824	3.621489	3.3687407970428467	1
905940	1576	1.848746	3.176870107650757	1
687819	2000	5.768044	3.3687407970428467	1
910852	1941	-3.567656	1.988432765007019	1
906696	1051	1.173405	0.3259883522987366	1
924189	1010	3.462202	2.4141030311584473	1
909257	2043	4.998785	4.415791034698486	1
1331048	1239	0.229974	2.616192102432251	1
910935	2055	-0.73054	1.7946380376815796	1
1503367	1830	2.51204	3.2435410022735596	1
1327766	1996	4.233087	1.7199676036834717	1
906837	1021	1.448678	2.5166187286376953	1
946377	2109	4.400511	4.104689121246338	1
910692	1428	4.534907	3.7080461978912354	1
1503370	1708	-1.997803	2.1046793460845947	1
1240172	1561	2.957502	2.6228652000427246	1
905968	2000	5.956751	3.446972608566284	1
1331036	1853	3.117415	1.7624796628952026	1
907278	1802	3.293426	2.6079013347625732	1
687514	1080	-1.473669	-0.4530491828918457	1
1503361	1776	4.534819	2.843367338180542	1
907173	1003	-2.257954	2.406630754470825	1
909726	1175	4.506791	3.9653127193450928	1
924189	1618	4.524077	3.9821107387542725	1
907045	1621	4.94188	2.806814432144165	1
908462	2177	2.233055	4.322366237640381	1
906835	1912	3.570187	2.731743574142456	1
924244	1375	6.5018	2.2958426475524902	1
1298169	1529	-0.915179	4.147809982299805	1
1327771	1785	3.47801	2.611891508102417	1
687819	1239	5.339869	4.096022605895996	1
925338	1908	3.886164	3.107339859008789	1
907321	1803	3.11498	3.2435410022735596	1
908151	1621	4.813332	2.806814432144165	1
753615	1512	5.213535	1.8096755743026733	1
924108	1053	2.861987	2.6582534313201904	1
907789	1378	3.303464	1.511223316192627	1
724874	1133	4.011151	4.221479892730713	1
906872	1930	0.924241	3.3922364711761475	1
749716	1179	2.993254	2.1209704875946045	1
906864	1046	1.88999	2.326115369796753	1
687514	1086	-0.077757	1.851257562637329	1
910544	1819	-4.303266	-1.698299765586853	1
909728	1029	6.029208	3.1060736179351807	1
925348	2107	7.679159	3.0337960720062256	1
925340	1585	5.277205	2.605295181274414	1
1330942	1053	4.846012	2.02716326713562	2
946355	1799	0.902954	3.2052478790283203	2
1240146	2154	3.955236	4.302274227142334	2
1299075	1021	3.607855	3.5000216960906982	2
906863	1047	4.835304	4.7399749755859375	2
905983	1813	5.739601	2.7633109092712402	2
909194	1096	1.076073	-1.7665692567825317	2
906808	1510	4.322924	2.8222789764404297	2
910903	1463	2.464256	3.109683036804199	2
925340	1011	6.066062	1.801422119140625	2
905970	1091	1.924088	3.2917404174804688	2
1330985	1029	4.552961	1.9649559259414673	2
909748	1908	0.689961	2.5397520065307617	2
907291	1714	3.536796	2.5397520065307617	2
910935	1069	3.080891	2.479067802429199	2
753563	1928	2.356773	2.6759986877441406	2
1298365	1059	-1.282569	2.798353433609009	2
905985	1037	2.686248	3.3261687755584717	2
909248	1046	2.149696	1.257431983947754	2
688031	1720	-1.084543	1.8649051189422607	2
1480367	1928	5.769901	3.534555435180664	2
1299078	1852	5.792124	3.4485487937927246	2
909725	1738	2.383123	3.2215166091918945	2
910852	2037	4.988969	3.692488193511963	2
906833	1824	2.729893	3.1348352432250977	2
924102	1375	6.54309	3.005363941192627	2
687983	1003	-1.097768	2.7132444381713867	2
949174	1013	4.19635	3.785630226135254	2
1298160	1926	0.029959	2.7925021648406982	2
910544	1709	-4.802568	0.48021504282951355	2
753600	1629	5.308505	2.556356906890869	2
905944	1839	4.409143	3.3559889793395996	2
906812	1622	5.111985	3.6898255348205566	2
749711	1614	5.364279	3.2988181114196777	2
1331045	1828	3.210337	2.351832389831543	2
687997	1585	5.173356	2.901089668273926	2
907786	1031	-2.672178	2.556356906890869	2
1330985	1778	2.912793	2.02716326713562	2
1327775	2107	4.373637	1.486049771308899	2
946356	1824	2.456695	3.3771281242370605	2
753538	2360	5.475152	2.6165659427642822	2
1330972	1931	3.438358	4.010108947753906	2
1659823	1828	4.395797	3.3106188774108887	2
1503365	1091	3.247345	3.100945472717285	2
1327769	1829	0.136364	2.351832389831543	2
753556	1625	4.026543	3.4041669368743896	2
753532	1586	4.768625	3.0843963623046875	2
908442	1053	-0.044721	3.0788259506225586	2
909697	1073	3.690133	3.2599143981933594	2
753576	1810	5.16318	2.7742834091186523	2
906812	1553	1.784375	2.417788028717041	2
1298362	1012	1.944743	3.0843963623046875	2
905962	1089	2.35551	2.5225629806518555	2
907067	1814	6.137883	2.6337828636169434	2
753624	1086	2.172308	2.440638780593872	2
909904	1581	3.549057	4.344647407531738	2
910947	1927	3.581919	2.1410369873046875	2
713899	1036	5.239773	4.044624328613281	2
753579	1594	4.859811	2.7925021648406982	2
946360	2040	1.918207	2.914879560470581	2
910936	2002	4.343506	3.1306676864624023	2
905969	1003	0.447038	2.8502869606018066	2
910924	2157	3.96728	3.409939765930176	2
905990	1849	-0.314447	2.187283515930176	2
905982	1613	5.52155	3.8113222122192383	2
910944	1553	2.423476	1.497285008430481	2
753582	1023	3.349125	2.9464073181152344	2
910691	1529	-0.022585	3.7575621604919434	2
1240198	1844	5.319791	3.1886796951293945	2
909713	1549	5.918291	3.0428457260131836	2
687590	1449	5.952513	3.3261687755584717	2
687995	1802	3.176212	3.368885040283203	2
906693	1510	3.916373	4.02330207824707	2
949174	1032	2.345257	3.249140739440918	2
925338	1782	5.289037	3.592864513397217	2
1240200	1073	5.15447	3.65079665184021	2
946353	1866	2.273228	3.284633159637451	2
753579	1373	5.152403	0.6040764451026917	2
907287	1507	4.938814	3.7979280948638916	2
1659823	1720	1.196863	2.231558322906494	2
905963	1175	5.028386	4.356588840484619	2
909905	1827	0.453858	3.103484630584717	2
905936	2145	-0.209565	3.3106188774108887	2
910567	1080	-4.135784	-2.003249406814575	2
1240193	1060	2.950426	4.044624328613281	2
906863	1706	1.68725	3.2793712615966797	2
910932	2044	4.06314	2.6337828636169434	2
905968	1634	3.929275	5.1949944496154785	2
930297	1926	0.997301	2.6824488639831543	2
907051	1855	3.886364	3.8230671882629395	2
907320	1068	-0.409907	2.211073398590088	2
1299050	1918	3.23015	2.6165659427642822	2
909773	2171	4.338684	2.1859540939331055	2
1240185	1259	2.310579	4.728299140930176	2
1327765	1627	0.96065	2.233555793762207	2
910900	2362	4.305672	2.9018750190734863	2
907067	1778	1.831739	2.7925021648406982	2
924239	1808	1.108363	2.0213046073913574	2
905975	1917	1.035922	3.8941831588745117	2
1240174	1810	1.927399	2.8973729610443115	2
906814	2055	2.808911	3.3644320964813232	2
925348	1776	6.283319	4.068332672119141	2
1298347	1825	1.458419	3.3559889793395996	2
753574	1919	0.00242	2.285017490386963	2
909778	1133	4.660149	4.514813423156738	2
907788	1051	4.079519	2.0996503829956055	2
1327775	1849	-1.265422	0.36903390288352966	2
908144	1050	2.837782	-1.1325891017913818	2
1330960	1375	4.391495	1.4750429391860962	2
908483	1626	2.29077	3.36733341217041	2
908457	1614	3.227958	3.7979280948638916	2
907788	1053	-1.630488	2.823514461517334	2
687448	2057	8.714188	3.3644320964813232	2
753575	1714	6.114582	3.5495998859405518	2
908447	1630	4.891215	3.7609074115753174	2
1240196	1836	3.063954	3.1306676864624023	2
1298347	1908	3.530476	3.3343019485473633	2
917486	1714	3.545888	2.5397520065307617	2
910921	1834	2.29688	3.3644320964813232	2
906865	1840	3.414184	3.3644320964813232	2
924188	1192	3.436063	3.208956718444824	2
753566	1049	3.962425	2.7999441623687744	2
906851	1810	4.231027	3.4478511810302734	2
1298222	2149	1.347109	4.000457763671875	2
1240173	1249	2.849865	3.824535369873047	2
1295740	1826	0.108018	2.1339573860168457	2
910903	1808	-1.608039	2.6337828636169434	2
905947	1593	3.478082	3.055778980255127	2
907053	2046	0.553856	0.3575851023197174	2
906804	1013	1.170189	3.353949546813965	2
907280	1584	2.091346	1.888496994972229	2
905946	1925	2.570747	4.174524784088135	2
905986	1093	4.826103	3.0367894172668457	2
906817	2039	5.011107	3.1390774250030518	2
1298358	1061	5.666325	2.8912668228149414	2
753556	1085	2.723991	3.161406993865967	2
910567	1025	5.909811	3.9059834480285645	2
905940	1584	1.484029	1.9188742637634277	2
688014	1820	3.616924	3.1048357486724854	2
908150	1821	4.491217	3.5462143421173096	2
688023	1378	3.161083	2.7132444381713867	2
906790	1175	3.419994	3.5688118934631348	2
687592	1243	1.813105	3.464498996734619	2
924244	1268	5.23973	4.023892879486084	2
907051	1802	4.359963	3.7575621604919434	2
906824	1933	5.695366	1.7377233505249023	2
907318	1067	4.661747	2.1601030826568604	2
946360	1019	4.370314	3.401376485824585	2
687983	1199	3.346423	3.713782787322998	2
909781	1734	5.941221	3.7853732109069824	2
688058	1866	2.440199	3.5503530502319336	2
724868	2362	3.844273	2.9018750190734863	2
1240179	1939	3.578386	1.988140344619751	2
910688	1061	4.206279	2.2789392471313477	2
906791	2169	4.914871	2.9018750190734863	2
688058	2045	6.186459	3.608184814453125	2
1290806	1042	5.811687	5.050518989562988	2
753566	1629	5.165572	1.574694275856018	2
924239	1058	0.706577	1.486049771308899	2
1240206	1933	4.800822	1.7883107662200928	2
909718	1621	5.597229	3.1081647872924805	2
1330941	2169	2.32765	2.417788028717041	2
1298359	2002	5.924183	3.3771281242370605	2
905955	1839	4.052041	3.3644320964813232	2
906818	1057	-0.907502	2.7925021648406982	2
906832	1089	1.148081	1.8312031030654907	2
905935	2000	5.264798	3.287257194519043	2
1298353	1507	4.20466	3.3687214851379395	2
1298168	1007	-3.550029	0.6689003109931946	2
687596	1168	4.558511	2.746389865875244	2
687799	1089	3.746632	3.2271382808685303	2
687800	1913	4.087554	6.012621879577637	2
1298359	1021	3.74382	2.907377004623413	2
908451	1716	4.009159	2.1410369873046875	2
971777	1564	-0.331737	0.6040764451026917	2
687816	1833	0.23491	3.3559889793395996	2
909773	1634	3.24898	2.347485303878784	2
1659928	1093	2.736584	3.1070804595947266	2
687995	2000	4.937535	3.1048357486724854	2
687590	1614	3.726715	3.3261687755584717	2
905977	1625	6.165531	3.534590721130371	2
1298365	1010	3.439181	2.8092408180236816	2
910549	1720	5.996869	2.211073398590088	2
924250	2096	3.148791	2.8912668228149414	2
906830	1085	3.348694	3.4705777168273926	2
1327773	2002	3.083842	2.351832389831543	2
907058	1706	2.281551	3.534590721130371	2
910567	1915	2.384347	3.249140739440918	2
1290798	1019	4.059881	3.2988181114196777	2
1299064	1927	5.016707	3.2052478790283203	2
924239	1133	2.668395	3.05940842628479	2
910947	2171	-0.121592	1.792981743812561	2
1327766	2055	1.020613	2.21728515625	2
1240122	1060	1.089055	3.045525074005127	2
909704	1912	2.519326	3.292959690093994	2
906851	1618	2.496529	5.174834728240967	2
724859	1925	6.255408	4.892687797546387	2
906868	1812	0.962197	2.6043519973754883	2
909251	1084	-3.426613	1.497285008430481	2
753588	1036	3.671731	4.044624328613281	2
1240158	2498	8.137715	7.277876377105713	2
1303911	1192	3.084574	2.932821273803711	2
687563	1811	-4.103471	3.464498996734619	2
749709	2361	3.631874	2.417788028717041	2
1297446	1713	2.732274	2.8037359714508057	2
909735	1813	5.792797	2.8973729610443115	2
908483	1810	1.987848	2.7132444381713867	2
907048	1936	3.09819	3.276992082595825	2
909743	1615	5.225641	1.497285008430481	2
905960	1785	4.122747	3.592864513397217	2
905968	1782	5.901033	3.65079665184021	2
688023	1925	3.275432	3.713782787322998	2
909252	1615	3.219489	1.497285008430481	2
1240153	2002	3.924731	3.3644320964813232	2
905937	1830	2.251621	3.3106188774108887	2
753575	1131	6.001204	5.235250473022461	2
910930	2145	-2.41783	2.351832389831543	2
909738	1190	3.05989	2.95709490776062	2
907312	1844	2.732641	3.283419132232666	2
687816	1924	3.531416	2.9018750190734863	2
1480372	2003	6.353044	3.1886796951293945	2
905956	2043	5.44416	3.8941831588745117	2
1240186	1786	1.934485	2.9464073181152344	2
753565	1511	-0.00149	2.7132444381713867	2
1240192	1996	3.468272	1.8649051189422607	2
908457	1999	2.673499	3.3106188774108887	2
925346	2112	1.627806	4.014449119567871	2
687586	1582	4.792396	2.982234239578247	2
1298358	1840	4.930562	3.003589630126953	2
907287	1561	-0.160113	3.0788259506225586	2
1330948	1630	2.047705	2.1410369873046875	2
753594	1816	3.895527	3.713782787322998	2
1240223	1819	-0.166485	0.5805160403251648	2
1290798	1847	6.769993	3.056621551513672	2
1298357	1560	4.572819	2.47886323928833	2
905958	1630	4.360635	2.660465717315674	2
1240121	1839	2.635124	3.1306676864624023	2
906746	1932	4.442961	3.0367894172668457	2
1298223	1928	4.189232	3.4041669368743896	2
909737	1930	1.177471	4.46912956237793	2
1524417	1909	2.582503	2.181281805038452	2
910932	1584	3.123235	3.1471829414367676	2
753555	1019	1.730594	3.2052478790283203	2
687505	1598	1.990869	3.825383424758911	2
1503364	1428	2.398232	3.2599143981933594	2
724839	1558	6.874694	2.853048801422119	2
949174	1069	3.303481	3.637404441833496	2
910951	1018	4.460031	2.57806396484375	2
724878	1828	5.589363	3.3559889793395996	2
1240153	1463	4.5294	3.109683036804199	2
753555	1853	3.598315	3.1390774250030518	2
949093	1025	8.910063	3.6898255348205566	2
1240157	1237	6.285524	4.209305286407471	2
907794	2113	1.935414	3.3106188774108887	2
907295	2046	3.764237	1.860744833946228	2
910554	1584	3.174369	3.1081647872924805	2
1240187	1038	3.826405	4.728299140930176	2
1674021	1997	4.284745	2.231558322906494	2
1240185	1030	5.552212	4.728299140930176	2
907051	1559	1.47491	1.8510396480560303	2
753574	2145	-0.230264	3.3771281242370605	2
908480	1618	3.715457	4.615457534790039	2
1290797	1180	-3.665758	2.440638780593872	2
905991	1736	4.697841	3.5451531410217285	2
907790	1004	-4.551854	-1.584859848022461	2
687457	1813	6.584448	2.563516139984131	2
1524416	1259	4.401754	4.356588840484619	2
1240153	1820	1.471528	3.3644320964813232	2
1240189	1428	3.505011	3.368885040283203	2
907314	1019	3.623903	3.7609074115753174	2
1298160	1250	5.227858	3.4705777168273926	2
1240172	1783	5.471507	3.592864513397217	2
909724	2175	4.49244	3.9328598976135254	2
909744	2145	-1.697172	2.1263718605041504	2
1240169	1908	3.527493	3.737394094467163	2
905949	1191	-4.819309	2.556356906890869	2
907055	1732	3.538292	3.2599143981933594	2
1659929	1918	3.471267	3.0788259506225586	2
910932	2000	5.183221	3.3644320964813232	2
907270	1378	0.170105	1.928141474723816	2
906807	1009	3.890213	2.3220458030700684	2
1330973	2096	5.140115	4.044624328613281	2
910781	1627	2.742406	4.069364547729492	2
1299075	1561	0.964698	2.823514461517334	2
1240196	2359	6.300869	3.4131827354431152	2
907786	1013	3.409266	3.9417805671691895	2
724868	1576	2.707056	4.023892879486084	2
905956	1852	4.559522	3.4485487937927246	2
909257	1021	2.932656	2.914879560470581	2
1290806	2039	4.384232	2.981165885925293	2
688011	1061	4.785775	4.044624328613281	2
906855	1494	-5.914795	1.2060887813568115	2
724868	2110	4.979803	4.302274227142334	2
1240201	2438	9.918996	4.536198616027832	2
924107	1915	-0.423315	2.853048801422119	2
908480	2174	2.535757	3.368885040283203	2
1299080	1057	-2.209922	2.7925021648406982	2
905949	2040	0.407413	3.0479609966278076	2
1660034	1706	1.559224	3.7844467163085938	2
909738	1085	4.260863	3.6828274726867676	2
687590	1911	-4.33297	3.464498996734619	2
753575	1624	5.487872	3.622166395187378	2
908452	1635	5.785296	3.4691457748413086	2
753612	1022	2.093091	0.24371567368507385	2
908452	1549	3.568355	3.0128138065338135	2
687802	2011	4.972896	4.072698593139648	2
909907	1563	6.154241	3.692488193511963	2
905990	2439	9.700029	3.65079665184021	2
753534	1549	6.030347	2.746389865875244	2
906808	1079	4.315929	3.3004417419433594	2
905967	1032	-2.912927	2.522779703140259	2
1295741	1073	1.914026	2.8083853721618652	2
687505	1510	3.962919	3.1492867469787598	2
1503369	1016	0.840734	2.9018750190734863	2
1240172	1441	2.805136	2.417788028717041	2
722046	1005	2.843003	3.2271382808685303	2
924238	2043	5.671129	4.372886657714844	2
949177	1997	-0.692352	1.5589498281478882	2
924100	1019	3.906033	3.4528722763061523	2
1299062	1820	6.26207	3.1048357486724854	2
717431	2171	-0.311344	1.9400805234909058	2
1240181	1494	-5.272601	1.4793741703033447	2
1330984	1192	1.718391	2.479067802429199	2
1479995	1622	5.575721	3.880520820617676	2
1480359	1922	1.907365	2.914879560470581	2
749713	1593	-0.32945	3.003714084625244	2
1290722	1816	4.952654	4.617340087890625	2
1480371	2173	4.497226	3.534555435180664	2
905959	1824	3.050788	3.1886796951293945	2
909702	1941	-4.438366	0.37958595156669617	2
946353	1042	5.178278	5.783910751342773	2
724828	1802	4.543563	3.75933837890625	2
905968	2159	3.654067	3.9854159355163574	2
949172	1200	3.034798	3.956174612045288	2
717431	1060	2.291233	2.827889919281006	2
909703	1378	1.058926	1.4750429391860962	2
1298151	1259	4.022697	4.46912956237793	2
910943	1718	4.775775	3.3261687755584717	2
1240209	1713	1.802373	2.8912668228149414	2
909762	1926	-0.277731	1.497285008430481	2
1298169	1557	4.47266	2.181281805038452	2
909702	1088	-0.323452	1.4750429391860962	2
907311	2003	4.021508	2.2286620140075684	2
909753	2156	3.476513	3.65079665184021	2
909248	1780	5.502619	3.126401662826538	2
1290455	1927	3.191853	2.1410369873046875	2
1240167	1802	4.032903	3.80066180229187	2
1298167	1862	-1.822393	2.2616140842437744	2
1240121	1998	4.502698	3.4131827354431152	2
1240183	1854	6.217047	3.8582513332366943	2
907321	1915	1.795249	2.285017490386963	2
1331048	1802	3.487607	2.3220458030700684	2
753569	1712	-1.788223	3.588823080062866	2
1240222	1083	3.001589	2.914879560470581	2
1299064	1549	1.313728	2.285017490386963	2
906834	2159	2.173483	3.5589439868927	2
907285	1614	6.170999	4.089957237243652	2
906805	2038	5.617044	4.302274227142334	2
949173	1067	4.957464	1.4015651941299438	2
1298531	1617	1.572912	1.9325346946716309	2
909721	1581	4.395605	3.8687667846679688	2
905979	1080	-1.539211	0.6689003109931946	2
905951	1831	4.319682	3.056621551513672	2
911905	1847	6.022251	3.1886796951293945	2
1298359	1820	2.637805	3.3771281242370605	2
907275	1580	3.686908	1.838962435722351	2
946356	1057	-0.661285	2.7757787704467773	2
1524417	1170	3.181658	1.895286202430725	2
924244	1632	4.059399	2.354168653488159	2
910903	1709	-3.340632	1.800534725189209	2
946360	1091	2.708462	3.0044848918914795	2
908128	1911	-3.136525	3.4485487937927246	2
906804	1560	0.103421	2.710444927215576	2
949170	1852	4.552845	3.75933837890625	2
906837	1069	3.143117	3.0391082763671875	2
910710	1564	1.068454	2.265322208404541	2
910931	1084	-2.893475	2.9018750190734863	2
724869	2047	1.645952	3.7378225326538086	2
688010	1814	5.054334	2.7132444381713867	2
687561	1927	5.213304	3.3261687755584717	2
1240197	1827	-1.790585	3.1886796951293945	2
907794	1915	4.302284	2.932359218597412	2
753532	2048	-8.085404	-2.2185704708099365	2
910922	2158	2.707604	3.8690497875213623	2
907048	1839	3.147415	3.056621551513672	2
753579	1018	5.727361	3.8941831588745117	2
930298	1925	4.600224	4.288917064666748	2
724866	1019	4.65085	3.580413341522217	2
906875	1776	4.323236	3.637404441833496	2
910952	2158	3.143298	3.8690497875213623	2
910944	1020	3.259905	0.6513907313346863	2
907051	1708	2.591022	2.006960868835449	2
753624	1017	3.361847	5.25472354888916	2
905935	1026	-0.877902	3.1967172622680664	2
949174	1908	4.499489	2.827889919281006	2
713899	1844	2.768649	3.1048357486724854	2
1298538	1925	5.919795	4.409908771514893	2
753540	1919	0.268404	2.746389865875244	2
908125	1449	5.655937	3.4705777168273926	2
753584	1057	-1.347691	3.292959690093994	2
908468	1086	-1.254305	1.860744833946228	2
1330972	1529	3.074294	3.368885040283203	2
905961	2172	2.233895	3.7844467163085938	2
907062	1922	1.957686	2.753049373626709	2
910933	1940	5.154082	4.030319690704346	2
907062	1918	2.806842	2.6165659427642822	2
909751	1463	2.23684	2.818202495574951	2
909256	1051	1.260567	-0.42168959975242615	2
906828	1927	5.405889	3.734954833984375	2
908450	1052	3.580588	1.679819107055664	2
749712	2038	3.581053	3.692488193511963	2
1290798	1618	5.81473	5.174834728240967	2
1503371	1068	2.073153	2.211073398590088	2
906834	2055	0.423035	3.1348352432250977	2
687798	1708	-0.793836	2.354168653488159	2
753579	1086	-1.782372	1.800534725189209	2
1298526	1024	1.273413	4.089957237243652	2
910546	1776	4.897107	4.068332672119141	2
1322224	1373	2.301706	2.8912668228149414	2
910567	2177	1.105962	3.92257022857666	2
753615	1428	5.775688	2.8083853721618652	2
1295740	1023	2.346196	2.0477497577667236	2
949170	1129	4.59709	3.0480692386627197	2
1299070	1007	-5.068158	-0.9687989354133606	2
906865	1862	-2.402882	1.9100738763809204	2
753616	1019	2.955906	3.7609074115753174	2
1240192	1507	5.71887	3.3004417419433594	2
1322213	1908	3.751127	3.1262028217315674	2
1299070	1089	3.764945	2.8502869606018066	2
909729	1706	3.105713	3.474846363067627	2
906817	1855	3.897091	3.5495998859405518	2
907794	2439	9.842545	3.824535369873047	2
905934	1820	2.689376	3.287257194519043	2
753620	1849	-2.266442	1.5589498281478882	2
724828	1529	2.433812	3.75933837890625	2
753610	1829	0.53002	3.1048357486724854	2
907173	2000	4.510387	3.5462143421173096	2
1240129	1049	4.379652	2.914879560470581	2
1503368	2002	4.928219	3.3771281242370605	2
688023	1564	2.421501	4.044624328613281	2
909723	1919	3.890882	3.0428457260131836	2
910933	1835	2.606474	3.103484630584717	2
907311	1931	3.452491	2.95682954788208	2
1331036	1585	3.075474	2.317138195037842	2
949177	1199	2.052041	3.956174612045288	2
905969	1819	-1.695242	-0.9687989354133606	2
949153	1716	4.389458	2.660465717315674	2
1327768	1096	0.321961	-2.830533742904663	2
907045	1620	4.241925	3.5154032707214355	2
749717	1006	2.023138	3.592864513397217	2
906746	2039	2.695973	2.982234239578247	2
753559	1030	4.372031	4.58538818359375	2
907169	2003	5.382274	3.3644320964813232	2
908118	1549	3.860583	3.249140739440918	2
1298348	2037	6.739793	4.302274227142334	2
907274	1814	5.918505	1.8312031030654907	2
910944	1199	1.915882	2.693216323852539	2
909748	2047	0.759339	2.5397520065307617	2
909781	2439	10.598126	3.7853732109069824	2
905939	2046	2.471257	1.9331246614456177	2
930298	1924	3.496524	2.6824488639831543	2
1240200	1828	4.087959	3.1886796951293945	2
907065	1732	4.628052	3.579794406890869	2
910947	2157	3.967936	2.3004226684570312	2
1331032	1061	4.332693	2.5694947242736816	2
908461	1052	2.041636	1.5188997983932495	2
949088	1849	-0.886373	0.4715093672275543	2
909755	1022	0.426701	1.9331246614456177	2
1298349	1259	5.040627	3.6423075199127197	2
908126	1634	2.559872	5.434327125549316	2
905952	2499	8.81707	3.770845890045166	2
909704	2047	0.982548	3.2432336807250977	2
906814	2044	4.572901	2.6337828636169434	2
724870	1618	4.379289	5.943361282348633	2
1240222	1190	0.185741	2.8502869606018066	2
908480	1237	5.315098	3.4682846069335938	2
907066	1013	3.381493	3.6847004890441895	2
924244	1200	3.438648	4.892687797546387	2
1297446	1776	3.180385	2.3082852363586426	2
753620	1926	-0.113411	3.0480692386627197	2
1290798	1043	5.707208	5.181734085083008	2
907169	1708	-0.09478	1.800534725189209	2
1298151	1852	5.68827	3.820511817932129	2
1298359	2112	3.094097	3.3771281242370605	2
930301	1023	4.466143	3.109683036804199	2
910689	1584	4.956661	3.1081647872924805	2
1298348	2110	6.486138	4.302274227142334	2
906801	1784	5.15541	3.056621551513672	2
1298136	2439	10.958037	4.536198616027832	2
1240158	1057	-1.16671	3.363521099090576	2
910781	1930	-0.882	4.564671516418457	2
687985	1013	2.006325	3.1699233055114746	2
1290798	1005	5.344505	3.4478511810302734	2
910689	1053	7.282918	3.0788259506225586	2
908141	1634	1.947456	3.707630157470703	2
909907	1248	0.894435	5.174834728240967	2
908470	1062	4.640088	3.972219944000244	2
1331032	1782	4.129176	2.3220458030700684	2
924188	1594	3.147468	2.5251822471618652	2
1240178	1873	2.945071	3.3420932292938232	2
1240217	2154	2.313418	4.209305286407471	2
910920	1925	5.744021	4.495245933532715	2
909719	2113	2.926214	3.530294418334961	2
1503368	1428	2.845964	3.80066180229187	2
910781	1083	2.50152	3.0109148025512695	2
908123	2106	2.222639	2.417788028717041	2
1524419	1237	5.578313	3.8690497875213623	2
1660036	1449	5.276002	3.7979280948638916	2
907172	2037	5.392002	3.5490899085998535	2
1299081	1051	1.361609	-0.7530553936958313	2
907275	1714	0.963908	2.2789392471313477	2
1298362	1088	2.690969	2.701470375061035	2
946367	2045	4.345026	2.503114700317383	2
924107	1561	-2.028241	2.6824488639831543	2
687983	1911	-5.219427	3.368885040283203	2
687802	1708	2.571355	2.354168653488159	2
1240190	1578	5.273137	3.2271382808685303	2
907061	1047	4.973394	4.7399749755859375	2
753621	1713	3.781873	3.5495998859405518	2
1480362	2055	3.116371	3.1886796951293945	2
1240122	1831	4.306753	3.1306676864624023	2
906820	1011	0.964234	1.5589498281478882	2
906869	1084	-2.099574	2.47886323928833	2
1299070	2157	5.149826	3.9854159355163574	2
910924	2096	1.710709	2.8912668228149414	2
1480364	1089	5.843325	2.8502869606018066	2
1480367	1168	3.422309	2.8092408180236816	2
907318	1586	3.977723	3.1390774250030518	2
905974	1029	5.395044	3.109683036804199	2
1503368	1622	4.256038	4.036080360412598	2
1298222	1614	3.741156	3.2052478790283203	2
908465	1814	6.323725	3.2271382808685303	2
1297449	1034	-3.781323	2.272994041442871	2
753563	1819	-6.520718	-3.60499906539917	2
907789	2000	3.276357	2.1339573860168457	2
908465	1003	-0.870575	3.2271382808685303	2
906807	1032	0.358945	2.0948920249938965	2
909745	1998	4.746853	3.464498996734619	2
1240192	1510	3.928719	2.8222789764404297	2
1298353	1008	3.435652	2.785883903503418	2
753585	1844	4.647073	3.2881994247436523	2
908148	2113	2.432756	2.0042972564697266	2
905982	1083	2.783121	2.92429256439209	2
1660034	1625	5.336181	3.7844467163085938	2
909774	1179	0.310279	2.0040364265441895	2
907795	1997	3.719962	2.231558322906494	2
1298347	1827	1.087054	3.3559889793395996	2
907320	1815	5.052678	3.80066180229187	2
1503362	2011	3.583094	3.80066180229187	2
908449	2048	0.157896	-1.1325891017913818	2
1327768	1911	-6.519705	2.3220458030700684	2
924241	1441	1.356342	2.6938912868499756	2
688014	1510	4.197732	2.8222789764404297	2
908123	1062	3.907006	3.9811103343963623	2
908144	1999	4.75028	3.1426734924316406	2
909907	1050	4.513331	-0.42168959975242615	2
1303897	1816	4.883688	2.8659772872924805	2
908152	1910	0.484042	2.1930928230285645	2
908462	2148	2.595248	3.5462143421173096	2
909724	1594	1.686727	2.7925021648406982	2
910781	1030	3.935403	4.564671516418457	2
908126	1631	1.466821	2.854300022125244	2
1298218	1843	4.577457	3.502922534942627	2
906791	1925	6.080159	4.892687797546387	2
753575	1824	4.03832	3.3771281242370605	2
910903	1553	2.128846	2.7925021648406982	2
905986	1191	-4.711105	1.6945241689682007	2
910544	1011	0.418295	0.6324009299278259	2
909727	1558	2.513459	3.0428457260131836	2
724868	2177	1.696713	4.302274227142334	2
724859	1615	6.067236	2.9018750190734863	2
1240145	2096	0.737244	3.3343019485473633	2
1240217	1032	1.256183	3.4148120880126953	2
908450	2040	1.747707	2.9419236183166504	2
753532	1834	1.512149	3.1306676864624023	2
905979	1026	0.927608	1.895286202430725	2
906837	1250	0.472012	2.979428768157959	2
1240193	1375	5.231474	2.7132444381713867	2
908125	1249	4.683475	3.4485487937927246	2
910546	1819	-0.761966	-0.07868530601263046	2
910700	1594	1.838099	3.0788259506225586	2
906837	1375	6.928058	2.701470375061035	2
908130	1835	5.624257	3.2956957817077637	2
909256	2171	1.760245	3.1706583499908447	2
908123	1736	3.967243	3.9811103343963623	2
1479988	1739	3.960911	3.401376485824585	2
687787	2149	1.380072	3.6658291816711426	2
907795	1068	0.52263	2.231558322906494	2
1298476	1598	7.379408	4.352867126464844	2
905960	1512	5.573717	3.4478511810302734	2
1503366	1936	1.712393	2.907377004623413	2
688010	1843	-0.778101	2.7132444381713867	2
906808	1025	5.754087	3.9786629676818848	2
908483	1372	2.245788	4.044624328613281	2
910935	2096	0.830107	2.5694947242736816	2
924111	1054	2.489035	1.9117439985275269	2
908458	1582	5.415963	3.1081647872924805	2
909745	1029	6.39953	2.92429256439209	2
924240	1062	3.487113	3.9811103343963623	2
905978	1709	-3.79868	2.0269932746887207	2
753616	1862	-1.934261	1.3336224555969238	2
688027	1913	5.055029	4.615457534790039	2
1240159	1816	5.90931	4.9200897216796875	2
909753	1873	2.539137	2.798353433609009	2
753573	2361	5.217831	2.7757787704467773	2
910546	1559	-3.017783	2.5181288719177246	2
1479987	1199	4.266084	4.215462684631348	2
1290908	1168	4.151055	2.522779703140259	2
910567	1931	5.18424	3.9828407764434814	2
905944	1560	3.930663	2.9018750190734863	2
907788	2156	2.997811	3.738708257675171	2
907053	2043	4.336057	2.234562397003174	2
905990	1029	5.936386	2.914879560470581	2
946355	1866	2.657862	3.284633159637451	2
924102	1069	3.790553	3.60335111618042	2
1240127	2159	4.227384	4.069364547729492	2
753533	2040	1.50154	3.3119115829467773	2
907291	1830	2.468889	3.3106188774108887	2
908458	1809	1.759928	2.5225629806518555	2
907169	1029	4.706974	3.109683036804199	2
907058	1023	4.338455	3.109683036804199	2
1290922	1630	4.342062	3.2988181114196777	2
1503361	1847	4.235391	3.3771281242370605	2
1298134	2106	4.744607	2.6824488639831543	2
905981	1799	1.69474	3.2709736824035645	2
749712	2360	4.036398	2.417788028717041	2
905948	1815	5.641935	3.7853732109069824	2
910687	1940	2.86499	2.7153878211975098	2
905985	1014	4.493468	3.737394094467163	2
908151	1932	4.525574	3.1706583499908447	2
907285	2112	2.62499	4.014449119567871	2
906842	1925	2.98002	2.8659772872924805	2
998184	1819	-5.133914	-3.3543195724487305	2
753531	1873	0.571099	2.6165659427642822	2
909746	1709	0.808877	1.9331246614456177	2
909974	1023	4.478229	3.3119115829467773	2
1674021	1844	3.204651	3.3106188774108887	2
930297	1909	2.817716	1.988140344619751	2
909709	1825	-0.737411	3.1306676864624023	2
924102	1620	4.939873	3.8083744049072266	2
905942	1815	5.029191	4.072698593139648	2
907271	1836	3.8642	3.1426734924316406	2
906813	1259	2.422547	3.8941831588745117	2
909728	1024	-0.932998	3.161406993865967	2
908148	1026	-1.509739	0.3122183382511139	2
908457	1635	6.340871	3.824535369873047	2
1479988	1268	5.754927	3.880520820617676	2
1240127	1576	3.506026	4.009432315826416	2
1660036	1249	2.924954	3.824535369873047	2
909257	1190	-3.73483	2.8502869606018066	2
909721	1030	6.918725	4.728299140930176	2
949173	1190	3.770659	1.4793741703033447	2
924108	2359	5.518042	3.824535369873047	2
687561	1559	-2.761736	1.6945241689682007	2
1298529	1047	5.621202	4.7399749755859375	2
1295740	1578	4.297638	1.4750429391860962	2
909744	1614	2.825921	2.7082300186157227	2
905961	1802	3.683642	3.824535369873047	2
1290922	1830	3.391183	3.056621551513672	2
1240181	1018	4.355447	2.9475975036621094	2
1290922	1511	-0.887901	3.4478511810302734	2
1298359	1080	-1.453724	-0.9221725463867188	2
1327766	1622	4.167772	2.818976640701294	2
1298160	1927	4.686816	3.4705777168273926	2
910907	1053	5.116389	3.61977481842041	2
1297439	1594	2.750967	2.6938912868499756	2
905933	1708	0.596186	2.177180290222168	2
753575	1068	0.702744	2.211073398590088	2
905962	1083	2.304073	2.818202495574951	2
908141	1820	3.349452	2.0042972564697266	2
905971	1006	-0.477453	3.824535369873047	2
1480374	1936	3.547585	2.914879560470581	2
905951	1200	3.399102	4.174524784088135	2
1240219	2000	6.136438	4.014449119567871	2
753545	1048	3.870556	3.8941831588745117	2
905934	1821	5.229119	3.287257194519043	2
910568	1179	4.633133	2.2248785495758057	2
753547	2002	4.648651	3.1048357486724854	2
909905	1557	5.124297	1.8820581436157227	2
908463	2498	9.1334	6.012621879577637	2
907787	2040	-0.166586	2.0477497577667236	2
753565	1732	2.979797	3.368885040283203	2
688025	2039	3.759544	2.901089668273926	2
946369	1630	1.371832	3.2821555137634277	2
687592	1873	1.648918	2.503114700317383	2
1330972	1817	-5.332812	2.901089668273926	2
906696	1784	5.606145	3.4504716396331787	2
906834	1180	-4.097211	1.257431983947754	2
907791	1832	4.111502	2.21728515625	2
907270	1005	-0.148664	1.928141474723816	2
1327769	1714	1.682197	2.5694947242736816	2
1331033	1085	1.549046	2.2433815002441406	2
753578	1849	-0.776255	2.181281805038452	2
1503366	1441	4.559489	2.7757787704467773	2
713878	1802	3.202856	3.368885040283203	2
1240167	1563	5.063487	4.000457763671875	2
910549	1200	2.537754	4.617122650146484	2
909713	1998	4.120599	3.4485487937927246	2
753573	1622	3.247276	4.036080360412598	2
688023	1853	4.356114	2.901089668273926	2
687983	1079	3.946837	3.3004417419433594	2
910924	1849	-0.746618	1.801422119140625	2
949170	1862	-1.78602	1.3336224555969238	2
905977	1931	6.463178	4.1534647941589355	2
1331032	1576	2.22859	2.6520023345947266	2
907169	1824	2.121546	3.3644320964813232	2
753618	1910	1.358433	1.5589498281478882	2
713880	1777	4.992647	3.3004417419433594	2
906825	1043	4.319649	5.051088333129883	2
1298169	1999	4.757703	3.2881994247436523	2
910922	1939	4.566824	2.181281805038452	2
907169	2438	7.829744	3.4485487937927246	2
906875	1021	1.783983	2.267272472381592	2
1297446	1631	1.625897	2.660465717315674	2
1240201	1494	-3.174717	3.502922534942627	2
1298347	1932	4.214811	3.2917404174804688	2
1303897	1629	5.000316	0.7383790612220764	2
924241	1810	1.541271	2.7132444381713867	2
949175	1924	3.495252	3.0480692386627197	2
909747	1180	1.414685	1.9331246614456177	2
905974	1732	5.367667	3.4485487937927246	2
753623	1268	5.029369	4.036080360412598	2
910926	1133	1.079565	4.7251200675964355	2
687562	1635	3.723898	3.464498996734619	2
1240193	2362	3.096477	2.6938912868499756	2
946353	1594	2.054338	2.7757787704467773	2
1240123	1621	4.942271	3.1081647872924805	2
905969	1046	3.269149	2.177180290222168	2
998189	1634	5.771935	5.260358810424805	2
1240169	1089	5.306695	2.7633109092712402	2
1290797	1843	-0.871013	3.502922534942627	2
909250	1059	1.067525	2.56021785736084	2
906805	1785	5.49534	4.072698593139648	2
1240130	1718	2.760735	3.4705777168273926	2
687985	1021	1.553593	2.9464073181152344	2
1330983	1814	4.185146	1.3406891822814941	2
907313	1581	1.335866	3.474846363067627	2
908150	1854	4.038611	4.202025413513184	2
905960	1131	2.939776	4.514813423156738	2
907278	1586	4.261556	1.888496994972229	2
687794	2173	3.562691	3.8687667846679688	2
924111	1005	1.769387	2.701470375061035	2
909740	2177	3.713592	4.205360412597656	2
949170	1069	4.013132	3.637404441833496	2
906871	1618	4.629093	4.501462936401367	2
749713	1512	4.848167	3.4478511810302734	2
909746	1024	1.926325	3.7979280948638916	2
717431	2359	5.626772	3.75933837890625	2
1503362	2040	0.675201	2.907377004623413	2
905934	1827	2.264576	3.287257194519043	2
1240162	2499	11.648485	5.434010982513428	2
907313	1911	-4.649753	3.464498996734619	2
910926	1913	5.115297	5.692010879516602	2
1298157	1813	6.265464	3.4478511810302734	2
946369	1916	0.751097	3.2821555137634277	2
907055	1029	3.581428	2.912219524383545	2
753605	1046	1.037875	1.860744833946228	2
909697	1713	3.514492	2.8912668228149414	2
908483	2106	3.316105	2.6938912868499756	2
1524419	1855	5.156605	3.872291088104248	2
753554	1131	5.95142	4.7860107421875	2
1674021	1613	1.446274	4.250611305236816	2
687819	1018	5.386094	4.728299140930176	2
909256	1845	0.694637	3.056621551513672	2
1298226	1250	2.454618	3.161406993865967	2
1298475	1038	4.112568	5.25472354888916	2
910931	1072	4.625745	4.072698593139648	2
907272	2438	9.719647	2.5404491424560547	2
1240146	1259	5.421492	4.728299140930176	2
1240122	1733	2.284148	2.979428768157959	2
1331045	2172	2.158808	2.205660820007324	2
1479987	1824	1.939287	3.1886796951293945	2
909757	1853	3.940979	3.1081647872924805	2
907066	1054	5.137812	1.9871670007705688	2
1330942	1375	5.150002	1.3406891822814941	2
1297446	1449	4.263855	2.660465717315674	2
910951	1778	3.267117	2.2703001499176025	2
1322212	1194	1.980304	2.9464073181152344	2
1327773	1814	5.134939	1.8312031030654907	2
908470	1919	4.143879	3.450417995452881	2
907066	1716	5.715024	3.2753353118896484	2
949178	1549	4.143972	3.249140739440918	2
906820	2045	5.46346	3.0480692386627197	2
1660036	1738	5.224106	3.1070804595947266	2
1330983	1712	-4.096844	1.867920994758606	2
905948	1046	3.992321	2.0269932746887207	2
910947	1023	2.414664	1.9649559259414673	2
910933	1817	-5.657451	2.982234239578247	2
908448	2096	2.365311	2.2789392471313477	2
907269	1089	1.213046	1.928141474723816	2
1480374	1029	6.006172	2.914879560470581	2
1659928	1512	5.068891	2.5225629806518555	2
924100	1021	4.471958	3.5000216960906982	2
1660034	1928	4.736854	3.7844467163085938	2
909761	1372	-0.854892	2.5397520065307617	2
909745	1853	4.910498	2.982234239578247	2
1240199	1054	6.021243	2.177180290222168	2
1298358	2170	6.288053	2.47886323928833	2
906830	2111	3.797302	3.8941831588745117	2
753541	1069	2.700886	3.0391082763671875	2
946354	1510	2.836751	3.100945472717285	2
908472	1023	4.104091	3.0479609966278076	2
1298134	1034	-2.328772	2.8596789836883545	2
1240226	1933	6.230988	1.9100738763809204	2
687985	1003	-2.648304	2.7132444381713867	2
907063	2107	3.350318	1.5356042385101318	2
1240183	1428	6.402637	3.588823080062866	2
753616	1510	1.737706	1.9400805234909058	2
905972	1020	6.157868	2.556356906890869	2
908462	1936	5.027113	3.3139562606811523	2
907787	2359	4.648065	2.5404491424560547	2
907051	1062	6.179948	3.8230671882629395	2
1240192	1845	2.989877	3.1048357486724854	2
1240224	1050	2.790895	0.6689003109931946	2
753558	1940	3.17187	3.883812189102173	2
910780	1080	-1.667986	-2.003249406814575	2
925347	2109	3.745009	4.352867126464844	2
1331037	2000	4.088152	2.351832389831543	2
1503362	2045	5.173853	2.7757787704467773	2
949172	1529	-0.446285	3.75933837890625	2
753565	1996	3.017971	1.8649051189422607	2
1298222	1912	2.894447	2.7757787704467773	2
909248	1734	2.629317	3.347001075744629	2
910905	1813	6.125905	2.5225629806518555	2
946353	1624	4.223202	3.622166395187378	2
1247873	1510	4.573465	3.2917404174804688	2
908465	1718	4.466953	3.580413341522217	2
1330960	1593	0.345091	1.9869829416275024	2
907065	1372	1.247831	3.2432336807250977	2
688011	2048	-2.204734	-1.7665692567825317	2
1240218	1038	5.075815	5.25472354888916	2
1240182	1026	3.828484	2.1438417434692383	2
687807	1051	3.155905	0.09700701385736465	2
683667	1827	2.514223	3.1348352432250977	2
998184	2359	3.533112	2.5404491424560547	2
907171	1085	2.384246	3.4705777168273926	2
687777	1584	2.626625	3.1579105854034424	2
905964	1810	-0.157747	2.0213046073913574	2
1331037	1911	-5.817861	2.3220458030700684	2
1295740	1585	3.866955	1.9869829416275024	2
949171	2002	4.751809	2.948024272918701	2
910780	2002	4.759105	2.948024272918701	2
687455	1549	3.856017	3.009068489074707	2
1299059	2043	4.978598	4.104264736175537	2
910852	1030	4.549245	4.046457767486572	2
909735	1003	-2.201049	2.8973729610443115	2
1298476	2359	8.572871	4.536198616027832	2
910700	1816	5.274111	4.377009391784668	2
908129	1631	3.801325	3.3570709228515625	2
1298475	1621	4.47251	3.5593552589416504	2
910688	1810	-3.692654	1.3406891822814941	2
1299078	1624	3.683143	3.534590721130371	2
722066	1940	3.189311	4.023892879486084	2
1524414	1510	5.727238	3.3989241123199463	2
909256	1739	3.777942	3.2988181114196777	2
924187	1809	4.041864	2.8973729610443115	2
1331032	1803	6.291882	2.351832389831543	2
687985	1578	5.631535	2.7132444381713867	2
1240190	1873	0.246741	2.9018750190734863	2
724874	1032	1.72675	2.522779703140259	2
1240220	1012	1.81341	3.055778980255127	2
909718	2359	5.690884	3.824535369873047	2
910948	1814	7.92007	3.4478511810302734	2
1290722	1013	4.035105	4.058126449584961	2
1298365	1736	6.401771	3.5451531410217285	2
905941	2361	6.924991	2.6956396102905273	2
724825	1043	4.39767	4.259277820587158	2
910947	2148	-1.06403	2.0042972564697266	2
905933	1821	4.277281	3.1886796951293945	2
1298146	1580	5.222959	3.8881804943084717	2
907065	1634	5.37895	5.692010879516602	2
907320	1268	5.027889	4.036080360412598	2
907287	1799	1.63504	3.7979280948638916	2
905957	1709	-3.65193	1.8182191848754883	2
1298365	1617	4.104512	2.187283515930176	2
907319	1933	5.46006	1.7806390523910522	2
905967	1615	4.975919	2.9018750190734863	2
753566	1463	4.410824	2.7999441623687744	2
907169	2109	1.713466	3.9328598976135254	2
1240173	1932	1.46522	3.1070804595947266	2
1290725	1553	3.169937	2.6165659427642822	2
753562	1928	4.256114	3.2793712615966797	2
911905	1053	4.783909	2.798353433609009	2
1659817	1925	5.066506	3.1447830200195312	2
687561	1180	-3.422577	1.720274567604065	2
909778	1086	0.216406	1.8182191848754883	2
1290922	1928	4.581593	3.5154032707214355	2
753556	1917	0.075441	4.095714569091797	2
907058	1799	6.076837	3.4705777168273926	2
906814	1778	4.280907	2.7925021648406982	2
906824	1088	1.389885	2.6363162994384766	2
1240193	1372	2.407428	4.044624328613281	2
1240153	1373	-3.203613	0.6040764451026917	2
753547	1553	2.319618	2.6938912868499756	2
908463	1808	2.404842	3.2271382808685303	2
724859	1834	2.640733	3.3559889793395996	2
749714	1625	6.065092	3.5154032707214355	2
925346	1054	4.738567	2.440638780593872	2
910933	1014	-0.691107	3.737394094467163	2
1240185	1776	4.751655	3.3727428913116455	2
687816	1557	3.722023	2.476752758026123	2
908460	1006	4.527445	4.072698593139648	2
1331035	1997	4.061977	0.4715093672275543	2
910947	2043	4.277872	2.234562397003174	2
753621	1062	1.280171	3.5495998859405518	2
905957	1549	4.360058	2.603236436843872	2
924108	2106	2.482735	3.0788259506225586	2
1524418	1622	5.072695	3.883812189102173	2
724825	1029	4.834558	2.2578277587890625	2
1240199	1067	8.283983	2.177180290222168	2
910904	2112	2.856663	3.1306676864624023	2
908141	1924	3.140359	2.02716326713562	2
917486	1014	1.151078	2.5397520065307617	2
909718	1048	6.697668	4.250611305236816	2
906868	2003	5.102446	3.1426734924316406	2
946353	1778	3.627612	2.7757787704467773	2
753575	2113	4.376305	3.3771281242370605	2
905946	1915	3.719637	2.603236436843872	2
905949	1852	4.538945	4.072698593139648	2
1240187	1019	4.363088	3.580413341522217	2
907285	1578	6.207438	3.502922534942627	2
1330995	1512	4.678178	1.8312031030654907	2
1240121	1909	2.218214	1.9325346946716309	2
753623	1927	4.86957	3.2052478790283203	2
687506	1782	3.361463	3.6001555919647217	2
910399	2174	2.432182	4.072698593139648	2
946353	1133	4.800508	5.235250473022461	2
930297	1091	2.985093	3.1492867469787598	2
688031	1862	-1.691736	2.1438417434692383	2
924151	1736	1.272451	3.480217456817627	2
753589	1634	4.72601	4.615457534790039	2
910704	1375	7.150543	3.4478511810302734	2
1240123	1006	3.188992	3.824535369873047	2
1480374	1024	-0.369747	3.401376485824585	2
1240181	1038	3.030358	2.9475975036621094	2
687815	1512	4.947215	3.036142349243164	2
910935	1624	-0.757297	2.205660820007324	2
907783	1933	4.522192	0.7524095177650452	2
906820	2499	9.356527	6.731159210205078	2
724869	1852	4.93618	4.536198616027832	2
1330942	1593	1.882487	1.888496994972229	2
909721	1996	7.127205	2.476752758026123	2
909744	1372	-1.147701	2.46551513671875	2
924244	1917	2.220481	4.728299140930176	2
1503363	1928	2.401973	3.622166395187378	2
1240162	1996	2.742915	1.9325346946716309	2
749713	1007	-3.618968	-0.42168959975242615	2
687514	1268	4.556046	3.825383424758911	2
753592	1939	4.649205	2.476752758026123	2
753555	1005	2.680096	2.7742834091186523	2
909260	1428	3.204664	2.5404491424560547	2
906862	1175	3.189337	4.046457767486572	2
753547	1175	4.361286	3.6423075199127197	2
1298531	1940	3.742075	3.9705452919006348	2
906793	1853	4.073102	3.1471829414367676	2
908461	1709	-1.864783	1.5188997983932495	2
1503362	1072	5.818503	3.80066180229187	2
909728	1825	-0.152531	3.2533516883850098	2
910903	1739	2.381726	3.4705777168273926	2
905991	1564	2.244996	3.5451531410217285	2
1290724	1847	5.097526	3.1306676864624023	2
1298226	1561	2.007971	2.6956396102905273	2
1240157	1915	2.880907	3.4148120880126953	2
910568	2170	5.921219	3.3420932292938232	2
910904	2045	5.846795	2.6165659427642822	2
905938	2438	10.181026	1.867920994758606	2
910688	1025	4.822948	2.6510958671569824	2
905939	1866	2.200327	3.4992470741271973	2
1503370	1780	5.071067	3.580413341522217	2
905968	1033	5.308033	3.65079665184021	2
1298358	1927	6.064553	3.1114273071289062	2
905984	1613	1.093046	3.8396334648132324	2
1299050	1033	5.986272	3.4131827354431152	2
688013	1083	2.568444	2.9464073181152344	2
753614	1038	3.690345	4.58538818359375	2
908457	1091	1.009672	3.1070804595947266	2
909748	1042	5.978023	5.319154739379883	2
906793	1629	4.516266	1.9100738763809204	2
949176	2177	3.151359	3.92257022857666	2
1290798	1824	3.287073	3.056621551513672	2
907270	1802	3.332415	3.4285268783569336	2
1240169	1941	-4.067489	1.8820581436157227	2
753581	1014	0.252477	0.6040764451026917	2
1330931	1996	2.934461	0.6324009299278259	2
1298537	1831	3.424846	3.3559889793395996	2
1303901	1023	3.842866	2.9464073181152344	2
1240153	1932	2.09314	3.2215166091918945	2
908123	1069	2.921686	2.932821273803711	2
910569	1580	3.997488	3.7844467163085938	2
907173	2002	5.090933	3.5462143421173096	2
688014	1782	6.081087	3.368885040283203	2
909263	1036	5.39276	2.5397520065307617	2
1303901	1510	3.257566	2.8222789764404297	2
1509074	1910	2.392902	2.181281805038452	2
1240224	1042	5.438748	5.5104875564575195	2
688013	1190	-3.164285	2.7132444381713867	2
1298222	1627	2.97979	4.000457763671875	2
1240219	1025	5.946531	4.352867126464844	2
687787	1049	2.864653	2.923060655593872	2
906828	1632	3.840128	2.2248785495758057	2
906798	1250	1.979051	3.2753353118896484	2
907320	2040	1.031137	2.907377004623413	2
908473	1720	6.876027	2.476752758026123	2
1240123	1029	5.359763	2.818202495574951	2
1240199	1928	6.749163	3.534555435180664	2
925340	1873	1.112142	2.47886323928833	2
908460	2043	8.032728	4.728299140930176	2
1659819	2172	-2.639731	2.205660820007324	2
905986	1849	-1.145937	1.8820581436157227	2
910943	1930	0.874076	3.8113222122192383	2
1290455	1913	4.236969	3.707630157470703	2
1298136	1940	3.563592	4.352867126464844	2
1240193	1239	0.354542	3.368885040283203	2
909702	1939	2.296222	0.37958595156669617	2
687815	1835	6.036335	3.2533516883850098	2
909250	1586	5.622112	3.055778980255127	2
753561	1004	-3.376531	-2.2185704708099365	2
906862	1067	4.182021	1.8182191848754883	2
905983	2047	2.795495	3.737394094467163	2
687997	2158	6.078675	3.4682846069335938	2
910918	1014	4.094928	2.5694947242736816	2
906832	1053	2.096728	1.5356042385101318	2
909762	1039	4.160757	2.660465717315674	2
907042	1913	4.768193	4.501462936401367	2
909252	1915	2.245456	2.52071475982666	2
907319	1784	5.469119	3.3771281242370605	2
753600	2002	5.772238	3.3559889793395996	2
1503366	1911	-4.681451	3.80066180229187	2
907783	1199	2.519795	3.0423309803009033	2
1240123	2048	-2.805649	-1.584859848022461	2
1298157	1578	5.530888	3.4478511810302734	2
906869	1175	4.871546	3.5688118934631348	2
713878	1180	-1.904254	1.860744833946228	2
687798	1917	2.163401	4.728299140930176	2
1503366	1809	0.997728	2.7742834091186523	2
1298347	1933	5.053534	2.556356906890869	2
908483	1463	1.282223	2.9464073181152344	2
753561	1073	4.257329	3.4131827354431152	2
688006	1928	5.063994	3.36733341217041	2
909746	1829	3.105754	3.3106188774108887	2
1290725	1940	4.060882	3.9705452919006348	2
905937	1079	0.744042	3.7979280948638916	2
908440	2173	2.078664	3.4410295486450195	2
906869	1835	3.521534	3.003589630126953	2
1503369	1062	1.703832	3.3343019485473633	2
1290806	1912	1.1326	2.47886323928833	2
1240127	1720	1.642578	2.123199224472046	2
905972	1908	3.00784	3.3343019485473633	2
930297	1373	5.77935	3.201014518737793	2
908458	2037	5.593533	4.205360412597656	2
753534	1060	4.076168	3.1262028217315674	2
946355	1549	0.791044	2.285017490386963	2
907042	2040	-0.510092	2.9419236183166504	2
735784	2109	3.655757	4.036080360412598	2
909738	2499	10.101801	7.277876377105713	2
687815	1927	5.580157	3.161406993865967	2
905955	1561	5.10961	2.7925021648406982	2
753577	1627	3.571454	3.8690497875213623	2
1240197	2148	2.82876	3.1886796951293945	2
907790	1580	5.227698	3.7844467163085938	2
905956	2174	3.015583	3.4485487937927246	2
949172	1996	3.551802	1.5589498281478882	2
910951	1007	-5.469133	-2.8556177616119385	2
1298350	1549	1.026747	2.522779703140259	2
1297449	1375	5.277593	1.8312031030654907	2
1298160	1067	4.551266	1.800534725189209	2
1503361	1783	4.546134	3.80066180229187	2
1330941	1512	5.812503	3.4478511810302734	2
687804	1512	4.401042	2.785883903503418	2
908449	1924	7.151651	2.5251822471618652	2
905934	1507	5.820781	3.4528722763061523	2
724868	1814	5.463057	3.2271382808685303	2
906793	1631	2.344091	3.4705777168273926	2
753592	1084	-1.366155	2.9018750190734863	2
905950	1149	0.735725	2.181281805038452	2
1299081	1023	2.493156	3.109683036804199	2
1240224	2175	4.929951	3.883812189102173	2
905961	1852	5.901344	3.824535369873047	2
713878	1200	3.003547	3.713782787322998	2
907071	1614	5.028708	3.6828274726867676	2
753581	1931	5.200067	4.1534647941589355	2
909725	1873	2.06378	2.7925021648406982	2
909757	1583	2.288389	4.205360412597656	2
907051	1023	3.183539	3.0109148025512695	2
687816	1827	0.958377	3.3559889793395996	2
905952	1088	0.103943	1.4750429391860962	2
949178	1730	2.266994	3.637404441833496	2
949171	1930	-0.557687	2.9475975036621094	2
946382	2055	1.714401	3.056621551513672	2
1240160	1175	4.164725	4.46912956237793	2
687807	1008	-1.410033	3.2271382808685303	2
907281	1563	3.762919	2.7997803688049316	2
949153	1013	1.345635	1.9230927228927612	2
907277	1847	1.167453	2.1339573860168457	2
906825	2110	4.399038	3.9854159355163574	2
1298352	1780	6.852416	3.3687214851379395	2
910687	1191	-5.855805	0.6513907313346863	2
910781	1510	4.187115	3.2510619163513184	2
908465	1782	6.717736	4.072698593139648	2
909748	1237	5.162727	4.205360412597656	2
909761	1149	1.750558	2.231558322906494	2
905952	2171	-0.080331	1.9862221479415894	2
905964	1563	3.347675	2.7997803688049316	2
910549	1025	4.855926	4.036080360412598	2
1322212	1005	1.52983	2.7132444381713867	2
1290725	1014	1.816287	3.045525074005127	2
1298347	1083	3.522454	3.0479609966278076	2
908449	1621	7.45043	2.983400344848633	2
906797	1062	3.962342	3.2432336807250977	2
905986	1931	6.298391	4.535994052886963	2
909257	1060	1.984045	3.5451531410217285	2
1290905	1029	6.928304	3.276992082595825	2
753566	1593	3.484613	3.1284282207489014	2
909263	1815	5.930773	3.824535369873047	2
909771	1494	-3.943613	1.3406891822814941	2
753532	1580	5.492621	3.2793712615966797	2
753610	1999	0.836839	3.1048357486724854	2
1240192	1776	4.974439	3.1230547428131104	2
908480	1008	2.141051	2.7132444381713867	2
905972	1085	3.144574	3.580413341522217	2
1299075	1463	4.132639	3.5000216960906982	2
905944	1578	4.682365	3.2271382808685303	2
1299070	1003	-3.859736	2.8502869606018066	2
753552	1149	0.655362	2.060563325881958	2
910900	1049	5.821319	3.0479609966278076	2
1298357	1259	5.278476	3.5688118934631348	2
907300	1778	1.95336	2.02716326713562	2
907279	1829	4.606328	3.1426734924316406	2
910933	1912	4.803126	2.503114700317383	2
749712	1909	2.663474	1.8967971801757812	2
687997	1131	3.301017	4.010108947753906	2
1298357	1428	6.803575	3.2599143981933594	2
910852	1617	-1.958774	1.8967971801757812	2
713878	1804	4.964135	3.1048357486724854	2
906870	1560	0.51845	2.02716326713562	2
906798	2010	5.198581	3.283419132232666	2
1240143	1005	4.2754	3.036142349243164	2
908152	1615	5.717732	3.608184814453125	2
907042	1820	-1.038784	3.1426734924316406	2
1247871	1785	4.384405	2.5404491424560547	2
909719	1177	4.156265	4.46912956237793	2
749715	1049	4.215439	3.276992082595825	2
946366	2170	0.477461	2.503114700317383	2
906835	1831	4.354272	3.103484630584717	2
905991	1618	3.0073	5.1949944496154785	2
722046	1776	3.67046	3.3727428913116455	2
1480361	2046	2.648465	2.177180290222168	2
949171	2040	-0.192845	2.267272472381592	2
753546	1779	0.546605	3.4705777168273926	2
906795	1844	3.26122	3.4504716396331787	2
910567	2044	3.367724	1.4793741703033447	2
753623	1512	5.380548	2.7742834091186523	2
910079	1627	2.340682	4.000457763671875	2
908152	1924	3.920693	3.608184814453125	2
905989	1778	0.939248	3.0788259506225586	2
1297439	1510	2.950498	2.8222789764404297	2
1659928	1806	3.455336	2.5225629806518555	2
906844	1584	2.287512	3.003714084625244	2
906792	1706	2.076123	3.534590721130371	2
724873	2148	-0.369548	3.3559889793395996	2
946382	1910	2.671177	1.8967971801757812	2
905967	1083	3.559695	3.0479609966278076	2
905947	1625	5.180452	3.6333513259887695	2
1503368	1833	3.207407	3.3771281242370605	2
1290908	1054	4.901529	2.354168653488159	2
753577	1631	3.689935	3.2709736824035645	2
753556	1927	5.590299	3.161406993865967	2
905937	1372	0.352145	2.5397520065307617	2
1290769	1578	5.541627	2.5225629806518555	2
687448	1080	0.366876	-0.7530553936958313	2
1503365	1054	5.322458	2.1601030826568604	2
1240168	1843	0.788012	2.7633109092712402	2
908151	1840	0.840315	3.056621551513672	2
906851	1854	4.599505	3.6898255348205566	2
909750	1999	4.826958	3.1426734924316406	2
905939	1038	1.673109	4.250611305236816	2
910704	1057	-1.646264	2.417788028717041	2
909784	1372	-1.74434	0.6040764451026917	2
909263	1248	-3.902214	5.260358810424805	2
1330942	1785	4.052343	1.867920994758606	2
1240218	2057	3.838658	4.014449119567871	2
910924	2145	-0.547798	3.003589630126953	2
1298537	1029	5.662663	3.0479609966278076	2
907066	2096	5.695906	3.2432336807250977	2
1480371	1936	3.478365	2.914879560470581	2
1298216	2110	5.58942	4.697992324829102	2
949153	1463	1.885382	2.0477497577667236	2
907312	1563	5.457796	4.017494201660156	2
687820	2107	7.275298	2.9018750190734863	2
905976	2173	3.268056	3.534590721130371	2
1331048	1998	3.435585	2.3220458030700684	2
907286	1593	4.81943	3.5593552589416504	2
906813	2177	2.252435	3.5490899085998535	2
753555	1191	-5.033608	1.7806390523910522	2
1322224	2000	2.85491	3.003589630126953	2
909194	1024	1.016321	3.3004417419433594	2
910702	1463	6.919644	3.8027219772338867	2
907071	1714	4.475588	3.250973701477051	2
753575	1734	4.202446	3.80066180229187	2
910692	1558	4.015113	3.259235382080078	2
1298219	1809	3.894794	2.785883903503418	2
946355	1925	4.752228	4.617122650146484	2
908462	1003	0.275257	2.984912872314453	2
1240217	1613	1.379382	4.46912956237793	2
1290769	1614	4.015164	3.7979280948638916	2
909974	1620	7.048615	3.6333513259887695	2
908449	1067	8.256278	1.679819107055664	2
907172	1598	6.361362	3.9328598976135254	2
908447	1836	3.069043	2.948024272918701	2
925348	1733	3.400307	4.089957237243652	2
1503365	1915	2.530167	2.285017490386963	2
908476	1050	3.994467	0.09700701385736465	2
1327771	1003	-4.475528	1.2060887813568115	2
908128	1060	0.166728	0.6040764451026917	2
687562	1778	2.135424	2.503114700317383	2
908144	2043	5.881915	3.8396334648132324	2
753583	1014	4.382913	3.045525074005127	2
1298146	1855	1.52854	3.250973701477051	2
907275	1194	3.690411	1.9649559259414673	2
905986	1580	6.020661	3.474846363067627	2
909725	1564	1.892849	0.6040764451026917	2
907270	1510	3.225364	2.10815691947937	2
946354	1926	0.522459	2.7757787704467773	2
1659823	1713	3.387347	2.5397520065307617	2
1303897	1582	4.325627	2.317138195037842	2
910781	1927	3.712191	3.3570709228515625	2
924239	1776	3.208944	2.3755340576171875	2
1327771	1826	1.02811	2.2286620140075684	2
905970	1529	6.293811	4.072698593139648	2
1298351	2048	-4.53245	-1.3149971961975098	2
908476	1829	0.057981	3.3559889793395996	2
1290908	1043	5.288561	5.883101463317871	2
910691	1802	4.405641	3.7575621604919434	2
909697	2173	4.956038	3.2530899047851562	2
907274	1030	3.332806	2.3792762756347656	2
687563	1072	6.013548	3.464498996734619	2
910934	1940	4.03653	2.6520023345947266	2
910702	1777	8.20388	4.089957237243652	2
753594	2055	0.555732	3.1048357486724854	2
1503367	2170	5.587398	2.7757787704467773	2
722046	2000	4.075882	3.3559889793395996	2
905961	2112	3.334887	3.3106188774108887	2
1290797	1190	-2.543222	3.502922534942627	2
1240224	1026	4.355909	1.895286202430725	2
1287706	1058	3.992473	2.7925021648406982	2
749715	1827	0.807371	3.056621551513672	2
1503364	1494	-2.827491	2.8141465187072754	2
1240174	1786	2.016603	3.0109148025512695	2
687506	1617	1.936191	1.988140344619751	2
905974	2106	1.76716	2.7925021648406982	2
1240182	1250	3.245499	3.3004417419433594	2
909773	1133	2.855264	2.4872138500213623	2
687812	1718	5.050464	3.580413341522217	2
910688	1581	1.908755	1.838962435722351	2
909907	1036	5.373143	3.9811103343963623	2
687777	2003	3.900925	3.3559889793395996	2
905970	2107	4.873673	2.9018750190734863	2
906826	1849	0.347207	1.8967971801757812	2
909738	1624	6.302178	3.8881804943084717	2
908145	1911	-4.935654	3.4691457748413086	2
910569	1061	4.233425	2.5397520065307617	2
687800	1779	2.11141	3.580413341522217	2
909726	1058	2.125018	2.7925021648406982	2
909250	1030	6.080793	4.356588840484619	2
910568	2171	5.951556	3.458378553390503	2
724872	1131	3.875096	4.010108947753906	2
1298533	1017	4.653263	5.25472354888916	2
905972	1017	4.539077	4.728299140930176	2
1298531	1732	3.528441	3.4131827354431152	2
906817	1049	4.942202	2.907377004623413	2
907071	1011	0.908871	2.6009881496429443	2
907067	1809	0.51266	2.6337828636169434	2
905978	1708	-1.204246	2.0269932746887207	2
753581	1129	3.422894	2.7925021648406982	2
1240123	1819	-2.863485	-1.584859848022461	2
687588	1021	4.30149	2.92429256439209	2
905962	1627	4.157856	4.205360412597656	2
910694	1613	5.166939	3.8113222122192383	2
908147	1625	3.15374	2.4857044219970703	2
910910	1050	4.831261	-0.42168959975242615	2
687596	1042	3.264811	5.374965667724609	2
906801	1812	3.594776	3.4478511810302734	2
906875	1785	5.275737	3.75933837890625	2
909749	1557	5.685851	2.060563325881958	2
1299050	1777	5.600031	2.979428768157959	2
910922	1778	4.492419	2.56021785736084	2
1331037	1713	1.637008	2.5694947242736816	2
909744	2362	3.733417	2.6458497047424316	2
908125	1507	4.964664	3.4705777168273926	2
687505	1019	0.526103	3.244886636734009	2
1240167	1149	0.286761	2.211073398590088	2
687816	1072	5.193463	4.072698593139648	2
906851	1931	5.983037	4.514813423156738	2
908120	1862	-0.986441	2.071817398071289	2
907318	1629	5.076341	1.7806390523910522	2
753576	1180	-1.015652	2.1601030826568604	2
1298359	1821	4.497882	3.3771281242370605	2
753574	1549	1.209762	2.285017490386963	2
1331036	1029	3.398812	2.272994041442871	2
1659817	1190	0.434206	2.0213046073913574	2
687985	1812	2.288276	2.7132444381713867	2
749712	1529	3.130747	3.592864513397217	2
1240226	1786	2.785532	3.109683036804199	2
909762	1037	1.339484	2.660465717315674	2
1298358	1912	3.062098	2.47886323928833	2
1297447	1941	-5.326678	0.36903390288352966	2
905959	1828	4.782993	3.1886796951293945	2
908461	1079	0.75047	3.1114273071289062	2
753624	1827	-1.125457	4.014449119567871	2
946377	1062	4.31603	3.737394094467163	2
905975	1780	4.063267	3.4705777168273926	2
1503368	1449	5.507441	3.2052478790283203	2
1480361	1129	4.244696	2.798353433609009	2
1331037	2096	1.595089	2.5694947242736816	2
753547	1048	4.189367	3.6423075199127197	2
946360	1043	5.13702	5.051088333129883	2
906871	2172	-0.220007	3.475912570953369	2
753558	1033	5.155843	3.7853732109069824	2
753620	2043	3.709321	2.9475975036621094	2
906851	1072	5.145026	3.592864513397217	2
908125	1819	1.447502	-0.7530553936958313	2
1240183	1013	4.622399	3.4799225330352783	2
1480364	1913	4.874146	5.1949944496154785	2
909784	1578	8.125585	2.6337828636169434	2
907071	1716	5.00501	3.6828274726867676	2
1240167	1627	2.055636	4.000457763671875	2
688011	1529	4.729442	3.368885040283203	2
907786	1911	-5.025025	4.072698593139648	2
753600	1820	3.520696	3.3559889793395996	2
1298526	1463	4.398216	3.8027219772338867	2
753588	1511	-3.11455	2.7132444381713867	2
910926	1634	3.406795	5.692010879516602	2
1290725	1036	4.538391	3.045525074005127	2
910948	1062	4.616288	3.9811103343963623	2
909263	2037	4.154273	4.205360412597656	2
722066	1777	5.53858	3.580413341522217	2
907792	1936	4.463349	2.818202495574951	2
907057	1909	2.767268	2.6009881496429443	2
1298357	1738	3.907896	2.911397933959961	2
1298223	1812	2.687388	3.036142349243164	2
753565	1191	-4.642603	2.1438417434692383	2
1240198	1050	2.589343	-0.9687989354133606	2
1240154	1583	2.930291	4.182726860046387	2
908470	1830	5.347737	3.5462143421173096	2
909251	1047	3.262972	2.7083587646484375	2
687821	2039	6.31707	3.1579105854034424	2
930299	1093	4.742527	3.458378553390503	2
946372	1179	-0.094135	1.720274567604065	2
910702	1006	4.092375	4.536198616027832	2
924244	1049	3.60049	3.0479609966278076	2
687995	1908	2.913669	4.044624328613281	2
905971	1733	1.264439	3.7979280948638916	2
1298537	1012	2.786033	3.1579105854034424	2
1295740	1237	4.601573	2.5602264404296875	2
1297438	1180	-3.671421	1.860744833946228	2
907058	1808	0.936109	2.6337828636169434	2
688014	1023	3.573481	2.9464073181152344	2
1524417	1613	0.56357	4.356588840484619	2
753576	1828	5.313138	3.3771281242370605	2
908152	1069	3.27685	3.5503530502319336	2
722066	2011	4.608046	4.072698593139648	2
753608	1812	1.885704	3.2271382808685303	2
1240217	1824	3.263103	3.530294418334961	2
906834	1047	1.616278	4.469611644744873	2
907795	1585	3.286429	3.1081647872924805	2
909698	2112	1.725968	3.3106188774108887	2
753621	1827	-0.521414	3.3771281242370605	2
910569	1839	3.801934	3.3106188774108887	2
687997	1716	5.996474	3.3004417419433594	2
908443	1634	4.515074	6.167717933654785	2
907170	1802	2.288605	3.75933837890625	2
753616	1808	0.786426	1.4793741703033447	2
1240127	1507	4.805731	3.3570709228515625	2
906833	1844	3.421736	3.1348352432250977	2
1503361	1799	4.933899	3.2052478790283203	2
907286	1576	2.922886	4.352867126464844	2
949179	1930	-0.740485	2.9475975036621094	2
909762	1131	1.957363	2.7083587646484375	2
1298476	1042	8.278055	6.466067314147949	2
907790	1784	5.977491	3.3106188774108887	2
907269	1177	1.293443	2.7997000217437744	2
909753	2113	3.371872	3.1886796951293945	2
910781	1708	-1.449765	2.006960868835449	2
1247871	1811	-5.285431	2.5404491424560547	2
909907	2499	9.997005	5.174834728240967	2
687812	1827	2.221075	3.3559889793395996	2
907320	1826	1.568203	3.3771281242370605	2
909728	1564	2.201759	3.2454733848571777	2
1330993	2010	5.406947	3.287257194519043	2
908145	2107	5.099361	2.5251822471618652	2
909703	1713	2.763893	2.8037359714508057	2
907169	1716	5.353663	3.4705777168273926	2
688014	1021	2.403286	2.9464073181152344	2
687997	1997	5.148192	1.8649051189422607	2
905981	1085	2.179753	3.2709736824035645	2
909703	1624	2.45153	2.4857044219970703	2
909774	1631	4.08423	3.3687214851379395	2
907276	1026	0.2492	1.6627494096755981	2
907289	1428	5.655056	3.824535369873047	2
1290725	1062	4.900343	3.045525074005127	2
753614	1250	0.922434	3.2052478790283203	2
713885	1031	-2.534151	2.1438417434692383	2
909719	2055	0.990328	3.530294418334961	2
1298134	1061	4.355751	3.201014518737793	2
906868	1909	2.520236	1.781980037689209	2
925338	1714	5.356881	3.9811103343963623	2
1297446	1630	2.817761	2.660465717315674	2
687794	1031	-2.218177	2.556356906890869	2
906797	1047	5.2131	4.7251200675964355	2
906872	1720	6.499573	1.5589498281478882	2
905940	1625	5.03576	2.477250099182129	2
908452	1564	3.045649	3.582423686981201	2
946360	1052	5.294667	2.177180290222168	2
908483	1777	3.398203	3.3004417419433594	2
688025	2043	5.120326	3.6423075199127197	2
925346	1913	5.4462	5.943361282348633	2
907789	1553	-0.792855	1.497285008430481	2
908451	1734	1.765448	1.867920994758606	2
1240198	1736	6.249848	3.5451531410217285	2
910687	1072	2.937719	2.5404491424560547	2
1240172	2037	6.314839	3.692488193511963	2
1303911	1622	4.756065	3.6898255348205566	2
905979	1834	3.666394	3.2881994247436523	2
910698	1047	4.359833	4.850287437438965	2
687455	2110	4.704753	4.017494201660156	2
905948	1008	3.363224	3.3589890003204346	2
1299081	2002	5.651628	3.3644320964813232	2
1330991	1916	1.616498	2.1410369873046875	2
753559	1620	4.77329	3.622166395187378	2
1503362	1629	5.738275	1.7806390523910522	2
1240159	1854	4.609138	4.232893943786621	2
909248	1010	4.002527	2.8246116638183594	2
1240186	1576	3.476209	3.9786629676818848	2
1290908	1375	7.388819	3.2271382808685303	2
688031	1375	5.452486	2.7132444381713867	2
1298169	2043	5.920544	4.356588840484619	2
1660034	1375	6.724218	2.5225629806518555	2
905958	2113	1.359932	2.1339573860168457	2
688010	2158	2.169941	3.4682846069335938	2
1240159	1585	4.584286	3.241079807281494	2
907281	2145	-2.322203	2.21728515625	2
905962	1829	0.885361	3.3106188774108887	2
909748	1019	2.896645	3.7979280948638916	2
925338	2172	3.927825	3.5154032707214355	2
907058	1026	0.068124	1.9100738763809204	2
910704	2157	5.267279	3.692488193511963	2
1299062	1847	6.552142	3.1048357486724854	2
917486	1259	5.121282	4.250611305236816	2
907066	1024	2.275054	3.2753353118896484	2
1240122	1441	6.073097	2.6165659427642822	2
998189	2173	3.724079	3.7844467163085938	2
1240218	1080	-1.072509	-0.07868530601263046	2
1240179	1086	-2.230692	1.756969690322876	2
1240217	1621	2.889437	3.241079807281494	2
907285	1010	4.83015	3.7513816356658936	2
909713	1632	2.242189	1.800534725189209	2
946355	1730	2.381384	3.284633159637451	2
924107	1259	1.646145	4.263212203979492	2
909744	1553	4.194362	2.6458497047424316	2
907276	1016	3.957853	2.47886323928833	2
1240153	1175	4.227587	3.8941831588745117	2
909251	1017	2.747058	2.515810012817383	2
1503363	1828	4.350825	3.3771281242370605	2
909774	1847	3.328719	3.188258171081543	2
909738	1849	0.174	2.6009881496429443	2
949179	1020	5.628148	1.3336224555969238	2
1298226	1428	5.748862	3.588823080062866	2
1298476	1052	8.050921	2.440638780593872	2
908129	1510	5.308863	3.2510619163513184	2
753592	1054	3.449682	2.354168653488159	2
687995	1734	3.318182	3.368885040283203	2
907321	2174	2.120874	3.80066180229187	2
1298226	1593	2.378478	3.1125288009643555	2
1240185	1997	3.312409	2.476752758026123	2
908472	1060	1.18911	3.3343019485473633	2
949154	1050	3.599054	-0.9418399930000305	2
909263	1777	5.66994	3.7979280948638916	2
910936	1799	1.434708	2.979428768157959	2
905955	1564	0.530616	0.6040764451026917	2
724834	1558	5.525735	2.522779703140259	2
906805	1560	2.88659	2.9018750190734863	2
1298475	1811	-2.805037	4.536198616027832	2
1240223	2010	6.956708	3.4504716396331787	2
1330985	1026	-0.025843	0.3122183382511139	2
688006	1578	4.704411	2.7132444381713867	2
908144	1053	2.268972	2.5251822471618652	2
910850	1847	3.27022	3.530294418334961	2
909907	1043	6.6821	5.181734085083008	2
713899	1815	5.909917	3.368885040283203	2
908461	1089	5.40912	2.8141465187072754	2
907053	1580	4.197939	1.838962435722351	2
687586	1718	4.880732	3.3261687755584717	2
924238	1060	-2.786462	3.480217456817627	2
906763	1168	1.493071	2.52071475982666	2
998189	1022	0.379303	1.9331246614456177	2
1298167	1046	0.607693	2.2248785495758057	2
1503365	1732	6.739198	3.80066180229187	2
724869	1093	5.807901	4.02330207824707	2
1299052	1008	3.993506	2.701470375061035	2
1660036	1824	2.225096	3.3106188774108887	2
1330985	1624	1.001693	1.838962435722351	2
688010	1996	2.332315	1.8649051189422607	2
1240190	2110	4.167017	4.302274227142334	2
1298226	1811	-0.822372	3.588823080062866	2
907321	2172	3.078014	3.622166395187378	2
1298531	1821	2.675721	3.1306676864624023	2
924240	1373	4.629288	3.9811103343963623	2
908126	1615	5.113901	2.2703001499176025	2
906843	1999	4.08531	3.211876630783081	2
910933	1844	4.368708	3.103484630584717	2
753548	1024	-1.788313	2.1410369873046875	2
688006	1563	5.0528	3.4682846069335938	2
909248	1635	5.243507	3.347001075744629	2
908458	1047	5.241769	4.76203727722168	2
907068	1618	3.745237	5.051694869995117	2
687596	1924	3.720112	2.710444927215576	2
949175	2175	3.526334	3.9059834480285645	2
910900	1004	-5.139823	0.09700701385736465	2
907278	1034	-3.005189	1.9649559259414673	2
905976	1560	4.188751	2.7925021648406982	2
909737	1557	4.646594	2.6009881496429443	2
906833	1529	-1.070888	3.347001075744629	2
753620	2439	9.175506	3.75933837890625	2
1330973	1561	1.03546	2.6938912868499756	2
924189	1926	2.13219	3.0480692386627197	2
753531	1926	0.022082	2.6165659427642822	2
905959	1734	3.811252	3.65079665184021	2
1240157	1908	2.630163	3.250973701477051	2
1659818	1924	-0.920908	1.486049771308899	2
753561	2170	0.977867	2.6165659427642822	2
1298151	1529	2.241628	3.820511817932129	2
924107	1441	-0.345859	2.6824488639831543	2
924102	1783	6.358485	3.965291976928711	2
910852	1997	3.704611	1.8967971801757812	2
1299050	1836	0.562925	3.1306676864624023	2
906793	1250	1.405322	3.4705777168273926	2
1298357	1061	5.044947	2.8912668228149414	2
1290905	1838	4.728287	3.056621551513672	2
907311	1730	0.793032	2.7778027057647705	2
908457	2148	0.98794	3.3106188774108887	2
687514	1191	-4.090652	1.7377233505249023	2
905957	1005	4.284615	3.4478511810302734	2
753592	1778	2.498079	2.9018750190734863	2
905962	1816	5.472638	4.377009391784668	2
924187	1786	4.157572	3.0109148025512695	2
753592	1630	2.472355	3.580413341522217	2
1290922	1558	1.070828	2.603236436843872	2
687807	1022	1.525758	2.354168653488159	2
724828	1783	6.116515	3.75933837890625	2
908470	1930	3.668451	4.295436859130859	2
687506	1815	4.414915	3.6001555919647217	2
910952	1149	-0.38657	2.181281805038452	2
753582	2175	5.209621	3.9786629676818848	2
908139	1852	6.119457	3.2599143981933594	2
753600	2438	10.992605	4.072698593139648	2
1331038	1625	4.228861	2.205660820007324	2
909974	1199	3.954489	4.495245933532715	2
713899	1048	5.530009	3.6423075199127197	2
1331048	2360	4.110183	1.5356042385101318	2
906798	1058	1.527161	3.292959690093994	2
907320	1585	4.851986	3.1390774250030518	2
907055	2362	2.485238	2.47886323928833	2
688010	1200	2.514969	3.713782787322998	2
1240182	2177	1.551542	3.4682846069335938	2
949174	1059	-0.922023	3.0480692386627197	2
1322224	2046	-0.29349	1.5188997983932495	2
909745	1014	3.41788	3.737394094467163	2
949170	1560	1.863792	3.0480692386627197	2
906868	1083	2.352462	2.9419236183166504	2
910924	1844	2.758847	3.003589630126953	2
908128	1873	1.754688	2.7925021648406982	2
749709	1051	4.215172	-0.42168959975242615	2
909697	1821	3.708776	3.003589630126953	2
1503361	1046	1.619768	2.1601030826568604	2
910920	1627	3.129759	3.8690497875213623	2
1240209	1375	5.775091	2.8141465187072754	2
949176	1617	4.884711	1.5589498281478882	2
1240186	1932	4.503825	2.8222789764404297	2
908124	1051	4.044801	-0.7530553936958313	2
688026	2173	5.204384	3.36733341217041	2
688058	1817	-4.886897	3.1901979446411133	2
735784	1730	3.177143	3.284633159637451	2
907286	2438	11.115307	4.536198616027832	2
909974	1010	2.074488	2.3576271533966064	2
713885	1924	0.527562	2.6938912868499756	2
1331050	1375	3.987438	1.8312031030654907	2
1299050	1736	3.12366	3.045525074005127	2
910568	2159	4.871613	4.182726860046387	2
910911	1029	6.038317	2.753049373626709	2
753566	1378	4.08175	2.563516139984131	2
687448	1782	7.121301	3.4485487937927246	2
907065	2170	4.493156	3.292959690093994	2
1330983	2106	3.371643	2.02716326713562	2
906812	1908	3.294631	3.9811103343963623	2
1240125	1019	4.06003	3.4705777168273926	2
908129	1179	1.881997	2.006960868835449	2
753565	1835	4.970715	3.1048357486724854	2
907300	1811	-2.993757	1.867920994758606	2
906793	1709	-3.176193	1.800534725189209	2
687812	1739	3.05361	3.580413341522217	2
905983	2498	6.523881	5.099922180175781	2
1330941	1706	2.397314	3.5154032707214355	2
949090	1375	6.873998	2.8502869606018066	2
688031	1817	-5.280103	2.901089668273926	2
688013	1844	2.624292	3.1048357486724854	2
907791	1022	1.361081	0.24371567368507385	2
1503367	2148	3.049866	3.3771281242370605	2
724834	1012	2.599465	3.1579105854034424	2
907783	1560	3.615696	2.2703001499176025	2
908460	2362	5.183926	2.9018750190734863	2
906696	1559	-3.536157	2.2616140842437744	2
910947	1712	-5.104802	1.867920994758606	2
1240174	1834	2.190927	3.2956957817077637	2
753531	1507	4.821241	2.979428768157959	2
907067	1808	-0.67614	2.6337828636169434	2
907274	1005	3.323548	1.8312031030654907	2
905976	1175	4.796973	3.8941831588745117	2
909697	1620	5.282254	3.2530899047851562	2
1240200	1618	5.143385	5.1949944496154785	2
908455	1012	1.801698	2.981165885925293	2
910853	1061	4.933199	0.6040764451026917	2
753575	1050	2.872892	-0.9221725463867188	2
905949	1816	2.708919	4.892687797546387	2
1503366	1582	4.839139	3.1390774250030518	2
687997	2107	6.132995	2.6938912868499756	2
1503364	1177	5.104157	3.5688118934631348	2
1331038	1190	-3.750312	1.8312031030654907	2
687455	1494	-4.357094	2.563516139984131	2
909736	1024	2.255444	3.6828274726867676	2
909750	2037	4.301436	3.567819356918335	2
753540	1622	3.762275	3.939302682876587	2
724839	1630	4.087723	3.244886636734009	2
906843	1617	-0.0926	1.988140344619751	2
908472	1560	5.192412	2.9018750190734863	2
753592	1079	-1.939573	3.580413341522217	2
908139	2112	3.338644	3.003589630126953	2
906790	1873	0.388024	2.47886323928833	2
1295740	1627	2.112186	2.5602264404296875	2
906808	1512	4.220618	2.7132444381713867	2
910910	1007	-3.234357	-0.42168959975242615	2
1240186	1779	1.192335	3.3004417419433594	2
910900	1911	-4.885273	4.072698593139648	2
907065	1017	4.685606	4.259376049041748	2
1240187	2111	3.611105	4.728299140930176	2
907057	1626	1.87567	3.8881804943084717	2
1247871	1549	4.03741	2.52071475982666	2
905936	1809	1.866921	2.5225629806518555	2
905958	2498	6.093957	3.770845890045166	2
908443	2154	2.145607	3.6658291816711426	2
753589	1810	5.298834	2.7132444381713867	2
909719	1581	2.841054	3.8881804943084717	2
924100	1042	6.456464	5.131701469421387	2
687995	1022	1.026292	1.860744833946228	2
688086	1840	0.225765	2.948024272918701	2
910934	1560	0.224722	1.5356042385101318	2
1240186	1783	5.826525	3.368885040283203	2
930297	1030	4.158803	4.263212203979492	2
910545	1177	2.266721	2.234562397003174	2
907169	2037	2.092315	3.5490899085998535	2
906870	1809	0.156399	1.3406891822814941	2
1240146	1199	4.131467	4.892687797546387	2
1240123	1586	3.343894	3.1081647872924805	2
1290908	2361	5.880628	2.9018750190734863	2
753546	1933	5.945742	1.9100738763809204	2
907291	1852	5.596298	3.824535369873047	2
906795	1068	0.680834	2.3550686836242676	2
907057	1997	3.794278	2.6009881496429443	2
909718	2107	5.690884	3.0788259506225586	2
906832	1010	-0.047939	2.0948920249938965	2
946354	1031	-2.795071	1.7806390523910522	2
930083	1777	7.487726	3.734954833984375	2
1660034	1004	-3.988554	-1.584859848022461	2
1509074	1931	5.276992	4.850287437438965	2
908145	1149	-0.414193	1.781980037689209	2
910926	1593	2.781122	3.1284282207489014	2
909263	1022	-0.551161	1.9331246614456177	2
1298365	1580	6.075062	3.534555435180664	2
907271	1576	3.843264	3.907174587249756	2
910921	1824	3.533976	3.3644320964813232	2
1290730	1060	0.761284	3.2432336807250977	2
907071	1736	4.997491	3.250973701477051	2
724866	1634	3.737119	6.012621879577637	2
1240219	1913	4.521683	5.943361282348633	2
687802	1998	7.365014	4.072698593139648	2
753579	1030	5.923228	3.8941831588745117	2
910922	2039	2.869966	3.055778980255127	2
924188	1627	2.625295	3.567819356918335	2
1331037	2040	-0.142746	2.272994041442871	2
688058	1093	4.45105	3.436997890472412	2
906869	1559	-2.189778	1.6627494096755981	2
907789	1940	2.584629	2.7153878211975098	2
910702	1918	6.594721	3.61977481842041	2
910780	1012	0.645382	2.4024884700775146	2
687812	2157	3.67401	4.302274227142334	2
949094	2010	4.925496	3.103484630584717	2
687505	1782	4.774907	3.6001555919647217	2
906863	1507	5.103693	2.979428768157959	2
907051	1073	6.006608	3.7575621604919434	2
930298	1069	3.532656	3.2484683990478516	2
910936	2011	4.970082	3.4131827354431152	2
1240193	1085	1.862929	3.3004417419433594	2
909749	1060	1.780283	3.2432336807250977	2
908461	1635	5.394279	3.2599143981933594	2
924239	1618	3.343465	2.7879903316497803	2
1240181	1022	-1.280509	1.4015651941299438	2
1330950	1006	-0.102583	2.8083853721618652	2
909724	1941	-4.106343	2.0692546367645264	2
910549	1835	3.684726	3.3771281242370605	2
905968	1021	4.373988	2.914879560470581	2
1524416	1024	-0.605323	3.2709736824035645	2
910941	1622	3.904733	3.9059834480285645	2
909725	1629	5.035205	1.9100738763809204	2
924238	1840	0.57627	3.4504716396331787	2
749714	1029	6.361115	3.276992082595825	2
688011	1580	5.462187	3.36733341217041	2
906801	1816	5.193209	4.174524784088135	2
930301	1083	2.444995	3.109683036804199	2
906865	1930	0.592297	3.8941831588745117	2
909253	2149	-0.255823	2.3004226684570312	2
688010	1250	0.383827	3.3004417419433594	2
910569	2043	1.181882	4.250611305236816	2
1297446	1175	2.324056	2.515810012817383	2
1327765	1561	1.440896	1.5356042385101318	2
910554	2173	4.699883	3.7844467163085938	2
906877	2112	1.991211	2.1339573860168457	2
946356	1553	5.214943	2.7757787704467773	2
1240178	1051	1.461018	0.5805160403251648	2
908448	1930	-0.836158	2.234562397003174	2
753549	1853	5.232477	2.982234239578247	2
909784	1853	5.586121	3.1471829414367676	2
909729	2159	3.751583	3.555696964263916	2
1299052	1239	4.28811	3.4131827354431152	2
905986	1048	6.326886	3.8113222122192383	2
907277	1782	3.696855	2.5404491424560547	2
1298475	1819	-2.642601	-0.07868530601263046	2
924240	1576	2.050292	3.6898255348205566	2
905971	2011	2.748155	3.824535369873047	2
1503361	1558	3.238829	2.285017490386963	2
907042	1854	4.173774	3.907174587249756	2
753579	1250	4.97744	3.4705777168273926	2
908447	1783	5.484066	3.75933837890625	2
905933	1999	2.834837	3.1886796951293945	2
908123	1802	3.990319	3.592864513397217	2
908125	1401	3.111349	1.800534725189209	2
1240162	2106	2.848602	2.6165659427642822	2
1290922	1811	-2.516905	3.592864513397217	2
909746	1815	6.064633	3.824535369873047	2
906763	1268	4.639084	2.7153878211975098	2
905980	1836	5.931893	3.2881994247436523	2
910700	2361	5.586613	3.0788259506225586	2
713899	1073	4.140097	3.368885040283203	2
1240168	1003	-2.041106	2.7633109092712402	2
908151	1054	1.962343	1.8182191848754883	2
925338	1819	-1.680827	-0.42168959975242615	2
905933	2360	5.645376	2.798353433609009	2
906801	1785	4.721233	3.592864513397217	2
910689	1873	4.502338	3.0788259506225586	2
908443	1708	-0.80833	2.2070508003234863	2
909718	2106	4.410578	3.0788259506225586	2
1240178	1190	-0.823707	3.005363941192627	2
907794	1873	1.564897	3.0788259506225586	2
1240143	1910	-0.984158	2.2973504066467285	2
910079	1025	3.487904	4.036080360412598	2
688011	1833	3.176337	3.1048357486724854	2
753573	1259	3.371041	4.58538818359375	2
722045	1194	6.175767	3.0479609966278076	2
753541	2111	3.857248	4.104264736175537	2
753588	1037	2.209406	3.3004417419433594	2
1480360	1061	4.440399	3.5451531410217285	2
1298216	2003	5.858819	4.014449119567871	2
1298356	1170	6.748444	1.8781064748764038	2
909974	1862	-0.883631	1.895286202430725	2
1330982	1558	2.34305	2.0948920249938965	2
910850	1910	6.845705	2.6009881496429443	2
688010	1803	5.939679	3.1048357486724854	2
910948	1023	3.467154	3.276992082595825	2
753572	1852	4.552463	4.536198616027832	2
908122	1512	5.366668	3.4478511810302734	2
909260	1813	2.025908	1.4750429391860962	2
1503370	1813	5.504323	3.2271382808685303	2
908480	1088	0.368818	2.7132444381713867	2
1331032	1785	4.891082	2.3220458030700684	2
906820	1494	-5.365108	1.4793741703033447	2
1240153	1068	-0.135152	2.0692546367645264	2
909251	1083	0.540486	2.0477497577667236	2
1303900	1129	3.100266	2.417788028717041	2
1297446	1808	-3.047564	1.4750429391860962	2
905935	2157	4.762349	3.822633981704712	2
906763	1149	-0.069999	0.37958595156669617	2
753605	2173	4.994627	3.36733341217041	2
908123	1730	1.289045	2.932821273803711	2
1240200	1593	4.744193	3.117163896560669	2
908447	1919	1.449518	3.249140739440918	2
1240190	1017	5.203862	4.728299140930176	2
753615	1011	1.158952	0.36903390288352966	2
909773	1016	2.144377	1.5356042385101318	2
909250	2149	3.537742	3.8690497875213623	2
946366	1630	2.772004	3.3261687755584717	2
1330984	1061	3.238956	2.5694947242736816	2
1479988	1780	6.062575	3.401376485824585	2
1240155	1922	2.401623	2.912219524383545	2
909263	1779	1.990781	3.7979280948638916	2
1330972	2172	2.648087	3.36733341217041	2
909736	1926	-0.081178	3.363521099090576	2
1503363	1927	2.325523	3.2052478790283203	2
906793	1052	3.146757	1.800534725189209	2
906795	2045	4.521513	3.3420932292938232	2
906805	1529	2.38005	4.072698593139648	2
908468	1576	2.259911	3.9786629676818848	2
687799	2172	1.464095	3.8687667846679688	2
906875	1080	-2.82881	-2.003249406814575	2
1290798	2048	1.207031	-0.42168959975242615	2
907794	1084	-3.735718	3.0788259506225586	2
910952	2011	3.560814	3.7853732109069824	2
907790	1083	0.968015	2.818202495574951	2
1331037	1017	2.924596	2.3792762756347656	2
908458	1783	5.873615	3.824535369873047	2
753556	2173	2.61945	3.4041669368743896	2
1240127	1378	4.515044	2.8973729610443115	2
687777	1739	4.478934	3.580413341522217	2
753600	1062	4.381951	3.3343019485473633	2
910701	1625	5.443289	3.2793712615966797	2
907311	1024	-0.649892	2.854300022125244	2
1480360	1925	5.539998	4.215462684631348	2
1298359	1512	5.754453	2.7742834091186523	2
1240146	1179	0.628953	2.354168653488159	2
906693	2039	2.477156	3.5593552589416504	2
724869	1839	4.174202	4.014449119567871	2
753532	2110	3.653532	3.698479413986206	2
906839	1038	3.136337	3.8113222122192383	2
906862	1718	3.422573	3.2988181114196777	2
1240222	1529	-1.580998	3.65079665184021	2
724872	2037	3.344078	3.4682846069335938	2
1298136	1618	3.267023	5.943361282348633	2
753575	1713	4.600426	3.5495998859405518	2
907270	1839	3.740147	2.9275636672973633	2
907295	1549	5.653696	3.259235382080078	2
909761	1838	3.837806	3.3106188774108887	2
907289	1025	3.278369	3.9262707233428955	2
1303900	2107	5.047966	2.417788028717041	2
910900	1511	-1.921649	3.2271382808685303	2
1240146	2044	3.320285	3.2271382808685303	2
907278	1250	0.42001	2.1410369873046875	2
1331037	1779	-0.560321	2.2433815002441406	2
1240222	1048	4.759044	4.045094013214111	2
906842	1507	2.99059	2.2433815002441406	2
909757	2110	4.796441	4.205360412597656	2
930299	1051	4.496912	0.5805160403251648	2
905989	1578	4.484986	2.5225629806518555	2
1240219	1713	5.506397	3.7378225326538086	2
906795	1940	5.557188	3.902672290802002	2
909740	1996	5.063675	2.231558322906494	2
907311	1847	-0.455371	2.2286620140075684	2
753558	1913	3.850124	5.744266510009766	2
909784	1821	3.680222	3.3644320964813232	2
908465	1005	4.233994	3.2271382808685303	2
908121	1131	2.626083	4.514813423156738	2
1524416	1401	1.208195	2.0269932746887207	2
753583	1067	4.450755	1.9117439985275269	2
1479987	1034	-6.898388	2.914879560470581	2
1480362	1057	-0.094808	2.798353433609009	2
1240121	1080	-5.735724	-2.2185704708099365	2
753564	1053	1.676158	2.6938912868499756	2
1330948	1626	-2.355153	1.838962435722351	2
907278	1810	-0.725326	1.3406891822814941	2
753616	1799	5.953537	3.7609074115753174	2
1290730	2109	1.838101	3.8714842796325684	2
906765	1839	3.646979	2.21728515625	2
910937	2110	3.527913	3.4682846069335938	2
905960	1777	4.580433	3.2988181114196777	2
908443	1931	5.375712	4.7860107421875	2
907058	2154	2.857175	3.5490899085998535	2
906834	2044	2.131101	2.58154034614563	2
724870	1933	5.507781	2.5181288719177246	2
1503371	1083	3.516507	2.907377004623413	2
1330982	1618	3.781925	2.347485303878784	2
1290769	1804	1.932884	3.3106188774108887	2
907057	1845	0.256015	3.530294418334961	2
910701	1079	-0.864818	2.979428768157959	2
687787	1811	-1.206808	3.588823080062866	2
908124	1037	2.782354	3.4705777168273926	2
753564	1131	2.926227	4.010108947753906	2
907068	2055	3.718655	3.211876630783081	2
905955	1048	4.995491	3.8941831588745117	2
753589	1052	5.388906	1.860744833946228	2
1503367	1786	2.842099	2.907377004623413	2
687985	1190	-2.585257	2.7132444381713867	2
724870	2110	5.364054	4.697992324829102	2
907057	1924	4.536813	3.363521099090576	2
910861	1061	4.217885	2.5694947242736816	2
1330995	1494	-5.423809	1.8312031030654907	2
907048	1086	1.466323	1.8182191848754883	2
910931	1003	-3.847341	3.2271382808685303	2
907278	1782	4.806633	1.867920994758606	2
1330960	1620	3.851709	2.4857044219970703	2
905938	1559	-3.320771	0.3122183382511139	2
909263	2002	5.826982	3.3106188774108887	2
905969	1581	2.038423	3.534555435180664	2
907046	1058	0.504018	2.417788028717041	2
910922	1088	3.948045	3.3589890003204346	2
683667	1720	-0.964584	1.470752477645874	2
1480359	1199	4.689361	4.215462684631348	2
907275	1632	0.555561	0.3575851023197174	2
906868	1782	5.642083	3.4691457748413086	2
1240153	1563	5.758747	3.5490899085998535	2
1330995	1083	2.366294	2.272994041442871	2
910951	1062	2.544205	2.265322208404541	2
1240160	1085	2.800832	3.6828274726867676	2
905946	1627	3.131365	3.692488193511963	2
724874	1909	3.074215	2.476752758026123	2
1240162	1738	1.643223	2.8461999893188477	2
753546	1922	5.040335	3.109683036804199	2
753569	2043	5.967201	4.095714569091797	2
906875	1428	4.896804	3.75933837890625	2
905945	2145	1.46685	3.056621551513672	2
905978	1011	2.645011	2.181281805038452	2
910936	1826	2.978232	3.1306676864624023	2
1303901	1129	2.822156	2.6938912868499756	2
1480362	1016	1.510007	2.798353433609009	2
910853	1708	-1.202352	1.800534725189209	2
905979	1826	4.307058	3.2881994247436523	2
1240168	1779	0.989696	3.3261687755584717	2
753563	1200	1.046838	3.1447830200195312	2
1240198	1621	5.67859	3.117163896560669	2
1330982	1085	1.095542	2.2433815002441406	2
1327771	2359	3.100867	2.6716136932373047	2
909719	1620	5.383266	3.8881804943084717	2
1298168	1191	-5.389263	1.895286202430725	2
1240130	1072	3.578072	3.4485487937927246	2
753534	1561	3.076848	2.710444927215576	2
949174	1576	3.197364	3.9059834480285645	2
908463	2177	3.841632	4.302274227142334	2
925340	1915	3.996729	2.642428398132324	2
1331037	1024	-2.687099	2.2433815002441406	2
910781	1718	3.362419	3.3570709228515625	2
924107	1375	5.84578	2.6363162994384766	2
713869	1032	2.481304	2.522779703140259	2
910850	1825	1.691553	3.530294418334961	2
908473	1718	5.229324	3.580413341522217	2
1331050	1049	2.675888	2.272994041442871	2
688058	1553	3.9677	3.608184814453125	2
1240161	1933	2.60466	1.7883107662200928	2
910569	1089	2.957257	2.5225629806518555	2
1298358	1089	3.273311	2.8141465187072754	2
924111	1594	0.750657	2.6165659427642822	2
753574	1131	7.389674	5.235250473022461	2
1240181	1010	1.996779	3.249140739440918	2
687563	1014	1.112694	3.737394094467163	2
905971	1507	5.223619	3.7979280948638916	2
1330973	2040	1.747606	2.9464073181152344	2
924187	1026	2.150866	1.8510396480560303	2
908472	1068	2.473321	2.476752758026123	2
910941	2158	3.33579	3.92257022857666	2
1330960	1578	4.042571	1.4750429391860962	2
908123	1441	0.86226	2.417788028717041	2
753531	2040	-0.070089	2.753049373626709	2
687820	1375	8.558528	3.2271382808685303	2
910943	1052	4.827164	1.720274567604065	2
907055	1239	0.336992	3.2599143981933594	2
749716	1622	2.5765	3.6898255348205566	2
687980	1806	4.797183	2.7132444381713867	2
1240204	1237	3.403641	3.698479413986206	2
909250	1052	4.749381	2.0269932746887207	2
1327769	2010	1.242393	2.351832389831543	2
949179	1085	1.895773	3.7609074115753174	2
909744	1918	4.00596	2.6458497047424316	2
1330985	1806	3.74876	1.3406891822814941	2
908455	1080	-2.76193	-0.664606511592865	2
1330972	1559	1.428979	2.1438417434692383	2
687563	1825	-0.986322	3.103484630584717	2
946370	1149	1.157474	1.8820581436157227	2
1503368	1714	5.508977	3.5495998859405518	2
1295741	1023	2.445693	2.2578277587890625	2
905946	2037	5.202495	3.692488193511963	2
908122	1916	1.671585	3.2988181114196777	2
907173	1853	3.400685	3.1901979446411133	2
971777	1008	2.106828	2.6337828636169434	2
910932	1598	4.069361	3.9328598976135254	2
753564	1373	4.168759	4.044624328613281	2
924244	1832	4.561146	3.3559889793395996	2
909712	1930	0.520081	3.8113222122192383	2
688015	1250	-0.376944	3.3004417419433594	2
687995	1003	-4.366197	2.7132444381713867	2
910692	1149	1.015442	1.8649051189422607	2
906763	1564	2.538807	2.8037359714508057	2
1240158	1780	5.484978	3.6828274726867676	2
1240223	2360	5.758077	3.3420932292938232	2
910927	1629	4.244005	2.071817398071289	2
1299062	1806	7.088324	2.7132444381713867	2
907045	1786	0.954318	3.276992082595825	2
909712	1031	-4.853037	1.6945241689682007	2
687457	1576	3.105181	3.8714842796325684	2
949174	1578	4.075972	1.4793741703033447	2
1240153	1808	-0.0692	2.6337828636169434	2
1298151	1561	3.03406	3.363521099090576	2
1298365	1618	3.433374	5.1949944496154785	2
910922	1586	4.832822	3.055778980255127	2
924187	1401	4.828886	2.006960868835449	2
1290725	1511	-0.010705	2.701470375061035	2
687562	1007	-4.551191	-1.3572776317596436	2
1290797	2361	4.279754	3.61977481842041	2
1240169	1738	4.502847	3.0367894172668457	2
910694	1072	6.505047	3.464498996734619	2
687588	1239	2.404135	3.464498996734619	2
1330950	1924	1.819567	1.486049771308899	2
909702	2149	0.032988	2.5602264404296875	2
907269	1825	-2.070856	2.9275636672973633	2
905963	1927	5.544975	3.2709736824035645	2
908130	2011	5.494459	3.7575621604919434	2
909907	1062	6.82773	3.9811103343963623	2
910931	2174	2.102963	4.072698593139648	2
687596	1911	-4.702348	3.6280102729797363	2
907795	1714	0.742375	2.5397520065307617	2
909250	1941	-4.360666	2.181281805038452	2
1240169	1239	3.834773	3.464498996734619	2
909706	1375	5.35881	2.6337828636169434	2
906842	1175	1.972547	2.3792762756347656	2
753612	1927	5.275016	2.828261137008667	2
1480371	1561	1.745667	2.798353433609009	2
1524414	1249	3.037511	3.7853732109069824	2
1659818	1249	1.791653	2.8083853721618652	2
998189	1093	4.865126	3.1070804595947266	2
1298351	1852	4.524939	3.6280102729797363	2
1298526	1068	0.486031	2.573876142501831	2
688011	1915	2.690451	3.259235382080078	2
910852	1709	-2.376835	1.8182191848754883	2
1240173	2109	2.115865	3.9262707233428955	2
907312	1911	-6.543029	3.579794406890869	2
1298134	1559	-0.542218	1.7377233505249023	2
946382	1830	1.248515	3.056621551513672	2
1331037	1819	-5.943989	-2.830533742904663	2
907787	1799	4.340946	2.660465717315674	2
907173	1926	1.215695	3.608184814453125	2
687506	1051	2.033595	-0.9418399930000305	2
724872	1593	1.191306	2.901089668273926	2
753555	1777	4.425378	3.2052478790283203	2
907295	1512	5.220402	2.7132444381713867	2
1240223	1786	3.49103	3.307502269744873	2
906801	1576	1.668159	3.6898255348205566	2
908120	1529	2.105892	3.592864513397217	2
906869	1940	3.224657	3.5480756759643555	2
908472	2055	3.718716	3.3559889793395996	2
910931	1018	4.969443	4.728299140930176	2
924240	1734	2.516537	3.592864513397217	2
906851	1058	-0.298013	2.417788028717041	2
909194	2169	4.072316	2.6938912868499756	2
905936	1441	1.875195	3.0788259506225586	2
1240196	1862	-1.670153	1.7883107662200928	2
687506	2158	4.197901	3.819936513900757	2
1298537	1917	2.960076	4.728299140930176	2
908150	1915	2.855091	3.450417995452881	2
724870	1626	0.21416	4.344647407531738	2
909725	1862	-0.835261	1.9100738763809204	2
909697	1558	5.827916	2.642428398132324	2
907058	1622	3.181238	3.9328598976135254	2
683667	1047	4.261777	4.469611644744873	2
906864	1581	3.88733	3.8083744049072266	2
906818	1632	4.193205	1.800534725189209	2
906843	1813	4.81485	2.6363162994384766	2
1659929	2039	2.889611	3.1081647872924805	2
905948	1199	2.318697	4.495245933532715	2
753547	1020	4.908213	2.1438417434692383	2
930297	1718	3.778166	3.244886636734009	2
907295	1268	4.685237	3.9786629676818848	2
1299050	1022	0.746801	1.9117439985275269	2
908460	1629	7.187725	2.556356906890869	2
749710	1814	6.773508	3.4478511810302734	2
910904	1996	5.185362	1.9325346946716309	2
909260	1632	3.134089	0.19034859538078308	2
687983	1083	2.44818	2.9464073181152344	2
753589	1919	3.931584	3.259235382080078	2
688086	1816	4.764163	3.956174612045288	2
1659818	1072	3.513826	2.8083853721618652	2
688013	2360	4.717664	2.6938912868499756	2
910918	1494	-4.861151	1.8312031030654907	2
910688	1089	2.005349	1.3406891822814941	2
905935	1833	3.771973	3.287257194519043	2
1240161	1048	4.647189	4.104264736175537	2
949173	1786	-0.484865	2.267272472381592	2
910781	1047	4.164645	5.257513999938965	2
905975	2113	2.905432	3.3644320964813232	2
909249	1816	3.926582	3.1447830200195312	2
1240226	1006	0.935988	3.4485487937927246	2
688023	1585	4.334859	2.901089668273926	2
753600	1033	5.304424	4.072698593139648	2
905957	1060	1.423808	3.9811103343963623	2
1240226	1941	-3.19699	2.0692546367645264	2
907170	1786	0.910059	2.267272472381592	2
906875	1624	4.574253	3.4410295486450195	2
907066	2149	4.252741	4.017494201660156	2
688031	2046	1.944838	1.860744833946228	2
909905	1838	4.040024	3.103484630584717	2
1298365	1563	6.480293	3.9854159355163574	2
1503367	2046	-0.8144	2.1601030826568604	2
906818	2106	2.37701	2.7925021648406982	2
907313	1428	5.785659	3.464498996734619	2
910853	1052	4.23532	1.800534725189209	2
910943	2159	5.765335	3.555696964263916	2
1298219	1557	5.115564	2.1312642097473145	2
906843	1047	6.336642	4.831070899963379	2
1290806	1200	0.607485	3.8850083351135254	2
1509074	2096	2.975843	3.872291088104248	2
908150	1249	4.165651	3.7637174129486084	2
1240219	1844	6.638649	4.014449119567871	2
1240121	1613	2.051627	4.104264736175537	2
1299078	1175	3.556746	3.8941831588745117	2
905946	2045	5.367185	2.417788028717041	2
1240129	2055	3.123918	3.1886796951293945	2
724872	1373	4.156325	4.044624328613281	2
1322213	1062	4.904624	3.1262028217315674	2
1297447	1833	2.629252	2.21728515625	2
753620	1924	3.241851	3.0480692386627197	2
908148	1915	2.255811	2.097069263458252	2
1240169	2003	6.075908	3.103484630584717	2
1298538	2106	0.349151	2.6956396102905273	2
907799	1624	1.641273	2.205660820007324	2
753538	1925	4.996642	4.180296897888184	2
924238	2055	0.254439	3.4504716396331787	2
910936	1072	3.363916	3.4131827354431152	2
909706	1786	5.743449	3.109683036804199	2
910702	1024	3.553047	4.089957237243652	2
906843	1014	3.246311	3.201014518737793	2
908457	1029	6.609351	2.818202495574951	2
1290798	2171	6.016075	3.1706583499908447	2
753566	1626	3.795642	3.5302202701568604	2
905950	1022	-2.380809	2.0269932746887207	2
908465	1620	5.969081	3.8687667846679688	2
905958	1629	2.390069	0.6513907313346863	2
906797	1010	3.356049	3.009068489074707	2
910079	1529	0.795728	3.80066180229187	2
713885	1502	5.343612	3.713782787322998	2
687821	1912	6.437746	2.9018750190734863	2
910934	1581	-0.331329	2.205660820007324	2
1299052	2055	3.287192	3.1306676864624023	2
907057	1512	5.219763	2.95709490776062	2
1509073	1706	2.275658	3.6333513259887695	2
909248	1561	4.215578	2.74283766746521	2
1480364	1817	-3.536987	3.117163896560669	2
687794	1932	1.308827	3.2917404174804688	2
1240217	1584	1.462631	3.241079807281494	2
909719	1925	5.079397	4.9200897216796875	2
906791	1249	4.044214	4.072698593139648	2
909748	1831	3.380863	3.3106188774108887	2
907286	2055	2.708587	4.014449119567871	2
687505	1586	4.688274	3.032808780670166	2
906839	1020	5.701998	1.6945241689682007	2
749715	1011	0.036802	1.8967971801757812	2
1480359	1786	2.778845	2.914879560470581	2
1240173	1998	5.186257	3.824535369873047	2
925348	1817	-4.30446	3.5593552589416504	2
909748	1175	4.159415	4.250611305236816	2
687997	1006	4.550287	3.368885040283203	2
1247873	1809	2.361241	3.2271382808685303	2
1295740	1131	2.249312	2.7083587646484375	2
946367	1088	5.132751	2.7633109092712402	2
1330941	1032	-2.284399	2.603236436843872	2
749710	1819	-0.52555	-0.42168959975242615	2
1240185	1058	0.243177	2.9018750190734863	2
688021	1033	6.231218	3.368885040283203	2
1290905	2011	4.371732	3.592864513397217	2
910918	1008	1.602698	1.8312031030654907	2
924241	1733	2.548969	3.3004417419433594	2
906837	1824	3.039482	3.1306676864624023	2
905948	1617	6.146941	2.181281805038452	2
1330931	1030	3.522839	2.57806396484375	2
909735	1036	3.035986	3.8230671882629395	2
1659823	1780	5.850778	3.7979280948638916	2
907786	1050	0.920289	0.09700701385736465	2
909904	1558	5.755863	3.7513816356658936	2
907318	1779	0.314897	3.2052478790283203	2
909729	1709	-2.675985	1.720274567604065	2
908124	1852	2.678691	3.4485487937927246	2
907068	1615	5.330286	2.6824488639831543	2
1298538	1586	4.448075	3.1125288009643555	2
905935	1199	5.145536	4.25765323638916	2
909905	2106	2.273073	2.503114700317383	2
1330985	1012	-0.451791	1.888496994972229	2
946367	2096	2.308521	3.737394094467163	2
909256	1866	2.127852	2.932821273803711	2
909770	2362	4.878592	2.47886323928833	2
1240170	2109	2.406353	4.030319690704346	2
1290769	1809	2.960848	2.5225629806518555	2
1240187	1012	2.460554	3.1579105854034424	2
1327771	1008	-4.513988	1.2060887813568115	2
905974	1510	4.07907	3.2215166091918945	2
907271	1581	1.711549	3.475912570953369	2
906843	1827	0.585509	3.211876630783081	2
1330931	1029	4.098778	1.8201133012771606	2
907295	2158	5.771155	3.4682846069335938	2
909706	1079	4.256232	3.4705777168273926	2
1240142	1739	2.038048	3.161406993865967	2
908130	1004	-3.321165	-0.6281037926673889	2
753552	1093	2.588333	3.1108834743499756	2
906872	2003	6.323786	2.948024272918701	2
1247873	1259	3.055829	4.728299140930176	2
687980	1190	-1.667695	2.7132444381713867	2
909749	1038	4.807248	4.259376049041748	2
905951	1593	1.738102	3.003714084625244	2
946360	1780	5.978383	3.401376485824585	2
907173	2157	6.101052	3.964359998703003	2
907170	1625	3.845465	3.4410295486450195	2
1330950	1720	-4.122898	0.36903390288352966	2
906864	1820	2.062326	3.4504716396331787	2
687596	1912	2.215931	2.710444927215576	2
910549	1052	6.091484	2.1601030826568604	2
753573	1036	3.152347	3.5495998859405518	2
1299080	1873	0.627156	2.7925021648406982	2
1297439	1038	4.125854	3.6423075199127197	2
907270	1783	4.945954	3.4285268783569336	2
907051	2173	5.162506	3.6613211631774902	2
909713	1919	3.693609	3.0428457260131836	2
1247871	1030	4.202532	2.515810012817383	2
1240217	1022	-0.20238	2.444875717163086	2
924102	1840	2.54817	3.4504716396331787	2
907285	1925	6.21644	5.343844890594482	2
908451	1630	3.308881	2.1410369873046875	2
909249	1624	-0.037135	2.6759986877441406	2
753575	1012	2.962801	3.1390774250030518	2
1331033	1915	1.668261	2.0948920249938965	2
906696	1494	-3.695934	3.005363941192627	2
905974	1249	1.938478	3.4485487937927246	2
688021	1620	6.824079	3.36733341217041	2
908118	1564	3.850066	2.827889919281006	2
1331032	1736	1.949584	2.5694947242736816	2
925338	1732	-0.010073	3.592864513397217	2
753532	1830	1.843492	3.1306676864624023	2
1674021	2157	5.154173	4.205360412597656	2
906807	1630	2.98737	2.2433815002441406	2
924108	1030	4.542984	4.250611305236816	2
687448	1853	4.94597	3.1471829414367676	2
753574	1449	7.387611	3.2052478790283203	2
908470	1840	6.288295	3.5462143421173096	2
908148	1919	0.549762	2.097069263458252	2
909718	1401	3.409637	1.9331246614456177	2
1240193	1549	4.505031	3.259235382080078	2
1299050	1593	2.351729	3.0843963623046875	2
688087	2362	3.827667	3.0480692386627197	2
908463	1091	2.197668	3.2917404174804688	2
910933	1834	0.828178	3.103484630584717	2
1290797	1011	2.075579	2.573876142501831	2
1240173	1581	3.835219	3.7844467163085938	2
908135	1053	2.833398	3.0480692386627197	2
1331055	1560	4.190524	2.6938912868499756	2
905937	2002	6.197301	3.3106188774108887	2
909751	1593	3.034596	3.1081647872924805	2
909706	2039	3.014622	3.1471829414367676	2
905945	2113	2.772648	3.056621551513672	2
906862	1017	3.525967	4.046457767486572	2
724869	1827	0.620577	4.014449119567871	2
909725	1625	5.059629	3.534590721130371	2
687777	1836	3.197002	3.3559889793395996	2
909975	1561	2.659087	2.710444927215576	2
909757	2047	2.22198	2.5397520065307617	2
910947	1853	2.956544	1.888496994972229	2
908122	1941	-4.824548	1.8967971801757812	2
1240178	1634	5.239634	5.759228706359863	2
753556	2170	4.519923	2.6956396102905273	2
753578	1058	1.185259	2.56021785736084	2
909762	1786	1.491063	2.0477497577667236	2
724828	1008	1.552008	1.4793741703033447	2
753534	1849	-0.352078	2.1312642097473145	2
905984	1558	2.459709	3.0128138065338135	2
910932	1046	2.118456	1.800534725189209	2
1303901	1927	4.970449	3.3004417419433594	2
1298222	1073	6.232376	3.80066180229187	2
908121	1581	1.938435	3.5154032707214355	2
749712	1924	1.670712	2.417788028717041	2
1295740	1806	2.813936	1.4750429391860962	2
1295740	1926	1.911467	1.497285008430481	2
753608	1931	6.452257	5.33085823059082	2
1330931	1832	1.957003	2.2286620140075684	2
909773	1802	2.632232	2.3220458030700684	2
946359	1259	6.508458	4.046457767486572	2
906871	1998	3.089452	3.4691457748413086	2
1240169	1003	-0.295973	2.7633109092712402	2
909260	2360	4.169501	1.497285008430481	2
1298350	2113	3.347439	3.3559889793395996	2
909757	1564	1.099024	2.5397520065307617	2
910079	1849	-0.067909	2.211073398590088	2
753612	1852	5.732776	2.8083853721618652	2
1240217	1068	-0.581004	2.6009881496429443	2
910781	1825	-0.103949	3.2956957817077637	2
907790	1922	1.319057	2.818202495574951	2
911905	1507	7.289125	3.401376485824585	2
910936	2154	3.382983	3.698479413986206	2
724839	1817	-3.038063	3.032808780670166	2
910689	1034	1.838971	2.818202495574951	2
909728	2039	4.253473	3.1125288009643555	2
908475	1008	-0.993821	3.2271382808685303	2
1298169	1598	4.638119	3.883812189102173	2
1240154	1812	-0.389785	3.005363941192627	2
910916	1051	-1.894215	-2.2185704708099365	2
909713	1199	5.095358	4.0441999435424805	2
910079	1561	0.412331	2.7757787704467773	2
1659929	1175	4.25687	4.250611305236816	2
910691	2048	-2.952409	-0.6281037926673889	2
910911	1635	5.773624	3.4131827354431152	2
1330942	1706	1.777918	1.838962435722351	2
908473	2038	5.223278	4.302274227142334	2
687815	1020	4.197579	2.375737428665161	2
905938	1924	2.421961	2.02716326713562	2
906795	1776	4.889996	3.60335111618042	2
906837	1809	1.59128	2.701470375061035	2
724869	1586	4.92535	3.5593552589416504	2
1298169	1821	3.520325	3.2881994247436523	2
908448	1016	0.285086	2.02716326713562	2
724878	1614	6.650703	3.580413341522217	2
905970	1564	1.835754	3.3343019485473633	2
909975	1030	5.812685	4.248467445373535	2
1240185	1786	2.447475	3.0479609966278076	2
910931	1023	3.630466	3.0479609966278076	2
907314	1026	1.994459	1.3336224555969238	2
905968	1024	-0.550663	3.401376485824585	2
910548	1549	4.356803	2.8092408180236816	2
1509073	1626	2.655307	3.6333513259887695	2
910903	1046	1.117681	1.800534725189209	2
909747	1622	5.988953	3.9262707233428955	2
910937	1069	3.205231	3.1230547428131104	2
1330972	1910	-0.634681	1.8649051189422607	2
687980	1930	0.228938	3.6423075199127197	2
1299062	1718	5.956869	3.3004417419433594	2
1330941	1927	4.508285	3.2988181114196777	2
1240172	1268	4.471655	3.6898255348205566	2
905956	1778	4.451234	2.7925021648406982	2
749711	1927	4.726067	3.2988181114196777	2
949176	1058	1.59995	3.0480692386627197	2
907787	2158	1.014731	2.5602264404296875	2
906843	1940	3.237895	3.825383424758911	2
905983	1919	2.841872	3.0478596687316895	2
909697	1085	2.563337	3.1114273071289062	2
1290455	1625	1.960619	1.838962435722351	2
906843	1561	1.465924	2.6824488639831543	2
1298348	1783	6.332507	4.072698593139648	2
907285	1908	2.392493	3.7378225326538086	2
1247871	1059	-0.310414	1.497285008430481	2
908451	1191	-4.182256	0.3122183382511139	2
753600	2439	9.933906	4.072698593139648	2
946377	1564	4.299603	3.737394094467163	2
910952	1912	0.256434	2.56021785736084	2
907286	1912	3.708165	3.61977481842041	2
905967	1708	-0.811707	2.354168653488159	2
1479987	1732	4.568079	3.65079665184021	2
905951	2158	3.500286	3.692488193511963	2
749712	1925	5.794724	4.174524784088135	2
1524414	1060	1.851255	3.872291088104248	2
909784	1034	-2.181466	3.109683036804199	2
1295740	1915	2.203446	2.52071475982666	2
907285	1510	4.163945	4.02330207824707	2
1298160	1862	-1.376471	1.9100738763809204	2
946353	1615	5.594791	2.7757787704467773	2
906696	1529	-0.051679	3.965291976928711	2
906828	1564	2.03834	3.480217456817627	2
1290908	1237	5.105997	4.302274227142334	2
1299070	1812	2.484513	2.8502869606018066	2
687562	1852	4.428182	3.464498996734619	2
907274	1088	1.907661	1.8312031030654907	2
906877	1494	-5.384301	1.4750429391860962	2
687800	1017	5.184707	4.728299140930176	2
910899	2175	5.663109	3.9786629676818848	2
1290724	2043	4.336799	4.104264736175537	2
907320	1629	4.327877	1.7806390523910522	2
909738	1814	7.553809	2.95709490776062	2
917486	1584	3.577146	3.1081647872924805	2
905948	1583	2.462519	3.8690497875213623	2
908462	1004	-5.547894	-0.616442084312439	2
753615	1038	4.418225	2.8856778144836426	2
905975	1635	5.467694	3.4485487937927246	2
1659928	2037	4.110609	4.205360412597656	2
909740	2109	3.362117	3.9262707233428955	2
907790	1177	4.816862	4.250611305236816	2
946363	1034	-3.778078	2.267272472381592	2
909744	1089	2.850519	1.2946690320968628	2
1240222	1634	5.318493	5.1949944496154785	2
905990	1802	4.351762	3.65079665184021	2
753554	1617	3.775862	2.2973504066467285	2
906834	1510	2.386212	2.848055362701416	2
909770	1786	3.183974	2.912219524383545	2
906790	1010	2.697324	2.642428398132324	2
1240226	1168	3.419958	3.0428457260131836	2
1298350	1180	-2.456495	2.354168653488159	2
906868	1919	3.414391	3.0128138065338135	2
753559	2175	4.935644	4.036080360412598	2
910948	1930	0.625149	4.046457767486572	2
908447	1933	4.473872	1.3336224555969238	2
1240174	1911	-4.403463	3.7575621604919434	2
908461	1560	0.349645	2.47886323928833	2
908145	1062	3.304536	3.582423686981201	2
910567	2171	1.509864	1.9400805234909058	2
908451	1042	4.960509	3.9482030868530273	2
1297447	1932	1.638293	2.2778637409210205	2
910921	1854	5.126457	3.9328598976135254	2
908120	1026	-0.388068	2.071817398071289	2
910911	1512	5.726808	2.701470375061035	2
908129	1559	-1.226229	1.8510396480560303	2
1327775	2000	3.893465	2.21728515625	2
753566	1862	-1.075761	1.574694275856018	2
688006	1625	5.375986	3.36733341217041	2
687798	2111	3.403712	4.728299140930176	2
946359	1557	4.866383	1.8967971801757812	2
1295740	1714	2.919232	2.8037359714508057	2
910700	2003	6.587588	3.3106188774108887	2
688013	1191	-5.724795	2.1438417434692383	2
906813	1131	5.283515	4.1534647941589355	2
910951	2040	-2.371284	1.8201133012771606	2
1327766	1026	-0.344152	0.8455862998962402	2
910937	1908	4.281388	4.044624328613281	2
908440	1997	1.551953	1.5589498281478882	2
906825	1192	1.450713	3.2476460933685303	2
909249	1401	0.507727	0.24371567368507385	2
724839	1059	2.810453	2.6824488639831543	2
905980	1706	0.480448	3.6333513259887695	2
1298160	1190	-0.196391	2.6337828636169434	2
687985	1583	2.749189	3.4682846069335938	2
905960	2111	3.541615	4.046457767486572	2
1240223	1909	3.614123	2.3550686836242676	2
688027	1080	-4.920125	-1.7665692567825317	2
722045	1507	4.225163	3.580413341522217	2
910710	1563	4.103896	2.814507007598877	2
905971	1378	4.241124	2.5225629806518555	2
906872	1014	1.419188	2.827889919281006	2
753569	1580	5.130526	3.4041669368743896	2
1327773	1615	4.344217	1.5356042385101318	2
909194	2170	2.292015	2.6938912868499756	2
1503371	1560	3.086497	2.7757787704467773	2
909708	1558	1.84906	2.1840455532073975	2
908144	2113	3.738739	3.1426734924316406	2
910918	2048	-5.869267	-2.830533742904663	2
949153	1026	0.352571	0.6513907313346863	2
909740	1843	1.338656	2.5225629806518555	2
906863	2158	3.770295	3.698479413986206	2
906872	1401	4.743389	1.4015651941299438	2
753622	1018	4.88738	4.58538818359375	2
905986	2057	6.587445	3.103484630584717	2
1480367	1250	0.539582	3.401376485824585	2
753584	1149	0.331089	2.060563325881958	2
1327766	1806	4.123034	2.0213046073913574	2
1240181	1930	-1.046954	2.9475975036621094	2
1240187	1847	-0.446677	3.3559889793395996	2
1299059	2362	4.882051	2.6165659427642822	2
949171	1583	2.521927	3.92257022857666	2
908139	1720	4.940966	1.801422119140625	2
909748	1049	3.853463	2.818202495574951	2
1303897	2046	0.982496	0.19260260462760925	2
1480359	1625	4.174786	3.534555435180664	2
1330991	1259	1.46636	2.234562397003174	2
1299080	1918	3.381605	2.7925021648406982	2
907068	1828	4.279182	3.211876630783081	2
749715	2046	3.922888	1.8182191848754883	2
910900	1507	4.813402	3.580413341522217	2
1509074	1053	0.793367	2.56021785736084	2
687563	2107	5.795873	2.503114700317383	2
905977	1873	1.94503	2.7925021648406982	2
753581	1529	3.670932	3.4485487937927246	2
905951	1011	1.113677	1.8967971801757812	2
906875	1005	1.795832	1.4793741703033447	2
724866	1780	6.826548	3.580413341522217	2
753623	1593	1.757076	3.1390774250030518	2
910780	1824	1.766491	2.948024272918701	2
1322224	1032	1.096907	2.642428398132324	2
906842	1428	2.88113	2.3220458030700684	2
905981	1557	5.213337	2.181281805038452	2
1524418	1085	3.166606	3.2709736824035645	2
687787	1820	1.897601	3.2533516883850098	2
906746	1011	4.547536	1.8820581436157227	2
909753	1580	6.405442	3.534555435180664	2
905972	1510	6.154192	3.2917404174804688	2
1503366	2055	3.69487	3.3771281242370605	2
1240217	1618	3.764336	7.277876377105713	2
724828	1557	3.615688	1.5589498281478882	2
910544	1025	3.212248	3.1384077072143555	2
1299080	1190	-1.060876	2.6337828636169434	2
906746	1940	4.955206	4.030319690704346	2
688031	1003	-2.797081	2.7132444381713867	2
1240190	1709	-2.982173	2.354168653488159	2
906808	1373	5.789122	4.044624328613281	2
1298365	1237	6.678068	3.9854159355163574	2
907280	2112	1.400562	2.0042972564697266	2
946382	1018	4.731821	4.046457767486572	2
949178	1930	-1.228322	2.9475975036621094	2
1330950	1830	2.506097	2.21728515625	2
687802	1786	4.068397	3.0479609966278076	2
687787	1833	2.035156	3.2533516883850098	2
906868	1785	5.472445	3.4691457748413086	2
998189	1862	-1.03386	1.5363951921463013	2
910944	1853	2.668525	1.9869829416275024	2
1509073	1249	2.326632	3.7853732109069824	2
1298347	1831	3.598444	3.3559889793395996	2
713878	1845	-2.193591	3.1048357486724854	2
924239	1086	-4.222187	0.24371567368507385	2
906835	1783	7.507597	3.464498996734619	2
910936	1634	4.348612	5.434010982513428	2
906693	1020	5.706905	2.5181288719177246	2
688018	1441	6.178841	2.6938912868499756	2
1331055	1038	4.260345	3.6423075199127197	2
1240169	1806	6.291594	2.7633109092712402	2
910567	1560	3.703773	3.0480692386627197	2
1240145	1047	5.164956	5.33085823059082	2
1480362	1815	5.560744	3.65079665184021	2
909260	1998	3.905479	2.5404491424560547	2
907051	1199	4.19236	4.642730712890625	2
753594	1003	-2.424571	2.7132444381713867	2
906842	1032	0.671661	2.0948920249938965	2
749716	1029	5.168532	3.276992082595825	2
907173	1936	3.788806	3.3139562606811523	2
1298168	1594	2.317284	2.56021785736084	2
924240	1249	5.210487	3.592864513397217	2
724825	1617	-0.853811	0.36903390288352966	2
909974	1057	-0.565836	2.56021785736084	2
1240189	1622	3.06843	3.9786629676818848	2
1298353	2175	5.725779	3.939302682876587	2
1327771	1844	2.367737	2.2286620140075684	2
905938	2011	3.228514	1.867920994758606	2
1331045	1088	1.530555	1.8312031030654907	2
908469	2171	1.209066	2.8222789764404297	2
909718	1428	5.445389	3.824535369873047	2
909746	1631	5.678798	3.7979280948638916	2
1240209	1549	2.017082	2.642428398132324	2
724874	1016	3.121013	2.9018750190734863	2
753569	1819	2.482721	0.8965409398078918	2
1240186	1557	5.067208	1.8649051189422607	2
908125	1834	2.467579	3.3644320964813232	2
688026	1080	-3.097479	-1.7665692567825317	2
908442	1024	-0.717675	3.7979280948638916	2
1659928	1179	-0.377996	1.9331246614456177	2
1298134	1713	3.01858	3.201014518737793	2
753565	1131	4.573878	4.010108947753906	2
1503371	1825	-1.237317	3.3771281242370605	2
906821	1401	2.391832	2.440638780593872	2
907311	1909	1.208494	0.6324009299278259	2
924240	1149	0.933639	1.8967971801757812	2
1330984	1052	0.714189	0.19260260462760925	2
906863	1583	2.19768	3.698479413986206	2
687798	2156	4.082274	4.072698593139648	2
906818	1580	4.070964	3.534590721130371	2
687802	1559	0.247183	2.556356906890869	2
907786	1067	5.211839	2.354168653488159	2
1290922	1733	2.7345	3.2988181114196777	2
909709	1372	-0.163582	3.045525074005127	2
749712	2359	4.908895	3.592864513397217	2
924250	1919	0.972761	2.642428398132324	2
753533	2043	5.542461	4.356588840484619	2
908150	1179	0.839316	2.2015585899353027	2
907062	2003	5.533166	3.1306676864624023	2
687802	1713	4.027054	3.3343019485473633	2
924106	1059	-2.051496	2.417788028717041	2
1327775	1022	-0.124199	0.24371567368507385	2
906696	1829	3.422148	3.4504716396331787	2
1240193	2045	3.370841	2.6938912868499756	2
753579	1061	5.372258	0.6040764451026917	2
905954	1268	4.339349	3.9328598976135254	2
753552	1190	-4.388401	2.563516139984131	2
1240186	1449	5.734115	3.3004417419433594	2
905962	1916	5.087682	3.7979280948638916	2
946353	1809	0.602392	2.7742834091186523	2
1330931	1032	1.278999	2.6525821685791016	2
910850	1926	1.98288	3.363521099090576	2
908468	2171	1.611325	2.8222789764404297	2
1503361	1708	-1.071683	2.1601030826568604	2
910931	1237	5.14534	4.302274227142334	2
905939	1940	4.315384	3.9262707233428955	2
907287	1824	3.592255	3.3106188774108887	2
1524416	2010	5.037209	3.2881994247436523	2
687586	1168	3.806306	3.0478596687316895	2
1480358	1622	6.170657	3.880520820617676	2
907274	1784	5.3698	2.351832389831543	2
1503363	1847	0.121266	3.3771281242370605	2
906830	1248	0.952991	3.98714017868042	2
907289	1853	2.984046	3.1081647872924805	2
1330942	1576	2.754384	2.6510958671569824	2
907783	1038	2.768097	2.57806396484375	2
1330995	1806	2.447027	1.8312031030654907	2
753595	1510	5.701317	4.02330207824707	2
908443	1712	-4.197431	3.588823080062866	2
687448	1401	4.519751	1.800534725189209	2
753615	1708	-0.515816	0.24371567368507385	2
909719	1080	-3.661307	-1.072039246559143	2
949088	1096	-1.290552	-2.830533742904663	2
906834	1237	3.501175	3.5589439868927	2
910934	2003	4.545193	2.351832389831543	2
908129	1922	2.470572	3.0109148025512695	2
909904	1038	7.163961	5.25472354888916	2
1240127	1713	4.886214	3.8230671882629395	2
949173	1200	1.436123	3.956174612045288	2
1303911	1559	-2.077672	2.071817398071289	2
909774	2106	3.588481	2.710444927215576	2
905936	2111	5.184086	4.250611305236816	2
909905	1581	1.849523	3.474846363067627	2
946355	1088	4.529861	2.7742834091186523	2
1503370	1922	1.293267	3.0479609966278076	2
908465	1025	6.034631	4.023892879486084	2
1327766	2170	2.580663	1.486049771308899	2
1509074	2172	4.343805	3.6333513259887695	2
1330993	1998	5.227636	3.738708257675171	2
905935	1248	-4.413142	4.508251190185547	2
925348	1810	2.809101	3.502922534942627	2
908120	2043	6.756875	4.046457767486572	2
1240192	1720	3.40111	1.8649051189422607	2
924100	2047	2.90916	3.546922206878662	2
907045	1999	2.746073	3.056621551513672	2
909709	2111	5.666683	4.104264736175537	2
906871	1062	4.761572	3.582423686981201	2
1298358	1191	-1.7845	1.6627494096755981	2
749714	1085	4.041312	3.2988181114196777	2
946353	1583	2.907781	4.000457763671875	2
724878	1079	2.83153	3.580413341522217	2
687980	1720	2.908466	1.8649051189422607	2
925338	1073	3.488838	3.592864513397217	2
1299062	1580	5.087598	3.36733341217041	2
925340	1010	4.692637	2.642428398132324	2
753534	1558	2.47837	2.746389865875244	2
905974	2173	3.681976	3.534590721130371	2
910549	1259	2.220934	4.58538818359375	2
1330948	1067	3.503226	0.3575851023197174	2
949154	1564	1.992897	3.201014518737793	2
905980	1083	5.944886	3.3119115829467773	2
1240179	1069	3.793603	3.2484683990478516	2
910687	1512	4.498884	1.4750429391860962	2
946355	2047	3.798	3.5495998859405518	2
906801	1083	4.540035	3.276992082595825	2
687459	2038	5.608038	4.017494201660156	2
905964	1175	2.859008	2.8856778144836426	2
753583	1780	6.170355	2.979428768157959	2
1327773	1614	2.42061	2.2433815002441406	2
1303897	1821	3.26392	2.351832389831543	2
925347	1827	2.52782	4.014449119567871	2
1503370	1583	3.276289	4.302274227142334	2
753594	1919	2.176117	3.259235382080078	2
908146	1033	4.2485	2.5404491424560547	2
906839	1866	3.497649	3.1033830642700195	2
949154	2174	2.659756	3.6001555919647217	2
909708	1593	1.473723	3.0843963623046875	2
1298218	1941	-2.959584	2.573876142501831	2
1240129	1030	5.390366	4.045094013214111	2
907169	1022	1.009669	1.800534725189209	2
1331035	1008	2.064859	1.8312031030654907	2
688011	1928	5.086156	3.36733341217041	2
1299070	1032	2.178089	2.8092408180236816	2
1330941	1131	3.011588	4.514813423156738	2
908447	1034	-4.352348	2.267272472381592	2
687588	1809	0.953932	2.7633109092712402	2
909746	1072	5.517367	3.824535369873047	2
688023	1915	2.251156	3.259235382080078	2
907277	1034	-4.253008	2.0477497577667236	2
908463	1061	6.530167	3.3343019485473633	2
906839	1049	2.84761	2.92429256439209	2
1303897	1626	5.703358	2.205660820007324	2
906797	2096	3.85373	3.2432336807250977	2
1331037	2043	3.68114	2.3792762756347656	2
753551	1069	3.997421	3.1230547428131104	2
908122	1032	1.31167	2.603236436843872	2
753547	1017	3.484266	3.6423075199127197	2
946360	1093	4.825657	3.0044848918914795	2
925340	1559	-1.907201	1.6627494096755981	2
906696	1021	4.623257	3.307502269744873	2
910922	1996	4.918547	2.181281805038452	2
910943	1559	-1.442319	1.6945241689682007	2
910904	1630	3.631245	2.979428768157959	2
753552	1580	5.761899	3.5302202701568604	2
1524417	1563	5.249827	3.8690497875213623	2
1298529	2170	5.13117	2.6165659427642822	2
910544	1621	4.16246	1.9188742637634277	2
906763	2106	3.096044	1.497285008430481	2
910548	2157	5.136871	3.9854159355163574	2
1660035	1004	-1.743355	-1.584859848022461	2
908141	1621	2.130907	1.888496994972229	2
906793	1564	-0.905645	0.6040764451026917	2
910692	1052	5.657908	1.860744833946228	2
687800	1050	5.770306	0.09700701385736465	2
1298218	1814	6.337534	3.502922534942627	2
1299081	1621	4.4225	3.1471829414367676	2
946359	1043	5.966433	5.181734085083008	2
688010	1004	-4.358418	-1.7665692567825317	2
1298365	1635	6.049053	3.65079665184021	2
909248	1585	4.618956	3.009404182434082	2
908129	2361	5.683741	2.713179588317871	2
907173	1250	0.024184	3.4263081550598145	2
906763	2109	1.276229	2.7153878211975098	2
753548	1237	3.79349	2.3004226684570312	2
1299075	1718	4.392899	3.4528722763061523	2
753554	1084	-1.956293	2.6956396102905273	2
1480358	1634	5.383789	5.1949944496154785	2
909718	1718	4.985161	3.7979280948638916	2
1331036	1732	3.256835	2.3220458030700684	2
1298348	1030	4.51168	4.728299140930176	2
1298157	1373	5.75924	3.9811103343963623	2
909744	1378	0.950796	1.2946690320968628	2
910935	1043	4.335133	3.4745616912841797	2
911905	1739	5.924718	3.401376485824585	2
909252	1023	1.862286	2.0477497577667236	2
908130	1918	4.675798	2.713179588317871	2
905962	1708	-0.860881	1.9331246614456177	2
1503367	1558	4.029165	2.285017490386963	2
687448	1831	5.461808	3.3644320964813232	2
908483	1510	2.696238	2.8222789764404297	2
724868	1052	2.491096	2.354168653488159	2
910549	2439	9.842837	3.80066180229187	2
949094	2360	5.754354	2.503114700317383	2
906875	1853	5.057781	2.4024884700775146	2
1298358	1803	4.483687	3.003589630126953	2
905986	2149	0.804169	3.555696964263916	2
1299078	1086	0.771776	1.800534725189209	2
905981	1598	4.890145	3.883812189102173	2
930298	1239	2.748504	3.6001555919647217	2
909774	1827	1.990208	3.188258171081543	2
753623	2037	5.670606	4.000457763671875	2
753541	2157	5.113003	3.698479413986206	2
1660036	1093	4.818778	3.1070804595947266	2
905975	1832	4.399944	3.3644320964813232	2
1659823	1032	0.642267	2.932359218597412	2
1298167	1916	2.18332	3.734954833984375	2
687985	1079	3.040542	3.3004417419433594	2
908139	1583	3.616307	3.409939765930176	2
909774	1494	-5.811514	2.785883903503418	2
907799	1008	1.451671	1.8312031030654907	2
724834	1811	-0.652008	4.072698593139648	2
909770	1922	4.437046	2.912219524383545	2
905964	1831	3.157401	2.21728515625	2
930083	1839	5.634011	3.4504716396331787	2
1331036	1582	2.966918	2.317138195037842	2
907790	1003	-3.043928	2.5225629806518555	2
753578	1933	2.389009	1.895286202430725	2
1674021	2048	-4.6622	-1.584859848022461	2
687819	2498	8.355546	6.012621879577637	2
906877	2040	0.631557	2.0477497577667236	2
1503371	1706	3.10175	3.622166395187378	2
908139	1634	3.927683	5.852713584899902	2
1480371	1821	3.851195	3.1886796951293945	2
909263	1930	0.919877	4.250611305236816	2
905950	1930	-0.015485	4.356588840484619	2
687448	2040	1.095208	3.109683036804199	2
905934	1029	6.655865	3.5000216960906982	2
1660035	1080	-0.788096	-1.584859848022461	2
1674021	1049	3.469702	2.818202495574951	2
905969	1558	3.93533	2.8092408180236816	2
910554	2158	4.190948	4.205360412597656	2
905938	2156	0.918406	1.867920994758606	2
1298167	1023	3.026971	3.307502269744873	2
1330931	1732	4.471344	2.6716136932373047	2
908141	1910	-2.71949	0.46359196305274963	2
1240168	1023	3.410246	2.92429256439209	2
905971	1005	2.931956	2.5225629806518555	2
1479987	1873	1.212378	2.798353433609009	2
908121	1069	3.153338	2.932821273803711	2
910936	1779	1.177709	2.979428768157959	2
946358	1093	4.72376	1.9862221479415894	2
908451	1449	4.343281	2.1410369873046875	2
908150	1712	-1.357584	3.7637174129486084	2
687505	1248	-5.521244	5.051694869995117	2
906820	1629	4.777287	1.3336224555969238	2
1240160	1624	4.378973	3.8881804943084717	2
905949	1831	3.469616	3.3559889793395996	2
724839	2112	3.265685	3.211876630783081	2
1303900	1016	0.888269	2.417788028717041	2
910691	1586	4.269602	3.082284688949585	2
1331048	1511	-3.819138	1.8312031030654907	2
1240209	2438	7.222789	3.2599143981933594	2
905954	2043	4.82418	3.8941831588745117	2
907055	1005	3.197647	2.8141465187072754	2
1331045	1808	-2.273039	1.8312031030654907	2
909746	1913	4.926126	5.260358810424805	2
1298526	1036	5.456817	3.7378225326538086	2
1303901	1852	4.369057	3.368885040283203	2
1331037	1913	3.363763	2.347485303878784	2
722066	1583	2.613746	4.302274227142334	2
906792	1047	5.102993	4.1534647941589355	2
1298475	1915	2.822703	3.7513816356658936	2
908451	1621	4.885626	1.888496994972229	2
724874	1030	6.650383	4.728299140930176	2
910861	1849	-1.628249	0.4715093672275543	2
946353	1038	3.974506	4.58538818359375	2
906765	1941	-5.324813	0.36903390288352966	2
1327775	1237	4.04497	2.7997803688049316	2
1298353	1168	4.090141	2.746389865875244	2
1240125	1799	3.635815	3.4705777168273926	2
909248	1847	6.627174	3.1348352432250977	2
1480371	1810	0.504836	2.8502869606018066	2
1298222	1927	4.44158	3.2052478790283203	2
1297439	1133	3.522588	4.010108947753906	2
949175	1557	4.673149	1.5589498281478882	2
909757	1730	3.326273	3.4992470741271973	2
1299059	1529	-0.485941	3.4131827354431152	2
687588	1936	1.466805	2.92429256439209	2
909697	1586	3.189641	2.981165885925293	2
909723	1996	5.898324	2.0692546367645264	2
1330964	1511	-0.446477	2.7132444381713867	2
753589	1840	5.780024	3.1048357486724854	2
905972	1011	5.428273	2.476752758026123	2
1299081	1624	2.870218	3.534590721130371	2
910932	2361	3.993398	2.7925021648406982	2
910944	1713	2.334708	2.8037359714508057	2
910930	1084	-3.161521	1.5356042385101318	2
906808	1932	2.024874	2.8222789764404297	2
910850	1084	0.290925	3.363521099090576	2
1240162	1833	4.069196	3.1306676864624023	2
753576	1614	5.157212	3.2052478790283203	2
1298350	2037	3.80381	4.302274227142334	2
909784	1059	-0.523237	2.7925021648406982	2
909715	1913	2.948884	3.707630157470703	2
687816	1849	-0.69731	2.476752758026123	2
1509073	1713	3.471963	3.872291088104248	2
906869	1830	3.168169	3.003589630126953	2
910545	1243	1.218649	1.867920994758606	2
909704	1022	-0.03275	1.9871670007705688	2
907300	1038	2.369006	2.234562397003174	2
1240179	1783	4.906451	3.6001555919647217	2
946366	1022	0.896027	1.720274567604065	2
905936	1237	5.075406	4.205360412597656	2
1303897	1917	0.314215	2.3792762756347656	2
749711	1030	4.992838	4.046457767486572	2
749709	1778	0.296546	2.417788028717041	2
905959	1826	3.130392	3.1886796951293945	2
906797	1561	2.343106	3.292959690093994	2
909704	2055	2.629276	3.283419132232666	2
906862	2109	1.54099	3.6898255348205566	2
910704	1559	-1.847079	2.071817398071289	2
949090	1512	5.961025	2.8502869606018066	2
1298157	1932	4.410072	3.1706583499908447	2
753554	1581	1.678086	3.4041669368743896	2
924240	1091	4.386501	3.1706583499908447	2
1330950	2038	1.325295	2.7997803688049316	2
905956	1083	4.134849	3.109683036804199	2
1330941	1913	3.581352	5.174834728240967	2
998189	1821	4.551284	3.3106188774108887	2
906863	1561	0.993182	2.6165659427642822	2
1298219	1824	2.696665	3.188258171081543	2
907071	1091	2.448821	3.2638888359069824	2
688086	1928	5.157427	3.4410295486450195	2
907285	1086	2.472593	2.440638780593872	2
1303897	1932	4.271922	2.1859540939331055	2
909904	1083	4.036192	3.8027219772338867	2
949176	1009	5.970871	3.75933837890625	2
1240197	1072	5.881189	3.65079665184021	2
910911	1021	3.905169	2.753049373626709	2
910569	1011	3.010412	2.231558322906494	2
753574	2057	7.017504	3.3771281242370605	2
906820	2438	10.629426	3.75933837890625	2
906805	1932	1.551329	3.2917404174804688	2
905958	1825	-0.306661	2.1339573860168457	2
909704	1936	3.067563	2.7999441623687744	2
906864	1812	3.309676	3.005363941192627	2
907300	1940	2.729665	2.6510958671569824	2
908148	1932	0.557813	1.792981743812561	2
946353	1047	5.478192	5.235250473022461	2
1298362	1032	1.815666	2.1840455532073975	2
1240201	1375	6.056579	3.502922534942627	2
910947	1563	4.416003	2.3004226684570312	2
713878	1463	5.529624	2.9464073181152344	2
905984	1849	-1.447103	1.781980037689209	2
910919	1007	-5.972264	-2.830533742904663	2
753608	1720	7.399613	2.476752758026123	2
949171	1836	2.55865	2.948024272918701	2
909757	1615	6.037017	3.0788259506225586	2
907281	1831	2.659608	2.21728515625	2
910691	1940	5.181622	4.009432315826416	2
909718	1004	-5.672442	-1.584859848022461	2
909715	1032	0.721088	2.097069263458252	2
905961	1026	-2.248012	1.5363951921463013	2
1240169	1510	4.453857	3.0367894172668457	2
906817	1529	4.128031	3.80066180229187	2
1298216	1034	-2.025893	3.8027219772338867	2
753600	1621	3.865929	3.1579105854034424	2
910691	2112	1.595081	3.2956957817077637	2
909744	1820	3.959242	2.1263718605041504	2
910567	1613	0.500996	2.9475975036621094	2
910687	1019	0.993897	2.660465717315674	2
753588	1024	-0.510435	3.3004417419433594	2
1240201	2499	10.378344	5.943361282348633	2
1480371	1511	-2.312039	2.8502869606018066	2
907066	1050	5.489629	-1.835437536239624	2
1330948	1191	-5.445009	0.3122183382511139	2
1330993	1996	4.826512	2.862046003341675	2
905956	1780	5.935089	3.4705777168273926	2
1240129	2170	2.842907	2.798353433609009	2
687995	2047	3.28906	4.044624328613281	2
925347	1996	5.774377	2.573876142501831	2
909975	1799	5.61854	3.3687214851379395	2
905951	1925	5.809432	4.174524784088135	2
907278	1629	4.493889	0.3122183382511139	2
907058	1631	2.585616	3.4705777168273926	2
906872	1047	2.878715	3.9828407764434814	2
724866	1237	5.780576	4.302274227142334	2
907794	1062	1.263838	2.5397520065307617	2
687816	1716	5.880683	3.580413341522217	2
1290724	1068	0.375891	1.9325346946716309	2
909771	1073	1.49454	1.867920994758606	2
1298219	1073	4.949616	3.6280102729797363	2
909708	1913	5.590157	5.434010982513428	2
1299062	1809	1.354889	2.7132444381713867	2
1503366	2109	3.067717	4.036080360412598	2
909749	1815	6.712711	3.579794406890869	2
910934	1832	3.257999	2.351832389831543	2
907792	1804	-0.98998	3.3106188774108887	2
910567	1852	3.552434	3.75933837890625	2
749709	1052	4.013818	1.8182191848754883	2
1298146	2110	5.569971	4.209305286407471	2
908125	1844	3.196349	3.3644320964813232	2
908455	1709	-2.069918	1.5188997983932495	2
1240223	1734	2.787424	3.965291976928711	2
1240187	1634	4.493265	6.012621879577637	2
749713	1375	7.328043	3.4478511810302734	2
909744	2047	-1.023258	2.46551513671875	2
909721	1067	7.677342	2.354168653488159	2
753615	1507	5.040799	2.828261137008667	2
910933	1924	5.710908	2.503114700317383	2
906871	1560	3.451099	2.5251822471618652	2
1240121	1079	0.687387	2.979428768157959	2
1298357	1939	7.147955	1.801422119140625	2
908135	1024	-1.246057	3.7609074115753174	2
908139	1088	5.732172	2.8141465187072754	2
1330950	1832	3.603301	2.21728515625	2
905939	1998	4.495879	3.824535369873047	2
907269	1782	3.713632	3.4285268783569336	2
905939	1831	3.743763	3.3106188774108887	2
1240189	1786	1.065142	2.9464073181152344	2
1240201	1059	0.002418	3.61977481842041	2
909738	1852	6.5158	3.820511817932129	2
909713	1844	3.960229	3.3644320964813232	2
753552	1930	-0.708187	4.259376049041748	2
908443	2499	10.815499	6.167717933654785	2
908447	1998	5.255088	3.75933837890625	2
909263	1190	1.849566	2.5225629806518555	2
910899	1170	3.333483	2.1438417434692383	2
908135	1052	1.117013	1.4015651941299438	2
908121	1026	-3.11997	2.071817398071289	2
1298357	1576	4.804842	3.5480756759643555	2
907789	2158	3.481163	2.5602264404296875	2
687590	1776	4.239415	3.1033830642700195	2
909718	1237	5.494778	4.205360412597656	2
1331050	1034	-3.758167	2.272994041442871	2
949093	2039	5.839127	3.003714084625244	2
1330983	1843	-2.049843	1.3406891822814941	2
905952	1862	-2.59365	0.6513907313346863	2
906791	1511	-1.645609	3.2271382808685303	2
907318	1510	3.770597	3.100945472717285	2
1299064	2055	2.951812	3.3771281242370605	2
907169	1068	-0.802905	2.0692546367645264	2
1303900	1849	-0.714955	1.8967971801757812	2
908476	1936	-2.995697	3.0479609966278076	2
906821	1046	3.396007	2.440638780593872	2
724866	1048	4.403288	4.728299140930176	2
909728	1738	2.587039	3.037623882293701	2
907055	1598	3.527117	3.5480756759643555	2
910900	1786	3.097344	3.0479609966278076	2
687997	1838	4.239024	3.1048357486724854	2
1240218	1799	5.454893	4.089957237243652	2
1503363	1803	2.493651	3.3771281242370605	2
908139	1018	5.957819	3.5688118934631348	2
905968	1046	1.715173	2.177180290222168	2
908147	1855	2.72495	2.8037359714508057	2
1503363	1834	3.289605	3.3771281242370605	2
910937	1088	-0.838153	2.7132444381713867	2
753569	1584	2.649926	3.1125288009643555	2
909252	1086	-3.956019	0.19034859538078308	2
1298168	1084	-3.034625	2.56021785736084	2
909904	1248	-5.131561	5.943361282348633	2
1331034	2169	1.221406	1.5356042385101318	2
907317	1003	-2.695714	2.7742834091186523	2
905951	1824	2.557263	3.056621551513672	2
907282	1011	4.072339	1.781980037689209	2
1298365	1089	3.632804	2.8502869606018066	2
905949	1626	1.100481	3.8687667846679688	2
1299075	1734	3.064811	3.738708257675171	2
909250	1635	6.388484	3.7853732109069824	2
907055	2360	3.747451	2.47886323928833	2
713878	2043	5.593582	3.6423075199127197	2
925346	2011	5.623527	4.536198616027832	2
905986	1085	2.841343	3.3261687755584717	2
724869	1706	3.603636	4.344647407531738	2
907278	1838	3.758413	2.0042972564697266	2
910932	2172	2.893157	3.534590721130371	2
907170	1631	4.217034	3.7609074115753174	2
1327768	1037	1.284808	2.2433815002441406	2
1240155	1828	4.386854	3.003589630126953	2
688013	1401	1.313154	1.860744833946228	2
905977	1012	1.669317	3.1471829414367676	2
1240224	1922	2.309102	3.3119115829467773	2
910861	1250	-0.333709	2.2433815002441406	2
1240157	1373	5.304151	3.250973701477051	2
909750	1089	3.344444	2.6043519973754883	2
907792	1922	2.680124	2.818202495574951	2
1240181	1915	2.144556	3.249140739440918	2
713878	1825	-0.834559	3.1048357486724854	2
753546	1736	-0.759128	0.6040764451026917	2
906763	1911	-6.100624	2.5404491424560547	2
722046	1804	3.906565	3.3559889793395996	2
1240200	1839	4.965148	3.1886796951293945	2
910704	1621	3.738279	3.003714084625244	2
909251	1614	2.463256	2.660465717315674	2
946368	1578	5.373647	2.7633109092712402	2
1503367	1918	3.437472	2.7757787704467773	2
753554	1939	1.65095	2.2973504066467285	2
735784	2362	5.677913	2.7757787704467773	2
906808	1561	5.34737	2.6938912868499756	2
949170	1913	3.601545	6.731159210205078	2
907061	1373	4.109268	3.045525074005127	2
905991	1997	3.638628	2.187283515930176	2
909718	1003	-5.232523	2.5225629806518555	2
906834	1043	4.606745	5.069025993347168	2
1480374	1614	5.486483	3.401376485824585	2
910399	2177	1.91428	4.302274227142334	2
1480359	1019	1.408796	3.401376485824585	2
907274	1782	5.241232	2.3220458030700684	2
906869	2157	4.278122	3.409939765930176	2
724839	1561	4.973653	2.6824488639831543	2
1331048	1576	2.00262	2.6520023345947266	2
907173	1249	4.780945	3.7637174129486084	2
753572	1915	2.234158	3.7513816356658936	2
749717	1826	2.425654	3.056621551513672	2
908148	1089	1.637133	1.3406891822814941	2
687590	1180	-2.602771	1.720274567604065	2
910911	2107	4.786483	2.6165659427642822	2
753565	1627	2.744179	3.4682846069335938	2
909721	1441	0.666721	2.9018750190734863	2
908473	1030	5.427913	4.728299140930176	2
907276	1634	4.534813	5.852713584899902	2
753624	1061	3.684573	3.7378225326538086	2
905954	1051	3.344787	-0.7530553936958313	2
1240169	1799	4.467211	3.3261687755584717	2
907269	1614	2.06669	2.9991564750671387	2
753563	1053	2.666999	1.486049771308899	2
906763	1046	0.243053	0.19034859538078308	2
907313	1529	2.615385	3.464498996734619	2
909740	1780	8.2411	3.7979280948638916	2
687514	1042	5.273793	5.391642093658447	2
749716	1578	5.700907	3.4478511810302734	2
908123	1849	-0.891514	1.8967971801757812	2
910952	1826	3.500098	3.2881994247436523	2
753564	1029	4.026833	2.9464073181152344	2
907061	1908	2.018793	3.045525074005127	2
910700	1598	3.892138	3.9262707233428955	2
910688	2359	3.864766	1.867920994758606	2
1674021	1529	0.206153	3.824535369873047	2
1303897	1529	-1.670791	2.3220458030700684	2
905982	2171	2.805476	3.0367894172668457	2
753574	1714	2.816208	3.5495998859405518	2
1524419	1026	1.879271	1.895286202430725	2
1240154	1086	-4.138258	2.2248785495758057	2
909724	1927	5.141927	3.4705777168273926	2
687798	1817	-5.068906	3.1579105854034424	2
753555	1593	1.554787	3.1390774250030518	2
907270	1067	4.941888	1.2241640090942383	2
1303900	1624	4.678221	3.5154032707214355	2
910899	1529	-0.830936	3.368885040283203	2
910704	1738	5.082964	3.1706583499908447	2
1240198	1777	5.186112	3.401376485824585	2
909260	1783	3.357871	2.5404491424560547	2
905978	1558	2.926999	2.3576271533966064	2
907169	2047	3.094706	0.6040764451026917	2
924238	1925	4.006706	4.617340087890625	2
909745	1583	3.928429	3.555696964263916	2
687590	2002	5.905157	3.103484630584717	2
1479988	2498	7.261861	5.1949944496154785	2
1240182	1007	-2.907387	-1.7665692567825317	2
908118	2175	2.962545	3.9059834480285645	2
949173	1057	-2.942651	3.0480692386627197	2
687807	1941	-4.166838	2.476752758026123	2
909708	2112	0.569982	3.1306676864624023	2
946359	1058	1.231268	2.417788028717041	2
1298537	2156	4.86914	4.072698593139648	2
688031	1029	3.409824	2.9464073181152344	2
907051	2055	3.240954	3.2956957817077637	2
907269	1847	2.035891	2.9275636672973633	2
753600	1004	1.051848	0.09700701385736465	2
1298352	2172	1.369512	3.5224969387054443	2
753592	1852	5.477685	4.072698593139648	2
753612	1449	5.7911	2.828261137008667	2
1524419	1192	1.532492	3.2039589881896973	2
753595	1026	3.838035	2.5181288719177246	2
1240219	1613	5.561777	5.25472354888916	2
687586	1817	-5.506032	2.982234239578247	2
907788	1177	3.530881	4.152169227600098	2
905991	1048	4.774572	4.045094013214111	2
753618	2499	8.748272	6.731159210205078	2
753538	1022	-0.351661	1.9117439985275269	2
909713	1372	-5.997511	0.6040764451026917	2
907269	1557	4.742194	1.3737565279006958	2
1331035	1096	1.654674	-2.830533742904663	2
907318	1051	2.741344	-0.9221725463867188	2
906871	1507	5.100475	3.2821555137634277	2
909721	2148	1.397567	3.3559889793395996	2
905937	1018	6.074471	4.250611305236816	2
753546	1624	6.169051	3.534590721130371	2
907783	2055	0.174314	2.2286620140075684	2
907068	1911	-4.900193	3.6001555919647217	2
1327775	1627	1.690778	2.7997803688049316	2
1330973	1529	6.803187	3.368885040283203	2
1327773	1428	4.725134	2.3220458030700684	2
1298151	1733	-0.86485	3.6828274726867676	2
1298134	1811	-2.777355	3.6001555919647217	2
906864	2159	3.293665	4.182726860046387	2
724872	1091	2.530811	2.8222789764404297	2
687807	1933	5.417374	2.556356906890869	2
753581	2175	5.193715	3.9328598976135254	2
925347	1926	1.534815	3.61977481842041	2
753612	1806	2.915812	2.0213046073913574	2
687985	1006	0.891482	3.368885040283203	2
1297449	1192	1.339271	2.479067802429199	2
906798	1926	0.786415	3.292959690093994	2
1298359	1059	-0.70343	2.7757787704467773	2
906869	1248	-5.020845	5.852713584899902	2
1298351	1199	4.32275	4.379933834075928	2
906833	1614	3.408261	3.126401662826538	2
908461	1840	2.294997	3.003589630126953	2
905948	1802	4.480729	3.7853732109069824	2
1240146	1812	2.311668	3.2271382808685303	2
905962	2360	6.819999	3.0788259506225586	2
907169	1441	2.383663	2.7925021648406982	2
1240200	2044	4.673368	2.8502869606018066	2
1240169	1583	3.447429	3.555696964263916	2
688010	1804	5.518751	3.1048357486724854	2
910943	1996	4.340037	1.8820581436157227	2
909729	1250	1.726231	3.3261687755584717	2
909762	1096	-0.970305	-3.3543195724487305	2
753584	1093	4.263562	3.1108834743499756	2
1298356	1200	4.451944	4.379933834075928	2
908125	1060	-0.05401	0.6040764451026917	2
908483	1248	-5.933474	4.615457534790039	2
905983	1931	5.839718	4.535994052886963	2
1298168	1058	1.220292	2.56021785736084	2
946358	1038	0.588299	2.515810012817383	2
909260	1909	2.318984	0.37958595156669617	2
1330948	1634	3.767265	3.707630157470703	2
909250	1815	7.089171	3.7853732109069824	2
906868	1017	4.267752	3.8396334648132324	2
909263	1428	5.965761	3.824535369873047	2
1240159	1529	0.969739	3.820511817932129	2
946358	1598	3.437022	2.7153878211975098	2
909749	1067	5.751981	1.9871670007705688	2
925340	1618	5.072336	5.852713584899902	2
1331045	1849	-0.95856	0.4715093672275543	2
753546	1051	4.368431	-0.7530553936958313	2
753547	1050	0.521193	-1.7665692567825317	2
1240201	2038	4.867169	4.697992324829102	2
724825	1908	1.993826	2.8790016174316406	2
1298353	1012	2.70992	3.0839788913726807	2
1299064	1932	1.425503	3.100945472717285	2
1298218	1736	2.63236	3.7378225326538086	2
909748	2171	1.802501	3.1070804595947266	2
905948	1428	6.085232	3.7853732109069824	2
1303901	1249	2.270077	3.368885040283203	2
910932	1931	5.021229	4.1534647941589355	2
749709	1613	4.214165	4.046457767486572	2
906792	1819	-6.26833	-0.7530553936958313	2
1330948	1029	4.593697	1.9649559259414673	2
925348	1706	1.565203	4.344647407531738	2
907046	1778	-0.064534	2.417788028717041	2
1298533	1093	4.673161	4.02330207824707	2
687798	1843	-1.923449	3.2271382808685303	2
909252	1802	2.534707	2.5404491424560547	2
908128	1088	4.456958	2.6337828636169434	2
949090	2360	4.168648	2.798353433609009	2
909724	1069	3.684397	3.3743157386779785	2
910852	1778	1.724875	2.417788028717041	2
907311	1832	2.508776	2.2286620140075684	2
724874	2109	2.996928	4.023892879486084	2
911905	1013	6.017882	3.610757350921631	2
909744	1831	4.067755	2.1263718605041504	2
1247871	2112	1.252544	2.1339573860168457	2
1297447	1083	2.216546	2.2578277587890625	2
1240157	2113	2.328601	3.530294418334961	2
908483	1023	3.254602	2.9464073181152344	2
753620	1560	4.059671	3.0480692386627197	2
753532	2045	4.936815	2.6165659427642822	2
907317	1018	5.266659	4.58538818359375	2
724872	1199	2.672048	3.713782787322998	2
909249	1088	1.929335	2.0213046073913574	2
910911	1915	1.886156	2.1840455532073975	2
946355	1928	4.640223	3.622166395187378	2
907312	1049	3.631496	2.7999441623687744	2
1480371	1373	4.979152	3.5451531410217285	2
749709	1625	5.293309	3.5154032707214355	2
924151	1016	2.793509	3.3420932292938232	2
909745	1862	-1.828069	1.6945241689682007	2
753621	1131	6.618764	5.235250473022461	2
1240222	1449	5.51468	3.401376485824585	2
1298219	1428	5.507543	3.6280102729797363	2
1290455	1250	-0.405748	2.1410369873046875	2
1503367	1739	5.419587	3.2052478790283203	2
909774	1940	3.884196	3.939302682876587	2
949174	2438	11.094296	3.75933837890625	2
1330985	1720	2.734095	0.46359196305274963	2
907272	2113	2.197348	2.1339573860168457	2
1659929	1131	4.170592	4.76203727722168	2
909263	2106	3.635049	3.0788259506225586	2
906830	1129	3.970805	2.7925021648406982	2
1503371	1061	3.894504	3.5495998859405518	2
908146	1034	-3.839253	2.0477497577667236	2
909774	1558	4.625569	2.746389865875244	2
687997	1239	3.827975	3.368885040283203	2
1298169	1918	3.362198	2.56021785736084	2
907051	1093	4.797817	3.2510619163513184	2
925347	2113	4.030314	4.014449119567871	2
905945	1011	1.834042	1.8967971801757812	2
1240130	1847	3.926949	3.3644320964813232	2
906821	1060	1.399805	3.7378225326538086	2
905939	1096	0.939518	-1.584859848022461	2
910701	1023	3.752779	2.753049373626709	2
1290725	1916	3.57686	2.979428768157959	2
753570	2171	1.023202	2.8461999893188477	2
909771	1014	1.608029	2.2789392471313477	2
1290769	2499	10.126011	5.260358810424805	2
949176	1924	4.625019	3.0480692386627197	2
910688	2106	2.010383	2.02716326713562	2
1247873	1042	4.525779	5.883101463317871	2
906805	1005	4.264559	3.2271382808685303	2
1330950	1916	1.326995	2.828261137008667	2
908124	2174	2.133452	3.4485487937927246	2
949153	1594	0.329257	1.497285008430481	2
753584	1237	5.839123	4.017494201660156	2
1240155	1832	4.401548	3.003589630126953	2
910927	1578	4.818453	3.4478511810302734	2
1240168	1845	1.300892	3.103484630584717	2
907281	1624	-0.08123	2.6759986877441406	2
1298533	1922	2.110539	3.8027219772338867	2
949090	1030	6.006139	4.045094013214111	2
905961	1583	2.83551	4.205360412597656	2
1240123	1013	3.56458	3.8325209617614746	2
907783	1918	4.522192	2.2703001499176025	2
749711	1780	4.069375	3.2988181114196777	2
687983	1828	2.969287	3.1048357486724854	2
909726	1170	3.08969	1.9100738763809204	2
949177	1843	-2.766351	1.4793741703033447	2
1240168	1776	4.256165	3.1033830642700195	2
1240127	2170	3.770375	2.713179588317871	2
688010	1832	2.828427	3.1048357486724854	2
910944	1617	-3.616067	0.37958595156669617	2
688058	1507	5.180634	3.4263081550598145	2
907311	2106	2.00579	2.2703001499176025	2
909260	1803	5.457198	2.1339573860168457	2
906814	1919	2.668243	3.0428457260131836	2
907279	1268	3.844677	3.907174587249756	2
1240199	1069	6.129419	3.2476460933685303	2
910920	1614	2.563516	3.2709736824035645	2
1298476	2010	7.524636	4.014449119567871	2
905983	2044	2.316273	2.7633109092712402	2
906763	1941	-4.989348	0.37958595156669617	2
1298169	1021	3.441096	3.3119115829467773	2
907312	1249	2.434877	3.579794406890869	2
687980	1449	3.421474	3.3004417419433594	2
910691	1838	2.695003	3.2956957817077637	2
1240179	1060	2.705858	3.201014518737793	2
907169	1849	-0.433345	2.0692546367645264	2
1298476	2360	7.761569	3.61977481842041	2
909251	1581	0.405118	2.4857044219970703	2
1479987	1561	1.467353	2.798353433609009	2
1331037	1047	2.728575	2.4872138500213623	2
946369	1854	2.7138	3.907174587249756	2
910079	1622	5.274596	4.036080360412598	2
724825	1549	4.937139	2.7682313919067383	2
907289	1129	3.256092	3.0788259506225586	2
713880	1584	2.359733	2.901089668273926	2
753595	1853	3.601724	3.5593552589416504	2
907271	1808	1.840215	2.6043519973754883	2
907790	2173	4.518827	3.7844467163085938	2
910567	1375	3.799521	1.4793741703033447	2
1480372	1814	6.43565	2.8502869606018066	2
949179	1786	2.79574	2.267272472381592	2
687800	1089	5.786479	3.2271382808685303	2
909725	1149	1.695498	2.0692546367645264	2
905980	1022	0.563274	2.0269932746887207	2
1290798	1808	4.274808	3.4478511810302734	2
908463	1738	5.583427	3.2917404174804688	2
1240200	2159	3.709225	3.9854159355163574	2
907790	1175	3.43632	4.250611305236816	2
1298216	1073	3.870801	4.536198616027832	2
1240123	1821	2.786204	3.3106188774108887	2
753559	2109	3.302674	4.036080360412598	2
907067	1268	4.845689	3.9328598976135254	2
924188	1625	5.566808	3.475912570953369	2
910710	2158	2.134067	2.814507007598877	2
910544	1712	-4.842315	2.6716136932373047	2
1503361	1817	-5.729351	3.1390774250030518	2
1240130	1808	-1.377225	2.6337828636169434	2
1331055	1179	1.083646	1.860744833946228	2
949179	1933	3.297656	1.3336224555969238	2
687561	2044	3.324219	2.7633109092712402	2
908447	2045	5.231734	3.0480692386627197	2
905963	2043	5.485006	4.356588840484619	2
908144	1933	5.797154	1.7798194885253906	2
906793	1614	3.290812	3.4705777168273926	2
949171	2038	4.244972	3.92257022857666	2
924187	2048	0.83753	-0.6281037926673889	2
907281	1830	1.834784	2.21728515625	2
1240168	1067	4.36517	1.720274567604065	2
905962	1005	3.43572	2.5225629806518555	2
910781	1199	4.940425	4.642730712890625	2
909740	1802	6.588817	3.824535369873047	2
1331032	1030	5.041887	2.3792762756347656	2
905955	1375	6.896531	2.6337828636169434	2
910944	1915	2.381145	2.52071475982666	2
909738	1739	4.56243	3.6828274726867676	2
1303911	1060	3.144597	3.9811103343963623	2
910916	2499	9.033314	5.434010982513428	2
906855	1917	0.592636	2.57806396484375	2
1659928	1191	-4.140937	1.5363951921463013	2
908455	1268	4.425858	3.5480756759643555	2
1240154	1634	3.000886	5.759228706359863	2
1240170	1059	-0.85783	2.503114700317383	2
724839	1838	4.946459	3.211876630783081	2
906795	1016	0.963329	3.3420932292938232	2
1240219	1930	4.27208	5.25472354888916	2
905964	1585	2.751778	2.1810808181762695	2
1287706	1862	-1.181598	1.9100738763809204	2
907172	1086	-0.973986	1.800534725189209	2
910926	1239	0.477233	3.579794406890869	2
1480362	1720	3.422514	2.187283515930176	2
910920	1732	4.634396	3.7853732109069824	2
753624	1007	-4.637177	-0.07868530601263046	2
910544	1708	-2.270211	0.48021504282951355	2
906872	1620	6.363749	3.4410295486450195	2
1331036	1802	2.158387	2.3220458030700684	2
971777	1025	5.4786	3.9328598976135254	2
1240127	2096	4.901605	3.8230671882629395	2
753573	1054	4.223816	2.1601030826568604	2
946359	1061	5.514725	3.9811103343963623	2
1240127	2157	5.420956	4.069364547729492	2
907270	1058	0.038741	2.714752197265625	2
1240174	1200	3.067051	4.642730712890625	2
1327765	1909	1.549068	0.4715093672275543	2
1240209	1049	1.9721	2.912219524383545	2
910781	1512	4.641553	2.8973729610443115	2
910935	1036	2.179337	2.5694947242736816	2
1240201	1998	4.398431	4.536198616027832	2
687562	1079	-1.182148	3.3261687755584717	2
1331032	1557	4.396741	0.4715093672275543	2
908130	1919	2.030872	2.6611273288726807	2
906870	2157	2.401255	2.3004226684570312	2
949178	1833	2.455557	2.948024272918701	2
1240197	1855	5.808807	3.5451531410217285	2
753610	1736	3.926904	4.044624328613281	2
905937	1060	1.125932	2.5397520065307617	2
908449	1913	6.559188	4.501462936401367	2
924108	1068	1.585381	2.231558322906494	2
908146	2043	2.794269	2.515810012817383	2
1240159	1200	4.3322	4.9200897216796875	2
946382	1617	0.749665	1.8967971801757812	2
910941	1580	4.727276	3.4410295486450195	2
687800	2172	3.441007	3.8687667846679688	2
905954	1909	2.895829	2.0692546367645264	2
1240209	1925	3.575517	3.8850083351135254	2
1240198	1930	1.228758	4.045094013214111	2
930298	1529	1.748421	3.6001555919647217	2
1299052	1093	6.098565	2.8461999893188477	2
1330995	2173	2.084944	2.205660820007324	2
688026	2044	4.008222	2.7132444381713867	2
1327773	2159	1.535229	2.233555793762207	2
1240186	1847	6.550155	3.1048357486724854	2
724870	1806	4.587662	3.502922534942627	2
753623	1835	3.697994	3.3771281242370605	2
1330964	1175	4.738467	3.6423075199127197	2
1479988	2172	2.553138	3.534555435180664	2
908450	1016	2.011638	2.5251822471618652	2
907045	1561	3.232572	2.417788028717041	2
924241	1586	5.538007	2.901089668273926	2
753554	2046	4.316612	2.2070508003234863	2
910899	1919	1.604252	3.259235382080078	2
753612	1598	3.249146	2.818976640701294	2
687505	1732	1.143909	3.6001555919647217	2
1240181	1932	-1.060046	1.9400805234909058	2
1480361	1855	2.951317	3.5451531410217285	2
907046	1617	1.375429	1.8967971801757812	2
905977	1799	6.043915	3.4705777168273926	2
724866	1997	4.968461	2.476752758026123	2
909974	2048	1.592149	0.6689003109931946	2
753585	2439	10.099336	3.7853732109069824	2
753558	1580	5.605691	3.6333513259887695	2
907792	1998	5.262141	3.824535369873047	2
998184	1085	1.546797	2.660465717315674	2
1290769	1061	5.39757	2.5397520065307617	2
687980	1913	5.102432	4.615457534790039	2
907318	1084	-2.437697	2.7757787704467773	2
909753	1626	1.938934	3.534555435180664	2
1240158	1010	4.467017	3.4148120880126953	2
906812	1057	-1.817811	2.417788028717041	2
1240219	1630	5.546531	4.089957237243652	2
906839	1621	5.37021	2.982234239578247	2
907048	1200	2.810038	4.174524784088135	2
909725	1924	3.906352	2.7925021648406982	2
910899	1908	2.878333	4.044624328613281	2
909904	1594	3.272793	3.61977481842041	2
910850	1250	3.650017	3.6828274726867676	2
1240190	1614	4.559313	3.580413341522217	2
1290722	1029	5.645877	3.307502269744873	2
906793	1576	3.855324	3.9328598976135254	2
1298216	2439	10.089925	4.536198616027832	2
924244	2107	5.558772	2.9018750190734863	2
753569	1017	4.187999	4.095714569091797	2
687800	2037	6.972267	4.302274227142334	2
906871	1023	3.34908	2.9419236183166504	2
971777	2173	3.878991	3.534590721130371	2
907312	2037	4.784373	4.017494201660156	2
753594	1048	4.363043	3.6423075199127197	2
1331038	1507	4.03521	2.2433815002441406	2
1240201	1177	4.994991	5.25472354888916	2
1290908	1620	4.858787	3.8687667846679688	2
909698	2048	-5.268938	-1.584859848022461	2
907319	1057	-0.855802	2.7757787704467773	2
910548	1012	2.351168	3.117163896560669	2
687816	1810	-1.163625	3.2271382808685303	2
907272	1834	1.149842	2.1339573860168457	2
753549	1016	-0.338929	2.503114700317383	2
905941	1706	2.385064	3.4041669368743896	2
907318	2362	3.913906	2.7757787704467773	2
1298353	1022	1.27617	2.0040364265441895	2
1303901	1625	4.829209	3.36733341217041	2
1240204	1072	3.183523	3.4131827354431152	2
1298348	1033	6.500522	4.072698593139648	2
909743	1828	3.924459	2.1339573860168457	2
1240169	1018	5.514226	3.8113222122192383	2
906835	1813	5.913531	2.7633109092712402	2
688021	1237	6.915624	3.4682846069335938	2
687505	2109	2.498234	3.825383424758911	2
753589	1553	3.799902	2.6938912868499756	2
1240154	1529	-1.1376	3.965291976928711	2
907045	1088	4.086671	3.4478511810302734	2
906872	2110	5.895719	3.92257022857666	2
753572	1091	3.173217	4.02330207824707	2
909729	1917	2.636876	3.8113222122192383	2
906872	1927	6.108001	3.7609074115753174	2
724839	2111	6.816028	4.263212203979492	2
906797	1563	4.707851	4.017494201660156	2
753555	1866	2.051108	3.284633159637451	2
909719	2360	5.357985	3.363521099090576	2
946368	1782	5.47643	3.464498996734619	2
949174	1010	3.94073	3.249140739440918	2
909725	2439	8.237409	3.4485487937927246	2
1299050	1917	4.539593	4.104264736175537	2
687802	1091	3.404533	3.2917404174804688	2
909975	2172	1.655996	3.5224969387054443	2
1240174	1072	4.249171	3.7575621604919434	2
905958	1786	2.178886	2.0477497577667236	2
925348	1709	-0.797442	2.440638780593872	2
905959	1930	2.062487	4.045094013214111	2
713899	1998	4.917441	3.368885040283203	2
908443	1052	4.952957	2.2070508003234863	2
909250	2148	2.286401	3.2881994247436523	2
908125	1428	5.663068	3.4485487937927246	2
907272	1916	1.935738	2.660465717315674	2
909907	2362	6.540642	2.417788028717041	2
910922	1553	3.669198	2.56021785736084	2
907068	1089	5.313493	2.6363162994384766	2
910918	1852	3.37752	2.3220458030700684	2
1298136	1080	-3.617642	-0.07868530601263046	2
1240192	2112	1.386742	3.1048357486724854	2
688087	1013	3.733783	3.785630226135254	2
753608	1936	3.932765	3.0479609966278076	2
905942	1931	5.564707	5.33085823059082	2
753624	2438	10.291769	4.536198616027832	2
910780	1091	0.053726	1.9400805234909058	2
753533	1248	1.606106	5.744266510009766	2
908463	1821	4.953342	3.3559889793395996	2
909736	1912	1.847361	3.363521099090576	2
909738	1038	5.697473	4.46912956237793	2
909761	2107	5.523144	3.0788259506225586	2
908141	1730	0.78681	2.450965404510498	2
1240201	1817	-4.796783	3.5593552589416504	2
1660035	1815	6.752235	3.824535369873047	2
1322224	1912	0.673374	2.47886323928833	2
1240222	2177	1.807501	3.9854159355163574	2
687980	1855	3.523635	4.044624328613281	2
907286	1712	-3.143983	4.536198616027832	2
1290797	1812	3.32005	3.502922534942627	2
906869	1821	3.739614	3.003589630126953	2
906868	1614	4.378168	3.2821555137634277	2
924111	1060	-0.093222	3.045525074005127	2
724870	2096	2.423339	3.7378225326538086	2
1290922	1180	-0.995404	1.8182191848754883	2
910927	2159	3.934017	3.692488193511963	2
907068	1821	3.871223	3.211876630783081	2
1303900	1268	4.410878	3.6898255348205566	2
1240179	2112	1.471321	3.211876630783081	2
949093	1378	6.482086	3.4478511810302734	2
724868	1635	3.907319	4.072698593139648	2
924239	1576	0.569921	2.818976640701294	2
909728	1373	2.75834	3.2454733848571777	2
908465	1378	5.640359	3.2271382808685303	2
1503365	1617	4.962562	2.211073398590088	2
910920	1088	2.944632	3.3589890003204346	2
909904	1626	5.284701	4.344647407531738	2
1298157	1585	3.408685	3.003714084625244	2
906804	1840	1.092389	3.188258171081543	2
907274	1507	5.374502	2.2433815002441406	2
713878	1817	-6.147011	2.901089668273926	2
1479988	2113	2.480558	3.1886796951293945	2
688021	1803	7.356721	3.1048357486724854	2
908129	1739	1.952175	3.3570709228515625	2
949172	1913	4.394206	6.731159210205078	2
905935	1926	3.027334	2.823514461517334	2
925338	1239	2.655365	3.592864513397217	2
907046	1808	1.163306	3.4478511810302734	2
687568	1237	5.804319	3.555696964263916	2
1290455	2172	-2.026956	1.838962435722351	2
910951	1025	4.457909	3.1384077072143555	2
909725	1831	3.865553	3.3644320964813232	2
1330931	1813	3.090623	1.2060887813568115	2
907286	1558	3.095127	3.7513816356658936	2
909774	1706	1.649579	3.5224969387054443	2
753620	1634	4.754099	6.731159210205078	2
724834	2106	5.187237	2.9018750190734863	2
907269	1915	3.019815	2.7243595123291016	2
1290455	1199	2.364886	2.3998584747314453	2
930083	1738	4.243235	3.458378553390503	2
687800	1048	5.66278	4.728299140930176	2
908455	1622	4.942918	3.5480756759643555	2
1298222	1777	5.449171	3.2052478790283203	2
688006	1583	3.051509	3.4682846069335938	2
910079	1033	5.67539	3.80066180229187	2
924188	1620	6.025607	3.475912570953369	2
946369	1918	0.768696	2.5251822471618652	2
910698	1847	2.461437	3.2881994247436523	2
907792	1738	3.131079	3.1070804595947266	2
1290769	1734	3.171581	3.824535369873047	2
910952	2112	2.311674	3.2881994247436523	2
910548	1054	4.85137	2.177180290222168	2
924100	1586	5.610372	3.094254493713379	2
1330931	2154	1.404292	2.814507007598877	2
1298146	1720	6.308492	2.6009881496429443	2
907276	1635	6.098595	3.2599143981933594	2
688058	1068	1.84685	2.1930928230285645	2
687455	1080	-3.57048	-1.835437536239624	2
1480364	1835	6.506035	3.1886796951293945	2
910932	1915	3.165763	3.0428457260131836	2
905990	1999	4.093702	3.1886796951293945	2
905989	1510	4.620308	3.1070804595947266	2
724872	1779	0.493491	3.3004417419433594	2
910781	1849	-3.041701	2.123199224472046	2
1322212	1614	4.197636	3.3004417419433594	2
910934	1084	-6.238818	1.5356042385101318	2
907311	1507	3.609384	2.854300022125244	2
906790	2173	3.514909	3.2530899047851562	2
908125	2360	5.073492	2.7925021648406982	2
909781	2113	4.596124	3.2881994247436523	2
1240142	1917	0.253518	4.095714569091797	2
909194	1627	3.101624	3.4682846069335938	2
909904	1580	6.390173	4.344647407531738	2
924189	1915	2.925202	3.249140739440918	2
909975	1057	1.441216	2.710444927215576	2
722066	1852	5.426078	4.072698593139648	2
753562	1718	3.693208	2.979428768157959	2
907791	1168	4.952908	2.7682313919067383	2
906837	2172	0.373393	3.2793712615966797	2
905985	1375	6.189135	2.7633109092712402	2
753574	1718	5.898918	3.2052478790283203	2
753592	1372	-0.179289	3.3343019485473633	2
1240201	1625	4.770845	4.344647407531738	2
907173	1061	5.555898	3.972219944000244	2
905945	1778	1.656994	2.417788028717041	2
753581	1133	4.366667	4.1534647941589355	2
1659929	2174	2.355607	3.824535369873047	2
1295741	1585	3.520984	2.1810808181762695	2
907291	1510	4.177586	3.1070804595947266	2
1240169	1441	4.263081	2.503114700317383	2
908129	1734	2.915005	3.7575621604919434	2
906834	1833	0.007451	3.1348352432250977	2
907271	1033	4.437987	3.4691457748413086	2
1524416	1175	4.944695	4.356588840484619	2
909748	1620	5.953598	3.7844467163085938	2
1503366	2173	4.053857	3.622166395187378	2
930299	2362	3.459473	3.3420932292938232	2
1240153	1149	1.73599	2.0692546367645264	2
688023	1909	1.035729	1.8649051189422607	2
908128	1067	5.592307	1.800534725189209	2
909735	1006	1.116337	3.7575621604919434	2
906863	1586	3.824795	3.0843963623046875	2
1295741	1919	0.802429	2.7682313919067383	2
1298349	1200	3.077136	3.713782787322998	2
1240179	1930	1.365148	4.263212203979492	2
1240181	1940	4.387336	3.9059834480285645	2
907058	1829	2.412756	3.3644320964813232	2
906824	1839	2.856827	3.211876630783081	2
753608	1996	4.727014	2.476752758026123	2
1240182	1372	4.439722	4.044624328613281	2
905940	2000	4.821706	2.2286620140075684	2
753623	1563	6.305812	4.000457763671875	2
905944	1866	5.051883	3.3727428913116455	2
906830	1866	3.84584	3.3743157386779785	2
906818	1831	3.344302	3.3644320964813232	2
907269	1583	0.747747	3.0858850479125977	2
1298226	1802	3.184001	3.588823080062866	2
908448	1059	-0.875923	2.02716326713562	2
909253	2010	3.955133	2.0042972564697266	2
1331037	1853	2.684024	2.317138195037842	2
687777	2498	8.814048	6.012621879577637	2
910899	1042	2.534702	4.502586364746094	2
906863	1058	1.172634	2.6165659427642822	2
910930	1998	3.439893	2.3220458030700684	2
906817	1712	-1.698131	3.80066180229187	2
1331035	1058	0.033119	1.5356042385101318	2
909974	1026	4.366463	1.895286202430725	2
949179	2111	4.778335	2.9475975036621094	2
688021	1716	6.528224	3.3004417419433594	2
924244	1930	1.466831	4.728299140930176	2
949154	1873	1.148104	2.6824488639831543	2
909715	1786	2.978446	1.9649559259414673	2
724872	1372	1.445027	4.044624328613281	2
906801	1249	3.132986	3.592864513397217	2
907270	1799	2.707733	2.9991564750671387	2
907789	1068	-0.413349	0.37958595156669617	2
910943	1068	0.574812	1.8820581436157227	2
1659929	1932	2.663028	3.1070804595947266	2
724870	1834	2.83686	4.014449119567871	2
1503363	1043	6.003517	5.783910751342773	2
724868	1933	5.052895	2.556356906890869	2
687787	1613	4.684932	4.095714569091797	2
909704	1730	2.093027	3.483499050140381	2
909761	2037	5.804597	4.205360412597656	2
1290769	2000	6.558608	3.3106188774108887	2
753574	1013	4.922786	3.7328455448150635	2
924241	1239	2.243145	3.368885040283203	2
907320	1559	-2.922517	1.7806390523910522	2
753624	1621	5.992239	3.5593552589416504	2
1659929	1910	3.782447	2.231558322906494	2
688086	1549	4.524216	3.249140739440918	2
910919	1624	-0.843351	2.205660820007324	2
925347	2361	5.692962	3.61977481842041	2
753583	1576	3.039982	3.9705452919006348	2
687592	1862	-0.731464	1.6945241689682007	2
906877	2045	3.384824	1.497285008430481	2
910079	1560	2.739459	2.7757787704467773	2
1674021	1057	-1.33373	3.0788259506225586	2
749717	1827	1.219944	3.056621551513672	2
909974	1177	4.206554	4.356588840484619	2
925338	1010	4.086141	2.603236436843872	2
907055	1549	4.012172	2.642428398132324	2
1240173	1919	1.954236	2.932359218597412	2
713899	2110	4.886281	3.4682846069335938	2
713880	1738	0.111645	2.8222789764404297	2
908147	1732	2.415653	2.5404491424560547	2
909263	1813	6.898764	2.5225629806518555	2
906696	1576	2.566368	3.902672290802002	2
1298537	1586	2.955147	3.1579105854034424	2
1247873	1057	-0.296665	2.9018750190734863	2
905948	1529	1.181966	3.7853732109069824	2
907300	1401	0.220923	0.3575851023197174	2
910544	1449	3.577112	2.854300022125244	2
1524417	1031	-1.766591	1.895286202430725	2
1240183	1005	5.445691	3.036142349243164	2
909729	1014	3.084825	3.737394094467163	2
1298136	1259	5.021535	5.25472354888916	2
1331033	1785	3.50538	2.3220458030700684	2
688021	1614	7.112702	3.3004417419433594	2
1330942	2038	3.669558	2.3004226684570312	2
908469	1017	3.948354	3.6423075199127197	2
907317	1032	0.721572	2.285017490386963	2
905964	1941	-5.244109	0.36903390288352966	2
1290730	1585	4.440914	3.1284282207489014	2
906864	1083	3.492239	3.307502269744873	2
906869	2148	1.265529	3.003589630126953	2
924151	1048	4.528897	4.372886657714844	2
1240127	1916	0.843479	3.3570709228515625	2
1240122	1821	3.335495	3.1306676864624023	2
1330950	2109	1.913264	2.818976640701294	2
1240217	1928	5.653284	3.8881804943084717	2
687812	1716	5.770154	3.580413341522217	2
1659823	1712	-3.724845	3.824535369873047	2
905977	1622	4.911748	3.9328598976135254	2
907795	1839	3.437417	3.3106188774108887	2
905981	1853	4.380263	3.055778980255127	2
909709	1584	2.146231	3.0843963623046875	2
946356	1629	4.721896	1.7806390523910522	2
910922	2438	10.268617	3.7853732109069824	2
1674021	1014	1.354148	2.5397520065307617	2
1290769	1084	-2.632624	3.0788259506225586	2
753621	1029	6.269404	2.907377004623413	2
907314	2173	3.953164	3.4410295486450195	2
1524416	1177	3.756981	4.356588840484619	2
905942	1049	5.113054	3.0479609966278076	2
687588	2171	2.451474	3.0367894172668457	2
905939	1057	-1.420425	3.0788259506225586	2
753582	2172	1.425775	3.36733341217041	2
724868	1931	4.413704	5.33085823059082	2
688014	1802	4.360585	3.368885040283203	2
909904	2154	3.363829	4.697992324829102	2
906804	1630	2.038767	3.3687214851379395	2
1240197	1068	0.81697	2.187283515930176	2
909719	2107	4.666333	3.363521099090576	2
687562	1594	4.524764	2.503114700317383	2
907046	1853	5.048154	3.003714084625244	2
753556	1922	2.270159	2.923060655593872	2
1298350	1058	0.999387	2.9018750190734863	2
910948	1919	3.168242	2.603236436843872	2
905950	1714	3.335419	3.872291088104248	2
688011	1020	4.830777	2.1438417434692383	2
1240185	1812	1.127925	3.2271382808685303	2
753576	1622	5.864064	4.036080360412598	2
687459	2359	6.312738	3.579794406890869	2
1330948	1048	2.925453	2.234562397003174	2
1298218	1016	4.175778	3.61977481842041	2
910899	1043	4.195581	4.502586364746094	2
1240192	1843	2.047188	2.7132444381713867	2
1524416	1373	5.924842	3.872291088104248	2
1480371	1053	2.721332	2.798353433609009	2
753532	2111	4.074808	4.104264736175537	2
753589	1020	6.338336	2.1438417434692383	2
908150	1862	-0.791074	2.3629486560821533	2
909729	1845	0.767312	3.103484630584717	2
908120	2156	4.300789	3.592864513397217	2
907277	1084	-3.774873	1.497285008430481	2
688031	1494	-4.426571	2.7132444381713867	2
906833	1553	3.489967	2.74283766746521	2
1330973	1068	1.541814	1.8649051189422607	2
687563	1199	2.746491	3.9968018531799316	2
908475	1622	5.319825	4.023892879486084	2
907170	1237	3.305065	3.92257022857666	2
1480364	1583	2.140789	3.9854159355163574	2
906696	2362	3.65731	3.3420932292938232	2
907285	2048	-1.448696	-0.07868530601263046	2
905963	1912	2.546106	2.56021785736084	2
910549	1067	5.943151	2.1601030826568604	2
905962	1776	6.325366	3.4992470741271973	2
1297438	1013	2.055311	3.1699233055114746	2
909715	1259	3.125432	2.234562397003174	2
909704	1922	0.354397	2.7999441623687744	2
910920	1625	4.493342	3.6333513259887695	2
1298538	2055	1.385809	3.2533516883850098	2
906868	1584	2.905437	2.983400344848633	2
1240155	1558	3.877603	2.642428398132324	2
1297439	1042	4.865733	4.502586364746094	2
687983	1026	2.006825	2.1438417434692383	2
906790	1583	1.786072	3.409939765930176	2
1287706	1067	3.280996	1.800534725189209	2
1331034	1613	0.792203	2.3792762756347656	2
1298359	1026	-1.067407	1.7806390523910522	2
687568	1131	6.969215	4.535994052886963	2
909249	2170	2.148544	1.486049771308899	2
930297	1583	2.052715	3.819936513900757	2
907788	1627	2.179288	3.822633981704712	2
909735	1372	1.504733	3.8230671882629395	2
1298168	2106	1.532868	2.56021785736084	2
1290908	1557	5.564783	2.476752758026123	2
1240183	1939	1.3669	2.2973504066467285	2
753614	1054	2.73343	2.1601030826568604	2
905949	1059	-2.504726	2.9018750190734863	2
910899	2169	5.599093	2.6938912868499756	2
683667	1908	2.886493	3.1996068954467773	2
998184	1824	2.309735	2.1339573860168457	2
1240200	1928	5.998751	3.534555435180664	2
753535	1170	3.46354	1.7883107662200928	2
910930	1814	4.936775	1.8312031030654907	2
907282	1003	-1.107352	2.6043519973754883	2
1240218	1250	4.511195	4.089957237243652	2
949177	1830	2.655395	2.948024272918701	2
907042	2109	0.573104	3.907174587249756	2
905977	1010	4.24903	3.0428457260131836	2
1660036	2109	4.500837	3.9262707233428955	2
1298531	1917	2.61982	4.104264736175537	2
1659928	1088	2.179678	2.5225629806518555	2
905983	1511	-1.394352	2.7633109092712402	2
1331035	1617	1.363664	0.4715093672275543	2
1290922	1011	0.042182	1.8967971801757812	2
1240159	1708	0.343243	2.444875717163086	2
1503367	1782	3.377225	3.80066180229187	2
687448	1168	3.677954	3.0428457260131836	2
906814	1855	5.019258	0.6040764451026917	2
909263	1631	3.864291	3.7979280948638916	2
907055	1912	-1.62497	2.47886323928833	2
1298359	1634	4.22175	5.917205333709717	2
753577	1799	0.657136	3.2709736824035645	2
907287	1580	3.646977	3.7844467163085938	2
753534	1912	2.5795	2.710444927215576	2
1240130	1048	3.590507	3.8941831588745117	2
688021	1922	3.731569	2.9464073181152344	2
924187	1941	-6.59829	2.123199224472046	2
1660036	1019	3.144623	3.7979280948638916	2
753563	1912	1.946348	1.486049771308899	2
753616	1804	5.736757	2.948024272918701	2
713880	1179	-0.141453	1.860744833946228	2
687802	2106	4.446645	2.9018750190734863	2
1247871	1782	3.829364	2.5404491424560547	2
910911	2039	3.02548	3.0843963623046875	2
688031	1839	3.700646	3.1048357486724854	2
905961	1613	4.00058	4.250611305236816	2
909727	1025	5.827523	3.9328598976135254	2
1298219	1378	6.220584	2.785883903503418	2
906833	1086	-3.832075	1.257431983947754	2
907066	1736	6.061547	3.2432336807250977	2
910781	2438	6.992364	3.7575621604919434	2
1327769	1401	0.431129	0.19260260462760925	2
905976	2113	3.316097	3.3644320964813232	2
971777	1916	2.690094	3.4705777168273926	2
924244	1912	1.053936	2.9018750190734863	2
687448	1829	2.600726	3.3644320964813232	2
906824	1730	0.752019	3.2484683990478516	2
688026	1021	1.448727	2.9464073181152344	2
1240192	1928	4.903255	3.36733341217041	2
906843	2055	2.402514	3.211876630783081	2
753588	1179	-0.164202	1.860744833946228	2
910704	1073	2.798046	3.592864513397217	2
906828	1059	-0.361937	3.3420932292938232	2
1297438	1079	3.421657	3.3004417419433594	2
1331038	1828	2.74046	2.351832389831543	2
907169	1079	4.204445	3.4705777168273926	2
907289	1926	1.219226	3.0788259506225586	2
908458	2171	-2.314945	3.1070804595947266	2
753541	1022	0.421432	1.9117439985275269	2
1659819	1930	-0.396401	2.3792762756347656	2
1298359	1025	5.931404	4.036080360412598	2
906843	1833	3.534574	3.211876630783081	2
1290922	1013	2.31789	3.016216516494751	2
749716	1007	-3.141216	-0.42168959975242615	2
910943	1072	4.677349	3.464498996734619	2
946353	1022	-0.082927	2.1601030826568604	2
1298136	1873	1.723851	3.61977481842041	2
1297447	2173	3.561957	2.6759986877441406	2
910900	1080	-2.995784	0.09700701385736465	2
1327769	1049	2.803006	2.272994041442871	2
1298350	1847	1.437135	3.3559889793395996	2
910947	1259	-0.581342	2.234562397003174	2
907313	1940	4.187713	4.030319690704346	2
911905	1833	-0.052132	3.1886796951293945	2
687800	1739	4.839049	3.580413341522217	2
905959	2046	4.435165	2.177180290222168	2
906844	1629	3.527123	0.8202256560325623	3
909757	1019	3.587636	3.5494494438171387	3
949170	2046	1.281234	0.844039797782898	3
753562	1060	1.752433	2.531838893890381	3
907274	1511	-2.020632	0.5397506952285767	3
753594	1821	2.999447	3.0044665336608887	3
749717	1180	-1.994283	2.3877689838409424	3
907269	1020	3.294092	-0.6190587878227234	3
1503368	1910	2.134899	2.409024953842163	3
1240219	1043	5.161648	4.937668323516846	3
753623	1931	6.337571	4.607572555541992	3
688014	1030	5.518352	3.720323085784912	3
1503367	2000	5.381915	3.1416587829589844	3
1660035	1821	4.608435	3.1192047595977783	3
1240167	1843	-1.974404	2.2757444381713867	3
924151	1815	4.944978	3.720305919647217	3
909708	2113	2.513355	2.956001043319702	3
687812	1025	5.049179	4.144708156585693	3
924107	2047	2.095497	2.8629140853881836	3
949178	1831	2.742593	2.3461923599243164	3
906863	1191	-4.587928	-0.7124894261360168	3
753551	1067	5.217806	2.3951363563537598	3
1297439	2439	9.849241	3.4835972785949707	3
909719	1038	4.805047	4.07512092590332	3
909712	1933	5.199474	0.32927605509757996	3
1480371	1706	4.395061	3.7756187915802	3
724859	1175	5.674242	4.159975051879883	3
724870	1922	3.335837	3.491511344909668	3
907295	1019	4.093084	3.140571117401123	3
909257	1029	5.154083	3.1504194736480713	3
1240186	1559	0.757637	1.5491182804107666	3
1298351	1932	1.830368	3.0937633514404297	3
753572	1190	-3.240813	2.671414852142334	3
753552	1373	5.581379	2.922907590866089	3
713869	1708	0.457478	2.4162988662719727	3
749715	1259	4.042185	4.164109230041504	3
906855	1372	-0.975435	1.336820125579834	3
1503363	1085	2.507168	3.466092586517334	3
1330960	1563	3.27538	3.0851988792419434	3
907277	1814	0.618804	1.3772881031036377	3
753574	1918	4.114347	3.0709075927734375	3
906818	1022	-0.948044	2.1694016456604004	3
905978	1449	5.662658	3.334691047668457	3
1297447	1912	2.870525	2.0802865028381348	3
907289	1578	4.904907	2.262300491333008	3
907042	1838	3.625082	3.0794053077697754	3
906844	1734	0.976282	3.732858419418335	3
724870	1630	4.989307	3.6565170288085938	3
908141	1511	-3.003259	-0.8911531567573547	3
907318	1783	5.109882	3.821507692337036	3
1299078	1738	0.941746	3.4655771255493164	3
1480362	1830	2.465141	3.2247228622436523	3
908150	1614	3.733553	3.4737515449523926	3
910850	2000	5.553902	3.1715657711029053	3
1331033	1627	0.652847	2.656187057495117	3
753624	1091	2.436461	3.557158946990967	3
946355	1054	4.759496	2.3910584449768066	3
687561	2039	3.260933	3.0666732788085938	3
1509073	1783	5.321003	3.790757179260254	3
687980	1133	3.379393	4.062428951263428	3
1240154	2438	8.333842	3.720305919647217	3
905971	1133	3.959496	4.252185344696045	3
1659928	1005	2.099701	2.262300491333008	3
908447	1716	5.225893	3.1585636138916016	3
753561	2148	0.31367	2.956001043319702	3
753575	1736	4.063279	2.942164421081543	3
910079	2040	0.652541	3.0871315002441406	3
688006	1630	4.281336	3.140571117401123	3
688026	1043	5.325259	4.3008904457092285	3
1240204	1941	-5.866676	2.0414724349975586	3
753589	1584	4.723389	2.907560348510742	3
909762	1129	2.121359	2.263026714324951	3
1331034	1085	1.635518	1.747210144996643	3
713899	1621	4.270153	2.907560348510742	3
1240212	1080	-1.923011	-0.15726399421691895	3
907286	1629	5.372425	2.7850003242492676	3
1240170	1061	4.971862	3.100379467010498	3
1298169	1054	4.346325	1.112385869026184	3
910948	1149	0.202072	1.7898446321487427	3
1240122	1032	2.12656	1.9068562984466553	3
687562	2159	3.625213	3.793128252029419	3
910921	1634	4.497937	4.0774688720703125	3
688023	1919	1.710193	3.026200532913208	3
906824	1007	-5.018627	-0.15726399421691895	3
1322212	1180	-0.336821	2.3951363563537598	3
1290908	1053	2.311985	3.1243896484375	3
907791	1014	5.033209	2.113034248352051	3
1240162	2359	6.8501	3.443648338317871	3
906791	1086	-0.255786	2.4162988662719727	3
688086	1578	4.851086	1.052768349647522	3
1240217	1716	3.074797	3.4711341857910156	3
1659928	1852	4.587148	3.5476584434509277	3
908455	1836	2.047255	3.0608701705932617	3
753588	1799	3.423806	3.140571117401123	3
1240185	1627	3.864029	4.056890487670898	3
1298169	1191	-5.147102	-0.9309361577033997	3
908452	1067	4.676492	2.500032901763916	3
908124	1047	3.332723	3.9617919921875	3
1298151	1012	0.320842	3.0473408699035645	3
909697	1712	-4.167959	3.5298829078674316	3
905956	1050	2.604397	0.7296395897865295	3
1331034	1576	1.314894	3.1813745498657227	3
909745	1786	1.954125	3.285810708999634	3
907795	1625	5.328376	3.647001028060913	3
907276	1834	3.529169	3.0608701705932617	3
909726	1079	4.079444	3.675086259841919	3
687590	1919	2.304401	2.837184429168701	3
1298219	2106	3.641492	2.966871976852417	3
909740	1029	8.075006	3.110229015350342	3
905990	1175	4.750367	4.030294895172119	3
909709	1559	-3.405496	-0.7124894261360168	3
1331035	1926	0.544863	1.7924883365631104	3
1240129	2154	3.691849	3.940633773803711	3
909250	1776	4.712911	3.3300533294677734	3
910948	1375	7.666837	3.1126766204833984	3
907318	1614	3.482602	3.466092586517334	3
910079	1911	-3.794264	3.821507692337036	3
1503368	1004	-0.100556	0.04383474960923195	3
910702	1058	3.368172	3.416851043701172	3
1240142	1049	2.471536	3.1330766677856445	3
909718	1093	4.914366	2.9827568531036377	3
905942	1852	5.150564	3.885826826095581	3
910919	1401	-0.21228	-0.6409401297569275	3
905933	1843	0.812172	2.326024055480957	3
906746	1072	5.79915	3.592862129211426	3
753563	1449	4.128714	2.9730064868927	3
907320	1372	0.950167	2.942164421081543	3
1330947	1813	1.410068	-0.8911531567573547	3
1327769	1845	-3.815566	2.1185455322265625	3
910935	1014	0.27874	2.1780474185943604	3
906832	1007	-5.681748	-1.575573444366455	3
909257	1873	0.777084	3.2154407501220703	3
905933	1560	4.515613	3.2154407501220703	3
1298348	1004	1.114897	0.23284852504730225	3
910781	1004	-2.227445	-0.170138418674469	3
1524417	1926	0.612104	2.6475863456726074	3
1240159	1378	6.154419	2.315403938293457	3
905979	1830	2.522348	3.150207042694092	3
905949	1561	0.843233	3.1243896484375	3
909725	1813	4.186311	2.3154401779174805	3
687457	1034	-1.11484	3.0607340335845947	3
1299050	1778	2.355882	2.557082414627075	3
949177	1927	3.418295	3.1585636138916016	3
905963	1862	-1.656885	-0.9309361577033997	3
908443	1093	5.395791	3.068286180496216	3
1290724	2156	3.049085	3.443648338317871	3
907068	2438	10.287059	3.744474411010742	3
905944	2154	1.746337	4.056890487670898	3
910937	2045	4.111289	2.842350482940674	3
1290798	1200	2.928318	4.0957560539245605	3
1295740	1624	3.488567	2.790337562561035	3
749714	1838	4.866247	3.139181613922119	3
908129	1598	3.323608	3.8628106117248535	3
906821	1059	-1.186954	3.416851043701172	3
908461	1190	1.034651	2.492459774017334	3
1299062	1712	-0.478958	3.4835972785949707	3
909728	1778	4.785169	3.2299258708953857	3
907058	1709	-2.879888	2.1694016456604004	3
1331037	1826	0.496475	2.1185455322265625	3
688023	1089	3.249425	2.0312564373016357	3
910920	1712	-0.096155	3.790757179260254	3
749716	1061	4.506444	3.6868231296539307	3
1327775	2360	4.993384	2.0802865028381348	3
907062	2096	4.780305	2.531838893890381	3
753622	1084	-2.370416	3.0709075927734375	3
949171	1873	-0.532867	2.6427102088928223	3
909781	1806	7.980339	2.4567294120788574	3
908443	1088	3.400741	2.3580830097198486	3
1240186	1578	5.94008	2.0312564373016357	3
687448	1824	4.720098	3.299927234649658	3
906807	1093	3.005508	1.8588635921478271	3
1298169	1708	0.647997	1.112385869026184	3
1298223	1632	4.421166	2.44380521774292	3
907313	1816	5.755538	3.8693456649780273	3
753614	2110	4.493233	3.8916211128234863	3
753584	1782	5.855318	3.5251190662384033	3
905948	2439	9.638452	3.790757179260254	3
908460	1730	4.289476	3.366225242614746	3
907045	1784	5.254531	3.139181613922119	3
910941	1190	-2.775162	1.052768349647522	3
1327775	2439	8.911192	3.2235054969787598	3
924240	2169	0.071766	2.629692554473877	3
1297439	1372	2.931789	3.216567039489746	3
753541	1996	3.757308	2.0414724349975586	3
909781	1621	7.252503	3.055459499359131	3
753582	1564	4.517154	3.216567039489746	3
722046	1428	4.269108	3.885826826095581	3
1298169	1564	4.796013	3.074213981628418	3
907313	1849	-0.82849	2.2564868927001953	3
1240222	2037	4.857177	3.940633773803711	3
925347	1373	6.550716	3.1630630493164062	3
687448	1023	4.347487	3.505143165588379	3
1659928	1007	-6.406372	-0.34762394428253174	3
907271	2159	3.34035	3.344820499420166	3
1503363	1008	-2.199214	2.2757444381713867	3
909771	1618	3.007796	2.6001574993133545	3
907786	1061	4.562609	3.072969675064087	3
1503370	1932	3.467866	3.382326364517212	3
688087	1598	5.19364	3.5331876277923584	3
1298134	1853	1.684301	3.0054664611816406	3
1330950	1928	2.817843	2.992180347442627	3
753548	2003	4.273778	1.3650751113891602	3
905961	1928	4.871323	3.647001028060913	3
946355	1632	4.592083	2.3910584449768066	3
907286	1733	2.755043	3.6565170288085938	3
930301	1054	4.577963	2.1694016456604004	3
688015	1558	1.791554	3.026200532913208	3
687798	1720	-0.61135	2.490415573120117	3
907067	2106	-0.147249	2.736325740814209	3
910704	1828	3.996831	3.139181613922119	3
910916	1177	3.473125	3.895203113555908	3
909726	1131	3.171953	3.9617919921875	3
905955	1617	1.911168	2.150920867919922	3
1240187	1006	-1.80907	3.885826826095581	3
687457	1808	0.331187	2.229702949523926	3
1503364	1023	2.406111	3.095615863800049	3
907279	1784	7.168262	3.0794053077697754	3
1298226	1716	4.402784	3.471907377243042	3
907042	1036	2.346405	3.1764049530029297	3
906844	2010	1.580693	3.139181613922119	3
1299059	2000	5.866528	2.956001043319702	3
909719	1808	0.181101	2.315403938293457	3
908473	1016	1.803173	3.1243896484375	3
1480358	1088	2.627038	2.326024055480957	3
753549	1786	4.454442	3.285810708999634	3
1298347	1018	4.423385	4.159975051879883	3
753565	1502	5.165279	3.5990052223205566	3
905941	1033	6.976079	3.691704511642456	3
909728	1917	2.956181	3.925304889678955	3
949153	1083	0.603807	2.1401453018188477	3
687561	1594	3.473338	2.7763237953186035	3
908463	1814	6.105131	2.531928539276123	3
1330995	1046	0.134741	-0.6409401297569275	3
753551	1580	5.342006	3.5625061988830566	3
753610	1510	3.14369	2.883046865463257	3
909736	1709	-3.584379	2.198505401611328	3
908150	2159	3.209236	3.7483177185058594	3
1240183	1598	4.680792	3.952855348587036	3
1298526	1924	4.311891	3.416851043701172	3
909975	1237	5.801637	3.976820468902588	3
1298476	1068	2.244579	2.800718069076538	3
1298168	2011	3.505657	3.790757179260254	3
910687	1200	1.912387	2.967254638671875	3
687802	1068	0.798398	2.490415573120117	3
753570	1249	1.928449	3.443648338317871	3
909750	1007	-5.413454	-0.7705311179161072	3
1298476	1033	8.433241	3.865518569946289	3
722058	1549	4.238961	2.518220901489258	3
906820	1803	5.997318	2.3461923599243164	3
1240142	1819	-6.022348	0.4809001386165619	3
722066	1866	3.491228	3.366225242614746	3
909253	1083	0.162138	2.098804235458374	3
1240186	1826	3.932309	3.0044665336608887	3
906818	1053	5.497836	2.736325740814209	3
687800	1817	-1.655737	3.0594706535339355	3
909781	1815	8.020501	3.790757179260254	3
910943	1494	-3.163349	2.5314600467681885	3
724870	1622	5.27134	4.116048336029053	3
909248	2106	2.384562	2.809974431991577	3
1480358	1191	-4.874806	1.760619878768921	3
910936	2158	3.190794	3.908776044845581	3
753554	1716	4.40262	3.471907377243042	3
907066	2002	6.070305	3.177934169769287	3
909698	1510	4.431695	2.9827568531036377	3
908125	1739	5.566395	3.675086259841919	3
687995	1866	2.331547	3.087041139602661	3
924111	1738	0.579182	2.574793815612793	3
1299062	1998	4.279644	3.4835972785949707	3
753564	1003	-2.067312	2.0312564373016357	3
1240219	1816	5.790771	4.204570293426514	3
1240222	1088	3.134233	2.326024055480957	3
1659928	1817	-6.617621	3.0495731830596924	3
906868	1441	1.578873	2.7625131607055664	3
713885	2111	3.720924	3.720323085784912	3
1298533	1375	7.704984	2.671414852142334	3
909904	1593	5.373929	3.2928037643432617	3
1659929	2111	3.706996	3.8724710941314697	3
687459	1372	2.663933	2.922907590866089	3
905974	1840	0.374264	3.299927234649658	3
753610	1941	-5.713134	1.8062036037445068	3
910941	1926	1.741374	2.6427102088928223	3
906826	1618	6.261697	5.328562259674072	3
908146	1919	0.991465	2.4378538131713867	3
906863	1814	6.116986	2.2715182304382324	3
753610	1053	2.663633	2.842350482940674	3
907275	1553	1.423409	1.4627697467803955	3
906805	1022	0.455097	2.4162988662719727	3
1298134	1507	4.503789	3.3120434284210205	3
1298222	1621	4.573866	3.080127477645874	3
906863	1006	1.191594	3.443648338317871	3
909774	1583	3.025075	3.976820468902588	3
908462	1924	3.136547	3.331998348236084	3
949093	1030	7.41603	4.164109230041504	3
1503365	1004	-2.355634	0.04383474960923195	3
688086	1038	2.795128	3.0922484397888184	3
753532	1051	0.909667	-0.5146170258522034	3
910951	2111	1.843314	2.510363817214966	3
1331033	1583	0.465734	2.656187057495117	3
905949	1190	-3.595637	2.531928539276123	3
1327768	1917	0.346627	2.528927803039551	3
905950	1372	-0.128959	3.074213981628418	3
949172	1047	2.030289	3.260467052459717	3
910941	1922	1.207813	1.8636806011199951	3
1240190	1928	5.709654	3.951356887817383	3
753573	2171	2.048299	3.1480519771575928	3
907046	1631	1.663468	3.466841220855713	3
1509073	1855	4.854634	3.074213981628418	3
1659819	1855	0.69115	2.1780474185943604	3
906797	1854	5.530041	3.7853474617004395	3
687787	1179	-0.185532	2.44380521774292	3
1327765	1635	4.643015	2.250295639038086	3
1297446	1034	-3.991609	2.1401453018188477	3
906807	1512	4.253825	0.5397506952285767	3
949094	1036	4.11975	3.100379467010498	3
722066	1917	4.974553	4.159975051879883	3
910567	2039	3.419511	2.6228630542755127	3
908126	1191	-5.374204	-1.2567634582519531	3
908122	1053	-0.187575	2.629692554473877	3
688014	1047	5.825261	4.062428951263428	3
909249	1583	1.642318	3.128612518310547	3
687800	1006	5.064784	3.885826826095581	3
906839	1048	6.068407	3.917372941970825	3
909713	2439	9.76397	3.3484063148498535	3
1240223	2159	4.350475	3.8812530040740967	3
906875	1739	4.645136	3.1585636138916016	3
1240173	1441	0.694082	2.8371450901031494	3
949174	1093	3.220087	1.3522725105285645	3
905941	1180	1.971691	2.44380521774292	3
911905	1067	7.524489	2.4977049827575684	3
910927	1021	2.510649	3.176694869995117	3
905967	1372	-3.142186	3.072969675064087	3
724870	1091	2.024653	3.557158946990967	3
908483	1179	-0.104403	2.3951363563537598	3
905984	2048	-5.281105	-0.7705311179161072	3
1298537	1018	4.661761	4.159975051879883	3
909904	1085	3.307758	3.6565170288085938	3
1290455	2046	1.363893	-1.4738807678222656	3
910934	1022	-2.511142	-0.6409401297569275	3
908465	1835	4.175732	3.1352715492248535	3
909743	1834	2.672676	2.446568250656128	3
905972	1621	5.395539	3.0594706535339355	3
905980	1149	3.082686	2.0709304809570312	3
907051	1908	3.784569	3.4023256301879883	3
910567	1507	2.538028	3.1585636138916016	3
905946	1180	-1.209648	2.3877689838409424	3
1524416	1585	4.863286	3.055459499359131	3
905976	1003	-3.455492	2.3154401779174805	3
906837	1024	-1.557049	2.781334161758423	3
909773	1932	1.857344	1.8588635921478271	3
1298167	1072	3.958236	3.720305919647217	3
1298356	1018	6.579567	4.098536014556885	3
910548	1582	4.688307	3.099673271179199	3
1298358	1620	5.849515	3.52777099609375	3
687563	1013	3.76172	3.4376649856567383	3
753556	1131	4.090585	4.362133502960205	3
753600	1463	4.055332	3.197042942047119	3
910694	1830	3.490343	3.188413143157959	3
909907	1996	6.198303	1.7898446321487427	3
909738	1786	4.141095	3.100175619125366	3
688015	1013	1.655409	3.1274993419647217	3
908460	1560	6.240711	3.1243896484375	3
1240145	1378	-0.244131	2.531928539276123	3
924106	2438	10.57027	3.732858419418335	3
909750	1510	4.951778	3.8381106853485107	3
906837	1052	1.267521	1.4827954769134521	3
1331036	1006	-2.396057	2.250295639038086	3
906868	1060	3.447954	3.1764049530029297	3
909736	1778	4.94917	3.1799750328063965	3
905954	1039	4.831957	3.675086259841919	3
908460	1048	8.20795	4.159975051879883	3
1240200	1175	5.113315	4.030294895172119	3
910943	2171	1.52605	3.440455913543701	3
924106	2361	4.561053	2.629692554473877	3
724838	2043	5.689936	3.781285524368286	3
1659819	2039	3.236941	2.3838350772857666	3
905985	1561	2.417383	2.7763237953186035	3
753618	2149	0.435758	3.3019165992736816	3
1298222	1529	1.776045	3.821507692337036	3
946359	1922	3.301875	3.176694869995117	3
749717	1720	5.077374	1.7898446321487427	3
683667	1776	4.139822	3.339660167694092	3
924244	1845	1.892086	3.1352715492248535	3
1298537	1916	2.496152	3.498420238494873	3
906797	1088	-0.018816	2.229702949523926	3
753610	1613	3.382973	3.720323085784912	3
753584	2359	5.85471	3.5251190662384033	3
907319	2439	8.902567	3.821507692337036	3
1480372	1560	3.783784	3.2154407501220703	3
1240187	2011	3.672341	3.885826826095581	3
908468	1561	3.507504	2.842350482940674	3
753584	1268	4.368444	3.7853474617004395	3
946377	1018	4.611005	3.917372941970825	3
1298215	2169	2.938018	2.557082414627075	3
905946	1025	4.3709	4.090229511260986	3
906804	1180	-3.610819	2.2157387733459473	3
909727	1910	2.613732	2.150920867919922	3
909904	1529	0.21074	3.865518569946289	3
753569	1627	3.413055	3.872239351272583	3
907277	1585	3.564597	2.484140396118164	3
907276	1512	6.279088	2.492459774017334	3
906763	1026	1.190188	0.0142613984644413	3
905958	1844	5.671088	2.446568250656128	3
753624	1834	2.396162	3.406963586807251	3
753615	1061	3.25873	2.113034248352051	3
910554	2157	4.282451	3.8345937728881836	3
687787	1804	6.887067	3.219636917114258	3
910934	1824	2.059012	2.1185455322265625	3
1331035	1909	0.705222	0.7966776490211487	3
924240	1916	-0.442896	3.466841220855713	3
909749	1779	0.810486	3.2821285724639893	3
924244	1249	2.873855	3.885826826095581	3
908448	1862	-1.128922	-3.141428232192993	3
1298352	1835	6.80187	3.118912935256958	3
1290908	1716	5.140325	3.498420238494873	3
687798	2145	2.082318	3.1352715492248535	3
724869	1832	5.013468	3.406963586807251	3
946368	1593	2.885718	3.0666732788085938	3
1480364	1782	5.420755	3.785597801208496	3
905935	1919	2.435581	3.6543960571289062	3
908461	1507	5.937387	3.3663415908813477	3
1240187	2499	10.733226	5.495716094970703	3
749714	1783	5.447064	3.732858419418335	3
908465	1917	3.53897	4.159975051879883	3
946367	1494	-0.727019	2.5314600467681885	3
949171	1200	1.860395	3.028265953063965	3
1298134	1046	1.806756	1.3160663843154907	3
905944	1830	3.200153	3.1352715492248535	3
924187	1626	1.376424	3.6953752040863037	3
910689	1585	6.430711	3.0495731830596924	3
722066	1908	2.996963	3.072969675064087	3
907058	1780	4.636935	3.675086259841919	3
908473	1932	2.447208	3.382326364517212	3
724825	2112	2.089809	2.4340689182281494	3
753538	1032	-0.565443	1.9068562984466553	3
946373	1031	-1.105438	1.034060001373291	3
1240121	1030	5.367252	3.895203113555908	3
924100	1584	3.46061	4.439723968505859	3
910780	1058	0.966068	2.6427102088928223	3
907062	1582	4.606521	2.882369041442871	3
909726	1248	-2.35396	4.0774688720703125	3
910568	1511	0.021789	2.512584686279297	3
906865	2010	1.893628	3.299927234649658	3
924239	1023	2.75184	1.8677223920822144	3
910935	1032	0.505509	1.199230670928955	3
687596	1085	2.654657	3.293684959411621	3
1298476	2149	3.727915	4.023406505584717	3
909748	1016	3.675888	2.8371450901031494	3
1240212	1026	0.611505	0.023306522518396378	3
907045	2011	5.410666	3.732858419418335	3
946366	1553	3.843888	2.7763237953186035	3
906797	1073	5.702251	3.5251190662384033	3
909704	1131	6.12435	4.005251407623291	3
905951	1613	2.601485	4.164109230041504	3
688086	2172	2.676801	3.2466554641723633	3
1322212	2170	3.904227	2.842350482940674	3
753594	1836	2.251319	3.0044665336608887	3
1240158	1578	4.612091	2.315403938293457	3
1240186	1560	4.741524	2.842350482940674	3
753608	1624	4.242682	3.951356887817383	3
910698	2112	2.716687	3.150207042694092	3
907274	2170	2.423359	1.7924883365631104	3
909256	1820	0.944155	3.139181613922119	3
753618	1706	2.749013	3.2466554641723633	3
909761	2039	2.87002	3.0495731830596924	3
910710	1862	-1.685166	-1.2567634582519531	3
906843	1004	-1.679955	-0.15726399421691895	3
908460	1598	6.580095	4.144708156585693	3
753554	1034	-1.979701	3.1330766677856445	3
1330950	2498	6.256805	3.2005796432495117	3
905962	1843	-0.575084	2.262300491333008	3
1240185	2158	5.324427	4.056890487670898	3
906862	1463	2.857274	3.176694869995117	3
687568	2038	5.576713	3.793128252029419	3
908463	1401	5.173306	2.4162988662719727	3
735784	1073	5.357449	3.821507692337036	3
924111	1732	4.569403	3.443648338317871	3
906875	1821	4.260135	2.3461923599243164	3
949154	1190	1.38309	1.8784303665161133	3
1524416	2362	4.491633	2.6475863456726074	3
906818	1038	4.268684	3.7499165534973145	3
753547	1844	2.515263	3.0044665336608887	3
910921	1629	5.069106	0.9457222819328308	3
910933	2172	5.102088	3.572105884552002	3
1298136	1706	2.002448	3.872328758239746	3
906825	2046	1.809679	2.4977049827575684	3
724870	2360	5.508495	3.416851043701172	3
910691	1844	2.718264	3.1582422256469727	3
1659929	1049	5.555961	3.110229015350342	3
753547	1375	5.932723	2.0312564373016357	3
724878	1635	6.666946	3.885826826095581	3
924240	1053	-0.244607	2.629692554473877	3
909751	1912	1.335276	2.8371450901031494	3
971777	1073	2.704542	3.3484063148498535	3
1240168	1802	4.004169	3.592862129211426	3
688023	1808	-1.226113	2.0312564373016357	3
906839	2106	2.307321	2.7763237953186035	3
906793	1840	-0.198408	3.299927234649658	3
753618	1862	-2.639666	0.8248994946479797	3
910907	1023	4.081221	3.491511344909668	3
905984	1853	4.602625	3.128495693206787	3
1240204	1089	1.074688	2.2715182304382324	3
905989	1736	6.137973	2.4268996715545654	3
687985	1620	5.07203	3.5625061988830566	3
724878	2154	4.566604	4.056890487670898	3
905951	1845	2.612743	3.139181613922119	3
907055	1866	1.526346	3.218397855758667	3
713880	2046	2.871309	2.3951363563537598	3
907275	1243	0.779108	0.7167263627052307	3
1240223	1998	6.020489	3.720305919647217	3
905991	1249	3.045425	3.785597801208496	3
1290908	1080	-1.664591	0.23284852504730225	3
907295	2000	5.742913	3.0044665336608887	3
946359	1177	5.094934	4.164109230041504	3
910546	1832	4.730946	3.406963586807251	3
925348	1249	4.901772	3.865518569946289	3
1240187	2040	0.064255	3.197042942047119	3
1327765	1194	2.833842	2.314465045928955	3
908442	1507	5.654909	3.5494494438171387	3
753578	1373	4.540538	3.074213981628418	3
907787	2362	3.34368	2.263026714324951	3
688025	2438	10.230078	3.4835972785949707	3
908135	1549	3.818454	2.49688720703125	3
949172	1940	3.912006	3.5331876277923584	3
1327769	1930	-0.084062	2.528927803039551	3
907795	1593	1.351785	3.0495731830596924	3
688011	1922	3.761261	2.837831735610962	3
971777	1909	1.6779	2.150920867919922	3
905942	1845	3.013294	3.1352715492248535	3
910079	1059	1.527916	3.0709075927734375	3
910852	2043	5.548152	4.164109230041504	3
905960	1908	2.276382	3.6868231296539307	3
909713	1817	-5.812035	3.238065481185913	3
688027	1511	-0.744103	2.0312564373016357	3
1240204	1083	1.560226	2.796933650970459	3
687983	1038	3.381592	3.720323085784912	3
688013	1373	3.772659	3.216567039489746	3
907287	1940	4.332759	3.954728603363037	3
910951	1594	1.239065	2.4494740962982178	3
909256	1925	3.869419	4.0957560539245605	3
1331032	1008	-4.270901	0.5397506952285767	3
1480364	1168	-1.022925	3.0016860961914062	3
1303900	1620	5.473355	3.9352076053619385	3
1298359	2000	5.32058	3.1416587829589844	3
1503361	1042	5.474661	4.921578407287598	3
753532	1925	4.937066	3.9850058555603027	3
910926	1072	2.921834	3.5251190662384033	3
906835	1046	5.485879	2.031323194503784	3
910916	1844	3.009642	2.956001043319702	3
905964	1631	1.747245	2.9730064868927	3
907170	1091	4.211066	1.3522725105285645	3
946366	2169	3.130717	2.7763237953186035	3
749710	2037	4.402221	3.954709529876709	3
906868	1033	5.651091	3.4956727027893066	3
1298531	1733	1.339667	2.781334161758423	3
906818	1834	2.37987	3.299927234649658	3
749713	2010	3.613673	3.139181613922119	3
906875	2043	4.918458	3.0922484397888184	3
907280	2002	4.865139	1.3650751113891602	3
924244	2111	4.312154	4.159975051879883	3
925347	1372	3.064466	3.1630630493164062	3
907314	1449	5.21578	3.1585636138916016	3
905940	1831	3.615659	1.72149658203125	3
910691	1617	0.486203	1.842987298965454	3
1298216	1784	5.980037	3.406963586807251	3
753621	1618	4.862795	5.070587158203125	3
1330964	1051	0.018923	-0.790493905544281	3
1240218	2170	6.829401	3.416851043701172	3
908135	1079	1.53974	3.1585636138916016	3
907065	1560	3.406205	3.0890963077545166	3
753562	1815	5.720743	3.443648338317871	3
909703	1996	3.712172	1.2205781936645508	3
909974	1739	6.005159	3.334691047668457	3
1298538	2171	1.751788	3.068286180496216	3
687798	1630	4.705209	3.498420238494873	3
1330995	1529	0.675072	2.250295639038086	3
908146	1036	3.92373	2.3299448490142822	3
1330931	1838	1.855959	1.72149658203125	3
907300	1804	4.672493	1.3650751113891602	3
1331034	1024	-2.940482	1.747210144996643	3
909774	1581	3.759434	3.7720468044281006	3
910079	2439	9.652184	3.821507692337036	3
908450	1018	6.528036	3.5562305450439453	3
1298134	1824	2.375025	3.0198750495910645	3
753563	1557	4.376398	1.0019418001174927	3
1331038	1080	-2.703831	-1.575573444366455	3
909778	1180	-1.985847	2.3877689838409424	3
907274	2156	2.511141	2.250295639038086	3
908122	1563	4.49932	3.954709529876709	3
1674021	1862	-1.468119	0.8239141702651978	3
687800	1042	6.007284	4.925695896148682	3
949172	1927	3.644381	3.1585636138916016	3
1524416	1061	3.522346	3.074213981628418	3
906839	1739	1.864009	3.440195083618164	3
1503367	1580	4.327909	3.8495192527770996	3
1299075	1919	3.019813	3.6543960571289062	3
909718	1824	1.908264	3.1192047595977783	3
909778	1557	4.286925	1.7898446321487427	3
905963	1625	4.197126	3.764240264892578	3
909703	2048	-5.002259	-0.8110840916633606	3
1240153	2010	3.185452	3.299927234649658	3
906835	1777	7.540457	3.440195083618164	3
910943	2046	2.351543	2.031323194503784	3
753548	2158	3.108692	2.678368330001831	3
910930	1825	-2.220001	2.1185455322265625	3
905949	1080	-4.467824	0.23284852504730225	3
1240193	2177	1.610307	3.612210988998413	3
1290908	1804	5.619251	3.1352715492248535	3
909907	1808	5.49548	3.1126766204833984	3
907046	1005	5.020682	3.1126766204833984	3
1290908	1029	6.179551	3.197042942047119	3
1303900	1059	0.079832	2.629692554473877	3
910907	1866	4.602494	3.6238532066345215	3
1480362	1564	5.863786	3.081709861755371	3
910905	1912	0.571254	2.8371450901031494	3
1298356	1129	4.11252	2.966871976852417	3
1298351	1621	4.433938	3.0632424354553223	3
910937	2107	3.506017	2.842350482940674	3
753623	1200	2.802242	4.107059001922607	3
949090	1917	1.122283	4.030294895172119	3
908460	1072	7.158464	3.885826826095581	3
1299080	1626	3.724974	3.466031312942505	3
930083	1931	7.602899	4.384738922119141	3
908483	1712	-5.883778	3.4835972785949707	3
1480367	1512	5.485371	2.326024055480957	3
1330993	2112	1.295232	3.460726261138916	3
909773	1091	1.466617	1.8588635921478271	3
1503363	1133	4.669422	4.607572555541992	3
906798	1915	3.336708	3.2284421920776367	3
1479988	1177	5.670103	4.030294895172119	3
908150	1803	6.963533	3.316722869873047	3
1327768	1926	2.99889	1.7924883365631104	3
1240127	1004	-0.715093	-0.170138418674469	3
907063	1091	2.836638	1.8588635921478271	3
908122	1734	2.371351	3.732858419418335	3
713899	1706	2.142727	3.5625061988830566	3
905981	1237	5.512972	3.8606414794921875	3
1331055	2110	4.931876	3.612210988998413	3
1240200	1093	5.265975	3.367518424987793	3
1327775	1776	3.913718	2.9392848014831543	3
1524414	1873	1.039407	2.6475863456726074	3
909713	2110	4.098814	3.6452479362487793	3
1290455	2359	3.737565	0.7167263627052307	3
687459	1067	6.151491	2.468816041946411	3
907275	1783	4.301815	0.7167263627052307	3
1331034	1067	3.920682	-0.6409401297569275	3
924100	1375	7.826816	4.923399448394775	3
909770	2043	5.274632	3.7707409858703613	3
688021	1629	5.760993	1.5491182804107666	3
1524418	1200	3.879449	3.8162283897399902	3
930083	1061	7.506052	2.8832292556762695	3
910932	1578	5.768857	2.3154401779174805	3
687506	1017	4.023659	3.6311097145080566	3
906821	1847	1.289901	3.406963586807251	3
753549	1249	4.021307	3.592862129211426	3
1298219	1813	5.367049	2.628925323486328	3
910780	1084	-0.974839	2.6427102088928223	3
906801	2360	4.464587	2.629692554473877	3
909704	1072	4.119121	3.5251190662384033	3
908472	1018	4.851589	4.159975051879883	3
1240223	1581	3.050044	3.7074034214019775	3
687505	1810	-0.997762	1.8784303665161133	3
905990	1940	2.80992	4.024009704589844	3
910554	2170	4.147777	2.8371450901031494	3
910554	1378	2.15057	2.262300491333008	3
1298357	1933	7.106705	0.11793330311775208	3
1298218	1060	-0.223798	3.1630630493164062	3
910704	1936	2.678942	3.176694869995117	3
1240142	1738	-0.001447	3.068286180496216	3
753573	1808	1.921273	2.2757444381713867	3
753540	1054	3.889413	2.2157387733459473	3
1240189	1020	2.938728	1.5491182804107666	3
946359	1062	4.660769	3.6868231296539307	3
946369	2170	1.321742	2.7625131607055664	3
909250	1563	6.401571	3.8606414794921875	3
1524414	1191	-4.700092	-0.9309361577033997	3
906696	2361	3.292642	3.2103044986724854	3
1503361	2111	3.229911	4.085565567016602	3
1660035	1706	2.062374	3.647001028060913	3
1509074	2046	4.107699	1.112385869026184	3
1327768	1018	4.069988	2.528927803039551	3
910932	2360	5.556014	2.736325740814209	3
909249	2106	0.210233	2.0802865028381348	3
1240185	1739	3.061914	3.498420238494873	3
905936	1706	0.092036	3.647001028060913	3
753556	1051	1.073909	0.4809001386165619	3
907791	1030	5.476149	3.0553245544433594	3
905933	1912	2.280619	3.2154407501220703	3
908451	1563	5.208192	2.678368330001831	3
908483	1614	1.871779	3.140571117401123	3
910900	1815	4.667939	3.885826826095581	3
907067	1804	5.775187	3.299927234649658	3
1240157	2109	2.89037	4.1077494621276855	3
905991	2145	-0.803081	3.2247228622436523	3
907789	1048	3.323769	2.882798671722412	3
687798	2172	3.248044	3.951356887817383	3
724869	1843	0.728539	2.671414852142334	3
907269	1564	1.994879	1.5867912769317627	3
905948	1777	4.915778	3.334691047668457	3
687590	1845	1.920752	3.188413143157959	3
1240182	1191	-0.743371	1.5491182804107666	3
687985	1829	0.064	3.0044665336608887	3
713899	1083	0.733104	2.837831735610962	3
1240154	1714	0.693464	2.8832292556762695	3
906765	1004	-5.968084	-1.941938877105713	3
906765	2002	4.852692	2.4340689182281494	3
907317	1373	4.94597	2.942164421081543	3
906832	1940	2.927818	3.1813745498657227	3
1298362	2110	3.034444	3.908776044845581	3
909697	1830	1.019771	3.0608701705932617	3
907799	1023	2.375134	2.314465045928955	3
905989	1922	2.34673	3.110229015350342	3
907057	1013	3.947324	3.6686956882476807	3
908152	2360	5.337527	3.331998348236084	3
905951	2113	4.126513	3.139181613922119	3
910903	2360	5.228995	2.736325740814209	3
753574	1020	6.88826	1.2621748447418213	3
905991	1782	4.303754	3.785597801208496	3
946366	1042	4.670847	4.530882358551025	3
1240142	2037	3.140736	3.872239351272583	3
908460	2156	4.972955	3.885826826095581	3
907053	1830	2.003655	1.3650751113891602	3
907783	1086	-4.219008	-0.35826143622398376	3
1503365	1036	6.911215	2.942164421081543	3
907051	1835	5.372356	3.1582422256469727	3
1660034	1803	4.972852	3.1192047595977783	3
910932	1926	0.780018	2.736325740814209	3
687798	1053	2.834511	3.1243896484375	3
906851	1051	3.113413	0.013405803591012955	3
749710	1549	2.116336	2.6527669429779053	3
749711	1580	5.330372	3.9352076053619385	3
905990	1576	3.438034	4.024009704589844	3
1240179	1268	3.365113	3.657022476196289	3
906696	2048	-2.447965	0.9292271733283997	3
688015	1017	2.882058	3.720323085784912	3
1290797	1006	0.386478	3.865518569946289	3
1479987	1933	3.827043	1.760619878768921	3
908443	1714	2.704861	2.731198787689209	3
905944	1025	5.306635	4.144708156585693	3
1290908	1853	4.354851	3.0594706535339355	3
687802	1785	5.615086	3.885826826095581	3
907169	1919	1.934872	2.897429943084717	3
1240181	2171	-2.534338	1.3522725105285645	3
749715	1732	0.452968	3.732858419418335	3
910704	1019	3.196855	3.466841220855713	3
910698	1598	4.191076	3.9159629344940186	3
1299052	1629	4.450838	-0.7124894261360168	3
1298365	1057	-1.17014	3.2154407501220703	3
908152	1631	2.35528	3.4737515449523926	3
908447	1549	5.612412	2.49688720703125	3
1240153	1916	3.272171	3.675086259841919	3
1240168	2038	4.056979	3.793128252029419	3
1240226	2038	5.097672	3.6452479362487793	3
907046	2169	3.554627	2.629692554473877	3
1297447	1510	2.158837	1.7121742963790894	3
905967	1030	3.860211	4.159975051879883	3
1503363	1062	5.229561	2.942164421081543	3
910921	1830	2.871402	3.299927234649658	3
906821	2110	5.280995	4.023406505584717	3
905982	1916	2.76651	3.440195083618164	3
909713	1924	4.337691	2.736325740814209	3
907172	1936	3.906297	3.505143165588379	3
753546	1585	5.257716	3.238065481185913	3
1298475	1576	4.72949	4.116048336029053	3
909757	1580	4.995454	3.647001028060913	3
925338	1821	3.947054	3.139181613922119	3
1659818	1828	2.396976	2.4340689182281494	3
1290797	1614	3.862788	3.6565170288085938	3
1327775	1586	3.720394	2.7174582481384277	3
907278	1175	2.984062	2.2885613441467285	3
946377	1512	4.501746	2.5314600467681885	3
909748	1998	5.369323	3.5476584434509277	3
946353	2361	4.840442	3.0709075927734375	3
905958	1806	4.923245	1.3772881031036377	3
907795	1049	3.513854	3.110229015350342	3
905985	1179	0.990826	2.031323194503784	3
949171	1709	-2.514488	0.844039797782898	3
905983	1996	3.107729	2.2564868927001953	3
687568	1583	3.900322	3.793128252029419	3
688010	1088	2.472795	2.0312564373016357	3
905952	2096	2.326483	2.3299448490142822	3
910941	1372	2.721215	1.874420166015625	3
724873	2045	5.932843	3.1243896484375	3
905944	1049	3.734936	3.197042942047119	3
1240159	1634	4.838742	5.554938793182373	3
753594	1179	0.10428	2.3951363563537598	3
908147	2096	2.344266	2.3299448490142822	3
1503369	1564	1.507205	3.072969675064087	3
907055	1626	2.991734	3.52777099609375	3
1297447	2156	2.736204	3.2235054969787598	3
1240226	1930	2.359	3.7499165534973145	3
1480360	1021	3.761303	3.1504194736480713	3
949178	1634	2.737572	4.142992973327637	3
909703	1061	3.782081	2.3299448490142822	3
908475	1734	2.591505	3.885826826095581	3
688023	2096	3.71911	3.216567039489746	3
1240201	1022	1.79922	2.5501933097839355	3
909726	1911	-5.985198	3.3484063148498535	3
998184	1622	2.786101	3.4710893630981445	3
906842	2169	1.178141	1.7924883365631104	3
1240212	1029	5.759275	2.9435014724731445	3
713899	1833	2.551126	3.0044665336608887	3
753595	1919	2.749186	3.253091812133789	3
907277	1812	1.989096	1.3772881031036377	3
688086	1819	-4.449877	-1.5455551147460938	3
907066	1248	-3.383561	4.398710250854492	3
753566	1839	3.066896	3.177934169769287	3
1247873	1030	6.914831	4.159975051879883	3
1240197	1259	4.046558	4.030294895172119	3
1240223	1441	3.11946	3.2103044986724854	3
1298216	1069	4.476433	3.6238532066345215	3
909904	1511	0.852846	2.671414852142334	3
909747	2498	9.805334	5.036396503448486	3
753566	1815	6.504351	3.5251190662384033	3
910780	1853	4.109348	2.6228630542755127	3
687787	1190	-0.895313	2.3580830097198486	3
1330942	1631	3.580229	0.8794018030166626	3
924250	1034	-2.106415	3.095615863800049	3
910850	1598	3.505829	4.1077494621276855	3
905970	1625	5.967222	3.951356887817383	3
1297439	1058	1.906906	2.842350482940674	3
909708	1029	5.623496	2.796933650970459	3
905946	1629	4.429633	0.8202256560325623	3
1330993	1917	0.844788	3.477262020111084	3
724869	1168	2.586234	3.253091812133789	3
906821	1926	0.56244	3.416851043701172	3
1290905	1911	-2.477788	3.732858419418335	3
1299080	1844	6.399883	3.299927234649658	3
910927	1373	3.824752	3.6868231296539307	3
925340	1838	4.464664	3.0608701705932617	3
909974	1849	1.003932	2.0709304809570312	3
910569	1826	3.596396	3.1192047595977783	3
905959	2010	6.83866	3.2247228622436523	3
946360	1635	5.014235	3.785597801208496	3
906837	1086	-3.023779	1.4827954769134521	3
906830	1838	4.25049	3.299927234649658	3
1331038	1022	-1.410371	-0.6409401297569275	3
909723	1083	2.293735	3.505143165588379	3
905971	2039	2.955057	3.0495731830596924	3
908447	1738	-0.954106	1.3522725105285645	3
907061	1779	0.052558	2.781334161758423	3
905969	1268	5.054923	4.024009704589844	3
930297	1626	2.365117	3.7010927200317383	3
1297449	1593	0.391741	2.3838350772857666	3
1240146	1373	6.478078	3.072969675064087	3
907169	1738	4.269694	3.4655771255493164	3
1299052	1924	3.94122	2.557082414627075	3
907786	1060	1.676815	3.072969675064087	3
946366	1088	0.688444	2.5314600467681885	3
910904	1621	5.456767	2.882369041442871	3
753574	1008	-1.878746	2.2757444381713867	3
1298136	1827	-1.489014	3.406963586807251	3
998189	1738	2.422499	2.9827568531036377	3
906828	1200	2.43277	3.875349521636963	3
1298358	1011	-0.279454	2.129793405532837	3
1509073	1932	2.747801	3.6190543174743652	3
905951	1073	4.978355	3.732858419418335	3
1480360	1578	6.550531	2.326024055480957	3
907269	1808	-2.290898	0.418112188577652	3
909735	2055	-0.352502	3.1582422256469727	3
1524419	1053	3.100509	2.6475863456726074	3
910545	1564	3.222732	1.3634185791015625	3
909904	1778	5.596308	3.416851043701172	3
753618	1175	2.161713	3.0922484397888184	3
1480364	1559	3.863504	1.760619878768921	3
1331032	1529	0.518512	2.250295639038086	3
909736	1862	-1.249479	1.3513767719268799	3
724869	1930	1.706278	4.172597408294678	3
907280	1047	4.829835	1.6765756607055664	3
1674021	1180	-2.869949	1.7237739562988281	3
753614	1079	-1.529676	3.466092586517334	3
753620	1834	1.538466	2.3461923599243164	3
908483	1091	3.421321	2.883046865463257	3
753555	1249	2.524113	3.821507692337036	3
909253	1050	-1.11212	-1.5029702186584473	3
910931	1031	-3.458466	1.2087807655334473	3
905960	1815	6.267278	3.732858419418335	3
910911	1930	1.161629	3.895203113555908	3
687448	1854	6.089143	3.9081428050994873	3
1298146	1023	4.404585	3.100175619125366	3
753569	1558	4.156466	2.7645702362060547	3
1247871	1816	4.078738	2.967254638671875	3
1240122	2038	5.024847	3.908776044845581	3
910904	1734	2.213372	3.443648338317871	3
1330942	1059	-0.523865	1.4627697467803955	3
910927	1733	2.194134	3.466841220855713	3
906824	1817	-5.951602	3.0054664611816406	3
907062	1830	2.990192	2.956001043319702	3
1298526	2106	4.540874	3.416851043701172	3
753541	1179	0.014948	1.4827954769134521	3
905983	1512	5.904179	2.5314600467681885	3
1299052	1930	-0.824308	3.895203113555908	3
753615	2110	5.552305	3.128612518310547	3
917486	1908	2.540387	2.4268996715545654	3
910702	1936	6.401627	3.491511344909668	3
753541	1021	1.663447	2.796933650970459	3
688058	2438	10.942552	3.658769130706787	3
1298151	1825	0.139551	3.1715657711029053	3
1240143	1866	3.733285	3.3767528533935547	3
753570	1615	4.971715	2.557082414627075	3
687802	1820	5.576323	3.1352715492248535	3
1297449	1129	2.62256	1.7924883365631104	3
753554	1584	1.698038	3.083360195159912	3
1479988	1080	-2.33895	-0.05009322986006737	3
924100	1248	-3.178948	3.270533800125122	3
924239	1778	1.098111	2.0802865028381348	3
907320	1564	2.536291	2.942164421081543	3
1298146	1507	4.789275	3.4711341857910156	3
909784	1008	2.894582	2.3154401779174805	3
1240201	1730	2.927198	3.6238532066345215	3
1240122	1079	1.087229	2.781334161758423	3
909747	1058	1.984239	2.8371450901031494	3
1299050	1829	1.614049	2.956001043319702	3
1298168	2156	3.105714	3.790757179260254	3
909738	1032	1.975419	2.796438694000244	3
1240143	1927	5.893339	3.471907377243042	3
910919	1820	2.725041	2.1185455322265625	3
908129	1180	-2.082622	1.5358304977416992	3
910948	2040	0.080664	3.176694869995117	3
910921	1051	1.286199	0.7296395897865295	3
949178	1237	4.334877	3.3019165992736816	3
930297	1059	0.310357	2.6630468368530273	3
753565	1373	4.537585	3.216567039489746	3
735784	1032	1.753126	2.2665634155273438	3
687980	1441	3.757485	2.842350482940674	3
910691	2158	4.425868	3.7998673915863037	3
687563	1553	3.922111	2.7763237953186035	3
907320	1827	-0.835676	3.1416587829589844	3
905986	1925	5.687055	3.8693456649780273	3
907274	1910	0.656069	0.7966776490211487	3
687819	1058	1.880063	3.1243896484375	3
749714	1916	3.384742	3.466841220855713	3
907048	1912	0.386391	2.629692554473877	3
1298168	1089	4.877631	2.4567294120788574	3
749715	1932	1.736533	3.562148094177246	3
909253	1512	4.608039	-0.8911531567573547	3
1327769	1917	-0.167635	2.528927803039551	3
905961	2096	0.263125	2.4268996715545654	3
907790	1803	7.130943	3.1192047595977783	3
1247873	1037	3.384027	3.498420238494873	3
908455	1855	5.639378	2.7556512355804443	3
909715	1007	-5.401659	-1.5029702186584473	3
924239	1843	-0.119741	1.0504645109176636	3
724834	1268	6.385335	4.144708156585693	3
688010	2439	9.390279	3.4835972785949707	3
909706	1248	0.131451	4.0774688720703125	3
907061	1909	3.015492	2.0414724349975586	3
753549	1067	4.378633	2.031323194503784	3
905951	1036	4.802432	3.6868231296539307	3
906871	1817	-6.092535	3.128495693206787	3
1659823	1830	2.150722	3.1192047595977783	3
907795	2177	1.774821	3.8345937728881836	3
906828	1190	-2.971591	2.512584686279297	3
724834	1738	3.550823	3.382326364517212	3
905950	1021	2.816669	3.293851852416992	3
909697	1718	3.950647	3.3663415908813477	3
1503371	2011	4.719382	3.821507692337036	3
908455	1062	3.032719	2.7556512355804443	3
687586	1909	2.367434	2.2564868927001953	3
907792	1815	5.688813	3.5476584434509277	3
930297	1529	1.779723	3.744474411010742	3
753540	1194	5.23196	3.019476890563965	3
753582	1083	0.831185	2.837831735610962	3
1330982	1557	4.057408	0.7966776490211487	3
753532	1815	5.32858	3.443648338317871	3
908150	1832	4.011658	3.316722869873047	3
1299081	1576	3.312916	3.9081428050994873	3
905964	1714	3.441004	2.113034248352051	3
946359	1830	3.68325	3.139181613922119	3
907790	1029	5.971442	3.110229015350342	3
753588	1912	1.25955	2.842350482940674	3
1331034	1635	3.982511	2.250295639038086	3
687777	2002	4.553462	3.1352715492248535	3
910692	2110	4.524181	3.612210988998413	3
909781	1733	5.507943	3.334691047668457	3
907787	1833	0.665609	2.446568250656128	3
1660035	1060	0.170437	2.4268996715545654	3
906807	1013	2.113786	1.5066907405853271	3
907169	1618	5.361641	4.0774688720703125	3
906872	1802	4.680211	3.6655185222625732	3
905935	1813	6.441462	4.923399448394775	3
1659819	1916	0.308442	1.747210144996643	3
688014	1190	3.18807	2.0312564373016357	3
906804	2048	-5.10182	-0.6065518856048584	3
910933	1561	3.739063	2.7763237953186035	3
949088	2110	1.667402	2.656187057495117	3
924244	2171	1.529596	3.382326364517212	3
906877	1813	3.174314	1.3772881031036377	3
687588	1024	0.42108	3.440195083618164	3
687799	1563	5.782739	4.056890487670898	3
753608	2175	5.415866	4.144708156585693	3
753618	1179	-1.972612	0.844039797782898	3
949153	1042	4.656142	4.430404186248779	3
905990	1494	-2.87259	2.326024055480957	3
907321	1023	3.363427	3.0871315002441406	3
910941	1507	4.906737	3.1585636138916016	3
753584	1838	3.906154	3.177934169769287	3
905959	1873	1.786264	3.2154407501220703	3
946370	1911	-4.863058	3.592862129211426	3
907795	2173	4.401931	3.647001028060913	3
1503368	1928	4.687716	3.8495192527770996	3
753563	1083	-0.072465	1.8677223920822144	3
713869	1005	5.837076	2.531928539276123	3
1327766	1512	4.573353	1.0504645109176636	3
910546	2048	-3.503239	1.050614595413208	3
724834	1191	-3.51126	1.2087807655334473	3
909735	1582	3.94783	3.0764341354370117	3
1240192	2037	5.82286	3.612210988998413	3
687995	1917	2.640153	3.720323085784912	3
906872	1817	-4.130762	2.6228630542755127	3
910951	1598	2.966792	3.0039830207824707	3
905961	2438	10.786201	3.5476584434509277	3
687983	1052	5.777513	2.3951363563537598	3
1240157	1613	2.424591	4.07512092590332	3
907317	1030	5.55133	4.085565567016602	3
1240162	1038	4.542114	3.895203113555908	3
1503363	1088	2.829411	2.2757444381713867	3
906842	1908	3.361137	2.1780474185943604	3
1503362	1632	3.367572	2.3910584449768066	3
1330972	2359	3.645915	3.4835972785949707	3
1331032	1835	2.747489	2.1185455322265625	3
909774	2039	3.840922	3.0632424354553223	3
753577	2169	3.810066	2.6475863456726074	3
1524416	1047	3.581502	3.9000253677368164	3
910549	1866	2.593378	3.3682289123535156	3
905947	1557	5.628425	2.0709304809570312	3
907789	1919	1.14416	2.4378538131713867	3
1240179	1510	4.096025	3.48514461517334	3
909708	1088	-0.112104	2.2715182304382324	3
910924	1780	4.965622	3.3663415908813477	3
905967	2043	4.837889	4.159975051879883	3
753600	2000	4.578517	3.1352715492248535	3
687821	1615	6.325023	3.1243896484375	3
907271	1803	6.721216	3.0794053077697754	3
909745	1828	4.567384	3.188413143157959	3
908465	2002	6.548696	3.1352715492248535	3
1503368	1034	-0.743331	3.0871315002441406	3
1524419	1561	2.126185	2.6475863456726074	3
687794	1133	3.012633	4.556991100311279	3
1240153	1847	3.007613	3.299927234649658	3
909709	1091	2.678706	2.574793815612793	3
905977	1829	2.47548	3.299927234649658	3
753595	2044	6.001818	2.671414852142334	3
909745	1780	6.293596	3.440195083618164	3
1299078	1820	1.017036	3.299927234649658	3
1330991	1072	4.973735	0.7167263627052307	3
905968	1804	5.357314	3.2247228622436523	3
1240178	1007	-4.050462	0.9292271733283997	3
753621	2145	-0.666551	3.1416587829589844	3
1330947	1582	3.378604	1.1237335205078125	3
1331048	1627	2.331088	2.656187057495117	3
907783	1615	4.284772	2.4494740962982178	3
713878	1093	3.754696	2.883046865463257	3
905970	1928	6.191982	3.951356887817383	3
753584	1998	3.552744	3.5251190662384033	3
908124	1911	-5.398937	3.3484063148498535	3
908455	1824	3.233074	3.0608701705932617	3
907066	1057	1.513608	3.0890963077545166	3
1240200	2170	6.332773	3.2154407501220703	3
905938	1560	2.203961	1.4627697467803955	3
905938	1494	-5.91224	-0.8911531567573547	3
924108	1999	3.4366	3.1192047595977783	3
909745	1149	2.48715	2.2564868927001953	3
905945	1784	5.241481	3.139181613922119	3
753623	1564	2.993402	2.942164421081543	3
1298168	1024	1.574829	3.334691047668457	3
909778	1014	0.978738	3.6868231296539307	3
909755	1581	3.975096	3.647001028060913	3
1240204	1199	4.864564	3.9850058555603027	3
749717	1862	-1.890344	0.8202256560325623	3
906817	1020	6.477892	1.2621748447418213	3
909721	2109	5.742636	4.144708156585693	3
1240167	1177	3.591112	4.085565567016602	3
907787	1834	0.271282	2.446568250656128	3
1240197	1936	4.651586	3.1504194736480713	3
908129	2039	5.193517	3.0764341354370117	3
946368	1373	5.760555	3.100379467010498	3
905934	1067	6.612709	3.314549446105957	3
907277	1804	5.347347	2.446568250656128	3
1290730	1854	5.423505	3.7853474617004395	3
905945	1816	2.412515	4.0957560539245605	3
906824	1029	5.737861	2.9435014724731445	3
687819	1006	4.37394	3.885826826095581	3
753585	1720	5.861214	2.0709304809570312	3
1330948	1096	-1.818949	-1.5029702186584473	3
906862	1778	-1.808351	2.629692554473877	3
910710	1250	-0.986694	2.6857335567474365	3
949094	2439	9.089343	3.592862129211426	3
1240198	1563	6.109614	3.940633773803711	3
1240170	1997	4.95988	2.2564868927001953	3
998184	1004	-6.632786	-0.8110840916633606	3
724872	1778	3.88835	2.842350482940674	3
1331048	1838	3.387438	2.1185455322265625	3
907313	2045	6.046817	2.7763237953186035	3
1299050	2362	4.816798	2.557082414627075	3
905986	1932	2.996068	3.440455913543701	3
905972	2055	2.96876	3.1352715492248535	3
1240143	1494	-4.046077	2.3580830097198486	3
687455	1827	-0.528773	3.177934169769287	3
1298157	1827	1.883523	3.139181613922119	3
1659823	1827	0.106058	3.1192047595977783	3
1298216	1819	0.388223	1.050614595413208	3
905974	1511	-2.601806	2.3154401779174805	3
687563	1089	2.265004	2.5314600467681885	3
905956	2044	4.634767	2.3154401779174805	3
1480362	1017	4.520319	4.030294895172119	3
724872	1635	3.825882	3.4835972785949707	3
1240178	1194	6.258523	3.4127116203308105	3
1240172	1054	4.956269	2.3877689838409424	3
1298222	2154	2.112334	3.8916211128234863	3
907318	2156	3.286096	3.821507692337036	3
905942	1449	5.315879	3.498420238494873	3
909748	1018	5.505799	3.8724710941314697	3
753559	1170	3.315315	1.2621748447418213	3
1240121	1630	2.869805	2.781334161758423	3
1330942	1613	4.544975	2.2885613441467285	3
906839	1024	0.367078	3.440195083618164	3
906791	1618	4.226397	5.495716094970703	3
1247873	1777	5.551767	3.498420238494873	3
949088	1243	1.927544	2.250295639038086	3
905939	1004	-4.194482	-0.34762394428253174	3
905985	1052	2.221625	2.031323194503784	3
909747	1997	-0.771523	2.090547800064087	3
946369	1512	5.662047	2.311870574951172	3
907048	1784	5.354362	3.139181613922119	3
1295740	2044	3.006173	1.3772881031036377	3
924102	1067	6.310996	2.4251043796539307	3
753540	1022	-0.478683	2.2157387733459473	3
1240182	1072	6.651021	3.4835972785949707	3
930298	1057	-2.68393	2.6630468368530273	3
753556	2171	1.042707	3.068286180496216	3
1524415	1853	3.097529	3.055459499359131	3
753541	1580	5.074448	3.5596280097961426	3
909715	1598	2.417187	2.7345566749572754	3
1240181	1079	2.378045	3.1585636138916016	3
687983	1049	2.564664	2.837831735610962	3
909762	1594	1.230775	2.263026714324951	3
1524414	1179	0.443317	1.112385869026184	3
909771	1051	2.724759	-1.5029702186584473	3
1240186	1086	2.684989	2.3951363563537598	3
688006	1012	0.45597	2.907560348510742	3
753621	1036	5.345042	2.942164421081543	3
907272	1824	2.192593	2.446568250656128	3
1240209	1014	0.047537	2.7556512355804443	3
908483	1561	1.813037	2.842350482940674	3
687590	2044	3.38454	2.5314600467681885	3
905969	2360	6.677636	3.2154407501220703	3
1298352	1827	-0.23852	3.118912935256958	3
909708	1048	3.816108	3.895203113555908	3
907061	1838	2.648201	2.956001043319702	3
713885	1913	4.71782	4.600569248199463	3
753554	2171	0.789597	3.068286180496216	3
1240142	1580	5.569337	3.714261770248413	3
909256	2173	4.197254	3.9352076053619385	3
909725	1930	2.649506	3.7499165534973145	3
1503365	1739	5.402948	3.466092586517334	3
1503369	1613	4.081456	4.159975051879883	3
905964	1806	1.857826	1.0504645109176636	3
905952	2003	3.461334	2.446568250656128	3
1240193	2044	1.741304	2.0312564373016357	3
925348	1580	5.528417	3.872328758239746	3
907799	1557	2.800928	0.7966776490211487	3
905983	1873	1.578008	2.7763237953186035	3
924238	1563	5.945227	3.8812530040740967	3
1240172	2038	5.636924	3.954709529876709	3
717431	1058	0.926502	2.6427102088928223	3
949170	1615	5.569289	2.6427102088928223	3
753621	1844	6.100698	3.1416587829589844	3
909719	1010	3.885721	2.796438694000244	3
949090	1088	0.797186	2.326024055480957	3
753584	1828	4.282671	3.177934169769287	3
909253	2112	2.394633	1.3650751113891602	3
907068	1593	0.671316	3.0054664611816406	3
910911	1708	0.653265	1.4827954769134521	3
724870	2156	1.527464	3.865518569946289	3
908458	1939	5.298773	2.090547800064087	3
1240218	1820	3.712273	3.406963586807251	3
753564	1931	3.755809	4.062428951263428	3
1240158	1054	3.787854	2.198505401611328	3
910698	1873	-0.335239	2.6475863456726074	3
930297	1021	3.338165	2.9435014724731445	3
906817	1016	2.590119	3.0709075927734375	3
749716	1170	2.024164	0.8202256560325623	3
909762	1614	3.43423	2.7407751083374023	3
907286	1831	4.171679	3.406963586807251	3
724839	1084	0.604897	2.6630468368530273	3
906793	1866	2.42577	3.5597715377807617	3
1299078	1847	5.023931	3.299927234649658	3
909747	2112	4.959811	3.1192047595977783	3
924102	1812	3.992152	2.512584686279297	3
753622	1057	-2.014689	3.0709075927734375	3
1298526	2157	6.796866	4.023406505584717	3
753576	2157	4.329921	3.8916211128234863	3
688010	1022	-0.115664	2.3951363563537598	3
688011	1177	5.4811	3.720323085784912	3
906837	1625	3.769606	3.5596280097961426	3
1298349	1023	3.441992	2.837831735610962	3
910704	2038	4.443878	3.954709529876709	3
907277	1372	0.576508	2.3299448490142822	3
907285	1259	4.115011	4.172597408294678	3
1298357	1853	6.321615	3.0217809677124023	3
1659823	1706	2.677473	3.647001028060913	3
911905	1785	7.839776	3.785597801208496	3
1298169	1016	2.039698	2.6475863456726074	3
924238	1149	0.656898	2.4678306579589844	3
908126	1259	1.899343	2.510363817214966	3
908470	1191	-1.689569	1.769004225730896	3
753577	1046	3.935753	1.112385869026184	3
910947	1131	2.987914	1.6765756607055664	3
910399	1268	2.294147	4.144708156585693	3
1240154	1821	2.459996	3.2959392070770264	3
1240160	1133	4.757337	4.372276306152344	3
753547	2003	5.0242	3.0044665336608887	3
909735	1069	2.522121	3.3436636924743652	3
1240187	2106	1.666729	3.1243896484375	3
907289	1739	2.006217	3.5494494438171387	3
909771	1016	1.631436	1.4627697467803955	3
1524416	1168	3.346877	2.1444685459136963	3
907789	1585	3.919116	2.484140396118164	3
909719	1018	5.169741	4.07512092590332	3
910710	1049	1.518634	1.1876845359802246	3
905939	1928	3.320209	3.647001028060913	3
909729	1033	5.941696	3.592862129211426	3
971777	1549	4.24752	2.897429943084717	3
924244	1013	3.757095	3.7033729553222656	3
717431	1866	3.439523	3.093413829803467	3
753583	1847	2.498652	2.956001043319702	3
909773	1025	4.132889	3.1813745498657227	3
924107	2003	4.286042	3.0198750495910645	3
908460	1714	4.149118	3.072969675064087	3
906863	1463	4.085677	2.796933650970459	3
905989	1494	-3.180342	2.262300491333008	3
1240183	1810	4.917821	2.3580830097198486	3
1330948	1239	-0.506166	0.7167263627052307	3
909257	2177	2.024334	3.940633773803711	3
1503364	1401	2.066975	1.4640989303588867	3
1240154	1006	-0.845075	3.720305919647217	3
687586	1401	1.174249	2.031323194503784	3
905939	1053	1.687354	2.8371450901031494	3
908440	2107	3.477248	2.6427102088928223	3
717431	1511	-0.709131	1.052768349647522	3
906790	1511	-2.74744	2.492459774017334	3
909745	1012	2.765761	3.0666732788085938	3
906869	1632	4.602494	1.4640989303588867	3
910922	2110	3.932711	3.8606414794921875	3
924238	2145	-0.687023	3.2959392070770264	3
1240226	1815	6.772519	3.3484063148498535	3
687983	1738	0.433863	2.883046865463257	3
906837	1559	-2.664757	-0.7124894261360168	3
910952	1021	3.040667	3.293851852416992	3
905979	1847	7.22231	3.150207042694092	3
753581	1012	2.653505	3.238065481185913	3
1240143	2359	4.721376	3.691704511642456	3
753579	1634	4.848316	4.0774688720703125	3
1330972	1553	2.648723	2.842350482940674	3
908120	2149	3.606906	3.954709529876709	3
688023	1733	1.531085	3.140571117401123	3
905962	1053	5.918964	2.8371450901031494	3
949177	1627	2.352248	3.3019165992736816	3
1331038	2172	0.140319	1.1583445072174072	3
1298531	1852	3.731457	3.443648338317871	3
1298352	2040	6.174582	3.019476890563965	3
907055	1784	4.985101	3.0608701705932617	3
1509073	1022	0.286786	1.112385869026184	3
905948	2107	5.495978	2.6475863456726074	3
908480	1553	2.699854	2.842350482940674	3
1330995	1179	-0.152523	-0.6409401297569275	3
909747	1594	6.130406	2.8371450901031494	3
1240127	1803	5.904994	3.1582422256469727	3
1240157	1578	5.149454	2.315403938293457	3
1240179	2154	2.80783	3.5771546363830566	3
1298358	2037	6.435269	3.7115159034729004	3
753570	1855	4.421993	2.531838893890381	3
688021	1010	3.506452	3.026200532913208	3
1290806	2046	4.060756	1.4640989303588867	3
753554	1933	2.926508	2.111971378326416	3
906696	1024	0.605497	3.593160629272461	3
905957	1825	-2.063068	3.139181613922119	3
1331032	1733	0.683375	1.747210144996643	3
1240183	1237	6.076841	3.872239351272583	3
753612	1560	3.290718	2.0802865028381348	3
687980	2156	4.237952	3.4835972785949707	3
907045	1831	3.510457	3.139181613922119	3
1298347	1021	3.772878	3.197042942047119	3
906839	1006	4.098011	3.592862129211426	3
909725	1026	-1.957916	0.9457222819328308	3
906865	1927	4.686691	3.675086259841919	3
753596	2110	3.189021	3.6452479362487793	3
1330982	1627	2.398397	2.656187057495117	3
905944	2145	-1.146465	3.1352715492248535	3
905955	1086	2.793255	2.1694016456604004	3
910933	1908	1.487532	3.100379467010498	3
1331037	1013	1.051403	1.5066907405853271	3
905935	1375	7.211022	4.923399448394775	3
924108	2037	4.230686	3.8345937728881836	3
907783	1133	2.285634	2.1109542846679688	3
1503363	1428	5.916313	3.821507692337036	3
1298533	1021	3.623088	3.491511344909668	3
1290798	1634	4.749845	5.328562259674072	3
906851	1564	3.468546	3.6868231296539307	3
1290922	1836	4.391986	3.139181613922119	3
1299050	1815	6.268514	3.443648338317871	3
905982	1096	4.717295	-0.11276951432228088	3
1290725	2045	4.507991	2.557082414627075	3
1330995	1007	-4.072939	-1.575573444366455	3
949174	1844	3.329533	2.3461923599243164	3
908440	1179	-0.437013	0.844039797782898	3
753541	1067	4.838466	1.4827954769134521	3
905934	1019	3.639218	3.455707550048828	3
909745	1586	5.631247	3.0666732788085938	3
909745	1033	5.451045	3.592862129211426	3
907279	2039	2.948036	3.128495693206787	3
925338	1582	4.338503	3.2244744300842285	3
1503371	2158	4.286116	3.8916211128234863	3
1297446	1714	2.619553	2.3299448490142822	3
906807	1632	1.168679	-0.6409401297569275	3
908130	1630	4.742792	3.411452293395996	3
907276	1624	5.144245	3.52777099609375	3
724870	1714	2.83979	3.1630630493164062	3
906821	1632	4.426648	2.5501933097839355	3
1330985	1032	1.069399	0.5870694518089294	3
905950	1449	6.01797	3.334691047668457	3
724859	2173	5.50666	3.951356887817383	3
1240130	1170	1.976119	0.9457222819328308	3
1299052	1016	2.95384	2.557082414627075	3
910924	1931	5.15233	4.194164276123047	3
1331048	1720	2.61584	0.7966776490211487	3
1330947	1776	2.957313	1.9700183868408203	3
1524418	1576	4.033739	3.9159629344940186	3
905941	1933	7.615286	2.111971378326416	3
908124	2175	5.580735	3.9081428050994873	3
1240179	2113	2.354073	3.0198750495910645	3
908483	1053	2.166497	2.842350482940674	3
910548	2106	4.385504	3.2154407501220703	3
925338	1862	-1.251659	0.8202256560325623	3
907061	1913	5.41215	5.388006687164307	3
1240173	1614	4.71872	3.5494494438171387	3
908128	1932	2.617812	3.4655771255493164	3
908481	2039	3.936375	2.907560348510742	3
906797	1831	3.788348	3.177934169769287	3
753562	2055	0.721727	2.956001043319702	3
910567	1634	5.332375	4.142992973327637	3
1480361	1512	5.417338	2.326024055480957	3
1479995	1932	4.0727	3.367518424987793	3
1298136	1051	1.212643	1.050614595413208	3
724838	1022	1.281674	2.468816041946411	3
1240198	1007	-2.957514	-0.05009322986006737	3
722058	1932	1.694417	3.382326364517212	3
753588	1928	4.499642	3.5625061988830566	3
909252	1560	1.829319	2.263026714324951	3
909256	1073	5.304228	3.732858419418335	3
687448	1494	-2.788938	2.3154401779174805	3
1303901	1037	2.447528	3.140571117401123	3
687505	1052	2.381991	1.3160663843154907	3
910931	1578	5.551518	2.531928539276123	3
1480372	1576	3.852629	4.024009704589844	3
1298529	2037	6.223284	3.908776044845581	3
906818	1922	2.316863	3.505143165588379	3
906826	1839	4.753674	3.139181613922119	3
1240162	1058	-0.205557	2.557082414627075	3
1330960	1069	2.619189	2.7385921478271484	3
753540	1048	6.567151	4.098536014556885	3
905949	1785	4.3199	3.885826826095581	3
753624	1821	4.545985	3.406963586807251	3
907173	2498	8.397598	4.434485912322998	3
905951	2107	6.092387	2.629692554473877	3
906818	1085	2.820317	3.675086259841919	3
905959	1931	6.977471	4.405507564544678	3
907317	1378	-0.297757	2.2757444381713867	3
749716	1618	2.861725	5.328562259674072	3
910861	1919	-0.492876	1.199230670928955	3
907046	1083	1.839969	3.176694869995117	3
687457	1736	2.628282	2.922907590866089	3
1298134	1615	5.024929	2.6630468368530273	3
908473	2043	6.974476	4.159975051879883	3
1503363	1996	5.530146	2.409024953842163	3
1298350	2154	3.670091	4.056890487670898	3
905983	1924	3.754994	2.7763237953186035	3
910692	1199	4.259904	3.5990052223205566	3
753614	1828	3.250537	3.1416587829589844	3
1330931	1716	3.12641	2.6857335567474365	3
907277	1021	0.460294	2.1401453018188477	3
1330948	1036	1.835544	1.3634185791015625	3
908141	1029	4.597967	2.098804235458374	3
753605	1129	2.31767	2.842350482940674	3
946366	1096	1.056991	-0.11276951432228088	3
1524414	1009	5.219077	3.790757179260254	3
910850	1034	-0.309555	3.100175619125366	3
753621	1200	3.277771	4.107059001922607	3
907270	2173	2.29967	2.573621988296509	3
910943	2109	2.21071	3.8778505325317383	3
1240222	1558	4.735983	3.0016860961914062	3
906863	2040	1.630321	2.796933650970459	3
1240179	1010	3.04005	2.7042994499206543	3
906833	1932	3.324536	3.1604866981506348	3
687812	1038	3.311474	4.159975051879883	3
1240168	2439	8.2695	3.592862129211426	3
1479987	2043	4.902178	4.030294895172119	3
753594	1620	4.952701	3.5625061988830566	3
905935	2156	2.749911	3.0592241287231445	3
910934	1512	4.747502	0.5397506952285767	3
998189	1629	5.892074	0.8239141702651978	3
724878	2112	3.89894	3.1352715492248535	3
1295740	1847	1.653838	2.446568250656128	3
907300	1853	2.580065	1.1237335205078125	3
909761	1941	-1.774109	2.090547800064087	3
905977	1017	4.779146	3.7499165534973145	3
910935	2039	0.930748	2.3838350772857666	3
753594	1712	-3.575192	3.4835972785949707	3
753558	1631	3.042787	3.334691047668457	3
949094	1091	2.403061	3.440455913543701	3
910701	1200	3.326693	3.9850058555603027	3
1240179	1576	2.106048	3.657022476196289	3
905977	1584	3.193748	3.238065481185913	3
908476	1930	0.790049	4.159975051879883	3
906862	2002	4.732294	3.139181613922119	3
724825	2156	1.333827	3.2235054969787598	3
907048	1593	0.41034	3.2244744300842285	3
905956	1847	5.339336	3.299927234649658	3
910930	2172	-1.266765	1.1583445072174072	3
906871	1021	1.980176	2.8340673446655273	3
909708	1922	0.953624	2.796933650970459	3
910952	1720	6.128418	2.0709304809570312	3
753600	1783	5.581034	3.885826826095581	3
909974	1011	2.751642	2.0709304809570312	3
909248	1830	3.102848	3.098209857940674	3
1659928	1836	1.355075	3.1192047595977783	3
905962	2048	-3.158912	-0.34762394428253174	3
909708	1847	6.722109	2.956001043319702	3
909761	2000	5.716666	3.1192047595977783	3
687459	1866	2.610795	3.278754234313965	3
907071	2037	5.372948	3.9702296257019043	3
753532	1718	2.90348	2.781334161758423	3
908126	1997	0.474091	1.136152744293213	3
907065	1052	6.718405	2.468816041946411	3
908462	2149	2.192079	3.7483177185058594	3
906818	2177	3.069405	3.6452479362487793	3
924107	1237	5.05984	3.5771546363830566	3
925347	1708	1.559117	2.5501933097839355	3
924151	1930	0.452988	3.9319143295288086	3
1503363	1048	5.182221	4.085565567016602	3
908465	1809	1.113791	2.531928539276123	3
1298526	1622	5.483804	4.116048336029053	3
910780	1925	3.664568	3.028265953063965	3
909251	1239	0.665222	2.886051654815674	3
909781	2157	6.525121	3.8606414794921875	3
909744	2438	10.442543	3.448789596557617	3
688031	1042	4.930889	4.3008904457092285	3
1240167	1593	1.872762	3.080127477645874	3
909697	1093	5.321902	3.1352379322052	3
907272	1922	1.231014	2.1401453018188477	3
722066	2498	8.035996	5.495716094970703	3
906791	1033	3.889265	3.885826826095581	3
1240181	2048	-2.593358	-1.5455551147460938	3
1298358	1855	4.470438	2.7556512355804443	3
1299064	1049	2.74676	3.0871315002441406	3
687807	1924	4.349021	3.1243896484375	3
909773	1199	3.470256	3.434619426727295	3
909740	1733	1.969653	3.5494494438171387	3
1290725	1243	1.63341	3.443648338317871	3
909747	1706	1.068533	3.647001028060913	3
906864	1428	4.906596	3.720305919647217	3
687812	1730	2.104729	3.366225242614746	3
1480371	1594	3.140733	3.2154407501220703	3
1299059	1829	1.30918	2.956001043319702	3
907065	1073	5.788002	3.5251190662384033	3
1327768	1054	2.221841	-0.6409401297569275	3
1299052	1630	3.1791	2.781334161758423	3
905984	2055	0.157	3.0794053077697754	3
905948	1017	5.114801	3.961256504058838	3
724834	1922	4.125472	3.197042942047119	3
1503363	1854	5.518741	4.049406051635742	3
908139	1057	1.146935	2.750948429107666	3
930083	1928	6.75837	3.7074034214019775	3
946368	2045	5.707748	2.7763237953186035	3
1298222	2113	2.69988	3.1416587829589844	3
1240217	1780	3.647918	3.4711341857910156	3
906837	2156	1.917881	3.443648338317871	3
909702	2112	0.885558	2.446568250656128	3
906814	1838	3.088934	3.299927234649658	3
907062	1853	0.174071	2.882369041442871	3
1298167	2040	0.347052	3.4127116203308105	3
1331045	1839	3.048845	2.1185455322265625	3
909725	1803	7.064854	3.299927234649658	3
1330983	2159	1.609053	2.678368330001831	3
946363	1919	0.402605	2.49688720703125	3
1322213	2170	2.538465	2.966871976852417	3
909706	1034	-1.405092	3.505143165588379	3
687995	1913	3.418955	4.600569248199463	3
910900	1084	-0.716172	3.1243896484375	3
907312	1933	3.0304	1.5446653366088867	3
907295	1799	5.844772	3.140571117401123	3
909708	1732	3.988635	3.443648338317871	3
910932	1821	3.158162	3.299927234649658	3
1240123	1249	2.104698	3.5476584434509277	3
907068	1010	3.002683	2.7042994499206543	3
909708	1811	-3.929599	3.443648338317871	3
1240218	2096	3.933588	3.1630630493164062	3
1322213	1931	4.686501	4.3146586418151855	3
906851	1833	3.041144	3.139181613922119	3
1660036	1191	-4.303449	0.8239141702651978	3
1503370	1020	5.419756	1.2087807655334473	3
1503367	1847	4.29852	3.1416587829589844	3
909248	1048	5.04444	3.89656400680542	3
905957	2002	5.375349	3.139181613922119	3
910710	1463	3.341258	1.1876845359802246	3
910689	1441	7.009249	2.8371450901031494	3
1480371	1844	4.496198	3.2247228622436523	3
908139	1091	1.763832	3.1352379322052	3
905978	2169	2.093852	2.6475863456726074	3
906791	1052	3.802721	2.4162988662719727	3
905960	1079	0.110852	3.466841220855713	3
930297	1714	5.19504	2.8629140853881836	3
753614	1820	0.327319	3.1416587829589844	3
905976	2045	3.822589	2.736325740814209	3
1298356	1549	4.138555	2.788212776184082	3
906834	1931	4.626329	3.745756149291992	3
910926	1852	5.06869	3.5251190662384033	3
687800	1918	2.269348	3.1243896484375	3
687448	1441	3.043966	2.736325740814209	3
905954	1918	2.404182	2.736325740814209	3
924151	1635	5.606732	3.720305919647217	3
724828	2113	2.81008	2.3461923599243164	3
906790	2045	5.022524	2.750948429107666	3
908130	1829	0.76541	3.1582422256469727	3
1299078	2156	0.956839	3.3484063148498535	3
909250	1917	2.748014	3.961256504058838	3
1290724	1829	3.021145	2.956001043319702	3
907314	1845	0.879759	2.3461923599243164	3
1524416	1782	5.914308	3.790757179260254	3
906862	1918	-2.261588	2.629692554473877	3
910704	1820	2.406784	3.139181613922119	3
1299081	1057	-3.171455	2.736325740814209	3
1240185	1734	1.945067	3.885826826095581	3
753621	1828	4.377339	3.1416587829589844	3
910911	1010	0.650533	1.9068562984466553	3
949175	1250	0.1384	3.1585636138916016	3
910899	1008	3.395927	2.0312564373016357	3
753612	1046	4.337431	0.7862464785575867	3
1503363	1799	5.270048	3.466092586517334	3
753548	1911	-7.154468	0.7167263627052307	3
924107	1061	4.742435	2.8629140853881836	3
1240187	1622	4.359948	4.144708156585693	3
908120	1918	2.305221	2.629692554473877	3
687457	1559	1.453064	1.5446653366088867	3
1240179	1917	3.51569	3.6311097145080566	3
909715	1179	-0.48165	-1.4738807678222656	3
753569	1922	3.896636	3.1330766677856445	3
907783	2044	3.08891	0.05654481425881386	3
907320	1785	5.904037	3.821507692337036	3
906790	1624	1.97808	3.52777099609375	3
907790	1998	5.491073	3.5476584434509277	3
1509073	1057	-1.083265	2.6475863456726074	3
1298219	1799	5.160118	3.293684959411621	3
1297449	1007	-7.204825	-1.575573444366455	3
687787	1494	-3.567192	2.3580830097198486	3
1298356	1013	6.694109	3.459146022796631	3
906817	1733	2.660514	3.466092586517334	3
753594	1576	1.611771	3.7686777114868164	3
905933	1061	3.952708	3.081709861755371	3
1331038	2044	3.153262	0.5397506952285767	3
910932	1843	2.285631	2.3154401779174805	3
1297447	1847	4.021207	2.4340689182281494	3
910079	2039	3.858649	3.080127477645874	3
1330995	1627	3.129031	2.656187057495117	3
1509073	1016	1.618667	2.6475863456726074	3
724869	1268	4.921825	4.116048336029053	3
907170	2055	-0.50993	2.3461923599243164	3
910933	1625	2.958535	3.572105884552002	3
1299052	2048	0.457159	-0.5146170258522034	3
910853	2156	1.975314	3.3484063148498535	3
753552	1578	5.118048	2.229702949523926	3
1503367	1199	5.258026	4.107059001922607	3
909729	1060	2.609822	3.100379467010498	3
1330984	1799	2.632028	1.747210144996643	3
1322212	1849	0.365315	1.8062036037445068	3
1240154	1557	5.109812	2.4678306579589844	3
724825	1584	2.747259	2.7174582481384277	3
1331045	2438	9.866345	2.250295639038086	3
724838	1930	0.036754	3.781285524368286	3
753551	1844	2.883722	3.0044665336608887	3
1503363	1020	5.212488	1.2621748447418213	3
949174	1057	-1.451189	2.6427102088928223	3
753576	2439	9.925091	3.821507692337036	3
910943	1834	3.01086	3.188413143157959	3
908480	1593	-0.204845	2.907560348510742	3
753572	1825	-1.870045	3.406963586807251	3
905989	1557	5.693402	2.090547800064087	3
688058	1720	6.071719	1.9949345588684082	3
907280	1583	2.200054	2.678368330001831	3
1240157	1720	5.4774	2.367995500564575	3
906871	1191	-5.365133	1.034060001373291	3
1299075	1023	4.125345	3.8797669410705566	3
724828	1248	-4.432749	4.142992973327637	3
909719	1004	-4.962714	-0.298809677362442	3
1240179	1180	-3.487968	1.3160663843154907	3
749709	2106	0.891571	2.629692554473877	3
687562	1780	5.498522	3.440195083618164	3
1327765	1268	3.13788	3.1813745498657227	3
907311	1559	-4.051062	-1.2567634582519531	3
1327766	1004	-6.039	-1.941938877105713	3
749709	1804	-1.152862	3.139181613922119	3
1298168	1059	1.039187	2.6475863456726074	3
907312	1560	4.818079	3.0890963077545166	3
907055	1072	3.228547	3.5298829078674316	3
907277	2044	1.49151	1.3772881031036377	3
1298538	1373	5.805716	2.731198787689209	3
753566	1940	3.791491	3.7853474617004395	3
909975	1939	5.852031	2.276792526245117	3
1331045	1736	4.868744	2.1780474185943604	3
1331033	1853	3.418634	2.3838350772857666	3
1524416	1928	4.698844	3.764240264892578	3
907319	1067	5.515617	2.3910584449768066	3
905935	2047	3.661582	4.050311088562012	3
1240182	1131	5.593123	4.062428951263428	3
906797	1783	5.696718	3.5251190662384033	3
909905	1916	1.985869	3.440195083618164	3
906813	1179	2.434557	2.1694016456604004	3
907285	1730	2.566668	3.6238532066345215	3
687804	1170	4.042578	1.0825493335723877	3
906833	2038	4.436838	3.7602524757385254	3
1524418	2171	4.614835	3.6190543174743652	3
910701	2172	5.399664	3.5596280097961426	3
753569	1799	5.622875	3.471907377243042	3
908448	2112	0.410669	1.3650751113891602	3
907311	1622	2.86813	3.0039830207824707	3
1299070	2096	2.63489	3.081709861755371	3
910941	2148	0.270888	2.3461923599243164	3
946369	1250	0.088881	3.1010429859161377	3
910927	1634	3.642496	5.328562259674072	3
1299062	1829	1.763526	3.0044665336608887	3
753540	1029	4.611228	3.019476890563965	3
909784	1250	3.638637	3.675086259841919	3
1240172	2499	11.304055	5.328562259674072	3
906870	1084	-1.754071	1.4627697467803955	3
905954	1029	5.887647	3.505143165588379	3
1240192	1873	1.129388	2.842350482940674	3
1331048	2000	3.954009	2.1185455322265625	3
687807	2360	6.116205	3.1243896484375	3
906830	1812	3.102519	2.3154401779174805	3
905942	2045	5.197563	3.1243896484375	3
910927	1624	5.607572	3.9352076053619385	3
753616	1820	4.078993	2.3461923599243164	3
1240222	2499	10.705534	4.894180774688721	3
910691	1911	-3.920638	3.6927449703216553	3
1503367	1168	3.761755	2.2665634155273438	3
925340	1706	0.478935	3.52777099609375	3
1480364	1936	2.346748	3.1504194736480713	3
687997	1560	5.169349	2.842350482940674	3
1299078	1581	2.460687	3.466031312942505	3
910899	1069	2.873561	3.087041139602661	3
908448	1079	-1.213301	0.8794018030166626	3
910698	1006	-0.230918	3.790757179260254	3
905945	2045	4.864372	2.629692554473877	3
924102	1378	3.152965	2.512584686279297	3
907287	1011	1.927774	2.090547800064087	3
910907	2145	2.955557	3.406963586807251	3
909778	1622	3.771455	4.090229511260986	3
1298216	1557	5.693913	2.800718069076538	3
917486	1585	4.908999	3.0495731830596924	3
1240193	1598	3.900927	3.7686777114868164	3
724870	2149	2.149072	4.023406505584717	3
908481	1191	-2.582734	1.5491182804107666	3
749713	1786	3.451291	3.176694869995117	3
688021	1088	4.80234	2.0312564373016357	3
1298353	1624	5.490872	3.7720468044281006	3
1674021	1802	4.742368	3.5476584434509277	3
753605	1014	3.097473	3.216567039489746	3
1327769	1003	-4.721618	0.5397506952285767	3
1240182	1510	4.534226	2.883046865463257	3
906746	1810	0.09748	2.5314600467681885	3
753570	1072	4.162155	3.443648338317871	3
909249	1853	3.716407	2.7174582481384277	3
687799	1373	4.704491	3.072969675064087	3
905936	1022	0.77964	1.7237739562988281	3
925338	1940	3.565018	4.090229511260986	3
910924	1785	4.543415	3.5298829078674316	3
1503362	2149	1.91963	3.8916211128234863	3
1503364	1835	3.573505	3.0608701705932617	3
906837	1836	4.063994	2.956001043319702	3
909755	1829	1.34545	3.1192047595977783	3
907791	1926	0.686367	2.0802865028381348	3
1503371	1810	1.492041	2.2757444381713867	3
910850	1924	6.538846	3.1799750328063965	3
924151	2011	4.584427	3.720305919647217	3
1298358	1048	4.939322	3.7707409858703613	3
906805	1051	3.291497	0.23284852504730225	3
910903	1061	4.091888	1.0265144109725952	3
1290730	1634	5.283431	4.398710250854492	3
1503364	2109	2.586902	3.7661492824554443	3
1240189	2037	3.771745	3.612210988998413	3
946359	1025	6.846008	4.090229511260986	3
907055	2106	-0.514855	2.750948429107666	3
724868	1996	3.968824	2.490415573120117	3
905952	1720	1.657391	1.2205781936645508	3
1330964	1003	-3.020549	2.0312564373016357	3
906868	1085	3.241198	3.1010429859161377	3
906865	1834	1.8903	3.299927234649658	3
909781	1776	6.505547	3.3300533294677734	3
910554	2154	1.713318	3.8345937728881836	3
687561	1042	4.73125	4.530882358551025	3
906817	1030	6.04501	4.085565567016602	3
905948	1022	0.690777	1.112385869026184	3
907062	2000	5.452306	2.956001043319702	3
687457	1080	-0.785937	-0.6740838289260864	3
909252	1012	-0.126507	2.484140396118164	3
905962	1559	-3.270477	0.8239141702651978	3
910933	1053	4.211413	2.7763237953186035	3
906828	2177	1.423231	3.8812530040740967	3
1240159	1930	2.128824	4.07512092590332	3
906792	1026	1.122619	0.9457222819328308	3
908475	2145	-0.875668	3.1352715492248535	3
1240123	1068	0.32775	2.090547800064087	3
907280	1069	2.526622	1.9700183868408203	3
907314	1736	4.283798	1.874420166015625	3
907063	1909	2.919395	0.7966776490211487	3
687568	1021	4.668676	3.285810708999634	3
946367	1909	2.533022	2.2564868927001953	3
907321	2111	3.684161	4.085565567016602	3
1298475	1866	2.60001	3.6238532066345215	3
908141	1918	2.224789	1.4627697467803955	3
1240162	1180	-1.569129	1.4827954769134521	3
753541	1618	3.540872	5.388006687164307	3
910935	1708	-2.269748	-0.6409401297569275	3
1240181	2148	-1.114452	2.3461923599243164	3
1298348	1584	2.490913	3.0594706535339355	3
906875	1925	4.546123	3.028265953063965	3
925338	1808	0.938487	3.1126766204833984	3
753614	1019	0.654151	3.466092586517334	3
753575	2148	2.062293	3.1416587829589844	3
1240197	1713	5.691178	3.081709861755371	3
1331045	1072	3.622679	2.250295639038086	3
907287	1614	2.91105	3.5494494438171387	3
906812	2107	5.2572	2.629692554473877	3
907051	1996	4.296516	1.842987298965454	3
907271	2002	5.680002	3.0794053077697754	3
753623	1825	-1.300854	3.1416587829589844	3
908447	1093	5.844798	1.3522725105285645	3
909770	1712	-5.028321	3.5298829078674316	3
713878	1372	3.23782	3.216567039489746	3
1480358	1014	-0.052202	3.081709861755371	3
1503371	1627	2.686122	3.8916211128234863	3
909774	1820	2.084813	3.118912935256958	3
910781	1909	2.333891	1.842987298965454	3
910546	2158	5.829807	4.023406505584717	3
910689	2057	6.768412	3.1192047595977783	3
906832	1598	3.736273	3.1813745498657227	3
1330983	1811	-2.994985	0.7167263627052307	3
906844	1033	3.216009	3.732858419418335	3
905949	2039	3.164578	3.0594706535339355	3
1295741	1053	0.797824	2.0802865028381348	3
1330947	1922	1.348834	2.098804235458374	3
753614	1821	3.311008	3.1416587829589844	3
1240190	1036	5.90036	3.072969675064087	3
713899	1372	2.147274	3.216567039489746	3
906828	1586	4.414865	3.204313278198242	3
1303900	1925	4.179984	4.0957560539245605	3
907795	1048	4.09025	3.8724710941314697	3
909708	1050	2.878858	-0.5146170258522034	3
908483	1259	4.551894	3.720323085784912	3
908460	1449	7.213746	3.498420238494873	3
909753	1598	4.779924	4.024009704589844	3
909248	1930	-0.021764	3.89656400680542	3
687812	1401	3.465602	2.4162988662719727	3
946382	2000	4.685801	3.139181613922119	3
906843	1783	5.664323	3.744474411010742	3
1509073	1862	-1.57851	-0.9309361577033997	3
749717	1051	3.808842	0.013405803591012955	3
905947	1093	5.410618	3.6190543174743652	3
1330931	1625	3.462435	2.1323797702789307	3
910941	1836	2.877046	2.3461923599243164	3
1240158	1820	1.517316	3.1715657711029053	3
687448	1007	0.494636	0.7296395897865295	3
749709	1025	5.254734	4.090229511260986	3
910911	1507	5.006558	2.781334161758423	3
905933	1062	4.515086	3.081709861755371	3
688031	1008	-3.250759	2.0312564373016357	3
907274	1621	3.70902	2.3838350772857666	3
907311	1917	0.408582	2.510363817214966	3
753564	1200	2.091025	3.5990052223205566	3
949171	1006	-1.10539	3.6655185222625732	3
1290797	1720	5.706929	2.800718069076538	3
908135	1014	2.192082	1.874420166015625	3
949176	1593	1.867665	2.6228630542755127	3
1240123	1849	-0.254675	2.090547800064087	3
753563	1559	-4.744362	-0.15614697337150574	3
1480374	1080	-4.318304	-0.05009322986006737	3
1330947	1512	4.009301	-0.8911531567573547	3
1298526	2003	7.181818	3.406963586807251	3
905934	1091	4.065254	3.9010579586029053	3
909749	1629	5.629042	1.5446653366088867	3
687596	1598	5.108296	4.07631778717041	3
946368	2170	2.180869	2.7763237953186035	3
749711	2159	4.036344	3.954709529876709	3
1298538	1936	3.062695	3.1330766677856445	3
713869	1778	4.942773	3.1243896484375	3
1660035	2361	4.394832	2.8371450901031494	3
908129	2109	2.41669	3.8628106117248535	3
910698	1250	1.256005	3.334691047668457	3
905935	1177	5.981468	3.477262020111084	3
753569	1936	3.550817	3.1330766677856445	3
906812	2043	2.570125	4.164109230041504	3
1240168	1050	1.679784	-0.11276951432228088	3
1503363	1018	5.227254	4.085565567016602	3
1298531	1621	3.847385	2.882369041442871	3
909737	1833	2.267066	3.1715657711029053	3
1327775	2359	4.362963	3.2235054969787598	3
1503363	2010	5.278969	3.1416587829589844	3
1524416	1049	2.868224	3.293851852416992	3
687590	1839	2.851383	3.188413143157959	3
1524415	1250	-0.204076	3.334691047668457	3
998189	1933	6.092219	0.8239141702651978	3
713880	2361	4.935382	2.842350482940674	3
908147	1133	0.897279	2.5503392219543457	3
1524415	1037	1.068438	3.334691047668457	3
908462	1022	-1.977433	2.005885601043701	3
906797	1917	2.08499	3.781285524368286	3
905985	1919	1.614564	2.837184429168701	3
907058	1593	2.786403	3.238065481185913	3
910905	2110	5.125921	3.8345937728881836	3
909248	1563	6.197167	3.7602524757385254	3
1297446	1626	2.065655	2.790337562561035	3
930083	1813	7.621211	2.512584686279297	3
753600	1835	4.949191	3.1352715492248535	3
909771	1927	3.190594	0.8794018030166626	3
924151	1372	-2.946503	2.8832292556762695	3
1298348	1627	3.480752	4.056890487670898	3
909781	2040	2.898527	3.293851852416992	3
724839	1068	0.931268	1.6233024597167969	3
909194	1048	4.450835	3.720323085784912	3
753624	1999	4.055008	3.406963586807251	3
907270	1048	2.767828	2.6762852668762207	3
909773	1249	1.855931	2.250295639038086	3
1674021	1813	5.445495	2.262300491333008	3
908473	1089	3.486388	2.531928539276123	3
909704	1086	-3.191712	2.468816041946411	3
1503371	1052	4.611325	2.3910584449768066	3
906825	1924	3.685453	3.2154407501220703	3
908451	1827	0.930946	1.3650751113891602	3
906851	1062	5.873983	3.6868231296539307	3
753608	2037	3.486638	4.056890487670898	3
906693	1021	3.347294	3.491511344909668	3
924102	1932	2.473848	3.481513738632202	3
687505	1814	5.156029	1.8784303665161133	3
946359	1510	5.365037	3.562148094177246	3
998189	1259	1.86108	3.8724710941314697	3
1331033	1739	2.117869	1.747210144996643	3
946356	2169	3.343242	3.0709075927734375	3
1240217	1627	2.605927	3.9702296257019043	3
910900	1549	4.092227	2.518220901489258	3
909263	1712	-0.432033	3.5476584434509277	3
907280	1053	2.384952	1.4627697467803955	3
1331048	1034	-3.820974	2.314465045928955	3
905940	1021	-0.146463	1.1876845359802246	3
749710	1821	4.038186	3.139181613922119	3
909904	1635	6.830778	3.865518569946289	3
909250	1936	2.899788	3.293851852416992	3
1524414	1855	4.122612	3.074213981628418	3
1290769	1558	4.968676	2.4700684547424316	3
1240142	1179	-1.060205	2.44380521774292	3
907057	1057	-0.619583	3.1799750328063965	3
906765	1810	-2.706159	1.0504645109176636	3
1327773	1582	3.325442	2.3838350772857666	3
910930	2046	0.090821	-0.6409401297569275	3
722045	2174	3.177085	3.885826826095581	3
946372	1129	2.832881	2.7763237953186035	3
753551	1814	6.040377	2.0312564373016357	3
909907	1012	3.636889	3.2244744300842285	3
1240167	1030	4.960243	4.085565567016602	3
1298215	1019	1.878366	2.781334161758423	3
688025	1997	2.712033	1.8062036037445068	3
753582	1079	3.600863	3.140571117401123	3
1298365	1844	4.04554	3.2247228622436523	3
909712	1614	5.355699	3.440195083618164	3
930298	1866	3.145511	3.211630344390869	3
724869	1782	6.540401	3.865518569946289	3
1331050	1024	-1.690499	1.747210144996643	3
910569	1029	5.051479	3.110229015350342	3
905935	1024	0.778363	3.455707550048828	3
724878	1047	5.178008	4.556991100311279	3
1503365	1931	7.373554	4.607572555541992	3
688086	2112	2.078807	2.3461923599243164	3
687561	1635	4.341508	3.592862129211426	3
722066	1560	4.263882	3.1243896484375	3
1290798	1912	2.223201	2.629692554473877	3
753610	1808	-1.065952	2.0312564373016357	3
713899	1614	3.542916	3.140571117401123	3
907789	1025	5.14995	3.4710893630981445	3
1299075	1632	3.771777	3.314549446105957	3
1240197	1250	5.044083	3.5058650970458984	3
910947	1634	2.669541	2.6001574993133545	3
687787	1855	4.644773	2.731198787689209	3
905964	1927	4.428702	2.9730064868927	3
1330985	1936	0.792785	2.098804235458374	3
753558	1559	0.487475	-0.9309361577033997	3
724873	2359	6.409636	3.885826826095581	3
907318	1089	2.1637	2.2757444381713867	3
908135	1019	3.307402	3.1585636138916016	3
910904	1716	5.594177	2.781334161758423	3
753574	2096	3.225178	2.942164421081543	3
1298475	1738	1.197181	3.557158946990967	3
910701	1042	4.735256	4.845487117767334	3
1503368	1624	5.509719	3.8495192527770996	3
1503363	1449	5.990522	3.466092586517334	3
949088	1091	1.704622	1.8588635921478271	3
909743	1630	2.521426	2.7407751083374023	3
908470	1020	6.966543	1.769004225730896	3
907792	1911	-3.275242	3.5476584434509277	3
908130	1373	4.572749	3.4023256301879883	3
1480359	1025	3.663601	4.024009704589844	3
909697	1803	6.049886	3.0608701705932617	3
909697	2110	5.11743	3.7115159034729004	3
908442	1910	1.077319	2.090547800064087	3
1327765	1053	0.671442	1.7924883365631104	3
924239	1810	1.003205	1.0504645109176636	3
724828	1941	-3.407367	1.6723017692565918	3
1503367	1925	5.870386	4.107059001922607	3
925346	2113	2.325895	3.406963586807251	3
909718	1821	3.657289	3.1192047595977783	3
910924	2057	3.82696	3.0608701705932617	3
907783	1511	-1.225194	0.05654481425881386	3
925338	1836	3.062237	3.139181613922119	3
688010	1911	-5.487275	3.4835972785949707	3
905957	2499	10.164176	5.328562259674072	3
753618	1804	5.79119	2.3461923599243164	3
917486	1091	2.063221	2.9827568531036377	3
907269	1375	2.694926	0.418112188577652	3
907058	1006	0.134209	3.3484063148498535	3
1290908	1564	2.677564	3.072969675064087	3
910704	1855	3.150202	3.6868231296539307	3
1503367	2157	4.269983	3.8916211128234863	3
724873	1005	3.519833	2.531928539276123	3
1290724	1910	1.239529	2.0414724349975586	3
1298348	1259	5.101421	4.159975051879883	3
910943	2003	6.45734	3.188413143157959	3
906795	1511	-0.324765	2.512584686279297	3
909774	1047	6.502542	4.3146586418151855	3
1298349	2145	0.189119	3.0044665336608887	3
1327765	1069	2.680889	2.5164859294891357	3
1240142	1079	0.346439	3.471907377243042	3
713899	1713	3.473386	3.216567039489746	3
910688	1782	4.549058	0.7167263627052307	3
908452	1008	3.164781	2.311870574951172	3
1330947	2010	1.604781	1.3650751113891602	3
909698	1249	1.927309	3.5476584434509277	3
753533	2039	3.496128	3.055459499359131	3
1298537	1048	5.295027	4.159975051879883	3
1322213	1133	3.11724	4.3146586418151855	3
724878	1834	4.623488	3.1352715492248535	3
1240187	1625	4.966933	3.951356887817383	3
722046	1030	3.988901	4.159975051879883	3
1297447	1918	3.571938	2.0802865028381348	3
907171	1036	2.334228	1.0265144109725952	3
906804	1838	3.157789	3.118912935256958	3
906765	1054	1.861501	0.7862464785575867	3
908120	1046	1.912576	2.3877689838409424	3
1240179	1913	3.834737	3.9375081062316895	3
906813	1494	-1.987522	2.3154401779174805	3
1240125	1913	4.289246	4.0774688720703125	3
906832	1013	0.260748	1.5066907405853271	3
907270	1629	2.823816	-0.6190587878227234	3
724874	1553	3.930972	3.1243896484375	3
946359	2046	5.616432	2.3877689838409424	3
1240196	1237	6.245533	3.908776044845581	3
907057	1630	2.860998	3.4711341857910156	3
905951	1069	4.625346	3.2877583503723145	3
687563	1908	2.902819	3.100379467010498	3
1298350	1622	4.147842	4.144708156585693	3
688026	1026	3.007432	1.5491182804107666	3
1240217	1799	3.307449	3.4711341857910156	3
1298362	1192	2.339323	3.015085220336914	3
905937	2361	4.404332	2.8371450901031494	3
906791	1373	4.42524	3.072969675064087	3
910936	1815	5.554165	3.443648338317871	3
906792	1785	5.1649	3.3484063148498535	3
905942	1939	1.909866	2.490415573120117	3
908442	1067	5.286798	1.7237739562988281	3
1331037	1782	2.722163	2.250295639038086	3
930083	1632	6.671617	2.4251043796539307	3
687985	1512	4.660585	2.0312564373016357	3
1330964	1996	4.40913	1.8062036037445068	3
905958	2055	-0.633869	2.446568250656128	3
749709	1915	2.010316	2.6527669429779053	3
906864	1866	3.416383	3.542874336242676	3
1240130	1838	2.602145	3.299927234649658	3
1240183	1549	2.150433	2.7645702362060547	3
1303901	1049	3.786713	2.837831735610962	3
924106	2044	1.63206	3.1126766204833984	3
687820	1089	6.503277	2.531928539276123	3
907282	1079	1.794362	3.1010429859161377	3
724834	1909	3.54268	2.490415573120117	3
1298358	1049	4.491291	3.095615863800049	3
905944	1133	4.340885	4.556991100311279	3
1290769	1507	5.961877	3.5494494438171387	3
753624	1441	3.294083	3.416851043701172	3
910936	1580	3.382154	3.5596280097961426	3
1330995	1931	4.877498	2.6431376934051514	3
1290730	1996	4.841381	2.10992169380188	3
724878	1831	5.180481	3.1352715492248535	3
749710	1802	4.57118	3.732858419418335	3
1290769	1025	6.474234	3.954728603363037	3
906825	1032	2.703569	3.0016860961914062	3
909251	1732	2.832856	2.886051654815674	3
1298537	2359	5.41194	3.885826826095581	3
907057	1024	-0.104186	3.4711341857910156	3
1327773	1629	3.768974	-1.6956522464752197	3
908458	2047	0.575908	2.4268996715545654	3
909194	1931	4.940481	4.062428951263428	3
1240143	1924	5.482524	3.2299258708953857	3
749711	1046	4.234644	2.3877689838409424	3
908139	1829	1.343515	3.0608701705932617	3
688006	1998	5.376049	3.4835972785949707	3
910700	1720	4.777145	2.090547800064087	3
753556	1008	-1.56375	2.3580830097198486	3
906813	1926	1.347617	2.736325740814209	3
1524416	1558	1.850994	2.1444685459136963	3
908122	2010	3.01658	3.139181613922119	3
906696	1622	3.428013	3.927581310272217	3
1240197	1716	6.801808	3.5058650970458984	3
687997	1061	5.469513	3.216567039489746	3
910919	1924	1.970682	1.7924883365631104	3
753578	1086	-0.971487	1.112385869026184	3
1240196	2170	5.343485	2.557082414627075	3
1240190	1730	2.804735	3.366225242614746	3
924238	1799	4.164113	3.593160629272461	3
724839	1259	2.564484	3.6311097145080566	3
1240168	1580	4.229258	3.572105884552002	3
907173	1062	3.426112	3.2578396797180176	3
1524419	1941	-2.106599	2.0709304809570312	3
907053	1911	-4.930016	0.7167263627052307	3
724869	1052	5.539548	2.5501933097839355	3
1240197	1584	1.689001	3.099673271179199	3
910694	1576	3.501174	3.8778505325317383	3
1290769	1713	1.489349	2.4268996715545654	3
906790	1732	3.726254	3.5298829078674316	3
1240145	1177	4.567615	4.159975051879883	3
687980	1618	3.842475	4.600569248199463	3
1240158	1736	4.415651	3.061464786529541	3
749712	1928	4.742991	3.9352076053619385	3
687819	1925	4.91312	4.064255237579346	3
909904	1826	4.629817	3.406963586807251	3
753541	1372	0.522724	2.531838893890381	3
906792	2145	-1.098657	3.299927234649658	3
905950	1003	-3.734601	2.4567294120788574	3
910544	1250	-0.390638	2.6857335567474365	3
905984	1855	5.324195	3.1764049530029297	3
753589	1560	6.359251	2.842350482940674	3
724859	2111	4.450616	4.159975051879883	3
910079	1068	1.300758	2.409024953842163	3
1331036	1862	-1.837538	-1.6956522464752197	3
910930	2149	-1.039616	2.656187057495117	3
687457	1782	5.228873	3.5251190662384033	3
906795	1927	4.586199	3.593160629272461	3
905962	1023	4.355406	3.110229015350342	3
1503363	1936	3.448986	3.0871315002441406	3
1299070	1939	1.867931	2.245176076889038	3
911905	1043	7.780457	4.631905555725098	3
946370	1259	3.32091	3.917372941970825	3
1240143	1563	5.394795	3.872239351272583	3
910932	1933	5.165305	0.9457222819328308	3
906877	1803	6.286995	2.446568250656128	3
909728	1632	4.381192	2.44380521774292	3
905971	1239	0.58983	3.5476584434509277	3
908126	1635	4.453004	3.1597814559936523	3
910932	1829	1.965426	3.299927234649658	3
909727	1021	5.811945	3.505143165588379	3
1298349	1085	2.136692	3.140571117401123	3
753531	1014	-0.018815	2.531838893890381	3
1298218	1918	4.349258	3.416851043701172	3
1240127	1582	2.550275	3.0764341354370117	3
907312	1824	2.550293	3.177934169769287	3
1298538	1803	5.726691	3.219636917114258	3
1480361	1558	1.685206	3.0016860961914062	3
907314	1829	-1.356266	2.3461923599243164	3
907277	1581	0.930595	2.790337562561035	3
907276	1375	7.946441	2.492459774017334	3
910922	1826	3.211285	3.150207042694092	3
930299	2157	7.043562	3.8812530040740967	3
905976	1199	4.041089	3.895092725753784	3
910927	2111	2.105179	4.164109230041504	3
1503368	1510	4.274508	3.1480519771575928	3
906790	1706	-0.085037	3.52777099609375	3
906826	1812	5.676148	3.1126766204833984	3
687985	1627	2.831699	3.612210988998413	3
1240143	2011	4.678673	3.691704511642456	3
905962	1780	7.464604	3.5494494438171387	3
906872	1840	3.064528	2.3461923599243164	3
946370	1190	-1.021379	2.5314600467681885	3
909781	2499	12.714725	5.440457820892334	3
687983	1621	5.173858	2.907560348510742	3
910704	1613	3.000976	4.164109230041504	3
946368	1083	3.086091	3.285810708999634	3
907171	1936	2.968266	3.505143165588379	3
906843	2439	8.844925	3.744474411010742	3
909248	1030	5.936235	3.89656400680542	3
909698	1709	-2.060273	1.7237739562988281	3
908147	1586	3.197958	2.484140396118164	3
713869	1825	-0.556964	3.1352715492248535	3
907281	1908	1.917806	2.113034248352051	3
908141	2048	-5.662614	-1.5029702186584473	3
905947	2109	1.795684	3.9159629344940186	3
753592	1713	1.978515	3.072969675064087	3
906875	1375	6.417002	1.052768349647522	3
907272	1734	2.094207	2.886051654815674	3
1524416	1840	1.398837	3.150207042694092	3
1240218	1085	3.063845	3.6565170288085938	3
1290798	1593	1.05097	3.2244744300842285	3
724834	1200	4.244112	4.064255237579346	3
907061	1635	5.277678	3.443648338317871	3
1298537	1133	2.944737	4.556991100311279	3
909698	1043	5.317747	4.750331401824951	3
1298222	1845	2.076418	3.1416587829589844	3
753610	1845	-0.078632	3.0044665336608887	3
753573	1199	3.997554	4.107059001922607	3
724859	2096	-0.059798	3.072969675064087	3
907272	1024	-2.357556	2.7407751083374023	3
724859	1830	3.337803	3.1352715492248535	3
907285	1827	2.995175	3.406963586807251	3
1298134	1050	2.338243	-0.15726399421691895	3
910554	1034	-2.35079	3.110229015350342	3
910554	1926	3.112449	2.8371450901031494	3
911905	1917	4.411343	4.030294895172119	3
905936	1133	3.457576	4.252185344696045	3
905946	1738	2.993506	3.562148094177246	3
909753	1239	4.285125	3.785597801208496	3
909697	1560	3.570336	2.750948429107666	3
910546	2044	4.856984	2.671414852142334	3
1503371	1032	-3.306853	2.2665634155273438	3
906870	2002	5.145165	1.3650751113891602	3
687820	2010	5.753282	3.1352715492248535	3
1240209	1834	2.182723	3.0608701705932617	3
1330941	1011	-2.844316	1.7898446321487427	3
1330950	2359	3.887155	3.2235054969787598	3
687995	1449	5.078349	3.140571117401123	3
753610	1043	5.370302	4.3008904457092285	3
687995	1827	-2.797533	3.0044665336608887	3
1298222	2498	5.728138	5.070587158203125	3
910780	1820	2.176839	2.3461923599243164	3
1660035	1598	4.593982	3.954728603363037	3
687455	1927	4.972066	3.2821285724639893	3
910943	1840	4.464328	3.188413143157959	3
1331036	2044	0.732403	0.5397506952285767	3
1330931	1088	2.202531	0.05654481425881386	3
949153	1557	4.42385	1.2205781936645508	3
1295740	1583	2.255757	3.0851988792419434	3
946372	1133	2.53609	4.2877516746521	3
907791	1620	5.823764	2.992180347442627	3
907057	1849	-0.781131	2.367995500564575	3
910569	2173	4.366682	3.647001028060913	3
753566	1930	2.188029	3.781285524368286	3
907170	1810	-4.069021	1.052768349647522	3
908480	1630	3.284988	3.140571117401123	3
905952	1026	0.814257	0.0142613984644413	3
949090	1069	2.807941	3.4439494609832764	3
908440	1091	-0.897713	1.3522725105285645	3
905956	1057	-1.493654	2.736325740814209	3
687995	2113	2.0751	3.0044665336608887	3
946366	2043	5.393588	3.917372941970825	3
1240172	1507	6.018261	3.466841220855713	3
925340	1022	-1.161593	1.4640989303588867	3
1295741	1908	1.976817	2.113034248352051	3
908147	1999	2.115762	2.446568250656128	3
688058	1918	3.862327	3.331998348236084	3
1298526	1708	1.885532	2.5501933097839355	3
1509073	1069	3.941063	3.3300533294677734	3
909762	1057	-3.427413	2.263026714324951	3
724859	1089	3.210312	2.531928539276123	3
907276	1714	2.235895	2.7556512355804443	3
1330947	1854	2.455536	2.7345566749572754	3
909725	1785	5.604549	3.3484063148498535	3
949153	1924	2.596083	2.263026714324951	3
1240206	1630	3.321777	2.781334161758423	3
910919	1019	0.673184	1.747210144996643	3
905954	1629	5.221813	0.9457222819328308	3
910701	1510	4.755792	2.574793815612793	3
907271	1558	4.070632	3.9244472980499268	3
1287706	1918	5.225675	2.736325740814209	3
909704	1026	-0.688777	1.5446653366088867	3
1298347	1200	2.585362	4.064255237579346	3
910900	1634	3.031653	5.495716094970703	3
687505	1786	2.561679	2.9435014724731445	3
949172	1043	5.361614	3.89412522315979	3
1503368	1025	4.64953	4.049406051635742	3
1297438	1494	-4.125993	2.0312564373016357	3
1290908	1838	3.727766	3.1352715492248535	3
687794	1200	3.164287	4.064255237579346	3
687588	1029	6.533577	3.285810708999634	3
687980	2170	0.021908	2.842350482940674	3
909751	1933	3.665451	0.8239141702651978	3
1659823	1583	3.274879	3.8345937728881836	3
909251	1557	4.005221	1.2205781936645508	3
687592	2110	3.440921	3.793128252029419	3
749709	1630	3.142252	3.466841220855713	3
1330948	1912	0.931469	1.4627697467803955	3
924238	1712	-4.06748	3.720305919647217	3
905968	1718	2.992115	3.5058650970458984	3
687586	1010	3.307162	2.837184429168701	3
907287	1560	2.170832	2.8371450901031494	3
909744	1825	-2.427429	2.5653700828552246	3
908139	1054	3.166488	1.4640989303588867	3
906837	1996	4.882825	2.0414724349975586	3
753594	1441	2.502872	2.842350482940674	3
1287706	1032	2.235966	2.897429943084717	3
687798	2171	2.680433	3.382326364517212	3
906804	1085	0.831277	3.293684959411621	3
1298157	1011	1.520923	1.7898446321487427	3
1330983	1852	3.753555	0.7167263627052307	3
905946	1852	5.99708	3.732858419418335	3
906798	1622	4.603364	3.7853474617004395	3
1524417	1561	0.70349	2.6475863456726074	3
910921	2106	1.475985	2.736325740814209	3
905934	1812	2.246142	4.923399448394775	3
907799	1997	2.341487	0.7966776490211487	3
1240198	2107	6.11686	3.2154407501220703	3
722045	1621	4.232647	3.0594706535339355	3
907790	1190	-2.81442	2.262300491333008	3
1298529	1632	4.356343	1.4827954769134521	3
1330960	1372	0.315642	2.3299448490142822	3
930298	2177	1.961486	3.5771546363830566	3
688031	1584	1.447166	2.907560348510742	3
906805	1817	-5.393064	3.0594706535339355	3
909713	1829	2.058199	3.299927234649658	3
1303900	1259	5.377461	4.164109230041504	3
1240220	1194	4.949143	3.293851852416992	3
946373	1926	1.730065	2.7625131607055664	3
930298	1849	-1.094661	1.6233024597167969	3
1240146	1908	5.020681	3.072969675064087	3
909256	1191	-5.757911	0.8202256560325623	3
1287706	1507	5.70399	3.675086259841919	3
910935	1598	3.375703	3.1813745498657227	3
1330941	1873	0.520014	2.629692554473877	3
907313	1996	5.150256	2.2564868927001953	3
1240200	1428	6.60242	3.785597801208496	3
1240145	1838	2.545319	3.1352715492248535	3
1240174	1058	1.719916	2.9492592811584473	3
753616	1919	1.71795	2.49688720703125	3
910554	1020	5.461106	0.8239141702651978	3
906832	1088	0.547462	0.5397506952285767	3
1480364	2055	4.154038	3.2247228622436523	3
1524417	1037	2.798306	3.334691047668457	3
1287706	1061	0.783082	1.0265144109725952	3
687815	1578	5.209367	2.3580830097198486	3
908449	1250	2.067347	3.1010429859161377	3
713880	2002	4.664984	3.0044665336608887	3
905976	1059	-1.627079	2.736325740814209	3
909248	1777	5.934357	3.3369622230529785	3
907169	2439	8.258116	3.3484063148498535	3
753616	1553	3.648699	2.6427102088928223	3
908122	1177	2.91824	4.164109230041504	3
688011	1080	-2.302551	-0.790493905544281	3
753541	1803	3.641865	2.956001043319702	3
907061	1585	3.915207	2.882369041442871	3
753585	1191	-4.6108	-0.9309361577033997	3
907278	1632	3.354574	-1.4738807678222656	3
688086	1019	0.717372	3.1585636138916016	3
1503363	2362	5.129366	3.0709075927734375	3
687455	1843	0.999288	2.229702949523926	3
925347	1049	4.482297	3.491511344909668	3
724874	1631	3.025652	3.498420238494873	3
753546	1007	-3.134163	0.7296395897865295	3
906877	2359	4.847787	2.886051654815674	3
1290725	2107	4.278487	2.557082414627075	3
925348	1401	5.898187	2.5501933097839355	3
905977	1050	3.724953	0.7296395897865295	3
1503368	2360	4.233503	3.0709075927734375	3
1240153	2171	3.600874	3.4655771255493164	3
1299080	1010	3.071767	2.897429943084717	3
905938	1808	-1.335674	-0.8911531567573547	3
909709	1553	2.093587	2.557082414627075	3
909748	1017	5.123389	3.8724710941314697	3
946382	1008	1.246936	3.1126766204833984	3
907051	1584	2.210183	3.0764341354370117	3
905955	1584	3.753162	3.238065481185913	3
906862	1089	3.346883	3.1126766204833984	3
909263	1925	5.850042	3.9166200160980225	3
925348	1615	7.003921	3.416851043701172	3
910704	1834	-1.564295	3.139181613922119	3
724838	2048	-3.070907	-0.6740838289260864	3
905958	1716	4.807971	2.7407751083374023	3
910852	1585	4.116985	3.2244744300842285	3
930297	1782	5.826472	3.744474411010742	3
907787	2173	2.447087	2.790337562561035	3
1524417	1494	-4.625334	2.4567294120788574	3
1330995	1819	-2.880829	-1.575573444366455	3
910941	1925	5.11223	3.028265953063965	3
687568	1718	4.664111	3.440195083618164	3
724866	1047	6.640623	4.556991100311279	3
688027	1200	2.981798	3.5990052223205566	3
713899	1733	2.800189	3.140571117401123	3
1290908	1003	-4.167635	2.531928539276123	3
1240183	1840	4.838898	3.219636917114258	3
909728	1086	0.78705	2.44380521774292	3
910689	1079	3.608335	3.5494494438171387	3
907281	1849	-1.871934	1.0019418001174927	3
905942	1835	5.106759	3.1352715492248535	3
906872	1029	6.486425	1.8636806011199951	3
908442	1030	5.741739	3.8724710941314697	3
1674021	1866	2.132472	3.38651704788208	3
1330941	2173	6.198548	3.9352076053619385	3
1240143	1810	1.928932	2.3580830097198486	3
906817	1933	6.769597	1.2621748447418213	3
753558	1819	1.858732	0.386665403842926	3
906818	1713	-0.456959	1.0265144109725952	3
907271	1912	2.232418	2.7625131607055664	3
753558	1838	3.904213	3.150207042694092	3
905967	1073	3.925572	3.885826826095581	3
905940	2043	5.120689	2.510363817214966	3
905960	1776	3.874568	3.2877583503723145	3
749709	1917	2.615441	4.164109230041504	3
909740	1561	3.204693	2.8371450901031494	3
1480374	1175	3.611851	4.030294895172119	3
905964	1614	2.451024	2.9730064868927	3
907071	2439	9.538373	3.7824044227600098	3
909697	1378	2.549806	2.492459774017334	3
688015	1054	3.421965	2.3951363563537598	3
688031	1529	-0.135982	3.4835972785949707	3
946366	2048	-1.585544	-0.11276951432228088	3
908141	1089	0.097788	-0.8911531567573547	3
1240192	1250	1.802715	3.140571117401123	3
909743	1839	3.242445	2.446568250656128	3
909718	1239	0.457577	3.5476584434509277	3
925347	1930	3.47773	4.172597408294678	3
909975	2044	4.85534	2.628925323486328	3
1298223	1060	2.133528	2.731198787689209	3
906797	1133	4.155823	4.005251407623291	3
1240159	1580	6.434496	3.8855044841766357	3
909709	1581	1.383175	3.5596280097961426	3
1297438	1083	2.108307	2.837831735610962	3
907783	1030	3.142342	2.510363817214966	3
1298215	2174	2.096569	3.443648338317871	3
917486	1583	3.073791	3.8345937728881836	3
1298134	1815	5.567635	3.744474411010742	3
930301	1019	4.412853	3.675086259841919	3
908458	1083	1.201659	3.110229015350342	3
910688	2499	9.49953	2.6001574993133545	3
910688	2096	3.399261	1.3634185791015625	3
1331048	1622	3.309129	3.1813745498657227	3
1299052	1806	5.590554	2.2715182304382324	3
724834	1072	6.039151	3.885826826095581	3
907795	2145	-1.456291	3.1192047595977783	3
910918	1057	-2.515277	1.7924883365631104	3
753600	1808	2.74861	2.531928539276123	3
724859	2360	4.972134	3.1243896484375	3
908152	1827	1.271212	3.316722869873047	3
907794	1912	0.884624	2.8371450901031494	3
753615	1057	-0.118074	2.0802865028381348	3
753592	1780	4.863555	3.498420238494873	3
1503367	1614	3.315359	3.466092586517334	3
905935	1048	4.653893	3.477262020111084	3
908145	1026	-0.679073	1.034060001373291	3
905990	1023	2.682251	3.1504194736480713	3
908469	1026	-0.062282	1.5491182804107666	3
907794	1613	3.46015	3.8724710941314697	3
1240169	1786	1.871757	3.285810708999634	3
1240173	1239	0.387544	3.5476584434509277	3
998189	1560	3.188041	2.8371450901031494	3
1503368	1736	5.79053	2.942164421081543	3
1330984	1010	2.557808	1.199230670928955	3
687586	1080	-4.077726	-0.11276951432228088	3
753546	1617	6.533209	2.150920867919922	3
906826	2106	4.592095	2.629692554473877	3
905959	1910	4.79082	2.245176076889038	3
1240212	1615	5.109903	2.6630468368530273	3
1331050	2000	3.01191	2.1185455322265625	3
908455	1718	4.752486	3.3663415908813477	3
909749	1835	3.981078	3.177934169769287	3
910399	1057	-3.047141	3.1243896484375	3
910916	2037	5.7431	3.908776044845581	3
1480360	1058	0.455831	3.2154407501220703	3
1331037	1785	2.547382	2.250295639038086	3
1330985	1626	-1.011234	-0.12293872237205505	3
753589	1047	7.54413	4.062428951263428	3
906696	1804	6.1894	3.2959392070770264	3
924238	1927	4.976889	3.593160629272461	3
724839	1708	3.202047	1.3160663843154907	3
910704	2048	-5.069595	0.013405803591012955	3
909781	1553	4.670101	2.6475863456726074	3
905989	2170	2.696875	2.8371450901031494	3
909698	2173	3.158502	3.647001028060913	3
1503369	1086	0.562875	2.4162988662719727	3
753575	1827	2.980481	3.1416587829589844	3
1509073	1806	4.837411	2.4567294120788574	3
1509074	2169	1.412206	2.6475863456726074	3
688010	1239	1.949008	3.4835972785949707	3
753545	1626	1.635771	3.466031312942505	3
910079	2038	3.333347	3.8916211128234863	3
905952	1030	4.249458	2.882798671722412	3
1298351	1561	0.264244	2.966871976852417	3
753541	1199	3.41924	3.9850058555603027	3
906828	1832	3.809292	3.2959392070770264	3
909748	1739	4.555792	3.5494494438171387	3
1240189	1582	3.34746	2.907560348510742	3
909729	1838	3.95851	3.188413143157959	3
910907	2157	5.384657	4.023406505584717	3
924102	1042	6.26506	4.616051197052002	3
924102	2359	6.339346	3.720305919647217	3
906765	1564	2.421442	2.113034248352051	3
910916	1011	2.366867	2.0414724349975586	3
908144	1038	4.723044	3.5562305450439453	3
1330984	2169	3.063936	1.7924883365631104	3
908451	1023	3.351071	2.098804235458374	3
753546	1578	5.637449	2.3154401779174805	3
909735	2048	-5.119237	-0.170138418674469	3
749716	1561	2.472949	2.629692554473877	3
949178	1559	-1.37199	0.8248994946479797	3
753563	1089	0.239358	1.0504645109176636	3
906828	1915	3.376853	3.0157933235168457	3
910781	1507	3.890354	3.411452293395996	3
910935	1025	4.297993	3.1813745498657227	3
907281	1373	3.337714	2.113034248352051	3
909727	1043	6.073337	4.332830429077148	3
946360	2047	2.552628	3.081709861755371	3
753610	1622	4.103916	3.7686777114868164	3
1240160	1048	4.784597	4.07512092590332	3
906812	1916	1.607427	3.466841220855713	3
946366	1510	5.229994	3.440455913543701	3
1299050	1799	0.546737	2.781334161758423	3
909252	1821	2.883187	2.446568250656128	3
753565	1510	2.475734	2.883046865463257	3
724869	1549	3.952465	3.253091812133789	3
1240226	1706	3.244495	3.466031312942505	3
1240199	1922	3.835577	3.1504194736480713	3
1330993	1058	1.036599	3.1343727111816406	3
909907	1096	6.813873	0.013405803591012955	3
688023	1852	5.224882	3.4835972785949707	3
906696	1030	5.32498	3.9319143295288086	3
907789	1580	4.257618	2.790337562561035	3
687997	1714	5.973145	3.216567039489746	3
910918	1058	1.769748	1.7924883365631104	3
924241	1563	6.60466	3.612210988998413	3
910918	1250	-1.214211	1.747210144996643	3
753618	1005	1.291896	1.052768349647522	3
724873	1259	2.246033	4.159975051879883	3
753534	1873	1.730943	2.966871976852417	3
688015	1046	0.377069	2.3951363563537598	3
753614	1706	1.645476	3.8495192527770996	3
906837	1494	-4.316902	2.2715182304382324	3
906869	1739	3.562222	3.3663415908813477	3
687455	2037	4.663622	3.743820905685425	3
907170	1932	1.839961	1.3522725105285645	3
687800	1559	-2.592646	1.2087807655334473	3
925348	1917	4.895535	4.172597408294678	3
1524414	2175	2.839369	3.9159629344940186	3
1299081	1018	5.949449	3.7499165534973145	3
906842	1512	2.956065	0.5397506952285767	3
905956	1843	0.369755	2.3154401779174805	3
924244	2159	2.090701	4.056890487670898	3
907319	1736	4.005705	2.942164421081543	3
905954	2169	2.844992	2.736325740814209	3
753548	1014	2.830173	1.3634185791015625	3
753612	1199	2.716161	3.1006689071655273	3
753574	1706	2.556646	3.8495192527770996	3
910850	1843	2.152763	2.315403938293457	3
906792	1629	4.634028	0.9457222819328308	3
909748	2000	5.934416	3.1192047595977783	3
907270	1507	3.129913	2.864110231399536	3
907276	1048	5.732625	3.7707409858703613	3
908118	1085	1.036489	3.1585636138916016	3
910546	1777	5.57446	3.6565170288085938	3
909904	1510	4.200909	3.557158946990967	3
906875	1844	3.154238	2.3461923599243164	3
724868	1718	3.074359	3.498420238494873	3
906821	2170	6.355067	3.416851043701172	3
753582	1618	4.622781	4.600569248199463	3
1298358	1175	2.68245	3.7707409858703613	3
909753	1190	1.788952	2.326024055480957	3
906863	1046	1.187993	1.4827954769134521	3
909774	1626	3.412091	3.7720468044281006	3
906812	1828	3.361304	3.139181613922119	3
1660035	1783	6.117491	3.5476584434509277	3
906795	1706	1.723619	3.7074034214019775	3
946369	1553	2.062639	2.7625131607055664	3
910916	1268	4.668826	3.9627373218536377	3
909703	1784	3.924736	2.446568250656128	3
908152	1933	5.74255	1.769004225730896	3
946372	1936	3.021175	3.285810708999634	3
906763	1845	-2.659643	2.446568250656128	3
1295740	1025	3.916416	3.4710893630981445	3
724825	1809	-1.303897	1.0504645109176636	3
909781	1053	4.708934	2.6475863456726074	3
905974	1918	2.807559	2.736325740814209	3
1330982	1621	1.644438	2.3838350772857666	3
1298356	1908	5.478071	3.040473222732544	3
905941	1011	4.993336	2.4579343795776367	3
905939	1631	1.968792	3.5494494438171387	3
908147	2177	0.896463	3.0851988792419434	3
1240198	1782	5.592711	3.785597801208496	3
1327769	2038	1.67051	2.656187057495117	3
909725	1919	2.99331	2.897429943084717	3
905945	1733	2.535272	3.466841220855713	3
909249	1052	2.663629	0.7862464785575867	3
906832	1268	4.945122	3.1813745498657227	3
687563	1033	4.956431	3.592862129211426	3
908475	1618	4.295071	5.495716094970703	3
906833	2047	2.531523	3.18741512298584	3
908443	2439	9.844085	3.691704511642456	3
749714	2037	4.001691	3.954709529876709	3
753616	1810	1.278347	1.052768349647522	3
687586	1069	3.913033	3.3463401794433594	3
753564	1073	3.135175	3.4835972785949707	3
1240161	1096	0.25995	-0.5146170258522034	3
907270	1924	2.806638	2.385058641433716	3
1299070	1720	2.287073	2.245176076889038	3
910694	2172	2.668085	3.572105884552002	3
910546	1813	4.682112	2.671414852142334	3
1240168	1059	0.435338	2.7763237953186035	3
1298219	2360	5.426148	2.966871976852417	3
930083	1828	4.715701	3.2959392070770264	3
687448	1013	3.866508	3.505357027053833	3
909748	1024	1.829665	3.5494494438171387	3
930297	1239	3.852426	3.744474411010742	3
907071	1940	3.869861	4.1077494621276855	3
1240172	1814	6.192869	3.1126766204833984	3
908126	1018	5.079556	2.510363817214966	3
687787	1620	5.803055	3.714261770248413	3
749716	1024	1.768329	3.466841220855713	3
724873	1038	3.958478	4.159975051879883	3
905967	1059	-0.445241	3.1243896484375	3
1297446	2044	1.770998	1.3772881031036377	3
905974	1720	5.395294	2.150920867919922	3
749715	1712	-3.915453	3.732858419418335	3
1240162	1799	0.617482	2.781334161758423	3
909761	1826	4.286091	3.1192047595977783	3
906862	2499	8.397579	5.328562259674072	3
906818	1808	0.0418	2.3154401779174805	3
1503371	2000	4.899977	3.1416587829589844	3
909718	1033	4.473871	3.5476584434509277	3
910694	1578	4.950244	2.5314600467681885	3
724825	1034	-5.186998	1.8677223920822144	3
905933	1054	5.640135	2.4977049827575684	3
753612	1930	1.852128	3.0553245544433594	3
905937	1853	4.848574	3.0495731830596924	3
910918	2169	3.193411	1.7924883365631104	3
753538	1058	1.242402	2.557082414627075	3
749713	1634	5.021789	5.328562259674072	3
1503368	2046	3.763565	2.3910584449768066	3
949171	2361	4.864601	2.6427102088928223	3
907794	1046	0.422794	1.7237739562988281	3
906862	1180	-4.062438	2.3877689838409424	3
905971	2109	2.201644	3.954728603363037	3
905936	1840	-0.028868	3.1192047595977783	3
908463	1941	-5.458932	2.490415573120117	3
905989	1023	0.071748	3.110229015350342	3
749711	1829	0.965272	3.139181613922119	3
1298219	1832	3.590848	3.118912935256958	3
688014	1849	0.144033	1.8062036037445068	3
907300	1911	-5.450001	0.7167263627052307	3
1298169	1925	5.536515	3.8162283897399902	3
724859	1709	-0.596553	2.4162988662719727	3
1240226	1632	3.622928	2.1694016456604004	3
946369	1007	-6.110927	-0.7705311179161072	3
909975	1632	4.935803	2.2157387733459473	3
1240159	1630	3.194694	3.4711341857910156	3
908450	1909	4.055467	1.8294000625610352	3
907045	1909	2.878985	1.7898446321487427	3
909761	1558	2.640765	2.4700684547424316	3
924100	2038	4.057466	3.34871244430542	3
1297438	1003	-2.785057	2.0312564373016357	3
906797	1080	-1.860671	-0.6740838289260864	3
1503362	2110	4.606817	3.8916211128234863	3
1240154	1259	1.41875	3.9319143295288086	3
910930	1853	3.345785	2.3838350772857666	3
753548	1578	3.772654	-0.8911531567573547	3
906832	1021	3.188367	2.314465045928955	3
722045	2039	2.525444	3.0594706535339355	3
908476	1011	1.48245	2.490415573120117	3
910698	1626	2.399353	3.764240264892578	3
907300	1862	-1.241591	-3.141428232192993	3
909263	1803	3.347955	3.1192047595977783	3
753576	1824	4.129993	3.1416587829589844	3
949178	1006	-0.457781	3.6655185222625732	3
906795	2157	5.487765	3.8812530040740967	3
910919	1036	2.742372	2.1780474185943604	3
688086	2040	-0.143912	1.8636806011199951	3
905969	1941	-4.500471	2.245176076889038	3
908457	2043	6.351512	3.8724710941314697	3
906793	1811	-3.970247	3.3484063148498535	3
1240189	1511	-2.396558	2.0312564373016357	3
1330942	1928	3.789667	-0.12293872237205505	3
905972	1373	5.967113	3.072969675064087	3
906763	2011	2.482952	2.886051654815674	3
1295741	1927	3.125408	2.9730064868927	3
1298168	2046	5.186835	1.112385869026184	3
1290798	1053	2.570353	2.629692554473877	3
753622	1058	1.28361	3.0709075927734375	3
1303897	1067	5.204963	-0.6409401297569275	3
908476	1827	1.080353	3.1352715492248535	3
909703	1779	-0.895939	2.7407751083374023	3
753582	1941	-5.771496	1.8062036037445068	3
910851	1940	4.562264	4.07631778717041	3
687812	1561	2.832226	3.1243896484375	3
1240143	1615	5.485362	3.2299258708953857	3
905969	2158	4.860831	3.940633773803711	3
924107	1931	5.719574	4.178267478942871	3
906862	1776	3.668808	3.2877583503723145	3
1240193	1091	1.165123	2.883046865463257	3
907071	1048	5.717397	4.07512092590332	3
907048	1913	3.962792	5.328562259674072	3
1503361	1507	4.999728	3.466092586517334	3
909737	1237	5.861145	3.9702296257019043	3
687448	1716	5.96976	3.675086259841919	3
749711	1804	0.830411	3.139181613922119	3
909748	1249	5.025738	3.5476584434509277	3
1297446	1051	2.866448	-0.8110840916633606	3
949154	1072	3.748394	3.744474411010742	3
906790	2040	0.14796	3.095615863800049	3
1295740	2003	3.937648	2.446568250656128	3
906870	1997	1.700385	-0.2078503668308258	3
1331032	1133	2.001	2.6431376934051514	3
909757	1718	4.983588	3.5494494438171387	3
946363	1557	4.216448	1.6723017692565918	3
909740	1463	4.176175	3.110229015350342	3
687505	1734	2.306157	3.744474411010742	3
908449	1093	7.453353	3.8381106853485107	3
910688	1828	3.556779	1.3650751113891602	3
906814	1849	-1.296754	2.150920867919922	3
724866	1783	6.839908	3.885826826095581	3
1298351	1910	2.24683	2.276792526245117	3
687506	2111	2.918808	3.6311097145080566	3
910691	1072	5.385588	3.6927449703216553	3
907055	1830	2.28276	3.0608701705932617	3
908125	1811	-2.409607	3.3484063148498535	3
910919	1919	0.410851	1.199230670928955	3
753555	1810	-1.94113	2.2757444381713867	3
998189	1372	-1.483133	2.4268996715545654	3
1298475	1441	2.562473	3.416851043701172	3
907071	1624	4.660686	3.8855044841766357	3
749714	1632	3.998447	2.3877689838409424	3
1330942	1825	-1.615638	1.3650751113891602	3
724868	1828	3.477773	3.1352715492248535	3
905956	1785	5.814101	3.3484063148498535	3
687448	1372	-2.991664	1.0265144109725952	3
946356	1922	3.826468	3.0871315002441406	3
687980	1622	3.273991	3.7686777114868164	3
909747	1553	4.166914	2.8371450901031494	3
753576	1836	4.430084	3.1416587829589844	3
910545	1250	-0.483279	0.8794018030166626	3
906826	2498	9.452854	5.328562259674072	3
1240201	1011	3.264676	2.800718069076538	3
908139	1936	3.924808	3.095615863800049	3
753620	2047	0.395145	1.874420166015625	3
753556	1061	3.979706	2.731198787689209	3
910079	1626	1.988876	3.8495192527770996	3
910921	2043	4.779852	3.7499165534973145	3
753612	1854	4.99403	3.3067543506622314	3
910544	1622	3.01086	3.0039830207824707	3
1240167	1239	0.569443	3.821507692337036	3
909761	1849	1.572855	2.090547800064087	3
949088	2439	8.810204	2.250295639038086	3
909256	2048	-3.443828	0.013405803591012955	3
687819	2149	2.835038	4.056890487670898	3
1298529	2113	3.533425	2.956001043319702	3
688087	1931	4.748465	3.260467052459717	3
753531	1632	3.179918	1.4827954769134521	3
753622	1512	5.312961	2.2757444381713867	3
753556	1032	0.229596	2.7645702362060547	3
906818	1776	4.898212	3.5597715377807617	3
1240209	1062	2.813664	2.7556512355804443	3
1290724	1734	3.591705	3.443648338317871	3
906869	1029	6.964219	3.095615863800049	3
1659928	2359	5.409627	3.5476584434509277	3
909761	1706	3.083989	3.647001028060913	3
1240167	1091	0.98514	3.1480519771575928	3
910900	1809	-1.309953	2.531928539276123	3
905937	1259	2.927918	3.8724710941314697	3
1480358	1502	5.512009	3.9277758598327637	3
724825	2148	0.640173	2.4340689182281494	3
688023	2048	-6.035419	-0.790493905544281	3
907045	1058	1.9322	2.629692554473877	3
1659928	1017	3.887726	3.8724710941314697	3
909773	1809	-1.841293	0.5397506952285767	3
1480358	2111	3.156885	4.030294895172119	3
949172	1560	0.07945	2.6427102088928223	3
908458	1928	5.847344	3.647001028060913	3
908465	2498	8.928213	5.495716094970703	3
687997	1825	-0.569163	3.0044665336608887	3
907279	2172	6.38223	3.6308116912841797	3
1295740	1617	-2.385185	1.2205781936645508	3
724872	1561	4.242544	2.842350482940674	3
907048	1632	3.581446	2.3877689838409424	3
687983	1932	2.074292	2.883046865463257	3
946368	1816	5.757854	3.8693456649780273	3
910861	1909	-3.571091	0.7966776490211487	3
713869	1927	5.104368	3.498420238494873	3
911905	1830	3.054355	3.2247228622436523	3
946370	1008	3.962907	2.5314600467681885	3
1298157	1808	2.423666	3.1126766204833984	3
905945	2044	4.076467	3.1126766204833984	3
687457	2359	5.389545	3.5251190662384033	3
907045	2171	5.53666	3.562148094177246	3
687506	1581	3.662139	3.7010927200317383	3
1240162	1557	4.883564	2.0414724349975586	3
946370	1005	4.08351	2.5314600467681885	3
1290905	1559	0.278554	0.8202256560325623	3
1298538	1828	4.193998	3.219636917114258	3
1240217	1586	3.879849	3.0473408699035645	3
946358	2047	1.200532	2.3299448490142822	3
753562	1624	2.148595	3.5596280097961426	3
907272	1010	1.821762	2.4378538131713867	3
906830	1005	2.185151	2.3154401779174805	3
907280	1785	4.580808	0.7167263627052307	3
1330941	1809	2.97079	3.1126766204833984	3
753561	2010	2.172844	2.956001043319702	3
949173	1932	3.67246	1.3522725105285645	3
1240217	1018	5.664641	4.07512092590332	3
1509074	2170	3.405923	2.6475863456726074	3
713869	2047	3.663089	3.072969675064087	3
688087	1018	5.578256	3.0922484397888184	3
906875	1507	3.498805	3.1585636138916016	3
688010	1829	0.450275	3.0044665336608887	3
907289	1828	4.264929	3.1192047595977783	3
1298347	2048	0.433572	0.23284852504730225	3
722066	2045	5.256612	3.1243896484375	3
907791	1558	3.200463	2.410822629928589	3
1660035	1862	-0.710341	0.8239141702651978	3
1298531	1047	4.17964	4.1233744621276855	3
949154	1089	3.983697	1.8784303665161133	3
1298136	1025	5.946201	4.116048336029053	3
1298216	2177	2.867746	4.023406505584717	3
1330983	1180	-4.039147	-1.4738807678222656	3
907062	1048	4.844964	3.895203113555908	3
1240122	1557	5.446005	2.0414724349975586	3
907794	1622	5.383248	3.954728603363037	3
1297449	1069	2.323481	2.5164859294891357	3
910850	1838	4.274084	3.1715657711029053	3
1240143	1190	-1.693637	2.3580830097198486	3
724839	1012	3.445894	3.0054664611816406	3
753569	1913	5.004712	4.911872386932373	3
907058	2171	4.316794	3.4655771255493164	3
753615	1706	2.881656	2.992180347442627	3
1298223	1776	4.816725	3.3767528533935547	3
753620	1004	-3.384949	-1.5455551147460938	3
909727	1912	1.556176	2.736325740814209	3
753582	1799	4.615747	3.140571117401123	3
1298219	1199	3.916919	4.129152297973633	3
909743	2173	1.960674	2.790337562561035	3
1240167	1777	5.64064	3.466092586517334	3
907280	1826	1.824676	1.3650751113891602	3
687561	2498	7.955085	4.830140590667725	3
909748	1733	5.16478	3.5494494438171387	3
688010	1862	-1.004261	1.5491182804107666	3
906830	1441	2.166547	2.736325740814209	3
910569	1008	-2.797715	2.262300491333008	3
1298526	1826	3.494894	3.406963586807251	3
906871	1833	1.102694	3.0794053077697754	3
908135	1614	4.59102	3.1585636138916016	3
909761	1581	4.163325	3.647001028060913	3
905956	1053	3.490691	2.736325740814209	3
1331036	1854	2.932993	3.1813745498657227	3
906844	1558	1.079038	2.6527669429779053	3
925338	1810	2.330516	3.1126766204833984	3
1240204	1175	2.416497	3.895203113555908	3
1298538	1050	2.554653	0.4809001386165619	3
906791	1911	-4.188913	3.885826826095581	3
907278	2154	0.960184	2.678368330001831	3
905937	1813	4.92517	2.262300491333008	3
909743	1844	2.606486	2.446568250656128	3
753570	1918	4.084035	2.557082414627075	3
907795	1250	2.629876	3.5494494438171387	3
1331034	1557	2.401593	0.7966776490211487	3
1240129	1072	6.060861	3.785597801208496	3
905952	1913	4.10127	5.248549938201904	3
909725	1046	4.244297	2.1694016456604004	3
753624	2038	4.840307	4.023406505584717	3
905933	1007	-4.149574	-0.05009322986006737	3
687820	2037	6.951775	4.056890487670898	3
909738	1708	0.055757	2.198505401611328	3
753555	2055	0.32199	3.1416587829589844	3
753620	1847	1.916737	2.3461923599243164	3
906877	1615	5.068706	2.263026714324951	3
908130	1832	4.03464	3.1582422256469727	3
1331037	1564	1.979769	2.1780474185943604	3
1331035	1033	2.405322	2.250295639038086	3
688031	1237	5.162386	3.612210988998413	3
925348	1933	5.99234	2.7850003242492676	3
909256	2112	1.777445	3.139181613922119	3
906862	1835	1.475404	3.139181613922119	3
1331036	1053	-0.077316	1.7924883365631104	3
910930	1927	4.400051	1.747210144996643	3
971777	1083	2.066354	3.505143165588379	3
905937	1563	6.32978	3.8345937728881836	3
910701	1507	4.190197	2.781334161758423	3
1240222	1507	4.924419	3.5058650970458984	3
906872	1909	3.474608	1.6723017692565918	3
908457	1042	5.896035	4.750331401824951	3
1331035	1624	1.224311	1.1583445072174072	3
906814	1089	4.384876	2.3154401779174805	3
724839	1873	3.006144	2.6630468368530273	3
1299081	1593	2.16381	3.238065481185913	3
753541	1706	2.867108	3.5596280097961426	3
753589	1849	0.764532	1.8062036037445068	3
909703	1058	0.084606	2.263026714324951	3
1327771	2362	2.223693	2.4494740962982178	3
908473	2158	4.388826	4.056890487670898	3
1297438	1012	0.058379	2.907560348510742	3
908120	1924	1.187677	2.629692554473877	3
905967	1060	-1.779523	3.072969675064087	3
906844	1096	-0.04641	0.013405803591012955	3
1330960	1034	-2.576329	2.1401453018188477	3
925340	1561	2.312786	2.750948429107666	3
1298349	1069	3.234842	3.087041139602661	3
910935	1583	1.63905	2.656187057495117	3
687505	2170	2.377033	2.6630468368530273	3
907794	1007	-1.999095	-0.34762394428253174	3
1299059	1930	0.161034	3.895203113555908	3
909248	1061	4.417884	3.18741512298584	3
687506	1873	0.673786	2.6630468368530273	3
753624	1199	3.707892	4.204570293426514	3
1240159	2154	3.906304	3.9702296257019043	3
722066	1014	2.456771	3.072969675064087	3
924240	1073	5.355025	3.732858419418335	3
909755	1624	6.039411	3.647001028060913	3
1240183	1629	5.897444	2.111971378326416	3
906798	1847	2.242791	3.177934169769287	3
1298226	1034	-3.550462	3.1330766677856445	3
753565	2043	5.590316	3.720323085784912	3
1298352	1069	2.288996	3.217484951019287	3
1299078	1819	-3.627617	0.7296395897865295	3
910904	1576	2.9434	3.9627373218536377	3
907048	1512	4.693692	3.1126766204833984	3
907053	1836	1.450377	1.3650751113891602	3
905945	1583	3.114044	3.954709529876709	3
905964	2145	-1.113651	2.4340689182281494	3
909735	1441	3.214247	2.9492592811584473	3
907277	1511	-4.171631	1.3772881031036377	3
907291	1511	-1.923169	2.262300491333008	3
930299	1999	3.035546	3.2959392070770264	3
1297446	1068	0.429501	1.2205781936645508	3
905979	1625	5.715112	3.764240264892578	3
1480372	2110	5.243344	3.940633773803711	3
906792	1449	4.910905	3.675086259841919	3
1240199	1372	2.785568	3.081709861755371	3
949170	1549	4.904052	2.49688720703125	3
1524417	1529	0.183831	3.790757179260254	3
905968	1036	3.331728	3.081709861755371	3
1240220	1853	4.451328	3.055459499359131	3
910780	1782	4.799455	3.6655185222625732	3
1240220	1917	4.155656	3.961256504058838	3
1240167	1720	5.455936	2.409024953842163	3
1240220	1022	1.836345	1.112385869026184	3
906837	2046	3.574634	1.4827954769134521	3
687568	1029	6.471948	3.285810708999634	3
946356	1915	0.400615	2.2665634155273438	3
1330931	1378	1.892971	0.05654481425881386	3
909709	1714	1.75777	2.531838893890381	3
909252	1620	3.905893	2.790337562561035	3
910916	1840	2.103751	2.956001043319702	3
1327775	2002	4.009595	2.4340689182281494	3
753541	1849	-1.254008	2.0414724349975586	3
910688	1586	2.174101	1.1237335205078125	3
949094	2145	-0.307191	3.188413143157959	3
1298136	2011	4.96161	3.865518569946289	3
1330950	1838	3.605737	2.4340689182281494	3
1299069	1083	2.529637	3.095615863800049	3
906818	1730	3.225882	3.5597715377807617	3
907269	1924	1.350099	2.385058641433716	3
910951	1819	-5.289094	-2.536442756652832	3
906817	1926	3.376089	3.0709075927734375	3
925340	1557	6.023518	2.129793405532837	3
753585	1237	5.573373	3.8606414794921875	3
908124	1042	2.980855	4.332830429077148	3
1298537	1997	4.955622	2.490415573120117	3
1303897	1006	-1.94824	2.250295639038086	3
1240182	1615	6.824888	2.842350482940674	3
687514	1578	4.904911	1.8784303665161133	3
924187	1191	-4.669062	0.5635073184967041	3
908152	1029	5.81193	3.373724937438965	3
924107	1836	2.964111	3.0198750495910645	3
1330942	1149	0.766543	-0.2078503668308258	3
1298219	1812	3.766463	2.628925323486328	3
905967	1080	-1.60769	0.23284852504730225	3
908483	1853	2.922504	2.907560348510742	3
687514	1825	0.016889	3.0198750495910645	3
724872	2149	1.213065	3.612210988998413	3
724870	1093	4.11383	3.557158946990967	3
906871	1931	5.01913	3.7780888080596924	3
1298538	1585	5.190599	3.083360195159912	3
907311	1926	0.612706	2.4494740962982178	3
907787	1133	2.67349	2.5503392219543457	3
687807	1511	2.336345	2.531928539276123	3
753547	1924	2.47519	2.842350482940674	3
1330950	1912	2.115615	2.0802865028381348	3
910948	1630	4.622848	3.466841220855713	3
946367	1560	1.622777	2.7763237953186035	3
907279	1844	3.936511	3.0794053077697754	3
1240157	1057	-2.77065	3.1799750328063965	3
1298167	1250	-0.265045	3.593160629272461	3
749713	1133	6.073943	4.2582621574401855	3
910900	2172	4.995072	3.951356887817383	3
905990	1237	5.845159	3.940633773803711	3
1330942	1853	3.936717	1.1237335205078125	3
906820	1632	1.476318	0.844039797782898	3
1290905	1843	5.433008	3.1126766204833984	3
925348	1998	4.53066	3.865518569946289	3
910853	1908	3.088307	1.0265144109725952	3
910554	1828	3.338376	3.1192047595977783	3
1303900	1913	3.843099	5.328562259674072	3
907066	1149	1.630957	2.10992169380188	3
687799	1259	3.002633	4.159975051879883	3
907067	1060	-3.155886	1.0265144109725952	3
909725	1011	4.709452	2.150920867919922	3
1330931	1634	2.253167	3.265097141265869	3
909778	1940	4.028161	4.090229511260986	3
753556	1718	3.000112	3.471907377243042	3
930299	1928	4.490462	3.7074034214019775	3
1509074	1009	4.682838	3.790757179260254	3
717431	1924	3.478216	2.6427102088928223	3
909748	1940	5.605002	3.954728603363037	3
907061	1718	3.41453	2.781334161758423	3
905941	1626	3.881809	3.714261770248413	3
687588	1626	3.742682	3.572105884552002	3
724866	1939	3.229663	2.490415573120117	3
687983	1919	1.807672	3.026200532913208	3
909723	1237	6.104112	3.6452479362487793	3
907274	1017	5.303239	2.528927803039551	3
1659929	1618	3.9659	5.036396503448486	3
724873	1932	2.441961	3.382326364517212	3
1240201	1827	-1.026476	3.406963586807251	3
909744	1738	3.19197	1.3030697107315063	3
907278	2106	3.798391	1.4627697467803955	3
949174	1586	4.596214	2.6228630542755127	3
753554	2003	5.939414	3.219636917114258	3
1299050	1730	2.474053	3.015085220336914	3
908135	1916	2.596389	3.1585636138916016	3
906804	1584	3.953442	3.0632424354553223	3
910930	1739	0.171493	1.747210144996643	3
905968	1053	-0.082084	3.2154407501220703	3
1298348	1613	1.530395	4.159975051879883	3
1298151	2002	5.547083	3.1715657711029053	3
753614	1931	4.938925	4.607572555541992	3
907790	2047	0.401448	2.4268996715545654	3
688031	1734	1.899119	3.4835972785949707	3
1240198	1559	-2.254671	1.760619878768921	3
910692	1783	4.577003	3.4835972785949707	3
1240219	1826	4.603778	3.406963586807251	3
925340	1463	5.718176	3.095615863800049	3
909761	1083	2.855621	3.110229015350342	3
1503371	1008	-1.609831	2.2757444381713867	3
753552	1003	-2.936428	2.229702949523926	3
724834	1782	5.890991	3.885826826095581	3
907319	1810	1.518464	2.2757444381713867	3
713869	2438	11.46959	3.885826826095581	3
906839	1175	4.939968	3.917372941970825	3
722046	1021	0.854348	3.197042942047119	3
687799	1917	0.05539	4.159975051879883	3
905984	1177	2.400449	3.5562305450439453	3
905940	1776	4.133405	2.689074993133545	3
1503368	2498	7.254053	5.070587158203125	3
910932	1563	5.389642	3.6452479362487793	3
906821	1613	3.086782	4.172597408294678	3
687800	1012	3.907111	3.0594706535339355	3
910851	1175	4.374378	4.098536014556885	3
749716	1088	4.474534	3.1126766204833984	3
907295	1080	-1.051835	-0.790493905544281	3
905986	1239	3.107353	3.592862129211426	3
949171	1739	1.073025	3.1585636138916016	3
908130	1777	5.451724	3.411452293395996	3
688011	1634	5.071212	4.600569248199463	3
1331034	1598	3.672174	3.1813745498657227	3
946353	1057	0.542067	3.0709075927734375	3
905986	1583	3.444269	3.793128252029419	3
1503369	1083	1.468441	3.197042942047119	3
905974	1783	5.391333	3.3484063148498535	3
905989	1825	-1.484362	3.1192047595977783	3
949176	2043	5.213636	3.0922484397888184	3
910910	1873	1.51605	2.629692554473877	3
688086	1441	1.15975	2.6427102088928223	3
1503371	1030	2.840054	4.085565567016602	3
906828	1558	3.304137	3.0157933235168457	3
687799	2154	2.447825	4.056890487670898	3
753595	1038	4.165059	4.172597408294678	3
1298226	1023	2.993102	3.1330766677856445	3
909774	2043	6.009923	4.098536014556885	3
907270	1821	2.403411	2.1454849243164062	3
909740	1073	4.125028	3.5476584434509277	3
905952	1916	1.832153	2.7407751083374023	3
908476	1830	3.327971	3.1352715492248535	3
1240160	1632	4.582038	2.198505401611328	3
687816	1932	3.499399	3.382326364517212	3
1479995	1924	3.419696	3.2154407501220703	3
906871	2149	1.573541	3.344820499420166	3
753579	1179	1.171409	2.1694016456604004	3
1240174	1180	-2.171582	1.5358304977416992	3
909735	1010	3.60043	3.0578932762145996	3
909728	1932	2.810168	3.068286180496216	3
753589	1615	7.175503	2.842350482940674	3
909713	1005	2.99347	2.3154401779174805	3
753540	1192	3.202445	3.217484951019287	3
753554	1635	5.292257	3.691704511642456	3
906696	1813	5.407842	2.512584686279297	3
1331034	1053	-1.026104	1.7924883365631104	3
907286	1007	-3.397813	1.050614595413208	3
905985	2177	2.837168	3.793128252029419	3
1330964	2003	5.431615	3.0044665336608887	3
1480372	1629	5.414999	1.760619878768921	3
905945	1777	5.514378	3.466841220855713	3
905980	1034	-0.792114	3.293851852416992	3
905961	1023	3.975855	3.110229015350342	3
930299	1598	6.247479	3.927581310272217	3
949177	1511	-2.799302	1.052768349647522	3
908452	1908	4.160858	3.1764049530029297	3
910702	1854	7.577774	4.116048336029053	3
909263	1069	5.181659	3.38651704788208	3
1659818	1718	2.071423	2.9730064868927	3
909725	2010	2.122167	3.299927234649658	3
909698	2499	9.679174	5.036396503448486	3
722046	1931	4.921822	4.556991100311279	3
688015	1629	3.388355	1.5491182804107666	3
1240168	1553	2.660564	2.7763237953186035	3
1330960	1083	0.56109	2.1401453018188477	3
1330948	1561	0.156375	1.4627697467803955	3
910952	1708	-1.5507	1.112385869026184	3
909771	1024	-0.424162	0.8794018030166626	3
905933	2011	4.460156	3.785597801208496	3
905962	1913	6.223872	5.036396503448486	3
906839	1598	4.093285	3.8778505325317383	3
905990	1585	5.206267	3.099673271179199	3
908145	2149	1.148803	3.344820499420166	3
1298537	1908	3.300471	3.072969675064087	3
905937	1053	2.234278	2.8371450901031494	3
1240154	1593	1.677921	3.204313278198242	3
906875	1777	5.558808	3.1585636138916016	3
687588	1999	4.810563	3.188413143157959	3
1290905	1816	4.247284	4.0957560539245605	3
905970	1873	3.151519	3.1243896484375	3
1240209	1840	4.276021	3.0608701705932617	3
753620	1463	2.687238	1.8636806011199951	3
1240190	1088	2.126055	2.531928539276123	3
687455	1583	2.237099	3.743820905685425	3
910702	2159	7.437509	4.023406505584717	3
906805	1008	-0.35383	2.531928539276123	3
687802	1177	6.272056	4.159975051879883	3
910944	1825	-2.397286	2.446568250656128	3
749711	1873	1.717053	2.629692554473877	3
1297449	1930	-0.823306	2.528927803039551	3
722066	1924	4.621774	3.1243896484375	3
687588	2055	2.649001	3.188413143157959	3
1240121	1559	-3.525662	-0.7124894261360168	3
687506	1854	5.274665	3.657022476196289	3
924102	1782	6.485255	3.720305919647217	3
910689	1718	7.35215	3.5494494438171387	3
687588	2047	3.411905	3.100379467010498	3
906798	1463	1.718156	3.0607340335845947	3
906870	1494	-6.679853	-0.8911531567573547	3
909723	1021	3.447275	3.505143165588379	3
907058	1836	3.417096	3.299927234649658	3
687794	2169	2.822582	3.1243896484375	3
908449	1052	6.466715	2.500032901763916	3
1299070	1133	2.552545	4.405507564544678	3
1298353	1057	-0.627412	2.966871976852417	3
946382	1855	5.311926	3.6868231296539307	3
749709	1008	-2.157521	3.1126766204833984	3
906808	1093	4.188699	2.883046865463257	3
687798	1013	4.172857	3.7033729553222656	3
907279	1838	5.878567	3.0794053077697754	3
1330931	1175	2.460684	2.510363817214966	3
753533	1635	5.554574	3.790757179260254	3
909260	1006	-2.740144	2.886051654815674	3
909907	1622	6.460248	4.090229511260986	3
905944	1855	5.426106	3.072969675064087	3
687787	1916	3.601799	3.471907377243042	3
687457	1561	3.720041	3.0890963077545166	3
1299070	2046	3.758511	2.4977049827575684	3
910569	1618	3.195324	5.036396503448486	3
906855	1630	3.677208	2.6857335567474365	3
946368	2039	4.282958	3.0666732788085938	3
1330972	1067	4.838977	2.3951363563537598	3
688014	1558	4.843771	3.026200532913208	3
1660035	1578	6.317439	2.262300491333008	3
906844	1785	2.438711	3.732858419418335	3
906851	2113	2.181886	3.139181613922119	3
1298347	1449	5.021885	3.498420238494873	3
687816	1919	3.072226	2.518220901489258	3
688086	1576	2.249278	3.5331876277923584	3
907058	2145	-0.710175	3.299927234649658	3
910851	1594	3.702899	2.966871976852417	3
906793	1836	3.507765	3.299927234649658	3
908472	1042	5.884708	4.925695896148682	3
905975	1059	0.089326	2.736325740814209	3
908122	1585	4.054215	3.2244744300842285	3
908449	1919	4.042901	3.9244472980499268	3
949094	1736	5.860882	3.100379467010498	3
924151	1512	5.510022	2.512584686279297	3
906851	1057	-0.998888	2.629692554473877	3
907062	1915	1.560377	1.9068562984466553	3
907271	1179	-0.148076	2.500032901763916	3
724878	1378	4.397617	2.531928539276123	3
909729	1561	0.89089	2.7763237953186035	3
1298168	2170	2.666788	2.6475863456726074	3
910554	1133	3.724638	4.252185344696045	3
910689	1811	-0.527215	3.5476584434509277	3
1240155	1730	2.25667	3.218397855758667	3
735784	2055	0.932037	3.1416587829589844	3
1331033	1563	3.340125	2.656187057495117	3
909713	1940	4.570007	3.9081428050994873	3
1240199	1909	3.129439	2.245176076889038	3
1331032	2172	-0.664866	1.1583445072174072	3
949153	1507	4.470918	2.7407751083374023	3
1503371	1449	5.490875	3.466092586517334	3
906696	2156	1.64339	3.720305919647217	3
946377	1594	2.534359	2.7763237953186035	3
1240130	1706	0.545498	3.466031312942505	3
1240158	2011	4.212169	3.7824044227600098	3
909713	2003	4.938417	3.299927234649658	3
1330993	1043	4.740971	4.002294063568115	3
1330995	1732	3.753415	2.250295639038086	3
908465	1079	1.878491	3.498420238494873	3
907289	2177	2.420091	3.8345937728881836	3
1298168	1558	2.785912	2.1444685459136963	3
687820	1085	4.743234	3.498420238494873	3
910944	1810	-4.002099	1.3772881031036377	3
905990	1594	2.896395	3.2154407501220703	3
1240181	2145	-1.553379	2.3461923599243164	3
906805	1047	3.207106	4.556991100311279	3
753541	1828	3.506382	2.956001043319702	3
753620	2172	3.018563	3.2466554641723633	3
909751	1133	3.808986	4.252185344696045	3
1240178	1168	4.240303	3.0157933235168457	3
1240198	1713	4.182436	3.081709861755371	3
1297446	1922	1.71407	2.1401453018188477	3
910852	1046	2.41366	2.3877689838409424	3
722066	1911	-4.447332	3.885826826095581	3
1298350	2106	0.09964	3.1243896484375	3
906828	1578	4.959377	2.512584686279297	3
753547	1714	4.647225	3.216567039489746	3
1240193	2170	0.310469	2.842350482940674	3
910554	1919	-0.581387	2.4700684547424316	3
907057	1828	3.860724	3.1715657711029053	3
910851	1401	1.563236	2.2157387733459473	3
908144	1079	-0.96541	3.1010429859161377	3
1240178	1038	3.90268	3.9319143295288086	3
906763	1999	2.102907	2.446568250656128	3
907788	1239	1.293331	3.0592241287231445	3
749709	1594	2.131326	2.629692554473877	3
910781	1034	-1.974774	3.2552108764648438	3
905938	1833	1.779705	1.3650751113891602	3
909747	1564	-0.056048	2.4268996715545654	3
909702	1378	2.502649	1.3772881031036377	3
909737	1149	3.418704	2.367995500564575	3
909743	1852	5.462889	2.886051654815674	3
906798	2157	5.394741	3.743820905685425	3
1297439	1086	3.204328	2.3951363563537598	3
907279	1199	6.079881	3.5870985984802246	3
1480362	1428	6.167753	3.785597801208496	3
1659818	1776	2.836592	2.9392848014831543	3
905964	1910	-0.565073	1.0019418001174927	3
1240155	1003	-0.478891	2.492459774017334	3
724834	1598	5.0317	4.144708156585693	3
753612	1621	2.937848	2.7174582481384277	3
1290905	1004	-0.760761	0.013405803591012955	3
1240192	2360	5.178247	2.842350482940674	3
907319	1012	1.85926	3.080127477645874	3
753570	1067	4.971252	1.4827954769134521	3
910930	1016	-0.115578	1.7924883365631104	3
907173	1738	0.319933	3.378622055053711	3
1322212	1034	-3.715617	2.837831735610962	3
753538	1021	3.473742	2.796933650970459	3
998189	1016	1.344078	2.8371450901031494	3
906812	1941	-6.149045	1.7898446321487427	3
910904	1372	0.08254	2.531838893890381	3
1480367	1014	1.928817	3.081709861755371	3
910900	1034	-2.055921	3.197042942047119	3
908476	1736	2.701844	3.072969675064087	3
753584	1557	4.821819	2.10992169380188	3
907042	2159	1.200568	3.344820499420166	3
1503370	2156	4.024702	3.885826826095581	3
1240153	1933	5.205444	0.9457222819328308	3
909725	1779	1.682935	3.675086259841919	3
909704	1812	1.629863	2.229702949523926	3
908130	1622	4.257674	3.8628106117248535	3
908146	1799	2.928877	2.7407751083374023	3
906814	1732	3.358743	3.3484063148498535	3
688018	2043	5.754431	3.720323085784912	3
753533	1561	3.75631	2.6475863456726074	3
905991	1019	2.705465	3.5058650970458984	3
1240190	1091	0.977759	3.382326364517212	3
906875	1016	0.343675	2.6427102088928223	3
905950	1553	3.712317	2.6475863456726074	3
1290769	1816	6.578469	3.9166200160980225	3
1298134	1714	2.553973	2.8629140853881836	3
1290798	1428	-0.559587	3.732858419418335	3
909260	1627	2.026771	3.0851988792419434	3
909718	2047	-0.618007	2.4268996715545654	3
909744	2158	3.621601	3.4301211833953857	3
687563	2112	3.300961	3.188413143157959	3
688006	1908	2.818646	3.216567039489746	3
909729	1067	5.360214	2.031323194503784	3
687798	1830	3.417906	3.1352715492248535	3
753569	1852	5.38165	3.691704511642456	3
1298216	1583	3.041716	4.023406505584717	3
1331037	1830	1.857137	2.1185455322265625	3
906765	1093	3.382648	1.7121742963790894	3
749711	1736	5.686214	3.6868231296539307	3
1240187	1003	-2.987879	2.531928539276123	3
688015	1910	-1.259144	1.8062036037445068	3
687563	1086	-3.082204	2.031323194503784	3
906862	1030	3.306398	4.164109230041504	3
1503368	2038	4.382002	3.8916211128234863	3
910852	1932	2.857037	3.562148094177246	3
753600	1016	0.323506	3.1243896484375	3
910691	1832	3.58311	3.1582422256469727	3
909748	1012	1.262086	3.0495731830596924	3
907281	1529	-0.252668	3.2235054969787598	3
1659819	1069	3.224946	2.5164859294891357	3
1240169	1372	0.319415	3.100379467010498	3
908458	1706	1.522267	3.647001028060913	3
906805	1629	4.56571	1.2087807655334473	3
753548	2048	-6.514787	-1.5029702186584473	3
905962	2154	3.932203	3.8345937728881836	3
906793	1194	2.376812	3.505143165588379	3
1298359	2361	4.608375	3.0709075927734375	3
910941	1629	3.970387	0.8248994946479797	3
907783	1042	3.483857	3.2201032638549805	3
908122	1919	1.230222	2.6527669429779053	3
1503369	1026	-1.546255	1.2087807655334473	3
1298350	1373	5.128731	3.072969675064087	3
907281	1091	0.450458	1.7121742963790894	3
907061	1830	2.37882	2.956001043319702	3
1240158	1038	2.710414	4.07512092590332	3
946373	1052	3.078908	2.500032901763916	3
753569	2145	-0.387135	3.219636917114258	3
1290730	1917	0.973004	3.781285524368286	3
907276	1716	5.373647	3.3663415908813477	3
1524416	1631	3.057681	3.334691047668457	3
1331045	1594	4.202649	1.7924883365631104	3
909747	1733	4.671859	3.5494494438171387	3
910900	1061	4.844816	3.072969675064087	3
949178	1529	-2.726419	3.6655185222625732	3
906696	1716	4.523228	3.593160629272461	3
906862	2055	2.758298	3.139181613922119	3
909703	1557	4.27327	1.2205781936645508	3
908144	1034	-4.532611	2.8340673446655273	3
1330931	1713	1.072104	1.336820125579834	3
907300	1806	2.09567	-0.8911531567573547	3
907277	1133	1.501619	2.5503392219543457	3
753589	2173	6.204093	3.5625061988830566	3
909726	1917	1.486626	3.7499165534973145	3
910935	1922	1.765843	2.314465045928955	3
946382	2149	1.911824	3.954709529876709	3
946356	1813	0.364054	2.2757444381713867	3
906817	1835	3.96505	3.1416587829589844	3
908126	1557	3.740011	1.136152744293213	3
949153	1010	2.411396	2.4378538131713867	3
1331050	1996	3.069453	0.7966776490211487	3
909774	2158	4.395076	3.976820468902588	3
925340	2039	5.007654	3.0217809677124023	3
1480371	1834	1.877057	3.2247228622436523	3
910934	1853	2.927302	2.3838350772857666	3
908141	1131	2.367404	1.6765756607055664	3
946355	1084	-5.086214	3.0709075927734375	3
753532	1060	-0.895191	2.531838893890381	3
1240223	1019	4.524831	3.593160629272461	3
906851	1010	4.309902	2.6527669429779053	3
907173	1237	5.772258	3.7483177185058594	3
909738	1449	6.84267	3.4711341857910156	3
905942	1086	-2.547753	2.4162988662719727	3
1240174	1855	4.805077	3.4023256301879883	3
905976	1058	1.102616	2.736325740814209	3
1331045	1835	1.837886	2.1185455322265625	3
1298222	1594	3.503456	3.0709075927734375	3
910933	1080	-2.650468	-0.11276951432228088	3
749713	1012	0.095137	3.2244744300842285	3
905946	1732	1.183347	3.732858419418335	3
906804	1033	4.17068	3.684814214706421	3
1298151	1720	2.252034	2.367995500564575	3
713885	1909	1.914419	1.8062036037445068	3
687820	1022	2.886222	2.4162988662719727	3
907066	1529	3.291036	3.5251190662384033	3
907279	2038	5.197986	3.344820499420166	3
909974	1812	3.279021	2.4567294120788574	3
908465	1918	3.966679	3.1243896484375	3
1330941	1373	5.055809	3.6868231296539307	3
713869	1249	4.430419	3.885826826095581	3
1240143	1624	3.999749	3.714261770248413	3
909761	1734	3.134057	3.5476584434509277	3
1660036	1564	2.650101	2.4268996715545654	3
905935	1739	5.633442	3.455707550048828	3
753610	1838	3.92587	3.0044665336608887	3
753541	1010	1.369665	1.9068562984466553	3
1524419	1862	-0.88657	-0.9309361577033997	3
905956	1814	6.543431	2.3154401779174805	3
910702	1712	0.94581	3.865518569946289	3
905950	1033	4.022951	3.790757179260254	3
687816	1177	3.706444	4.159975051879883	3
909781	2156	3.323383	3.790757179260254	3
949154	1940	3.167409	3.657022476196289	3
949154	1632	4.15037	1.3160663843154907	3
909263	1855	6.402438	2.4268996715545654	3
909749	1585	4.129385	3.049428939819336	3
688023	1594	3.722545	2.842350482940674	3
946355	1836	-1.797937	3.1416587829589844	3
753584	1815	6.394367	3.5251190662384033	3
909728	1776	4.817437	3.3767528533935547	3
909704	1175	4.383115	3.781285524368286	3
687562	1785	4.366733	3.592862129211426	3
905955	1785	5.157809	3.3484063148498535	3
1298351	1030	4.274259	4.098536014556885	3
946377	1919	2.083775	2.837184429168701	3
1299059	1239	3.383192	3.443648338317871	3
925348	1708	1.612132	2.5501933097839355	3
906804	2000	4.924278	3.118912935256958	3
907786	1925	5.113283	4.064255237579346	3
910851	1032	2.927774	2.788212776184082	3
946367	1039	5.126385	3.440195083618164	3
906830	1373	-3.357948	1.0265144109725952	3
910687	1919	1.827728	2.4378538131713867	3
1480360	1916	1.855713	3.5058650970458984	3
1240217	2172	5.688326	3.8855044841766357	3
907276	1061	5.56756	2.7556512355804443	3
907170	2360	3.363213	2.6427102088928223	3
905957	1046	0.246823	2.3877689838409424	3
910924	1190	-2.098646	2.492459774017334	3
687812	1061	5.454911	3.072969675064087	3
1479995	1618	3.584512	4.894180774688721	3
1240220	1557	4.849863	2.0709304809570312	3
753592	1624	2.851286	3.951356887817383	3
910853	1023	3.634933	3.505143165588379	3
905977	1912	3.030698	2.736325740814209	3
1298365	1924	3.462989	3.2154407501220703	3
749715	1730	1.99776	3.2877583503723145	3
1240190	1463	2.381128	3.197042942047119	3
917486	1811	-2.244923	3.5476584434509277	3
907313	1806	3.625807	2.5314600467681885	3
908151	1583	2.440448	3.954709529876709	3
909771	1023	3.274249	2.098804235458374	3
905950	2002	5.754385	3.150207042694092	3
688086	1813	4.612892	1.052768349647522	3
908469	1926	2.599995	2.842350482940674	3
905959	1016	1.068938	3.2154407501220703	3
908462	1010	5.123996	3.382763385772705	3
905977	1047	4.686175	3.9617919921875	3
1297446	1494	-6.231439	1.3772881031036377	3
910704	1583	2.675852	3.954709529876709	3
909737	1854	5.631692	4.1077494621276855	3
946359	1586	5.482187	3.2244744300842285	3
998189	1180	-2.158199	1.7237739562988281	3
1660034	2145	0.620488	3.1192047595977783	3
1240123	1782	5.174075	3.5476584434509277	3
909697	1059	0.015239	2.750948429107666	3
910546	1507	5.616146	3.6565170288085938	3
908457	1584	4.025853	3.0495731830596924	3
949171	1068	0.775574	1.6723017692565918	3
1330982	1617	1.389032	0.7966776490211487	3
687448	1053	5.0899	2.736325740814209	3
910554	1191	-4.077228	0.8239141702651978	3
1240157	1932	3.899554	3.246962070465088	3
909736	1840	4.961393	3.1715657711029053	3
1303911	1057	-2.152014	2.629692554473877	3
1524416	1023	3.899088	3.293851852416992	3
687592	1060	1.966466	3.100379467010498	3
753535	1084	0.351396	2.557082414627075	3
910852	1510	3.589272	3.562148094177246	3
925338	1507	5.457672	3.466841220855713	3
1298348	1067	6.049759	2.4162988662719727	3
907061	1784	5.3541	2.956001043319702	3
688014	1008	3.5016	2.0312564373016357	3
713869	1777	6.223446	3.498420238494873	3
1240153	1730	2.795665	3.5597715377807617	3
908151	1553	2.565818	2.629692554473877	3
906696	2038	4.753134	3.8812530040740967	3
905948	1042	5.185222	4.644627094268799	3
908451	1011	0.96587	-0.2078503668308258	3
1298362	1038	1.581767	3.895203113555908	3
1298351	1632	3.601952	2.2157387733459473	3
1240224	1510	7.183504	3.6190543174743652	3
910904	1549	3.436763	1.9068562984466553	3
1240146	1925	6.575748	4.064255237579346	3
1503362	1559	-2.539468	1.2621748447418213	3
724866	2360	6.432309	3.1243896484375	3
1240145	1463	2.866624	3.197042942047119	3
1298151	1179	0.431342	2.198505401611328	3
687448	1449	7.213138	3.675086259841919	3
905969	1026	0.285953	1.760619878768921	3
949154	1560	1.165482	2.6630468368530273	3
910780	1022	-0.064591	0.844039797782898	3
924188	1168	6.029249	3.9244472980499268	3
907270	1780	4.898982	2.864110231399536	3
753569	1019	3.923246	3.471907377243042	3
753556	2000	5.305833	3.219636917114258	3
946360	1815	5.883241	3.785597801208496	3
1240199	2159	8.181564	3.940633773803711	3
753618	1825	-2.48826	2.3461923599243164	3
1240197	1561	4.334418	3.2154407501220703	3
908152	1919	1.416285	3.382763385772705	3
1299078	1809	1.175166	2.3154401779174805	3
753538	1632	3.307277	1.4827954769134521	3
908476	1051	2.574274	0.23284852504730225	3
946353	1625	5.360595	3.8495192527770996	3
910910	1019	4.064174	3.466841220855713	3
1330948	1924	2.729527	1.4627697467803955	3
753584	1006	3.649233	3.5251190662384033	3
1660036	1814	5.850639	2.262300491333008	3
1299059	1631	3.936799	2.781334161758423	3
1298475	2010	4.132781	3.406963586807251	3
1298215	2045	4.780503	2.557082414627075	3
1503371	2037	3.887017	3.8916211128234863	3
949088	2498	8.524277	2.7538113594055176	3
909713	1621	4.618166	3.238065481185913	3
907790	1909	3.428461	2.090547800064087	3
905980	1005	7.18755	2.4567294120788574	3
905958	1175	2.582287	2.882798671722412	3
910700	1776	6.026548	3.38651704788208	3
906870	1734	1.774884	0.7167263627052307	3
753616	1576	2.162131	3.5331876277923584	3
749715	1808	-0.795139	3.1126766204833984	3
713869	1625	5.963934	3.951356887817383	3
910904	1559	-2.577021	-0.7124894261360168	3
908472	2499	9.459352	5.495716094970703	3
909249	1852	4.592268	3.2235054969787598	3
688013	1925	3.960524	3.5990052223205566	3
946366	1052	2.926356	2.031323194503784	3
910861	2040	-0.351085	2.314465045928955	3
909975	1034	-3.363938	3.019476890563965	3
909736	1815	6.689079	3.7824044227600098	3
906844	1062	-2.513759	3.6868231296539307	3
910781	1010	3.559833	3.0578932762145996	3
1299059	2011	5.668201	3.443648338317871	3
930083	1593	7.056214	3.204313278198242	3
907169	2156	3.026734	3.3484063148498535	3
688018	1832	4.54088	3.0044665336608887	3
907042	1730	2.683126	3.0859415531158447	3
687563	1069	3.642073	3.3463401794433594	3
911905	1630	4.668938	3.5058650970458984	3
908450	1621	6.420549	3.128495693206787	3
908123	1067	4.102835	2.3877689838409424	3
1240122	1941	-5.073058	2.0414724349975586	3
908130	2159	4.213957	3.7998673915863037	3
910781	1586	4.561472	3.0764341354370117	3
753575	1820	5.3603	3.1416587829589844	3
1240222	1177	3.138465	4.030294895172119	3
905977	1776	4.734261	3.5597715377807617	3
1330941	1034	-3.558934	3.176694869995117	3
1503366	1073	4.50345	3.821507692337036	3
753610	1713	1.155488	3.216567039489746	3
1331033	1021	1.131386	2.314465045928955	3
908151	1091	3.371931	3.562148094177246	3
906824	1826	1.473057	3.0198750495910645	3
753563	1529	-2.426135	3.2235054969787598	3
1298350	1428	4.666341	3.885826826095581	3
905940	1008	-2.950648	0.05654481425881386	3
908120	1179	2.447491	2.3877689838409424	3
906818	1449	5.153522	3.675086259841919	3
1298215	1853	4.226697	2.882369041442871	3
917486	1058	1.731351	2.8371450901031494	3
906863	1998	4.699948	3.443648338317871	3
1524415	1932	2.084363	3.6190543174743652	3
1240157	1826	2.682259	3.1715657711029053	3
909248	2359	5.936235	3.582669496536255	3
906828	2149	0.976714	3.8812530040740967	3
909736	1924	2.828062	3.1799750328063965	3
1298223	1830	3.084082	3.219636917114258	3
905969	2177	2.590674	3.940633773803711	3
1331038	1915	1.246185	1.199230670928955	3
687514	1199	3.353511	3.6446993350982666	3
909905	1709	-3.114182	2.031323194503784	3
905944	2096	2.808637	3.072969675064087	3
905951	1585	4.372207	3.2244744300842285	3
906813	1050	2.29858	0.7296395897865295	3
1290806	2044	3.808562	2.492459774017334	3
1295741	1083	0.817629	1.8677223920822144	3
906875	1030	5.167548	3.0922484397888184	3
688058	2003	6.310906	3.316722869873047	3
905986	1832	3.518795	3.188413143157959	3
753624	1734	2.065088	3.865518569946289	3
687804	1243	1.058099	3.684814214706421	3
910780	1190	0.290033	1.052768349647522	3
1503362	1558	1.40608	2.2665634155273438	3
1240127	1578	4.514287	2.212052822113037	3
946360	2112	2.329146	3.2247228622436523	3
906763	1557	3.756409	1.2205781936645508	3
1303901	2177	1.633509	3.612210988998413	3
905961	1062	-0.974343	2.4268996715545654	3
1659817	1918	1.708451	2.0802865028381348	3
909727	1016	2.671213	2.736325740814209	3
753624	1613	5.482084	4.172597408294678	3
907278	2002	4.622005	1.3650751113891602	3
909708	2499	8.689049	5.388006687164307	3
1299081	2498	6.759602	4.0774688720703125	3
1297446	1050	1.870881	-0.8110840916633606	3
1299070	1786	1.416896	3.1504194736480713	3
909257	1043	4.857595	4.631905555725098	3
1298538	1782	4.543176	3.691704511642456	3
907062	1784	5.176943	2.956001043319702	3
753569	1059	0.383275	3.2299258708953857	3
906805	1019	2.732105	3.498420238494873	3
1327773	1249	2.239077	2.250295639038086	3
906746	1831	4.683565	3.188413143157959	3
1240193	1133	2.923397	4.062428951263428	3
735784	1998	4.251547	3.821507692337036	3
909740	1054	4.472586	1.7237739562988281	3
753531	1061	4.145632	2.531838893890381	3
907051	1804	3.737103	3.1582422256469727	3
907071	1580	5.689195	3.8855044841766357	3
753548	2045	3.323069	1.4627697467803955	3
1330941	1177	5.741111	4.164109230041504	3
724839	1734	7.789531	3.744474411010742	3
753575	1816	6.271771	4.107059001922607	3
1298169	1785	5.83766	3.790757179260254	3
753552	1615	5.660138	3.0890963077545166	3
908122	1922	2.634172	3.176694869995117	3
946353	1627	2.726109	3.8916211128234863	3
909252	1011	0.011598	1.2205781936645508	3
1330964	1067	5.057301	2.3951363563537598	3
1331055	1046	2.662302	2.3951363563537598	3
924239	1248	-3.75648	3.2005796432495117	3
925348	1626	2.856708	3.872328758239746	3
946353	2011	5.556092	3.821507692337036	3
909726	1039	5.352781	3.675086259841919	3
909728	1803	6.268252	3.219636917114258	3
1298222	1834	1.847403	3.1416587829589844	3
724825	1060	-1.190085	2.113034248352051	3
908469	1042	4.167955	4.3008904457092285	3
687568	1845	3.566326	3.188413143157959	3
946354	1908	2.299443	2.942164421081543	3
905949	2048	-3.81144	0.23284852504730225	3
998189	1049	4.849082	3.110229015350342	3
910931	1922	2.092679	3.197042942047119	3
724873	1014	-0.042112	3.072969675064087	3
949173	1512	4.486257	1.052768349647522	3
1524414	1039	4.652265	3.334691047668457	3
910694	1826	4.132166	3.188413143157959	3
687800	1003	0.133024	2.531928539276123	3
1240193	1940	3.12893	3.7686777114868164	3
905962	1243	1.97778	3.5476584434509277	3
753540	1047	4.148051	4.3146586418151855	3
905986	1578	5.299526	2.5314600467681885	3
909263	1836	4.444018	3.1192047595977783	3
1480364	1862	-0.251764	1.760619878768921	3
753592	1833	2.148815	3.1352715492248535	3
909248	1373	4.522034	3.18741512298584	3
753554	1620	4.41858	3.714261770248413	3
687800	1558	3.916812	2.518220901489258	3
905970	1843	3.291182	2.531928539276123	3
1297449	1038	1.38681	2.528927803039551	3
1330972	1799	3.78865	3.140571117401123	3
753589	1131	3.839385	4.062428951263428	3
753576	2173	5.077103	3.8495192527770996	3
1327766	1873	0.421798	2.0802865028381348	3
925347	1811	-1.045733	3.865518569946289	3
925338	1428	5.566059	3.732858419418335	3
909746	1733	7.253655	3.5494494438171387	3
949153	1838	2.009795	2.446568250656128	3
906828	1804	6.21187	3.2959392070770264	3
905947	1239	2.169416	3.790757179260254	3
905972	1730	2.454569	3.366225242614746	3
1240193	1014	3.711706	3.216567039489746	3
910905	1068	1.959334	2.090547800064087	3
907173	1199	4.337442	3.909160614013672	3
1330947	1428	1.611442	0.7167263627052307	3
908152	1828	3.792427	3.316722869873047	3
907278	2360	3.302605	1.4627697467803955	3
1290908	1919	0.963438	2.518220901489258	3
908483	1866	1.443057	3.087041139602661	3
910781	1033	4.342865	3.6927449703216553	3
908472	1239	2.683572	3.885826826095581	3
910900	1131	5.016814	4.556991100311279	3
930083	1047	7.149442	4.384738922119141	3
1299062	1626	2.043591	3.5625061988830566	3
1290908	2156	3.791614	3.885826826095581	3
724874	1593	1.05641	3.0594706535339355	3
1299069	1631	2.454753	3.3663415908813477	3
906855	1939	1.993217	1.136152744293213	3
1330941	2174	2.923297	3.732858419418335	3
910937	1006	3.059667	3.4835972785949707	3
753552	1624	3.039124	3.5523250102996826	3
909757	2170	2.0181	2.8371450901031494	3
909256	1563	5.404332	3.954709529876709	3
724859	1866	2.901485	3.366225242614746	3
905944	1043	5.334515	4.925695896148682	3
1240122	1091	2.740966	2.574793815612793	3
946360	1177	4.309029	4.030294895172119	3
687562	1237	4.69464	3.793128252029419	3
1240200	1997	2.29421	2.245176076889038	3
1247873	1089	6.177476	2.531928539276123	3
1240179	1629	4.291462	0.023306522518396378	3
753548	1738	-1.291302	0.24701979756355286	3
906791	1615	6.413316	3.1243896484375	3
906872	1018	6.383345	3.0922484397888184	3
909725	2040	1.128068	3.505143165588379	3
905989	1249	5.307338	3.5476584434509277	3
908126	2157	3.851794	2.310540199279785	3
907286	2044	3.607258	2.671414852142334	3
1240157	1799	3.454382	3.4711341857910156	3
687562	2037	1.923494	3.793128252029419	3
907063	1940	4.373053	3.1813745498657227	3
1299052	1613	5.588394	3.895203113555908	3
1503366	1059	2.305875	3.0709075927734375	3
909726	1036	3.971989	1.0265144109725952	3
905967	1068	0.869211	2.490415573120117	3
907321	2096	3.139042	2.942164421081543	3
1503365	1549	2.321757	2.2665634155273438	3
908473	1780	6.650313	3.498420238494873	3
753592	1916	3.336933	3.498420238494873	3
1330948	2171	-0.804354	0.24701979756355286	3
687799	1006	3.926102	3.885826826095581	3
713880	1919	1.000638	3.026200532913208	3
907071	1593	5.638919	3.0473408699035645	3
688013	1259	-3.957708	3.720323085784912	3
906832	1179	-1.021587	-0.6409401297569275	3
1299070	1564	2.26136	3.081709861755371	3
907795	1614	3.225217	3.5494494438171387	3
1524416	1079	-1.79876	3.334691047668457	3
905947	2047	2.905174	3.074213981628418	3
1331032	1821	2.824258	2.1185455322265625	3
1330982	1598	3.557258	3.1813745498657227	3
1240224	1079	0.167378	3.334691047668457	3
688025	1739	1.318548	3.140571117401123	3
910710	1046	0.327108	-0.35826143622398376	3
1240159	1925	6.257973	4.047394752502441	3
906793	1060	-3.73231	1.0265144109725952	3
1330972	1177	0.526899	3.720323085784912	3
909725	2048	-2.725124	0.7296395897865295	3
1480361	1031	-3.147344	1.760619878768921	3
1240218	1175	5.373671	4.172597408294678	3
910704	1079	3.060459	3.466841220855713	3
907061	2158	3.808462	3.908776044845581	3
724873	1999	3.144097	3.1352715492248535	3
909905	1631	3.154707	3.440195083618164	3
924239	2149	0.38852	3.128612518310547	3
905984	1079	-0.225114	3.1010429859161377	3
753612	1635	5.730374	3.2235054969787598	3
946369	1083	2.33471	2.8340673446655273	3
1503364	1819	-5.236262	-0.12672770023345947	3
909751	2046	3.146938	1.7237739562988281	3
1298219	2359	5.370847	3.684814214706421	3
1298357	1630	4.317017	3.3663415908813477	3
910933	2439	9.853861	3.592862129211426	3
1240197	1630	5.999035	3.5058650970458984	3
1327773	1785	3.586716	2.250295639038086	3
949176	1578	5.874433	1.052768349647522	3
1299078	1060	-0.17225	1.0265144109725952	3
907795	1563	5.129507	3.8345937728881836	3
905958	1819	3.41897	-0.8110840916633606	3
907317	1014	1.325458	2.942164421081543	3
946373	1512	6.432245	2.311870574951172	3
910934	2038	4.076587	2.656187057495117	3
910903	1005	0.82011	2.3154401779174805	3
724834	1808	-0.151991	2.531928539276123	3
906763	2000	4.553948	2.446568250656128	3
909252	1936	0.919169	2.1401453018188477	3
1240217	1999	4.116354	3.1715657711029053	3
906843	1199	3.816604	3.6446993350982666	3
910548	1250	2.380677	3.5058650970458984	3
1659929	2048	-4.34053	-0.34762394428253174	3
907272	1428	3.864395	2.886051654815674	3
687457	1738	1.821568	3.0899808406829834	3
907787	1784	3.222071	2.446568250656128	3
908460	1998	7.701451	3.885826826095581	3
753589	1836	4.938202	3.0044665336608887	3
753620	1854	5.188896	3.5331876277923584	3
906824	2149	0.958886	3.5771546363830566	3
907790	1847	2.034265	3.1192047595977783	3
909728	2048	-3.963676	0.4809001386165619	3
906795	1783	6.326993	3.720305919647217	3
906696	1812	2.785125	2.512584686279297	3
910554	1085	2.155903	3.5494494438171387	3
1298215	1030	5.07184	3.895203113555908	3
910780	1912	2.223829	2.6427102088928223	3
1298358	1629	4.546998	0.11793330311775208	3
1503369	1243	1.967871	3.885826826095581	3
1240179	1034	-1.875028	2.9435014724731445	3
907275	1997	0.404303	-0.2078503668308258	3
1290769	1059	1.289383	2.8371450901031494	3
905982	1625	5.068459	3.572105884552002	3
908450	1086	1.780847	2.500032901763916	3
1290722	1627	2.264993	3.8812530040740967	3
906842	2110	3.361157	2.656187057495117	3
1298136	1812	4.697804	2.671414852142334	3
1240199	1190	6.711783	2.326024055480957	3
1240178	1036	2.622314	2.8832292556762695	3
1299052	1779	1.236772	2.781334161758423	3
907058	1827	2.03281	3.299927234649658	3
905940	1067	5.31423	-0.35826143622398376	3
907063	1084	-3.546736	1.7924883365631104	3
753575	2011	5.024778	3.821507692337036	3
687800	2499	11.748985	5.495716094970703	3
907795	1627	3.152375	3.8345937728881836	3
1480371	1820	3.252003	3.2247228622436523	3
1298531	1017	5.064569	3.895203113555908	3
687804	2174	1.27464	3.684814214706421	3
907319	1778	3.793534	3.0709075927734375	3
907171	1175	4.580505	3.7499165534973145	3
907277	1706	-0.69062	2.790337562561035	3
908120	1175	6.319565	4.164109230041504	3
906696	1866	2.634558	3.542874336242676	3
1290905	1783	6.89623	3.732858419418335	3
905974	1835	2.292167	3.299927234649658	3
909263	1838	4.009195	3.1192047595977783	3
905980	1928	6.427524	3.764240264892578	3
910935	1941	-4.316933	0.7966776490211487	3
687983	1010	3.764117	3.026200532913208	3
1240146	1931	7.465605	4.556991100311279	3
1240173	1873	0.37355	2.8371450901031494	3
1660034	1057	-0.204771	2.8371450901031494	3
1298350	2039	4.26824	3.0594706535339355	3
1299081	1845	0.262606	3.299927234649658	3
1327769	1840	0.926517	2.1185455322265625	3
907048	1007	-4.814569	0.013405803591012955	3
910935	1844	2.156425	2.1185455322265625	3
910927	1815	4.905403	3.732858419418335	3
688025	1624	-0.963523	3.5625061988830566	3
909745	1866	2.932566	3.3463401794433594	3
1290769	1080	0.090462	-0.34762394428253174	3
722066	1814	6.021747	2.531928539276123	3
905964	1919	1.232728	2.410822629928589	3
908151	1811	-3.630473	3.732858419418335	3
724834	1706	3.275218	3.951356887817383	3
753592	1810	-1.942224	2.531928539276123	3
753551	1706	2.940409	3.5625061988830566	3
910937	1021	1.139524	2.837831735610962	3
909256	1843	-0.186587	3.1126766204833984	3
753573	2106	0.019568	3.0709075927734375	3
909724	1918	2.870821	2.736325740814209	3
753533	1615	5.369582	2.6475863456726074	3
1331036	1038	1.041118	2.528927803039551	3
1330950	1067	4.543458	0.7862464785575867	3
908150	1912	3.677951	3.331998348236084	3
909907	1053	2.888257	2.629692554473877	3
909721	1913	7.202431	5.495716094970703	3
924188	1021	3.82113	2.8340673446655273	3
1298526	1507	7.263756	3.6565170288085938	3
1298347	1617	1.915242	2.490415573120117	3
925348	1835	4.03219	3.406963586807251	3
910905	1732	1.881452	3.5476584434509277	3
910932	1250	2.875592	3.675086259841919	3
1298531	1026	-0.885212	-0.7124894261360168	3
906818	1635	6.044554	3.3484063148498535	3
910927	1808	-1.069479	3.1126766204833984	3
1330973	2499	10.495638	4.600569248199463	3
925340	1622	5.232041	3.7661492824554443	3
908122	2048	-3.470203	0.013405803591012955	3
688087	2170	4.562577	2.6427102088928223	3
905969	1919	4.066338	3.0016860961914062	3
907790	1049	2.468422	3.110229015350342	3
905961	1634	3.481775	5.036396503448486	3
924188	1047	3.271378	3.7780888080596924	3
1298358	2047	-0.667061	2.7556512355804443	3
908146	1024	-2.172806	2.7407751083374023	3
910918	1061	3.428803	2.1780474185943604	3
1298359	1844	2.832472	3.1416587829589844	3
910926	1047	5.118086	4.005251407623291	3
910930	2039	2.848257	2.3838350772857666	3
687807	2096	3.540443	3.072969675064087	3
1240190	2361	5.745526	3.1243896484375	3
909721	1585	5.691404	3.0594706535339355	3
1290922	1843	0.375198	3.1126766204833984	3
1298348	1016	2.786091	3.1243896484375	3
1331034	1026	-2.505378	-1.6956522464752197	3
724839	1736	5.730872	2.8629140853881836	3
749709	1069	2.554595	3.2877583503723145	3
749716	1560	3.315268	2.629692554473877	3
906805	1829	1.871721	3.1352715492248535	3
1509074	1024	1.093775	3.334691047668457	3
946382	2110	5.263454	3.954709529876709	3
1480362	2145	0.121548	3.2247228622436523	3
1240193	1913	3.587841	4.600569248199463	3
907280	1830	2.422953	1.3650751113891602	3
909974	1582	4.23574	3.055459499359131	3
1240167	1511	-2.666221	2.2757444381713867	3
910850	1913	5.890831	5.554938793182373	3
909740	1024	0.368894	3.5494494438171387	3
908126	1854	4.039286	3.0039830207824707	3
1298134	1613	4.346487	3.6311097145080566	3
1298216	1449	5.620001	3.6565170288085938	3
906826	1933	4.083271	0.8202256560325623	3
1479995	1578	5.685646	2.326024055480957	3
1480358	2045	5.98486	3.2154407501220703	3
946356	1862	-0.8702	1.2621748447418213	3
1659929	1084	0.085479	2.8371450901031494	3
909252	1059	-0.172522	2.263026714324951	3
909740	1268	4.963771	3.954728603363037	3
1298533	1026	-0.881063	2.7850003242492676	3
925338	1463	3.189522	3.176694869995117	3
910689	1006	6.64988	3.5476584434509277	3
906834	1820	-0.860752	3.098209857940674	3
753581	1940	3.516288	3.9081428050994873	3
907295	1626	4.185515	3.5625061988830566	3
724870	1052	2.409739	2.5501933097839355	3
1240153	1911	-5.062994	3.3484063148498535	3
906855	1738	-1.052262	0.3344687521457672	3
905971	1581	2.317309	3.647001028060913	3
905963	1131	2.861206	3.9000253677368164	3
908476	1708	-0.760288	2.4162988662719727	3
1299050	1507	4.277121	2.781334161758423	3
1298359	1557	4.175419	2.409024953842163	3
924107	1013	3.468966	3.304872989654541	3
907071	2177	2.050763	3.9702296257019043	3
1240224	1046	1.25275	1.112385869026184	3
909761	1933	4.615699	0.8239141702651978	3
906830	1194	5.031447	3.505143165588379	3
906837	1080	-5.105203	-0.5146170258522034	3
909698	1804	4.887591	3.1192047595977783	3
1327769	2003	4.606491	2.1185455322265625	3
1240167	1839	4.076352	3.1416587829589844	3
905962	1839	4.586458	3.1192047595977783	3
946367	1557	4.758353	2.2564868927001953	3
1298358	1008	4.101843	2.492459774017334	3
1524419	1038	2.453664	3.961256504058838	3
907276	1922	-0.323616	3.095615863800049	3
688006	1239	2.4868	3.4835972785949707	3
1240198	1268	5.93939	4.024009704589844	3
713899	1716	4.272894	3.140571117401123	3
908130	1023	3.922428	3.2552108764648438	3
724828	1782	6.21235	3.6655185222625732	3
907055	1802	2.860558	3.5298829078674316	3
713878	1632	3.991609	2.3951363563537598	3
753575	1133	3.850293	4.607572555541992	3
687596	1016	1.901579	2.966871976852417	3
753562	1940	4.788342	3.9627373218536377	3
1303911	1917	2.164879	4.164109230041504	3
905983	1177	5.868459	3.917372941970825	3
1290730	1020	5.419465	1.5446653366088867	3
910079	1734	2.217825	3.821507692337036	3
905948	2170	3.927486	2.655745506286621	4
687590	1510	6.020522	3.5013375282287598	4
949170	2045	5.241785	2.1759791374206543	4
907062	1131	6.689296	4.717601776123047	4
907270	1855	2.303047	2.934821844100952	4
907318	1553	1.588811	2.7097227573394775	4
1297438	2172	1.230519	3.4360568523406982	4
1290798	1926	-0.213385	2.4316303730010986	4
906798	1820	1.081452	3.1131439208984375	4
905945	1004	-1.42625	-1.3838927745819092	4
907272	1843	0.416079	0.9103354215621948	4
908121	1617	3.627195	1.9585902690887451	4
909755	1826	3.309332	2.9895946979522705	4
753538	1733	2.193262	3.1667983531951904	4
753555	1373	4.956226	3.0347955226898193	4
949173	1014	4.488829	2.6900687217712402	4
907291	1925	4.563968	4.620165824890137	4
907271	1714	2.899026	3.674102544784546	4
908481	1079	4.461431	3.025665521621704	4
724834	1709	-0.368806	2.5160272121429443	4
908475	1091	-0.003714	3.4577603340148926	4
1303900	2109	1.183871	4.207280158996582	4
753612	1008	0.609362	1.2599480152130127	4
753623	1511	-0.686556	2.760331869125366	4
907311	1593	0.880114	2.4226253032684326	4
1240218	1494	-0.487771	3.156613349914551	4
909974	1783	7.029001	3.7231600284576416	4
971777	1799	5.116021	4.0499396324157715	4
911905	2359	7.955872	3.795720338821411	4
908475	2040	-0.398094	3.3220129013061523	4
910911	2171	2.984228	3.150951623916626	4
971777	1502	5.319769	4.362511157989502	4
910941	1583	2.578321	3.5236966609954834	4
1331032	2096	1.420724	2.683992624282837	4
910920	1624	3.049894	3.9170949459075928	4
1298526	1593	3.201381	3.459388017654419	4
1240209	1852	5.505988	3.3902668952941895	4
910702	1915	4.920827	3.0616159439086914	4
907314	1828	5.036225	2.700566530227661	4
905945	1083	2.946148	3.342721700668335	4
946377	2044	3.743275	2.872941732406616	4
1240160	1908	4.046677	3.385108470916748	4
687798	1180	-2.914475	2.5160272121429443	4
906844	1051	1.242883	-1.3838927745819092	4
1524418	1559	-1.538118	0.9133924841880798	4
722046	1401	0.460605	2.5160272121429443	4
1298218	1733	3.458763	3.997960329055786	4
687985	1810	0.129285	1.8452582359313965	4
713878	1003	-2.334375	1.8452582359313965	4
1331050	2156	0.455313	2.493256092071533	4
1298537	1779	1.053164	3.918010711669922	4
1299080	1913	5.29634	4.593025207519531	4
909728	1054	3.976279	2.062113046646118	4
1299081	1549	4.923523	3.0163559913635254	4
908147	1563	4.070499	2.121851682662964	4
910700	1428	6.724405	3.6532208919525146	4
908443	1804	6.843154	3.067237615585327	4
1524416	1621	5.891336	3.48917818069458	4
1295741	1930	-0.569254	3.174084424972534	4
906844	1816	3.606357	4.902135372161865	4
1331034	1799	-0.707762	1.7259180545806885	4
907071	1168	3.559164	3.046515703201294	4
946363	1512	4.827595	1.9576692581176758	4
1330982	1073	2.243131	2.493256092071533	4
687563	1913	4.189915	5.626377582550049	4
749716	1243	3.959483	3.4524590969085693	4
1240193	1072	3.019488	3.4250214099884033	4
907314	1584	2.406023	2.7539103031158447	4
907270	1578	3.011549	1.4474987983703613	4
1331033	1632	1.350662	0.40741169452667236	4
1331035	1626	0.855936	1.875302791595459	4
908139	1016	3.718787	2.637542724609375	4
924107	1372	-2.553413	2.822744846343994	4
905936	1777	4.527278	3.7082602977752686	4
909784	1913	6.177848	4.593025207519531	4
924244	1250	2.528556	3.918010711669922	4
1503361	1625	4.501334	3.987025022506714	4
1327773	1175	2.956972	2.4670979976654053	4
906813	1918	2.985385	2.757408618927002	4
907286	1012	3.023403	3.459388017654419	4
925347	1852	6.421515	3.8895394802093506	4
905941	1372	3.260629	2.9413108825683594	4
1240217	1583	2.649705	4.035937786102295	4
910935	1780	4.091871	1.7259180545806885	4
1240159	2173	3.645561	3.8130881786346436	4
998189	1873	1.556477	2.533348798751831	4
907792	1248	-3.201593	5.5325846672058105	4
909755	1014	0.715434	2.617997646331787	4
1327775	1819	-5.20219	-3.588235378265381	4
905975	1051	2.284907	-0.3904504179954529	4
1240222	1720	6.136813	2.6899750232696533	4
1524416	1908	5.534096	3.2509820461273193	4
908152	1996	4.482779	2.678553342819214	4
907787	1720	-0.719487	0.783431351184845	4
687815	1839	3.765557	3.067237615585327	4
906763	1720	1.13388	0.783431351184845	4
1240212	1013	4.149837	2.8280439376831055	4
1240158	2046	4.260742	2.452108383178711	4
753548	2177	1.209821	2.6328091621398926	4
688027	2046	4.04116	1.3772859573364258	4
905947	1820	-0.17064	3.23235821723938	4
908462	1561	3.268279	2.8410868644714355	4
910903	1997	2.46545	2.841865301132202	4
949153	1732	2.623854	2.3155128955841064	4
753562	1175	3.033408	3.7583096027374268	4
909721	1825	1.356571	3.2652366161346436	4
753551	1062	4.961004	3.5389983654022217	4
688086	1373	2.938334	2.6900687217712402	4
1299052	1940	4.990583	3.933809995651245	4
907783	1625	3.646311	2.6764206886291504	4
908118	1190	-6.277303	1.9576692581176758	4
949178	2499	9.600996	4.63679313659668	4
907270	1014	2.054409	2.934821844100952	4
1674021	1084	-1.693464	2.533348798751831	4
907269	1784	4.815162	2.3679542541503906	4
753579	1096	3.121267	-0.3904504179954529	4
753624	2109	2.605496	4.169700622558594	4
1299062	1177	5.172168	3.6707050800323486	4
910780	1085	1.949587	3.1752047538757324	4
910554	2110	5.361971	4.142942905426025	4
1240159	1783	6.623981	3.6688292026519775	4
1659818	1062	2.725273	2.4672393798828125	4
749717	1149	0.584615	1.9585902690887451	4
1298168	2000	6.435485	3.23235821723938	4
906820	1810	-2.515389	1.9576692581176758	4
909251	1919	0.341263	1.4547812938690186	4
1240217	1784	5.12398	3.359407663345337	4
949178	1013	1.771526	2.981280565261841	4
1298350	1598	4.681412	4.260012626647949	4
1240212	1048	5.021751	3.5363662242889404	4
906863	1779	0.840495	3.1667983531951904	4
909698	1720	4.731556	2.3284170627593994	4
713899	2170	1.31531	2.1271069049835205	4
687798	2107	4.8048	2.9444165229797363	4
753532	1928	3.821896	3.567639112472534	4
946360	1133	5.374557	4.796665668487549	4
910907	1049	5.746548	3.462890863418579	4
946382	1783	5.433952	3.4524590969085693	4
907788	1830	1.775987	3.4945781230926514	4
924250	1047	6.719739	4.424830436706543	4
909257	1080	-5.108935	-1.2957184314727783	4
908152	1016	3.501037	2.8410868644714355	4
905956	1089	3.495355	2.871769666671753	4
1503367	1052	5.589186	2.2798075675964355	4
906804	1529	0.814677	3.572082757949829	4
910921	2361	4.398678	2.757408618927002	4
687798	1072	5.336595	3.971829414367676	4
908120	2172	4.420817	3.6288764476776123	4
905956	1576	4.197777	4.197953224182129	4
753558	1624	3.115012	3.9170949459075928	4
1240183	2158	5.709341	3.8676233291625977	4
1330985	2003	4.352143	2.265040397644043	4
909974	1838	5.224263	3.23235821723938	4
687794	1593	-0.137991	3.4845917224884033	4
905952	1512	4.196675	0.9103354215621948	4
753600	1025	5.896211	4.260012626647949	4
753582	1051	-2.460191	-3.22637939453125	4
753584	1585	4.582842	3.2920191287994385	4
909719	1085	2.283946	3.629309892654419	4
909761	1598	3.36667	4.094106674194336	4
909744	1911	-6.808285	3.3544952869415283	4
924111	1049	2.880505	3.010918378829956	4
905961	1626	2.345288	3.8567564487457275	4
907317	2003	4.848878	3.1395630836486816	4
905976	1080	-3.013615	-0.3904504179954529	4
687816	1004	-0.659718	-0.31735628843307495	4
905952	2113	1.107961	1.8283216953277588	4
1479995	1023	4.205652	3.3150503635406494	4
910926	1511	-2.267175	2.5009219646453857	4
1331032	1268	4.410992	2.6294219493865967	4
687985	1918	1.035245	2.1271069049835205	4
1330942	1810	2.470754	0.5859037637710571	4
910934	2044	1.887746	0.8281965851783752	4
906817	1820	3.613668	3.1395630836486816	4
1240169	1783	5.991308	3.5807151794433594	4
910554	1613	4.803631	3.8865675926208496	4
687798	2038	5.240233	4.3382744789123535	4
1303900	1582	4.650196	3.2349982261657715	4
910919	1712	-5.697067	2.493256092071533	4
905937	1553	0.977987	2.533348798751831	4
713878	1785	4.312812	3.4250214099884033	4
753549	1036	2.73738	3.2315986156463623	4
930298	1003	-1.234896	2.258204460144043	4
687586	2148	1.588081	3.058750867843628	4
910905	1635	6.299626	3.6532208919525146	4
910399	1073	2.318082	3.971829414367676	4
910920	1821	3.574985	3.23235821723938	4
910931	1625	3.878852	4.138278961181641	4
1240130	1018	4.030768	4.055182456970215	4
909250	2439	9.994312	3.7231600284576416	4
909698	1053	2.845475	2.533348798751831	4
907285	1199	4.755044	4.7874627113342285	4
906813	1072	4.022653	3.938109874725342	4
1659823	1626	2.577739	3.8567564487457275	4
1290798	1786	2.048151	3.342721700668335	4
908148	1007	-5.362752	-4.371927261352539	4
949172	1632	3.030834	1.4711873531341553	4
906851	2111	6.063619	3.9108006954193115	4
1240158	1936	2.013903	3.3584325313568115	4
688086	1585	4.116312	2.7539103031158447	4
930298	1079	0.267076	2.953796148300171	4
753558	1817	-4.606639	3.48917818069458	4
907787	1621	2.817529	1.7219581604003906	4
946373	1191	-3.335207	0.7346284985542297	4
1509073	1814	6.009741	2.9870901107788086	4
688006	1932	2.843563	2.44085693359375	4
910924	2055	0.080344	2.9971930980682373	4
1330931	1050	0.916622	-3.728372812271118	4
906839	1091	2.772716	3.5013375282287598	4
924100	1714	2.774954	3.213221788406372	4
905963	1852	3.667619	3.7231600284576416	4
905956	1932	2.193666	3.1122686862945557	4
1331032	1815	5.361615	2.493256092071533	4
905991	1026	-0.614009	1.3946034908294678	4
1299064	2048	-2.354686	-0.6766636967658997	4
909252	1845	-4.011012	1.8283216953277588	4
749714	1819	3.796608	-1.3838927745819092	4
925346	1068	0.972801	2.914053201675415	4
1240122	1054	4.6951	1.9348559379577637	4
908150	2361	5.828484	2.8410868644714355	4
687802	1047	7.343731	5.108938694000244	4
909718	1563	6.071579	4.142942905426025	4
908458	1812	3.265226	2.573582410812378	4
949171	1018	4.17283	3.4529154300689697	4
905970	1578	5.055846	3.0045273303985596	4
908123	1853	1.81185	3.2349982261657715	4
753535	1630	4.798353	3.1667983531951904	4
906844	1716	3.496743	3.5126702785491943	4
687448	2043	5.818447	4.055182456970215	4
946360	1618	5.571655	5.155592441558838	4
687995	2112	1.641734	2.6672303676605225	4
1240127	1810	4.527966	2.654480218887329	4
907281	1054	1.267051	0.8702912926673889	4
1330983	1634	3.115292	3.069305896759033	4
1298134	2145	-0.947662	2.6979804039001465	4
1298169	1060	3.088142	3.2509820461273193	4
910931	1009	5.136398	3.971829414367676	4
905945	1180	-1.266592	1.8263051509857178	4
910920	1915	2.688567	2.729393720626831	4
724859	1820	0.995719	3.2652366161346436	4
907071	1038	3.187737	4.031013488769531	4
1659928	2148	0.416552	2.9895946979522705	4
724874	1911	-4.426339	3.971829414367676	4
1503367	1820	4.754988	3.1395630836486816	4
909770	1032	1.425939	2.7259902954101562	4
906871	1873	0.49682	2.409184455871582	4
910937	1997	1.240418	1.3261008262634277	4
908475	1007	-4.696667	-0.31735628843307495	4
908152	1852	4.794004	3.666588544845581	4
905984	1831	3.691193	3.010019302368164	4
1240122	1053	4.056864	2.499650716781616	4
908146	1585	3.908214	1.7219581604003906	4
1240219	2044	5.419647	3.156613349914551	4
722045	1549	1.990825	3.003225564956665	4
1524416	2047	0.701875	3.2509820461273193	4
1299050	1912	3.760847	2.499650716781616	4
1480362	1088	4.230264	3.059617757797241	4
753608	1034	-4.374217	3.3220129013061523	4
753589	1060	5.866538	3.5389983654022217	4
905935	1013	4.668469	4.013222694396973	4
1240181	2110	3.619571	3.5236966609954834	4
905967	1821	3.764968	3.2652366161346436	4
907313	1042	5.138844	6.370761394500732	4
1509073	1593	2.520294	3.48917818069458	4
1660036	1016	3.366756	2.533348798751831	4
910922	2048	-2.084607	-0.33616775274276733	4
724828	1558	6.165601	2.2878501415252686	4
908473	2039	4.379986	3.4845917224884033	4
905933	1825	-1.277246	3.228731393814087	4
722066	2000	5.404579	3.2652366161346436	4
1331045	1783	4.636498	2.493256092071533	4
905959	1463	6.638578	3.3150503635406494	4
724868	1630	2.613802	3.918010711669922	4
1659823	1003	0.764638	2.573582410812378	4
924111	1133	3.509141	4.717601776123047	4
1503363	2003	4.609896	3.1395630836486816	4
905940	1718	5.130047	2.687211275100708	4
906832	2044	2.286385	0.8281965851783752	4
1330982	1630	2.435349	1.7259180545806885	4
1240226	1838	5.090498	3.3034603595733643	4
909713	1779	1.367521	4.0499396324157715	4
906842	1068	1.016785	0.659253716468811	4
906864	1564	5.153609	2.7426013946533203	4
687804	1050	1.267195	-0.7892046570777893	4
905978	1919	2.679389	2.729393720626831	4
1330973	1941	-2.077732	1.3261008262634277	4
905970	1910	4.680573	2.9419360160827637	4
906765	1910	-0.296321	0.8443875312805176	4
1298136	1034	-3.131041	3.462890863418579	4
910948	1785	7.974272	3.4524590969085693	4
1298223	1014	2.342358	2.9413108825683594	4
909715	1054	-1.226266	0.8278698325157166	4
1240123	1004	-4.040787	-1.942995548248291	4
909746	2170	6.254087	2.533348798751831	4
909727	1632	3.721132	2.302790403366089	4
753547	1631	1.751449	3.025665521621704	4
1303901	1079	2.787152	3.025665521621704	4
909698	1200	2.464854	4.620165824890137	4
1330983	1059	0.421109	1.6882872581481934	4
907053	2172	-0.717011	2.1909544467926025	4
688018	1375	3.996642	1.8452582359313965	4
753608	1933	6.250932	1.5029873847961426	4
946359	1778	2.888282	2.4316303730010986	4
907787	1576	2.34052	2.4112095832824707	4
909721	1909	4.66527	2.9419360160827637	4
1660035	1372	-1.550075	2.617997646331787	4
1240130	1239	0.651774	3.938109874725342	4
1240161	1057	-2.794712	2.499650716781616	4
1331036	1786	0.332274	1.1519863605499268	4
910900	2043	4.989271	4.150619983673096	4
909745	1932	4.263395	3.5013375282287598	4
907062	1836	2.315201	2.9059336185455322	4
1327771	1563	4.405883	2.783674478530884	4
1298533	1058	1.33275	2.975034475326538	4
924102	1930	-0.103612	3.908376455307007	4
909263	2010	2.627691	2.9895946979522705	4
724859	1012	2.664503	3.4845917224884033	4
688023	1843	-1.965201	1.8452582359313965	4
1299050	2177	2.999436	3.7840540409088135	4
908451	1720	-0.765005	0.6928384900093079	4
907321	1510	4.233236	3.2790544033050537	4
1240204	1928	4.675983	3.567639112472534	4
1299050	1268	3.670473	3.933809995651245	4
910545	1170	4.20329	-0.18942677974700928	4
907287	1939	4.49797	2.3284170627593994	4
906746	1733	3.055676	3.6098625659942627	4
687563	1782	4.949939	3.5807151794433594	4
1327771	1042	4.577879	5.694512367248535	4
906832	1785	4.534546	2.493256092071533	4
909743	1060	3.430173	2.4341554641723633	4
906877	1086	-2.562446	0.7230214476585388	4
687802	1191	-5.51737	1.5029873847961426	4
910943	1093	5.655292	3.5013375282287598	4
906830	1061	1.405808	1.14143705368042	4
907786	1131	5.958643	5.108938694000244	4
753585	1401	1.881024	2.0167813301086426	4
907318	2170	2.841152	2.7097227573394775	4
1298537	1563	4.279853	4.3382744789123535	4
910852	1598	3.70208	4.207280158996582	4
907787	2172	-0.947181	1.9317262172698975	4
905952	1046	-0.255763	0.7230214476585388	4
910927	2010	4.308276	2.9498484134674072	4
1240130	1910	2.019614	2.841865301132202	4
925346	1079	-0.427059	3.997960329055786	4
1290730	1449	5.407524	3.7491321563720703	4
687995	1089	4.310665	1.8452582359313965	4
908483	1072	5.228941	3.4250214099884033	4
909755	1927	4.824027	3.7082602977752686	4
1240157	1732	2.607981	3.6688292026519775	4
753612	1549	5.367404	1.662688970565796	4
905939	2499	10.242153	5.5325846672058105	4
1240130	1192	1.853833	3.5045135021209717	4
909706	2177	2.494131	4.261425495147705	4
906814	1811	-2.67813	3.938109874725342	4
907291	1012	1.52979	3.1608517169952393	4
905983	2039	4.114213	3.1826870441436768	4
1480367	1091	0.776459	3.2985310554504395	4
1330995	2107	5.085853	1.244260311126709	4
1240212	1179	0.668593	1.6584224700927734	4
1290724	1940	3.19676	3.933809995651245	4
1503367	2438	10.110212	3.716737985610962	4
909748	1738	3.756765	3.2755491733551025	4
907314	1803	5.561095	2.700566530227661	4
1480371	2048	-3.030567	-1.2957184314727783	4
906696	2096	0.22959	2.7426013946533203	4
687816	1507	2.85729	3.918010711669922	4
1240201	1918	2.813142	2.975034475326538	4
949175	1170	2.8248	0.5548354983329773	4
905958	1019	2.911413	1.7952566146850586	4
925340	1911	-5.57275	3.3902668952941895	4
724868	1549	4.135324	3.003225564956665	4
907790	1718	3.299296	3.7082602977752686	4
908473	1783	6.901884	3.971829414367676	4
753618	2107	4.220249	2.1759791374206543	4
1331036	1529	-2.452851	2.493256092071533	4
909703	1832	2.674252	1.8283216953277588	4
908442	1925	5.122101	4.620165824890137	4
1240168	1038	2.980379	3.8018076419830322	4
998189	1830	3.883644	2.9895946979522705	4
753595	2177	4.124896	4.269764423370361	4
910689	1046	8.538997	1.8178400993347168	4
905970	1730	2.057425	3.4778125286102295	4
1240143	2172	2.200539	3.688896417617798	4
905945	1936	2.23497	3.342721700668335	4
1290724	1428	5.876093	3.4033749103546143	4
688013	2361	4.859799	2.1271069049835205	4
753605	1940	3.374642	3.621920585632324	4
735784	1631	3.990049	3.599485158920288	4
1240199	1563	8.697053	4.0951972007751465	4
687457	1025	5.693827	4.022722244262695	4
908480	1051	-1.241711	-3.22637939453125	4
908472	1083	4.14048	3.3220129013061523	4
687985	2361	3.64602	2.1271069049835205	4
910900	1918	4.26985	2.9444165229797363	4
909727	1941	0.903329	2.841865301132202	4
906804	1563	5.865427	4.058929920196533	4
753531	1614	4.764987	3.1667983531951904	4
910704	1020	4.965087	0.7904373407363892	4
906833	1557	3.814415	1.8806970119476318	4
908125	1632	3.729195	2.302790403366089	4
906843	1613	2.89517	3.5363662242889404	4
1240159	1831	4.774549	3.359407663345337	4
910930	1720	-0.116779	0.659253716468811	4
687819	1918	3.426696	2.9444165229797363	4
753596	1630	3.477642	4.0499396324157715	4
687995	1739	1.776494	3.025665521621704	4
1503368	1585	4.393118	3.3053908348083496	4
1327771	1047	3.743464	3.4459002017974854	4
906833	1036	3.83768	3.2459793090820312	4
687819	2010	6.185576	3.2652366161346436	4
1298157	1622	4.805942	4.207280158996582	4
910700	1585	5.685065	3.1608517169952393	4
905947	1821	3.102377	3.23235821723938	4
905961	2148	1.182667	2.9895946979522705	4
908458	1853	3.822939	3.1608517169952393	4
946372	1046	0.429029	1.872542381286621	4
753546	1046	2.785372	2.302790403366089	4
909761	1576	3.02516	4.094106674194336	4
1327766	1925	4.573353	3.2823612689971924	4
1240212	1826	2.010352	2.6979804039001465	4
687816	1838	5.436831	3.2652366161346436	4
925347	1085	4.126795	3.997960329055786	4
906821	1058	1.061025	2.975034475326538	4
906696	1449	5.163818	3.7821781635284424	4
946382	1624	3.869021	3.6288764476776123	4
907277	1038	1.181388	2.420258045196533	4
946355	1819	-1.28701	-0.6766636967658997	4
1240173	1093	4.430754	3.2755491733551025	4
907320	1059	-0.238892	2.7097227573394775	4
905933	1933	4.219546	1.3946034908294678	4
1298169	1802	4.280335	3.7231600284576416	4
910546	1200	3.28729	4.7874627113342285	4
1240160	1016	0.757599	2.9873926639556885	4
1503368	1581	3.881167	3.987025022506714	4
1303897	1249	5.274328	2.493256092071533	4
908151	1852	4.783049	3.4524590969085693	4
905978	1779	1.290918	3.706996202468872	4
753561	2107	4.083039	2.499650716781616	4
1330972	1631	3.309456	3.025665521621704	4
906871	1866	2.495251	3.0579674243927	4
687448	1199	4.284389	4.362511157989502	4
910930	2045	2.897909	1.244260311126709	4
998184	2145	-1.83187	1.8283216953277588	4
907065	1873	0.482803	2.7993829250335693	4
1330993	1072	5.288692	3.84454607963562	4
924238	1560	1.762939	2.8046975135803223	4
1503371	1916	2.316366	3.599485158920288	4
905951	1192	1.015417	3.0618491172790527	4
906693	1069	3.305337	3.4603469371795654	4
753564	1909	1.572077	1.3261008262634277	4
687590	1783	5.329025	3.5807151794433594	4
1290455	2040	0.863361	1.2616240978240967	4
907278	1718	3.052315	2.2356555461883545	4
946353	1847	4.058183	3.1395630836486816	4
753562	1804	2.392794	2.9059336185455322	4
910689	1018	6.793649	3.8865675926208496	4
1331032	1916	2.154255	1.7259180545806885	4
925348	1085	3.823536	3.997960329055786	4
753592	1004	-3.313495	-0.31735628843307495	4
906868	1149	1.114839	1.872638463973999	4
1298359	2057	6.677824	3.1395630836486816	4
1659823	1618	3.386664	5.5325846672058105	4
753565	1022	0.762269	1.3772859573364258	4
949094	1013	4.263985	3.8030261993408203	4
909194	2109	2.572371	3.621920585632324	4
724839	1804	8.006408	2.6979804039001465	4
907300	1067	4.52521	0.8278698325157166	4
1298362	1025	5.354019	3.933809995651245	4
905944	1038	4.901567	4.150619983673096	4
749710	1441	2.230683	2.4316303730010986	4
906765	2010	1.393835	2.3226685523986816	4
907058	1779	1.368615	4.0499396324157715	4
1331050	1051	3.300221	-3.7979912757873535	4
1240200	1239	3.449502	3.795720338821411	4
687983	1931	5.762963	4.247089862823486	4
910710	1786	1.999181	1.4520153999328613	4
753584	1190	-1.02764	2.5009219646453857	4
905936	1922	1.986426	3.0184011459350586	4
687800	1200	3.715855	4.577112197875977	4
906830	1594	2.474967	2.757408618927002	4
905960	1050	3.265635	-1.3838927745819092	4
908475	2043	5.891365	4.150619983673096	4
910687	1052	1.347658	0.7230214476585388	4
909770	1049	3.144963	3.099888324737549	4
908146	1014	0.810051	2.4341554641723633	4
910710	1732	3.612662	3.1946165561676025	4
722066	1175	4.286705	4.150619983673096	4
1327765	1922	1.689283	1.1519863605499268	4
1331033	1494	-4.751303	0.8281965851783752	4
908152	1635	5.714254	3.666588544845581	4
906828	1709	-2.258386	2.2870748043060303	4
713899	1593	1.548876	2.7018001079559326	4
753535	1578	5.544822	2.644202709197998	4
906871	2359	4.867056	3.4060721397399902	4
1330983	1808	-1.385501	0.5859037637710571	4
910548	1249	4.685474	3.795720338821411	4
907051	1372	2.70213	3.735478639602661	4
910546	1736	0.918481	3.112635850906372	4
907795	1022	0.694971	1.8178400993347168	4
753564	1129	3.034282	2.1271069049835205	4
753600	1932	5.362055	3.4577603340148926	4
1327771	1049	2.505726	1.4520153999328613	4
907295	2177	1.11706	3.5204875469207764	4
924244	1043	5.978529	6.141581058502197	4
1503365	1029	7.643525	3.155921697616577	4
906875	1917	-0.100433	3.4529154300689697	4
910687	1010	2.887779	1.4547812938690186	4
906826	1006	2.766456	3.4524590969085693	4
688011	1712	-2.189111	3.4250214099884033	4
906837	1079	-2.305205	3.1667983531951904	4
909750	1932	2.794069	3.6594560146331787	4
687816	1068	2.427953	2.9419360160827637	4
1479988	2159	3.631679	4.0951972007751465	4
687815	1778	2.113429	2.5687410831451416	4
1327766	1924	4.437819	1.532726526260376	4
753584	1030	4.788011	3.9166688919067383	4
687586	2149	1.654987	3.9061851501464844	4
687506	1709	-1.74854	1.6584224700927734	4
1524417	1062	3.073983	3.2509820461273193	4
909784	1733	3.648554	4.0499396324157715	4
1240220	1083	4.129417	3.5181219577789307	4
1303900	1804	-0.373029	2.9498484134674072	4
905982	1014	3.54369	3.2315986156463623	4
687562	1614	2.116475	3.6098625659942627	4
949176	1052	2.18337	1.4711873531341553	4
908455	1919	0.465008	2.7259902954101562	4
1240146	1372	2.246463	3.2326881885528564	4
905939	1558	2.203907	2.5620033740997314	4
1503367	1620	4.916776	3.987025022506714	4
1290798	1449	5.871732	3.5126702785491943	4
905948	1941	-2.189647	2.3108909130096436	4
909260	1712	-3.953696	2.3155128955841064	4
949154	1853	3.061268	2.747363328933716	4
907287	1808	1.666402	2.573582410812378	4
1330983	1732	3.618535	2.761914014816284	4
1503361	1940	3.506842	3.985328435897827	4
724839	2172	5.207849	3.199157476425171	4
687448	1809	2.564148	2.871769666671753	4
906842	1940	3.28715	2.6294219493865967	4
1331034	1038	1.263096	2.4670979976654053	4
753585	1629	5.181417	0.9133924841880798	4
1240181	1560	1.651418	2.1759791374206543	4
1524419	1928	5.02296	3.9170949459075928	4
906875	2145	-1.021335	2.700566530227661	4
1240190	1852	6.066869	3.971829414367676	4
1303911	1631	2.928659	3.5126702785491943	4
908460	1057	2.249699	2.9444165229797363	4
688025	1179	-0.009716	1.3772859573364258	4
1524418	1036	3.509597	3.2509820461273193	4
753558	2110	3.801766	4.417837142944336	4
1480364	1239	4.146443	3.795720338821411	4
905956	1564	1.366215	1.14143705368042	4
909709	1815	4.849154	3.4033749103546143	4
1330941	1051	3.377837	-1.3838927745819092	4
724828	1048	3.67802	3.4529154300689697	4
905970	1613	6.431898	4.150619983673096	4
909744	1133	3.957436	4.498576641082764	4
910903	1708	-1.943745	2.302790403366089	4
753605	2174	1.66988	3.4250214099884033	4
910944	2362	3.269372	1.197744369506836	4
1240153	1918	3.023609	2.757408618927002	4
909736	1811	-2.781468	3.6688292026519775	4
1303900	2149	2.592583	4.142973899841309	4
1299078	1046	3.944149	2.302790403366089	4
908458	2156	3.519579	3.6532208919525146	4
905975	2055	2.001291	3.3034603595733643	4
949088	1007	-5.659983	-3.7979912757873535	4
908135	1133	3.013523	4.099785327911377	4
1247873	1582	5.540975	3.4845917224884033	4
906826	1918	4.929339	2.4316303730010986	4
905976	2106	2.637234	2.757408618927002	4
1240204	1079	-0.13395	3.1667983531951904	4
907789	1862	-2.385518	-0.12098675966262817	4
905957	1553	0.846097	2.4316303730010986	4
1674021	1250	2.187196	3.7082602977752686	4
753545	1083	1.609971	3.3096630573272705	4
909746	2040	1.322467	3.0184011459350586	4
1503363	2002	3.511556	3.1395630836486816	4
713885	1249	2.086664	3.4250214099884033	4
908448	2149	-0.128104	2.6328091621398926	4
687506	1629	4.035359	0.6910004615783691	4
1299064	1168	0.051205	2.6990511417388916	4
688013	1916	1.920198	3.025665521621704	4
908460	2037	7.100179	4.3382744789123535	4
906877	1594	0.382954	1.197744369506836	4
907789	1996	1.787901	0.783431351184845	4
1480371	1018	5.844969	3.961496114730835	4
908151	1712	-4.44385	3.4524590969085693	4
905971	1996	2.518618	2.3284170627593994	4
908472	1190	5.490125	3.0045273303985596	4
753556	1086	-0.646952	2.062113046646118	4
1240224	1016	4.963196	2.655745506286621	4
753561	2110	3.147902	3.7840540409088135	4
1297447	1803	6.049535	2.3226685523986816	4
1330991	1019	1.854465	2.2356555461883545	4
749709	2048	-4.083444	-1.3838927745819092	4
753558	1855	6.150858	3.2509820461273193	4
1240160	1916	4.841232	3.629309892654419	4
909975	1733	1.764397	3.5257794857025146	4
724872	1918	4.367641	2.1271069049835205	4
687459	1811	-1.034165	3.804440975189209	4
1240185	1925	5.186073	4.577112197875977	4
910546	1912	3.439819	2.975034475326538	4
906868	1069	4.120952	3.0579674243927	4
1503366	1175	5.148944	3.9681038856506348	4
908118	1615	4.592576	2.1759791374206543	4
688027	1011	-1.398114	1.3261008262634277	4
946356	1018	6.436306	3.9681038856506348	4
910927	1250	0.322818	3.5126702785491943	4
909905	2039	4.097428	3.1826870441436768	4
753579	1930	0.682593	4.055182456970215	4
908465	1016	0.825937	2.9444165229797363	4
905991	1714	3.793844	3.1308605670928955	4
1524419	2040	1.133559	3.5181219577789307	4
910861	1036	3.788437	2.683992624282837	4
1330960	1192	0.70803	1.7422237396240234	4
906763	1248	-6.195824	2.6482036113739014	4
949174	2113	3.029967	2.700566530227661	4
907065	1836	3.016331	3.1131439208984375	4
905941	1560	4.839755	2.5687410831451416	4
1297447	2360	4.515016	1.532726526260376	4
687800	1843	1.920338	3.0045273303985596	4
1480374	1053	2.801409	2.8625996112823486	4
907318	1932	2.306069	3.2790544033050537	4
907169	1999	2.854562	3.3034603595733643	4
906814	1940	3.076196	4.197953224182129	4
907319	2046	1.966367	2.2798075675964355	4
946359	1799	1.228884	3.5126702785491943	4
909738	1021	4.151371	3.3584325313568115	4
910548	1239	3.255266	3.795720338821411	4
687777	1083	2.972961	3.3220129013061523	4
906870	2360	5.13889	1.6882872581481934	4
910899	2107	4.240086	2.1271069049835205	4
946372	1853	1.803544	3.1826870441436768	4
1240189	1248	-6.311937	4.598667621612549	4
687459	1131	6.281047	4.808645725250244	4
907280	1023	2.144368	1.2616240978240967	4
907061	2498	7.752901	5.547497749328613	4
1240121	2011	4.320708	3.4033749103546143	4
1240201	1931	6.005827	5.198552131652832	4
946359	2149	2.526639	4.142973899841309	4
946370	1613	5.416585	3.8018076419830322	4
753575	1733	3.350348	3.599485158920288	4
749711	1529	2.672691	3.4524590969085693	4
1240219	1512	5.98911	3.156613349914551	4
1240198	1583	2.428363	4.0951972007751465	4
905963	1200	4.281295	5.051743984222412	4
1240146	1053	3.569282	2.9444165229797363	4
949178	1093	2.826446	2.359595537185669	4
1240189	1911	-5.126558	3.4250214099884033	4
713899	1581	3.366913	3.4360568523406982	4
909749	1928	4.498911	4.014430522918701	4
907053	1085	1.859968	2.2356555461883545	4
1295741	2109	1.351101	3.1473398208618164	4
907272	1033	4.18261	2.3155128955841064	4
724878	1930	2.990436	4.150619983673096	4
1299059	1560	4.945631	2.499650716781616	4
907170	1847	1.742121	2.700566530227661	4
1674021	1808	-0.075052	2.573582410812378	4
907311	1512	4.091101	1.0750892162322998	4
1240204	1912	0.784685	2.499650716781616	4
1290722	1463	3.204773	3.2562968730926514	4
1524418	1594	3.148494	2.655745506286621	4
910399	1047	4.748822	5.108938694000244	4
907791	1021	3.446022	1.49824857711792	4
910399	1007	-5.957045	-0.31735628843307495	4
905944	1928	5.369049	4.138278961181641	4
1247871	1827	-0.149482	1.8283216953277588	4
907788	2046	2.900464	2.7844178676605225	4
1330995	1049	4.680125	1.1519863605499268	4
713869	1873	2.101985	2.9444165229797363	4
906808	2039	1.951099	2.7018001079559326	4
907065	1615	6.288334	2.7993829250335693	4
906801	1926	0.277822	2.4316303730010986	4
753622	1625	4.402271	3.987025022506714	4
909253	1594	1.005495	1.6882872581481934	4
1290722	1629	5.877938	1.3004271984100342	4
910930	1909	1.245505	0.659253716468811	4
906832	2110	5.253655	2.19840407371521	4
1240209	1838	3.684154	2.9971930980682373	4
910916	1038	3.634592	3.7583096027374268	4
909778	1933	5.668779	0.7904373407363892	4
753610	1005	1.062144	1.8452582359313965	4
910694	1594	2.926414	2.5808138847351074	4
905976	1635	5.658167	3.938109874725342	4
905975	2040	0.501382	3.3096630573272705	4
908460	1733	4.733239	3.918010711669922	4
753555	1998	5.284047	3.716737985610962	4
1240190	1855	4.469556	3.2326881885528564	4
905969	1866	2.398521	3.3574345111846924	4
1330964	2010	5.427877	2.6672303676605225	4
910079	1922	1.69985	3.155921697616577	4
907280	1024	-1.339305	2.2356555461883545	4
906801	1375	6.502104	2.8907833099365234	4
687815	1812	3.970719	2.6767337322235107	4
749714	2045	5.742763	2.4316303730010986	4
949094	1830	3.065783	3.058750867843628	4
1240206	1024	-0.535393	3.1667983531951904	4
908120	1036	5.437101	3.8169400691986084	4
1330983	1024	-1.888343	2.2356555461883545	4
724834	1615	5.640031	2.9444165229797363	4
905967	2047	1.189215	3.2326881885528564	4
910548	1624	5.355923	3.8556668758392334	4
1240145	1593	2.294233	3.4845917224884033	4
909738	1622	4.235892	4.082611560821533	4
687448	1024	0.786568	4.0499396324157715	4
1298151	1931	6.093927	4.894528865814209	4
910853	1806	5.969963	2.871769666671753	4
908449	1908	6.771716	3.674102544784546	4
907787	1817	-6.634927	1.7219581604003906	4
687592	1558	2.621711	2.6419172286987305	4
687505	1629	2.896679	0.6910004615783691	4
908124	1039	4.01086	4.0499396324157715	4
1247871	1928	3.374205	1.9317262172698975	4
688021	1804	7.312556	2.6672303676605225	4
909743	1716	5.151229	1.7952566146850586	4
910549	1624	2.331756	3.987025022506714	4
1240154	1631	2.986782	3.7821781635284424	4
910569	1739	4.822139	3.7082602977752686	4
1322224	1016	0.567342	2.637542724609375	4
1240129	1057	0.766588	2.8625996112823486	4
908452	1853	2.076409	3.1505625247955322	4
1240153	2361	5.125373	2.757408618927002	4
1503364	1917	1.265469	3.7432165145874023	4
924241	1560	2.927216	2.1271069049835205	4
1240168	1086	-1.908617	1.872542381286621	4
1290769	1079	2.777156	3.7082602977752686	4
713885	1170	4.007696	0.3758968710899353	4
753575	1054	5.982811	2.2798075675964355	4
905963	1559	-2.115216	0.9133924841880798	4
1303900	2177	2.33277	4.142973899841309	4
909757	2361	5.475298	2.533348798751831	4
910947	1931	3.592549	3.0440337657928467	4
949094	1839	4.65342	3.058750867843628	4
909704	1191	-5.490802	1.281203031539917	4
910689	1072	5.712732	3.6532208919525146	4
908146	1776	2.432852	1.7422237396240234	4
907066	1019	2.681667	3.7491321563720703	4
910852	1840	2.28626	2.9498484134674072	4
688011	1730	2.349913	2.693105936050415	4
687592	1011	3.823196	2.153860569000244	4
907790	1624	2.795592	3.8567564487457275	4
998189	2011	3.82003	3.6532208919525146	4
906807	1237	3.507735	2.19840407371521	4
905949	2439	9.41733	3.971829414367676	4
1331033	1561	0.447549	1.244260311126709	4
753554	1250	4.037191	3.622213125228882	4
1298350	1586	4.714231	3.4845917224884033	4
909773	1033	3.624538	2.493256092071533	4
910920	2044	4.853544	2.9870901107788086	4
909715	1918	2.60268	1.6882872581481934	4
946368	1832	3.134227	3.058750867843628	4
905986	1814	6.636792	2.872941732406616	4
905969	1739	4.454792	3.883882999420166	4
907046	1014	1.609281	3.8169400691986084	4
724825	1712	-4.712276	3.0459694862365723	4
946382	1593	1.978989	3.2349982261657715	4
910931	1926	-0.88878	2.9444165229797363	4
910927	1996	3.294309	1.9585902690887451	4
1503366	1916	2.831512	3.599485158920288	4
909745	1582	5.467494	3.1826870441436768	4
906826	1784	7.329709	2.9498484134674072	4
925347	2002	6.618109	3.3413097858428955	4
713899	1917	2.665085	3.6707050800323486	4
949154	1026	-1.627264	0.6910004615783691	4
753596	1997	4.276105	2.841865301132202	4
906868	1933	5.642246	0.7346284985542297	4
907274	1373	1.704074	2.683992624282837	4
1503362	1908	2.08742	3.0347955226898193	4
1298222	1043	5.37459	6.148854732513428	4
910952	1828	4.553431	3.23235821723938	4
753559	1083	2.289569	3.155921697616577	4
1503370	1047	2.978504	5.108938694000244	4
910851	1873	1.085422	2.725740909576416	4
924244	2109	2.395796	4.260012626647949	4
924238	1733	2.521787	3.7821781635284424	4
909260	1560	2.434959	1.197744369506836	4
908458	1720	3.730267	2.3284170627593994	4
1240167	1849	-1.346941	2.6051480770111084	4
909252	2039	3.404276	1.7219581604003906	4
946382	1803	2.107157	2.9498484134674072	4
910554	1852	5.359739	3.6532208919525146	4
906813	1631	3.460614	4.0499396324157715	4
908130	1716	5.498574	3.3890492916107178	4
1330931	1712	-5.112218	3.1946165561676025	4
724825	1583	2.192366	2.9279723167419434	4
1240154	1932	4.46407	3.2874743938446045	4
906868	1718	5.032642	3.251267194747925	4
1240169	1043	4.629766	6.370761394500732	4
753563	2000	3.103884	2.3226685523986816	4
924241	1243	2.809363	3.4250214099884033	4
905982	1873	1.967495	2.5808138847351074	4
930297	1057	-2.091371	2.256009340286255	4
905935	2044	5.086106	3.440822124481201	4
749717	1847	5.064174	2.9498484134674072	4
1330960	1997	3.34161	0.783431351184845	4
908122	1175	4.570283	3.9108006954193115	4
688021	1032	2.482261	2.3373751640319824	4
907271	2173	3.354352	3.661964178085327	4
1298169	1829	2.574753	3.23235821723938	4
906805	1933	5.201398	1.5029873847961426	4
1327771	1553	2.710925	1.7742090225219727	4
971777	1133	2.5259	4.702743053436279	4
687459	1912	3.703392	2.7993829250335693	4
910704	2106	-0.246203	2.4316303730010986	4
906862	1706	-1.354151	3.6288764476776123	4
930301	1924	3.514312	2.757408618927002	4
905946	1511	0.011686	2.8907833099365234	4
906870	1615	2.454442	1.6882872581481934	4
908469	2111	2.436158	3.6707050800323486	4
907282	1854	5.2245	3.9481465816497803	4
687997	1621	6.147766	2.7018001079559326	4
906842	1852	3.364134	2.493256092071533	4
1659817	2175	2.612783	3.1473398208618164	4
906693	1716	5.510228	3.997960329055786	4
687983	2110	5.69725	3.5204875469207764	4
907792	1912	3.74765	2.533348798751831	4
909718	1776	3.753703	3.144913911819458	4
924187	1012	2.359697	3.112706184387207	4
908461	1005	4.13075	2.8183605670928955	4
905983	1007	-5.305153	-1.8828163146972656	4
909736	1922	1.85463	3.3584325313568115	4
1290769	2055	1.100799	2.9895946979522705	4
907055	1828	3.358813	2.9971930980682373	4
909784	1463	4.740081	3.3096630573272705	4
1503368	1840	4.268343	3.1395630836486816	4
1330995	1618	3.857133	2.9750640392303467	4
905979	1866	4.158663	3.3770225048065186	4
906792	1576	2.348872	4.197953224182129	4
924107	1617	4.100539	1.7240710258483887	4
909712	1083	2.886287	3.190483808517456	4
924188	1634	6.301711	5.410351276397705	4
1240196	1582	4.633828	3.0872111320495605	4
946358	1088	0.31152	0.9103354215621948	4
908135	1073	1.48181	3.437267780303955	4
949172	1024	-0.82684	3.1752047538757324	4
910698	1844	2.966416	3.23235821723938	4
909905	1036	3.920949	3.2315986156463623	4
906868	1618	5.062763	5.410351276397705	4
753555	1713	2.252428	3.0347955226898193	4
1330950	2499	9.945247	3.0866458415985107	4
910851	1248	-4.616285	4.519102573394775	4
908124	1916	1.790017	4.0499396324157715	4
908461	1714	2.107538	3.0603249073028564	4
1240170	2499	9.895347	5.626377582550049	4
753559	1627	2.318259	3.9782726764678955	4
1330995	1782	4.331475	2.493256092071533	4
753554	1811	-1.6012	3.620103120803833	4
907788	1054	1.474752	2.7844178676605225	4
998184	1912	-2.398664	1.197744369506836	4
908451	1622	4.002354	2.8858964443206787	4
1327765	1047	3.771659	2.754753589630127	4
909974	1004	-2.022709	-0.33616775274276733	4
946356	1829	1.553616	3.1395630836486816	4
910549	1010	2.443801	2.6990511417388916	4
905972	1073	5.448408	3.971829414367676	4
1509073	1096	1.498819	-0.33616775274276733	4
908447	2057	5.159399	2.700566530227661	4
910700	1635	6.689684	3.6532208919525146	4
687820	1931	7.572684	5.108938694000244	4
1331048	2038	2.276759	2.19840407371521	4
688086	2170	3.588951	2.1759791374206543	4
908461	1706	0.390745	3.485671043395996	4
1240218	1847	7.59779	3.3413097858428955	4
910692	1593	1.956125	2.7018001079559326	4
905991	1626	1.167175	3.8556668758392334	4
907058	1930	0.173484	4.055182456970215	4
924241	1839	2.461337	2.6672303676605225	4
1240199	2157	7.880789	4.0951972007751465	4
753594	1149	1.834261	1.3261008262634277	4
905941	1259	6.252677	3.8088181018829346	4
908443	1559	-0.38888	1.0103025436401367	4
909753	1799	6.940241	3.883882999420166	4
907295	1584	1.2486	2.7018001079559326	4
1298223	2038	4.676924	3.8676233291625977	4
906814	1058	0.451006	2.757408618927002	4
1240220	1854	4.662652	4.343428611755371	4
1659818	1239	1.712215	3.0459694862365723	4
930297	1073	3.675784	3.206416130065918	4
753556	2106	0.323663	2.5687410831451416	4
910704	1716	4.353847	3.5126702785491943	4
910694	2154	2.952029	3.9061851501464844	4
906791	1038	3.682233	4.150619983673096	4
1330947	1011	-1.815644	0.6928384900093079	4
909751	2360	5.666674	2.533348798751831	4
1240223	1428	6.971389	3.7236549854278564	4
1298156	1635	4.847495	3.4033749103546143	4
906817	1634	5.017158	5.657320022583008	4
687505	1849	-0.240843	1.7240710258483887	4
905934	2057	4.813501	3.4945781230926514	4
908452	1072	5.773401	3.4060721397399902	4
1303901	1046	1.094869	1.3772859573364258	4
910930	1049	2.376044	1.1519863605499268	4
687983	1006	2.964198	3.4250214099884033	4
1503362	1586	4.240373	3.3053908348083496	4
909745	1560	4.824924	2.5808138847351074	4
907277	1716	3.838384	1.7952566146850586	4
753556	1845	3.103635	3.067237615585327	4
909745	1941	-4.474996	2.153860569000244	4
908468	1018	5.430376	3.6707050800323486	4
1479987	1494	-3.135278	3.059617757797241	4
1240160	1060	2.152069	3.385108470916748	4
910933	1250	2.313748	3.6098625659942627	4
753594	1191	-3.618684	0.3758968710899353	4
909745	1062	5.504957	3.2315986156463623	4
907270	1833	2.639636	2.3679542541503906	4
907320	2154	2.888774	3.9782726764678955	4
910922	1924	4.875985	2.655745506286621	4
910927	1810	-2.422375	2.8907833099365234	4
1298168	2361	6.003502	2.655745506286621	4
724828	2149	2.369606	3.5236966609954834	4
1298529	1378	3.824994	2.644202709197998	4
907269	1017	2.226609	3.1451780796051025	4
688011	1844	2.756153	2.6672303676605225	4
906798	1932	3.792677	3.142500638961792	4
1659819	1918	1.471741	1.244260311126709	4
909248	1825	-1.121282	2.7923409938812256	4
1240185	1036	5.901844	3.2326881885528564	4
1660036	1918	1.556651	2.533348798751831	4
1240146	1561	1.634587	2.9444165229797363	4
1295740	1780	3.808064	1.7952566146850586	4
908455	1060	0.893113	3.0603249073028564	4
1330991	2177	1.963864	2.6328091621398926	4
753624	1852	6.005358	3.8895394802093506	4
908483	1776	3.171775	2.693105936050415	4
949171	1926	-0.50744	2.1759791374206543	4
905990	1941	-6.057904	2.6899750232696533	4
687787	1237	4.973417	3.8676233291625977	4
909263	1632	3.461492	1.8178400993347168	4
910781	1580	3.954507	3.5461390018463135	4
906864	1614	5.233633	3.7821781635284424	4
909712	1510	5.11828	3.5013375282287598	4
753576	1004	-1.875893	-0.6766636967658997	4
1240162	1784	6.665889	2.9059336185455322	4
1240167	1073	3.13916	3.716737985610962	4
905958	1038	3.582574	2.420258045196533	4
907300	1449	4.407456	2.2356555461883545	4
910926	2048	-4.852468	-2.7491614818573	4
905946	1034	-1.441453	3.342721700668335	4
753534	1507	5.396047	3.5257794857025146	4
753610	1830	2.754244	2.6672303676605225	4
905989	2047	1.27971	2.617997646331787	4
909712	1549	3.639965	2.6419172286987305	4
907319	1375	6.979814	2.760331869125366	4
946366	1908	2.242983	3.2315986156463623	4
724825	1918	0.552282	1.532726526260376	4
906844	1916	3.145371	3.5126702785491943	4
1327769	1175	3.273924	2.4670979976654053	4
907169	1908	1.941157	1.14143705368042	4
713869	1598	3.890055	4.260012626647949	4
908443	1084	-4.075088	2.5687410831451416	4
1240196	1803	4.999431	2.9059336185455322	4
1327768	1048	3.385223	2.4670979976654053	4
1290798	1586	4.289829	3.2349982261657715	4
1322213	1179	0.043732	2.2329084873199463	4
1303911	1023	4.157108	3.342721700668335	4
905950	2145	0.098805	3.23235821723938	4
1331038	1819	2.395433	-3.7979912757873535	4
908124	1799	2.85851	4.0499396324157715	4
1240178	1250	0.792296	3.7821781635284424	4
908129	1913	5.046006	5.314978122711182	4
1330950	1249	1.446918	3.0459694862365723	4
908463	1510	4.996929	3.4577603340148926	4
909755	1249	4.625146	3.6532208919525146	4
713885	2043	5.55269	3.6707050800323486	4
688087	1511	0.890363	1.9576692581176758	4
1330947	2145	-1.788675	2.265040397644043	4
1659823	1839	4.396658	2.9895946979522705	4
1298352	1911	-0.136131	3.572082757949829	4
910927	1933	2.499764	0.7904373407363892	4
1299078	1190	-1.040668	2.871769666671753	4
753612	1829	0.512504	2.3226685523986816	4
909737	1018	5.963178	4.031013488769531	4
905946	1059	-0.780754	2.4316303730010986	4
753605	1913	4.373806	4.598667621612549	4
906798	1061	4.728374	3.302882432937622	4
908470	1199	5.887268	4.435873031616211	4
906826	1042	7.995547	6.454281330108643	4
908472	1073	7.161526	3.971829414367676	4
909702	1013	1.744027	1.3385570049285889	4
910702	1803	9.794339	3.3413097858428955	4
905954	1073	4.448033	3.938109874725342	4
687777	2171	3.786729	3.4577603340148926	4
1240226	1047	3.282452	4.702743053436279	4
909781	1023	5.033595	3.5181219577789307	4
753540	1862	-0.209282	1.312483549118042	4
687563	1025	3.655612	3.8921892642974854	4
1240226	1582	4.380319	3.3057429790496826	4
910569	1931	3.876525	4.897191047668457	4
687798	1617	2.912758	2.9419360160827637	4
908130	1908	4.454861	3.735478639602661	4
909256	2360	4.653731	2.4316303730010986	4
1524419	1054	3.387122	2.0167813301086426	4
910935	1996	1.855067	0.659253716468811	4
909737	1620	4.653379	3.8130881786346436	4
1298146	1030	6.181448	4.031013488769531	4
907048	1022	-1.509089	1.8263051509857178	4
906870	1061	3.697329	1.9200646877288818	4
1503365	1062	1.971692	3.0347955226898193	4
907795	2110	4.440431	4.142942905426025	4
753558	1079	-1.449588	3.706996202468872	4
908122	2171	4.026896	3.7070729732513428	4
908463	1378	6.029033	3.0045273303985596	4
906828	1032	2.117462	2.9240562915802	4
724872	1586	4.032254	2.7018001079559326	4
910937	1067	4.755409	1.3772859573364258	4
924108	1941	-3.02514	2.3284170627593994	4
910554	1847	2.952688	2.9895946979522705	4
910930	1734	-1.177906	2.493256092071533	4
1295741	1614	1.003516	2.645235538482666	4
909745	1782	6.38401	3.5807151794433594	4
1298533	2171	0.628353	3.5716121196746826	4
713880	1918	2.217209	2.1271069049835205	4
1480364	1804	6.352541	3.228731393814087	4
1327768	1932	3.277766	1.543259620666504	4
910399	1927	4.958244	3.918010711669922	4
905976	1033	4.894441	3.938109874725342	4
1247873	1852	6.478766	3.971829414367676	4
1297447	1441	1.703641	1.532726526260376	4
753558	1862	-0.530964	0.9133924841880798	4
909250	1849	1.35478	2.3108909130096436	4
908449	1200	6.341178	4.784048557281494	4
1480362	2154	3.727987	4.0951972007751465	4
1240153	1012	1.421025	3.3057429790496826	4
907799	1936	1.718872	1.1519863605499268	4
905938	1594	3.708181	1.6882872581481934	4
1247871	1940	3.664354	2.4112095832824707	4
687802	1058	2.071632	2.9444165229797363	4
909704	1560	2.488737	2.7993829250335693	4
1240197	1712	0.922047	3.795720338821411	4
910948	1010	5.129909	2.519641876220703	4
688021	1779	-0.351793	3.025665521621704	4
909726	1916	4.347495	4.0499396324157715	4
1330985	1199	2.035188	2.6656031608581543	4
687802	1852	6.063797	3.971829414367676	4
905939	1809	0.82871	2.573582410812378	4
909728	1068	0.324708	2.270242214202881	4
724839	1168	2.866877	2.2687807083129883	4
909778	1011	2.411072	1.9585902690887451	4
1327771	1007	-5.936077	-3.728372812271118	4
1240217	2046	2.641737	2.452108383178711	4
1240172	1634	4.433648	5.386874198913574	4
925348	1014	1.277547	3.112635850906372	4
1303900	1199	3.381802	4.902135372161865	4
917486	1034	-1.168589	3.0184011459350586	4
753572	1006	1.183084	3.8895394802093506	4
1674021	1047	5.806787	4.897191047668457	4
1290806	1558	3.090358	2.7259902954101562	4
908480	1084	-1.408002	2.1271069049835205	4
1298538	1786	2.189481	2.9625892639160156	4
1331032	1091	2.332935	1.543259620666504	4
1303901	2172	1.604811	3.4360568523406982	4
909253	1018	4.507223	2.9159953594207764	4
907269	1927	4.783359	2.758903980255127	4
753585	1828	4.448037	3.23235821723938	4
1303901	1020	5.126998	0.3758968710899353	4
908460	1999	6.068231	3.2652366161346436	4
909738	2000	6.324581	3.359407663345337	4
906869	1250	2.368881	3.41528582572937	4
753624	1862	-0.650793	1.686028003692627	4
905967	1709	-3.020448	2.5160272121429443	4
908135	1621	1.884104	2.7539103031158447	4
724869	1578	6.30255	3.156613349914551	4
906793	1776	5.654153	3.5045135021209717	4
907314	1054	3.380212	1.4711873531341553	4
1330993	1618	3.427645	4.661937236785889	4
1331032	1079	0.430857	1.7259180545806885	4
909249	1814	4.969622	1.2599480152130127	4
908124	1915	2.132141	3.0163559913635254	4
908150	1047	5.31971	4.833736896514893	4
1240168	1133	4.633956	4.9216437339782715	4
1503362	1441	1.044084	2.7097227573394775	4
908470	1620	6.722708	3.748157501220703	4
753556	1068	-0.073597	2.270242214202881	4
1240168	1043	5.282146	6.370761394500732	4
910921	1022	0.303283	2.302790403366089	4
1240196	1559	-2.712201	0.8493804335594177	4
1298219	1268	4.400533	4.120721340179443	4
906807	1058	0.18607	1.244260311126709	4
946360	1026	3.922431	1.3946034908294678	4
905962	1093	5.198209	3.2755491733551025	4
909719	1854	4.325692	4.082611560821533	4
753569	1020	5.757944	1.0103025436401367	4
687457	1931	5.869924	4.808645725250244	4
909747	1560	4.7481	2.533348798751831	4
713878	1838	4.143608	2.6672303676605225	4
1503366	1068	1.779383	2.6051480770111084	4
906763	2048	-5.411274	-3.277684450149536	4
1240129	2110	5.126036	4.0951972007751465	4
908124	2040	0.863636	3.3096630573272705	4
909736	1828	4.395022	3.359407663345337	4
724859	1829	0.401429	3.2652366161346436	4
907067	1615	4.500856	2.757408618927002	4
906844	1613	2.125656	3.9108006954193115	4
1298136	2172	4.074876	4.052074909210205	4
687514	1067	5.586631	1.6584224700927734	4
687448	1819	4.46469	-0.3904504179954529	4
924250	1025	6.54371	3.902925491333008	4
907286	2096	2.905332	3.112635850906372	4
909784	1621	5.50815	3.3057429790496826	4
907063	1083	3.264053	1.1519863605499268	4
998184	2010	1.91621	1.8283216953277588	4
908468	1932	5.059296	2.44085693359375	4
909753	2010	5.564734	3.228731393814087	4
724870	1557	5.539161	2.914053201675415	4
910904	1043	5.956184	6.608002662658691	4
946373	1511	0.070037	2.5319948196411133	4
1330964	1259	1.643503	3.6707050800323486	4
1240142	1131	5.858706	4.773287296295166	4
909781	1819	3.32736	-0.33616775274276733	4
910934	1046	0.121202	0.40741169452667236	4
946369	1494	-3.525371	2.5319948196411133	4
909194	1941	-5.902065	1.3261008262634277	4
1290769	2010	2.376836	2.9895946979522705	4
905958	1706	2.433925	1.9317262172698975	4
1331038	1049	2.654891	1.1519863605499268	4
906833	1067	5.366364	1.6266098022460938	4
910941	1593	1.36773	2.7539103031158447	4
908118	1054	2.702733	1.4711873531341553	4
1240198	1581	3.660328	3.8556668758392334	4
908443	1909	3.31939	2.270242214202881	4
907173	1559	-1.070194	1.3641247749328613	4
1298222	1908	2.780452	3.0347955226898193	4
753563	1738	-1.93992	1.7003509998321533	4
907282	1037	3.471767	3.251267194747925	4
949174	1816	4.419139	3.763986825942993	4
753535	1931	4.55015	4.717601776123047	4
1240153	1511	-0.358405	2.871769666671753	4
1240197	2171	3.291244	3.2985310554504395	4
1240189	1631	1.736405	3.025665521621704	4
905971	2171	2.345586	3.2755491733551025	4
753577	1564	3.666915	3.2509820461273193	4
905980	2154	4.699925	4.417837142944336	4
1298223	2109	2.089715	3.8803775310516357	4
1298136	1815	6.788726	3.8895394802093506	4
907048	1933	5.257033	0.7904373407363892	4
949174	1580	5.549639	3.416308641433716	4
909745	2156	5.047832	3.5807151794433594	4
907319	1239	3.545743	3.716737985610962	4
1503368	1784	5.509992	3.1395630836486816	4
687514	1840	3.367462	2.6979804039001465	4
688027	1022	0.715632	1.3772859573364258	4
1240155	1786	1.746591	3.099888324737549	4
905945	1932	2.732656	3.7070729732513428	4
949176	1786	5.126306	2.3064239025115967	4
907787	1021	0.992193	1.0954670906066895	4
1298218	1580	4.899022	4.052074909210205	4
909704	1847	5.116177	3.1131439208984375	4
907314	1018	5.674257	3.4529154300689697	4
753556	1561	-0.780712	2.5687410831451416	4
753584	1916	2.847877	3.7491321563720703	4
907048	1714	3.900108	3.8169400691986084	4
906868	1786	2.89422	2.926135301589966	4
1298169	1584	2.742829	3.48917818069458	4
1331032	1783	5.201335	2.493256092071533	4
905934	1716	4.977423	3.893923282623291	4
1331032	1836	3.987094	1.9702403545379639	4
946370	2107	5.479268	2.5808138847351074	4
998184	1069	2.122396	1.7422237396240234	4
1524416	1449	4.727532	3.706996202468872	4
1303911	1268	3.739773	4.207280158996582	4
1240154	1936	3.007272	3.2562968730926514	4
1299050	2046	4.723247	1.9348559379577637	4
909753	1927	5.607976	3.883882999420166	4
1240125	1873	1.467714	2.757408618927002	4
687980	1032	1.501244	2.3373751640319824	4
906820	1777	5.03017	3.1752047538757324	4
1479987	1716	4.202494	3.883882999420166	4
1331037	1806	4.719168	0.8281965851783752	4
1240190	1049	4.59075	3.3220129013061523	4
909719	1049	3.448207	3.3584325313568115	4
753610	1776	4.280262	2.693105936050415	4
907048	2362	4.504955	2.4316303730010986	4
687787	2439	9.036757	3.620103120803833	4
906797	2145	-0.475303	3.1131439208984375	4
753620	1922	1.565298	2.3064239025115967	4
909709	1047	5.710401	4.717601776123047	4
1240173	1563	5.476886	4.142942905426025	4
1331036	2109	1.200096	2.6294219493865967	4
1299075	1912	1.108547	3.1137490272521973	4
909698	1799	5.561803	3.7082602977752686	4
753582	1073	4.332505	3.4250214099884033	4
907051	1809	0.810768	2.654480218887329	4
1299062	2154	3.803824	3.5204875469207764	4
722066	1799	5.538742	3.918010711669922	4
1303900	1010	3.684605	2.519641876220703	4
724839	1832	4.973016	2.6979804039001465	4
1298222	1180	-0.868175	2.2798075675964355	4
1240204	1614	4.753237	3.1667983531951904	4
905959	1494	-1.045186	3.059617757797241	4
909750	1512	5.50236	2.5319948196411133	4
905956	2173	6.165625	4.0235066413879395	4
949094	1004	-3.438278	-1.8828163146972656	4
910910	1919	-0.059372	2.519641876220703	4
1298134	1401	1.074737	1.6584224700927734	4
1240218	1042	6.137404	6.43443489074707	4
946369	2046	3.677845	1.8543353080749512	4
753534	1016	-1.119407	2.725740909576416	4
906877	1919	1.326589	1.4547812938690186	4
1299052	1268	3.686654	3.933809995651245	4
1480362	1058	2.05327	2.8625996112823486	4
1297439	1029	6.014686	2.2178521156311035	4
1240206	1918	3.521032	2.499650716781616	4
909905	1910	3.577521	2.153860569000244	4
905939	1243	2.506326	3.6532208919525146	4
753566	1843	-0.223355	2.5009219646453857	4
907051	2003	6.06448	3.0308854579925537	4
909725	1268	5.6404	4.197953224182129	4
906795	1782	5.921042	3.7236549854278564	4
905944	1803	4.930174	3.2652366161346436	4
910916	1048	2.977397	3.7583096027374268	4
753616	2011	5.41858	3.437267780303955	4
910943	1785	6.089201	3.5807151794433594	4
1240189	1941	-6.104316	1.3261008262634277	4
907291	1847	3.418805	2.9895946979522705	4
1299052	1811	-0.859673	3.4033749103546143	4
687561	1168	3.377516	2.6419172286987305	4
1674021	1088	2.565521	2.573582410812378	4
749717	1908	5.537368	3.8169400691986084	4
910780	1854	4.825574	3.5119025707244873	4
1240168	1022	-0.75099	1.872542381286621	4
906804	1836	1.838255	3.1213343143463135	4
909718	1084	-1.848439	2.533348798751831	4
1524417	1046	1.525886	2.0167813301086426	4
753566	1825	3.890008	3.1131439208984375	4
1298218	1199	5.889912	4.7874627113342285	4
908148	1594	1.110089	1.6882872581481934	4
908121	1050	3.264442	-1.3838927745819092	4
909260	1821	3.453826	1.8283216953277588	4
687802	1825	3.057642	3.2652366161346436	4
687804	1614	4.992689	3.5257794857025146	4
753583	2038	5.550153	3.7840540409088135	4
1299069	1200	3.028037	4.304722785949707	4
1290797	1811	-2.146801	3.8895394802093506	4
910694	1813	6.887924	2.872941732406616	4
749713	1048	4.592084	3.9108006954193115	4
687798	1924	4.793339	2.9444165229797363	4
1330973	2159	4.229654	3.5204875469207764	4
905933	1190	0.289674	3.059617757797241	4
946373	2174	3.631286	3.4060721397399902	4
906826	1996	5.496627	1.9585902690887451	4
1659929	1009	5.600959	3.6532208919525146	4
906765	1061	3.667911	2.4672393798828125	4
906872	1849	1.043387	1.8212265968322754	4
909723	1564	0.706388	1.14143705368042	4
910554	1916	4.036119	3.7082602977752686	4
688021	1810	5.365446	1.8452582359313965	4
906872	2439	9.541069	3.437267780303955	4
908465	1843	0.094665	3.0045273303985596	4
753555	2158	4.767871	3.9782726764678955	4
906864	1714	5.333824	2.7426013946533203	4
1240198	1249	5.639898	3.795720338821411	4
1290922	2110	4.170946	4.142973899841309	4
906818	1033	5.618547	3.938109874725342	4
1298219	1014	4.161247	2.889557123184204	4
1240223	1553	6.485763	2.8046975135803223	4
753565	1199	3.142416	3.7037274837493896	4
906869	1018	5.910123	3.7432165145874023	4
753573	1852	4.30923	3.716737985610962	4
683667	1584	2.203863	2.900125741958618	4
908139	1924	5.806199	2.637542724609375	4
687802	1829	1.881637	3.2652366161346436	4
1298151	1199	3.777706	4.573819637298584	4
910932	1052	5.470104	2.302790403366089	4
1303901	1033	3.791304	3.4250214099884033	4
905948	1734	1.992654	3.7231600284576416	4
906818	2043	5.896035	4.055182456970215	4
906808	1936	3.384636	2.2178521156311035	4
1331050	1932	1.752402	1.543259620666504	4
1331045	1191	-4.743736	-0.3737666606903076	4
905958	1827	-4.467789	1.8283216953277588	4
1295741	1084	-5.58383	1.532726526260376	4
906837	1916	1.070807	3.1667983531951904	4
909725	1836	4.215869	3.3034603595733643	4
909784	1025	5.853807	4.197953224182129	4
1303901	1594	4.89481	2.1271069049835205	4
753618	1802	2.914254	3.437267780303955	4
1240122	1866	3.323423	2.9725539684295654	4
688021	1718	6.540964	3.025665521621704	4
1240183	1931	5.230821	4.773287296295166	4
753623	1018	5.055893	3.9681038856506348	4
749711	1928	4.447934	3.6288764476776123	4
1240159	1042	5.946858	6.558963298797607	4
907066	1089	6.84813	2.5009219646453857	4
910907	1927	4.901017	3.997960329055786	4
946369	1941	-5.036434	1.872638463973999	4
753538	1922	1.666225	3.010918378829956	4
909745	1050	1.983981	-1.8828163146972656	4
910918	1029	4.038751	1.1519863605499268	4
1240181	1582	3.362595	2.7539103031158447	4
909704	1736	2.287662	3.302882432937622	4
1297438	1051	4.419051	-3.22637939453125	4
1322212	1007	-2.546203	-3.22637939453125	4
949178	1494	-6.760413	1.9576692581176758	4
749712	1931	6.163809	4.938456058502197	4
907312	2048	-4.157134	-2.7491614818573	4
1290797	1825	0.507604	3.3413097858428955	4
1330995	1059	-0.958564	1.244260311126709	4
909784	2172	5.034857	4.0235066413879395	4
1303897	1933	5.595321	-0.3737666606903076	4
1290908	1052	4.636171	2.5160272121429443	4
1303897	2043	3.828077	2.4670979976654053	4
909748	1020	5.673154	0.8676882386207581	4
1303900	1930	1.214195	3.9108006954193115	4
910919	1862	-2.000866	-0.3737666606903076	4
949173	1083	2.306741	2.3064239025115967	4
753621	2107	6.261605	2.7097227573394775	4
946355	1809	2.727892	2.760331869125366	4
998189	1939	4.484845	2.3284170627593994	4
688086	1999	4.480997	2.700566530227661	4
1480361	1194	4.861666	3.3150503635406494	4
724866	2043	6.557587	4.150619983673096	4
1659819	2045	2.199254	1.244260311126709	4
753541	1819	-5.687016	-1.5411677360534668	4
909755	1043	6.125662	6.657993793487549	4
909753	2109	1.963434	4.035938262939453	4
907269	2010	2.611231	2.3679542541503906	4
910916	1025	5.657953	3.933809995651245	4
683667	1553	1.566458	2.32470965385437	4
1240155	1825	-0.098551	2.9971930980682373	4
1299062	1033	4.52068	3.4250214099884033	4
907317	1932	1.621009	3.2790544033050537	4
753569	1625	5.449182	3.688896417617798	4
905959	1428	0.658921	3.795720338821411	4
909774	1917	1.685747	3.956881046295166	4
753592	2110	4.699871	4.3382744789123535	4
906696	1084	-0.616342	2.8046975135803223	4
687815	1026	-2.948957	1.0103025436401367	4
908139	1832	3.787609	2.9971930980682373	4
1240196	1021	2.786019	3.010918378829956	4
907276	1919	3.806461	2.7259902954101562	4
907287	1553	2.249253	2.533348798751831	4
909726	1043	4.518673	4.824934482574463	4
908469	1626	4.024915	3.4360568523406982	4
905986	1020	6.025404	0.8242543339729309	4
687455	1578	4.654327	2.5009219646453857	4
910079	1831	4.087047	3.1395630836486816	4
906814	1908	0.82945	1.14143705368042	4
906765	1620	4.851214	2.7383062839508057	4
909745	1069	4.750799	3.144005060195923	4
1240160	1621	5.101734	3.453313112258911	4
753584	1909	2.263512	2.56085467338562	4
908147	1507	3.417225	1.7952566146850586	4
906805	1631	2.97601	3.918010711669922	4
907071	1816	5.09436	4.573819637298584	4
1298537	1626	-0.332911	4.138278961181641	4
1298160	1852	3.539465	3.938109874725342	4
1331032	1003	-4.881173	0.8281965851783752	4
1299080	1510	3.56604	3.1122686862945557	4
908465	2003	5.774798	3.2652366161346436	4
753561	1049	2.334464	3.010918378829956	4
907321	1843	-1.949837	2.760331869125366	4
949176	1912	2.331844	2.1759791374206543	4
910702	1059	3.091682	2.975034475326538	4
908139	2173	3.303296	3.485671043395996	4
924244	1854	4.289284	4.260012626647949	4
905971	1049	4.323364	3.0184011459350586	4
906793	1802	4.682387	3.938109874725342	4
687815	2172	2.383294	3.688896417617798	4
906812	1177	5.420982	3.9108006954193115	4
688025	1093	3.082011	2.44085693359375	4
1327769	1032	1.333435	1.4947471618652344	4
1330985	2159	1.798676	2.6328091621398926	4
905978	2107	4.768212	2.655745506286621	4
949176	1560	3.085574	2.1759791374206543	4
753549	1034	-2.930343	3.190483808517456	4
687815	1268	3.718368	3.8803775310516357	4
1322213	1093	3.404251	3.2310540676116943	4
1330993	1050	1.863099	1.495856523513794	4
909703	1873	0.288693	1.197744369506836	4
687506	1053	3.482751	2.256009340286255	4
687807	1529	3.774432	3.971829414367676	4
971777	1177	2.6498	4.055182456970215	4
907169	1911	-6.276638	3.938109874725342	4
1240172	1932	5.313319	3.7070729732513428	4
906828	1613	4.903888	3.908376455307007	4
753566	2172	5.198224	4.014430522918701	4
909702	1936	2.222943	1.0954670906066895	4
1298350	1057	-1.099733	2.9444165229797363	4
1503367	1621	5.781056	3.3053908348083496	4
909762	1051	-0.917161	-3.277684450149536	4
753622	1024	1.725573	3.599485158920288	4
910692	2002	5.483803	2.6672303676605225	4
905936	1553	2.652849	2.533348798751831	4
1298151	1803	1.723378	3.359407663345337	4
687568	1053	4.084783	2.5808138847351074	4
946370	1043	6.212871	6.370761394500732	4
1240190	1924	3.577457	2.9444165229797363	4
749714	2169	3.49043	2.4316303730010986	4
905946	1378	4.837052	2.8907833099365234	4
946354	1179	-0.01845	2.2798075675964355	4
910933	1712	-2.85869	3.5807151794433594	4
749711	1378	3.593753	2.8907833099365234	4
1480361	1927	3.858687	3.883882999420166	4
1298169	2173	3.57958	3.9170949459075928	4
1240189	1624	1.598131	3.4360568523406982	4
907045	1832	3.822344	2.9498484134674072	4
907788	1042	4.888643	5.17090368270874	4
687799	1007	-5.319793	-0.31735628843307495	4
908458	1093	4.997667	3.2755491733551025	4
1299081	1866	1.828842	3.5045135021209717	4
753585	1712	-4.226535	3.7231600284576416	4
1240181	1557	4.270408	1.8212265968322754	4
1240173	1559	-3.473779	0.8676882386207581	4
1298223	1057	-0.927742	2.5687410831451416	4
905942	1029	5.31531	3.3220129013061523	4
687586	1821	4.294592	3.058750867843628	4
1330942	1012	0.746912	2.212318181991577	4
909718	1190	-3.43303	2.573582410812378	4
908125	2000	4.118166	3.3034603595733643	4
910702	2106	4.285002	2.975034475326538	4
735784	1049	4.166283	3.155921697616577	4
910903	2177	1.514585	4.261425495147705	4
908141	1613	1.156187	2.9159953594207764	4
906821	1614	3.930833	3.997960329055786	4
909709	1997	3.257721	2.1143600940704346	4
905949	1594	1.593122	2.9444165229797363	4
907789	1819	-5.651663	-3.277684450149536	4
910903	1776	3.359139	3.5045135021209717	4
908447	1441	3.421451	2.1759791374206543	4
1240181	1834	2.965672	2.700566530227661	4
907066	1014	4.296243	3.302882432937622	4
907282	1239	2.644437	3.4060721397399902	4
949176	1089	3.675035	1.9576692581176758	4
1240146	1558	1.138716	3.003225564956665	4
1503371	1586	4.249554	3.3053908348083496	4
1240187	1050	2.340198	-0.31735628843307495	4
1331055	1008	3.619154	1.8452582359313965	4
1298223	2002	5.955789	3.067237615585327	4
722046	1463	3.955133	3.3220129013061523	4
906870	1806	3.012757	0.5859037637710571	4
908139	2156	3.944923	3.3902668952941895	4
908476	1021	3.217931	3.3220129013061523	4
1330984	1177	1.523836	2.4670979976654053	4
906696	1549	5.026716	2.9240562915802	4
724828	1190	-0.847515	1.9576692581176758	4
753594	1629	3.513874	0.3758968710899353	4
1298526	1016	2.622655	2.975034475326538	4
907051	1034	-0.511433	2.9729135036468506	4
924111	1849	-0.431959	2.1143600940704346	4
908458	1732	3.958958	3.6532208919525146	4
946359	1709	-0.472595	1.8263051509857178	4
749715	1617	1.661258	1.9585902690887451	4
1503363	1047	5.45377	5.039620876312256	4
906814	1613	4.838454	4.055182456970215	4
905962	1629	3.853238	0.8676882386207581	4
687807	1034	-1.683863	3.3220129013061523	4
909907	1620	6.682962	3.6288764476776123	4
906863	1824	2.954608	2.9059336185455322	4
909248	1021	2.805442	2.6772193908691406	4
910852	1999	3.136026	2.9498484134674072	4
1298531	1926	1.79836	2.499650716781616	4
908480	1025	5.722957	3.621920585632324	4
910905	1249	3.548872	3.6532208919525146	4
1240204	2174	1.983487	3.4033749103546143	4
909713	1808	1.361196	2.871769666671753	4
924239	1939	2.358322	0.8443875312805176	4
1298169	1931	6.210797	5.109708309173584	4
908480	1039	4.664721	3.025665521621704	4
1479987	1996	4.162336	2.6899750232696533	4
971777	2172	2.493129	4.0235066413879395	4
924107	1813	5.467433	2.258204460144043	4
909718	1908	-0.250718	2.617997646331787	4
909751	1615	5.840953	2.533348798751831	4
1295740	2010	1.75236	1.8283216953277588	4
908145	1073	4.012205	3.4060721397399902	4
905964	1706	-0.731333	2.7383062839508057	4
910948	1378	8.811823	2.8907833099365234	4
910934	1557	4.797918	0.659253716468811	4
688014	1812	3.476659	1.8452582359313965	4
909746	1834	3.362309	2.9895946979522705	4
1240142	1838	4.096317	3.067237615585327	4
910689	2173	6.054747	3.8567564487457275	4
1298226	1926	0.309191	2.5687410831451416	4
1330983	1626	2.247686	2.1909544467926025	4
1298151	2498	5.369216	5.612716197967529	4
1240172	1250	4.876268	3.5126702785491943	4
724869	1011	-0.829534	2.914053201675415	4
1240192	1925	4.916277	3.7037274837493896	4
753533	1917	0.917533	4.139767169952393	4
908122	1401	3.030912	1.8263051509857178	4
909708	1268	4.102558	3.933809995651245	4
753595	1024	2.588425	3.997960329055786	4
713878	1018	4.972793	3.6707050800323486	4
905974	1933	3.527785	1.6827902793884277	4
753584	1614	3.710009	3.7491321563720703	4
907321	1051	4.296655	-0.6766636967658997	4
924188	1598	5.765063	3.9481465816497803	4
906828	1826	1.077666	3.2193543910980225	4
906863	1910	3.303279	2.1143600940704346	4
1480372	1583	3.781202	4.0951972007751465	4
910936	1836	3.402111	2.9059336185455322	4
1330973	2438	10.986916	3.4250214099884033	4
908455	1013	3.80023	3.527815103530884	4
905981	1073	2.835029	3.7231600284576416	4
687983	1908	3.521943	3.5389983654022217	4
1298157	2039	3.383557	3.2349982261657715	4
910935	1627	0.845907	2.19840407371521	4
909728	1050	2.801158	-1.2120935916900635	4
910916	2157	4.988699	3.7840540409088135	4
909738	1576	4.295036	4.082611560821533	4
1290769	2038	6.254579	4.142942905426025	4
905972	1912	4.049933	2.9444165229797363	4
906693	1873	1.172796	2.975034475326538	4
924188	1023	4.652808	2.926135301589966	4
1331037	2010	3.10989	1.9702403545379639	4
683667	1626	2.355385	3.4361069202423096	4
687506	2047	1.620323	2.822744846343994	4
1298533	2359	6.037089	3.8895394802093506	4
905941	1779	2.843274	3.622213125228882	4
907291	1803	2.860397	2.9895946979522705	4
909771	1911	-4.649887	2.761914014816284	4
1298356	1051	4.813163	-0.7892046570777893	4
910781	1617	1.887725	1.797175645828247	4
905946	1091	3.918289	3.7070729732513428	4
753583	2047	4.223073	2.836839437484741	4
1330972	1614	4.590468	3.025665521621704	4
906798	1004	-3.983057	-2.7491614818573	4
688010	2171	-0.03241	2.44085693359375	4
908480	1037	1.376521	3.025665521621704	4
1240162	1621	5.377138	3.0872111320495605	4
946368	1854	4.554074	3.8921892642974854	4
907787	1625	4.648041	1.9317262172698975	4
910920	1084	-1.914876	2.655745506286621	4
1479988	1927	4.093947	3.883882999420166	4
909719	1089	5.191965	3.1408941745758057	4
724828	1006	1.055109	3.437267780303955	4
906851	2038	5.323236	4.142973899841309	4
1330995	1428	5.511297	2.493256092071533	4
911905	1925	7.253599	4.420187950134277	4
1303897	1855	6.440931	2.683992624282837	4
946355	1023	3.147286	3.155921697616577	4
906696	1249	2.364806	3.7236549854278564	4
908139	1635	5.662513	3.3902668952941895	4
908151	1626	4.03011	3.6288764476776123	4
1331032	2011	2.986573	2.493256092071533	4
1331048	1613	1.90133	2.4670979976654053	4
924240	2173	4.496136	3.6288764476776123	4
910079	1828	2.79172	3.1395630836486816	4
905985	1598	5.565752	3.8921892642974854	4
687568	1614	4.213661	3.6098625659942627	4
1240187	1925	5.785387	4.577112197875977	4
949178	1996	2.473967	1.8212265968322754	4
1298222	1618	4.649684	5.657320022583008	4
749717	2111	3.756369	3.9108006954193115	4
753582	1243	1.437247	3.4250214099884033	4
909250	1259	4.939697	4.139767169952393	4
1290797	1191	-5.448212	1.686028003692627	4
1322224	2010	1.333972	2.9971930980682373	4
910951	1941	-2.804146	0.7111908793449402	4
908469	1053	2.803242	2.1271069049835205	4
1295740	1862	-0.882529	-0.12098675966262817	4
908126	1586	2.898936	2.4226253032684326	4
1240183	1057	-0.43285	2.5687410831451416	4
907045	1927	5.096773	3.5126702785491943	4
908130	1626	5.407269	3.5461390018463135	4
1479995	1927	5.131317	3.883882999420166	4
908448	2156	2.199306	2.761914014816284	4
949178	1814	5.443707	1.9576692581176758	4
753546	1924	3.518271	2.757408618927002	4
906821	1593	2.700672	3.459388017654419	4
1327769	2159	1.716099	2.19840407371521	4
1298146	1068	-0.060384	2.6398816108703613	4
909778	1927	5.135236	3.5126702785491943	4
753612	2148	2.570513	2.3226685523986816	4
910926	1378	-1.122436	2.5009219646453857	4
1240167	1268	5.001014	3.985328435897827	4
724834	1511	0.176884	3.0045273303985596	4
1330972	1083	1.723718	2.2178521156311035	4
910936	1549	-0.94439	2.4382894039154053	4
688087	1021	2.715546	2.3064239025115967	4
1298350	1016	0.818985	2.9444165229797363	4
687802	1718	5.177606	3.918010711669922	4
910932	1080	-1.885982	-0.3904504179954529	4
924240	1808	1.536303	2.8907833099365234	4
1503365	1080	-1.261984	-0.6766636967658997	4
907285	1175	5.676502	4.0481462478637695	4
1327775	1732	2.132654	3.0459694862365723	4
907311	1706	-2.673391	2.6764206886291504	4
753578	1069	2.981974	3.3770225048065186	4
753584	1825	-0.083702	3.1131439208984375	4
949153	1627	2.328495	2.121851682662964	4
910924	2011	3.899276	3.3902668952941895	4
909762	1924	1.453407	1.197744369506836	4
1298365	1061	5.085237	3.1308605670928955	4
753572	1734	2.130317	3.8895394802093506	4
753574	1168	1.965779	2.6990511417388916	4
688031	1043	2.427639	5.664697647094727	4
905944	1507	4.861855	3.918010711669922	4
753551	1048	4.985032	3.6707050800323486	4
724828	1093	3.623734	2.359595537185669	4
753538	1073	4.901733	3.4033749103546143	4
905980	1557	7.61698	2.3108909130096436	4
909740	1582	5.459081	3.1608517169952393	4
906864	1010	2.356531	2.9240562915802	4
905978	1237	4.840782	4.417837142944336	4
1240200	1820	3.141039	3.228731393814087	4
908452	1912	1.958112	2.409184455871582	4
1327765	1613	-0.533781	2.4670979976654053	4
909702	2159	1.39177	2.121851682662964	4
753600	1052	3.265039	2.5160272121429443	4
905946	1199	2.691604	4.902135372161865	4
905958	1811	-2.285237	2.3155128955841064	4
688026	2045	5.207175	2.1271069049835205	4
909729	1032	1.763594	2.6419172286987305	4
906842	1564	2.227035	2.683992624282837	4
724839	1583	3.20178	3.42345929145813	4
924189	1564	0.957623	2.6900687217712402	4
908458	1835	3.155353	2.9895946979522705	4
753562	1563	5.043256	3.7840540409088135	4
753570	1927	4.747075	3.1667983531951904	4
909757	1803	5.531929	2.9895946979522705	4
1331035	1558	2.02323	1.4947471618652344	4
907321	1191	-5.350378	1.10784912109375	4
688011	1038	3.469581	3.6707050800323486	4
724834	1507	6.214865	3.918010711669922	4
906790	1006	-0.395637	3.3902668952941895	4
908463	1630	2.640324	3.918010711669922	4
909778	2039	2.918103	3.2349982261657715	4
906821	2157	5.31634	4.269764423370361	4
1327765	1622	2.792015	2.6294219493865967	4
905937	1941	-3.06465	2.3284170627593994	4
949088	2171	0.204817	1.543259620666504	4
1298358	1911	-3.202047	3.3902668952941895	4
905957	1582	3.89668	3.2349982261657715	4
907071	1268	6.11273	4.082611560821533	4
753563	1059	-1.563448	1.532726526260376	4
1330972	1911	-4.929956	3.4250214099884033	4
724825	1180	-4.213363	0.8702912926673889	4
905956	2177	2.276072	4.261425495147705	4
905962	1020	7.544894	0.8676882386207581	4
909713	1720	5.510564	2.841865301132202	4
909250	1036	6.099302	3.2509820461273193	4
907269	1815	5.138611	3.0508646965026855	4
724868	1560	2.813516	2.9444165229797363	4
1240169	1739	6.104289	3.6098625659942627	4
946367	1243	3.779509	3.5807151794433594	4
910900	2106	5.293637	2.9444165229797363	4
910922	2362	3.064613	2.655745506286621	4
1298533	1621	5.360646	3.459388017654419	4
687588	1918	2.392571	2.5808138847351074	4
724872	2359	5.006916	3.4250214099884033	4
907314	1062	3.176532	2.6900687217712402	4
1299052	1005	5.679292	2.644202709197998	4
713869	1073	6.303286	3.971829414367676	4
925347	1817	-5.188637	3.459388017654419	4
907314	2499	11.148681	4.63679313659668	4
1660034	1049	4.392105	3.0184011459350586	4
688014	1007	-2.748673	-3.22637939453125	4
753582	2107	3.697094	2.1271069049835205	4
907271	1084	-2.8902	2.409184455871582	4
687592	1009	4.728373	3.5807151794433594	4
753535	1180	-2.472607	1.9348559379577637	4
909729	1718	5.104013	3.6098625659942627	4
753618	1810	-2.465598	1.9576692581176758	4
909738	1583	3.552368	4.035937786102295	4
946366	1621	5.632883	3.1826870441436768	4
909974	1632	4.679263	2.0167813301086426	4
908451	1849	-1.832013	0.6928384900093079	4
687798	1177	3.107218	4.150619983673096	4
1240185	2157	5.661749	4.3382744789123535	4
907319	1911	-3.344609	3.716737985610962	4
687592	1096	2.7079	-1.8828163146972656	4
910546	2107	5.430409	2.975034475326538	4
753564	1928	2.176889	3.4360568523406982	4
687455	2112	3.319727	3.1131439208984375	4
908447	1809	-1.484642	1.9576692581176758	4
1298219	1510	3.925066	3.2310540676116943	4
908460	1080	-0.020625	-0.31735628843307495	4
722045	2044	3.917431	3.0045273303985596	4
907279	1510	5.660841	3.6594560146331787	4
909724	1512	5.162568	2.871769666671753	4
907319	1372	0.895134	3.0347955226898193	4
906746	1815	5.982225	3.5807151794433594	4
906863	1375	7.071212	2.644202709197998	4
924187	1046	3.866034	1.7474184036254883	4
905942	2044	4.315216	3.0045273303985596	4
905956	1709	-1.828849	2.302790403366089	4
688023	1086	-4.185024	1.3772859573364258	4
1524419	1558	1.613367	2.729393720626831	4
735784	1017	5.824825	3.9681038856506348	4
1240127	1191	-4.496233	0.6334644556045532	4
1331048	1003	-4.635845	0.8281965851783752	4
905960	1192	3.400678	3.0618491172790527	4
1480360	1248	3.109894	5.155592441558838	4
1298533	1032	2.448397	3.0616159439086914	4
1240206	1560	2.233057	2.499650716781616	4
909704	1918	3.917556	2.7993829250335693	4
1331034	1012	-0.059126	1.8709831237792969	4
907792	1779	2.460568	3.7082602977752686	4
687563	1580	5.778869	3.5650794506073	4
908452	1259	1.63318	3.7494475841522217	4
924238	2499	9.388546	5.062989711761475	4
908451	1069	3.420436	2.3385002613067627	4
909729	1507	5.373724	3.6098625659942627	4
1331037	1025	3.850491	2.6294219493865967	4
1327769	1086	-3.678387	0.40741169452667236	4
1247873	1017	6.205347	4.150619983673096	4
1330984	1928	3.361314	1.875302791595459	4
907272	1068	-1.757932	0.783431351184845	4
907319	1811	-3.221105	3.716737985610962	4
1240153	1998	3.422868	3.938109874725342	4
905940	1780	4.418133	2.687211275100708	4
1330991	1131	2.876063	3.0440337657928467	4
910691	1018	5.380516	3.802251100540161	4
1298219	2158	5.27735	4.058929920196533	4
905979	1051	4.299285	-0.33616775274276733	4
907173	2149	2.053192	3.926642656326294	4
907280	1825	-1.445802	2.265040397644043	4
910548	2107	6.11888	2.8625996112823486	4
998184	1553	-0.22595	1.197744369506836	4
753535	1786	5.638724	3.010918378829956	4
1298362	1629	2.923794	0.8493804335594177	4
908139	1811	-0.838955	3.3902668952941895	4
909253	1024	-2.472866	2.2356555461883545	4
910851	1838	3.501166	3.1213343143463135	4
905964	2010	1.907111	2.3226685523986816	4
906865	2498	6.812377	4.593025207519531	4
905980	1585	6.443196	3.48917818069458	4
753533	1003	-2.03641	2.9870901107788086	4
906801	1810	2.975982	2.8907833099365234	4
1298136	2156	3.505974	3.8895394802093506	4
905951	1042	5.393802	6.454281330108643	4
1240170	1084	-3.80621	2.5808138847351074	4
753562	2145	-1.618474	2.9059336185455322	4
722045	1250	1.365043	3.918010711669922	4
1299050	1733	3.556946	3.1667983531951904	4
1240197	1854	4.62862	4.035938262939453	4
910853	1998	4.5545	3.938109874725342	4
906804	2010	1.585473	3.1213343143463135	4
906813	1047	4.57763	4.702743053436279	4
1298156	1561	-1.464007	2.499650716781616	4
906843	1708	-1.688992	1.6584224700927734	4
753563	1852	3.838811	3.0459694862365723	4
905959	1026	0.885142	1.3946034908294678	4
910937	1922	1.107974	2.2178521156311035	4
753547	1821	3.521706	2.6672303676605225	4
1299059	1786	2.657162	3.010918378829956	4
905972	1632	4.841537	2.5160272121429443	4
906798	1177	4.785147	3.9166688919067383	4
905972	1940	3.085528	4.260012626647949	4
687802	1051	4.219225	-0.31735628843307495	4
688025	1810	-1.124607	1.8452582359313965	4
910700	2439	9.563105	3.6532208919525146	4
1503370	1613	2.922027	4.150619983673096	4
949176	1854	4.488805	3.5119025707244873	4
1480362	1091	3.873136	3.2985310554504395	4
1503362	1048	5.046293	3.9681038856506348	4
905968	1918	0.035174	2.8625996112823486	4
687457	1250	5.197147	3.7491321563720703	4
1240198	2057	4.470668	3.228731393814087	4
907071	1020	6.187723	1.3658242225646973	4
909256	1131	6.148989	4.938456058502197	4
906797	1916	3.431427	3.7491321563720703	4
910700	1058	-0.149716	2.533348798751831	4
1298168	1175	4.874385	4.139767169952393	4
906828	1936	3.22894	3.2562968730926514	4
1524419	1086	-0.43518	2.0167813301086426	4
907274	1036	5.694693	2.683992624282837	4
1298357	1030	6.040958	3.7432165145874023	4
949094	1149	1.756928	2.153860569000244	4
1659817	1512	5.166541	1.2599480152130127	4
1290908	1511	-2.170868	3.0045273303985596	4
905967	1004	-3.356921	-0.31735628843307495	4
683667	2002	5.214954	2.7923409938812256	4
905933	1626	2.772128	3.8556668758392334	4
946358	1919	0.954914	1.4547812938690186	4
905940	2044	3.913226	1.0750892162322998	4
1298356	1031	1.432434	1.312483549118042	4
906825	1177	4.566761	3.961496114730835	4
910692	1836	2.955886	2.6672303676605225	4
910554	1083	2.924185	3.0184011459350586	4
1240200	2111	5.94698	3.961496114730835	4
1479987	1712	-3.949401	3.795720338821411	4
1480362	1613	2.717019	3.961496114730835	4
687457	1030	6.121818	3.9166688919067383	4
1240201	1803	6.470344	3.3413097858428955	4
688031	1811	-1.974484	3.4250214099884033	4
910951	1817	-5.839604	2.4226253032684326	4
1290725	1908	3.126079	2.836839437484741	4
905991	1614	3.894269	3.883882999420166	4
909750	1941	-2.967947	1.872638463973999	4
905938	1268	4.34436	2.8858964443206787	4
1298351	1052	1.480615	2.2329084873199463	4
687815	1853	3.220478	3.1682093143463135	4
687799	1073	4.12162	3.971829414367676	4
907300	1716	4.091905	2.2356555461883545	4
910546	1808	0.082536	3.156613349914551	4
1331035	1091	1.672259	1.543259620666504	4
1290797	1813	4.561325	3.156613349914551	4
753541	2359	5.508171	3.4033749103546143	4
909746	1016	3.05135	2.533348798751831	4
1240193	1073	4.808671	3.4250214099884033	4
1240212	2112	2.685845	2.6979804039001465	4
906696	2000	5.466022	3.2193543910980225	4
905976	1062	-1.515546	1.14143705368042	4
1297446	1866	1.537924	1.7422237396240234	4
1298157	1831	4.333554	2.9498484134674072	4
998184	1810	-2.740327	0.9103354215621948	4
907281	2038	1.399529	2.9279723167419434	4
1240222	1580	5.219697	3.8556668758392334	4
910079	1844	3.834722	3.1395630836486816	4
1295741	1802	2.231033	3.0459694862365723	4
688026	1200	2.954332	3.7037274837493896	4
1331036	1927	3.733118	1.7259180545806885	4
1240122	1940	4.269049	3.933809995651245	4
907320	2157	4.70818	3.9782726764678955	4
1327769	1593	-0.68037	1.8709831237792969	4
713869	1033	5.809685	3.971829414367676	4
688023	1826	1.004708	2.6672303676605225	4
909778	1199	5.666084	4.902135372161865	4
905939	1054	1.882705	1.8178400993347168	4
753612	1828	4.397134	2.3226685523986816	4
908455	1832	4.376766	2.9971930980682373	4
1297449	1917	0.614772	2.4670979976654053	4
905948	1050	2.798195	-0.33616775274276733	4
909905	1093	4.749744	3.5013375282287598	4
946370	1011	3.16885	2.153860569000244	4
1299050	1816	3.966433	4.296268939971924	4
907051	1018	6.180306	3.802251100540161	4
753574	1088	5.333603	2.760331869125366	4
906824	1635	5.668425	3.206416130065918	4
1295741	1830	2.239347	2.3226685523986816	4
909721	2037	6.049587	4.3382744789123535	4
910934	1709	-4.432318	0.40741169452667236	4
906871	1930	-0.145645	3.7494475841522217	4
753556	1175	5.11471	3.8088181018829346	4
1295741	1840	-1.511974	2.3226685523986816	4
688031	1813	3.876919	1.8452582359313965	4
713880	2145	-1.450081	2.6672303676605225	4
749711	1585	4.670246	3.2349982261657715	4
906793	1997	4.336724	2.841865301132202	4
905980	1564	2.429768	3.2509820461273193	4
905989	1732	-0.752404	3.6532208919525146	4
1298216	1179	0.811048	2.5007617473602295	4
910930	1712	-5.148623	2.493256092071533	4
909709	1927	5.252406	3.1667983531951904	4
905937	1854	4.68333	4.094106674194336	4
1240160	2055	0.816589	3.359407663345337	4
1330942	1079	3.422208	2.2356555461883545	4
910544	1829	0.61198	2.2884328365325928	4
1327766	1016	0.119487	1.532726526260376	4
688027	2438	10.56963	3.4250214099884033	4
909738	1785	6.24134	3.6688292026519775	4
907068	1913	3.275578	3.921959161758423	4
905949	1933	5.826446	1.5029873847961426	4
1322224	2047	1.013134	3.0603249073028564	4
971777	1061	4.703664	1.14143705368042	4
908449	1997	6.420488	1.872638463973999	4
1331036	1824	1.465934	1.9702403545379639	4
687506	1512	4.402028	2.258204460144043	4
924241	1057	-1.747955	2.1271069049835205	4
906877	2109	2.715332	2.4112095832824707	4
906837	1068	-0.423073	2.1143600940704346	4
753565	1168	3.235956	2.3373751640319824	4
1298362	1627	3.085937	3.7840540409088135	4
924102	1061	5.572561	2.7426013946533203	4
905941	1019	5.726237	3.622213125228882	4
687980	1007	-5.466868	-3.22637939453125	4
687983	1017	3.711937	3.6707050800323486	4
909252	1855	1.956725	2.4341554641723633	4
949174	1191	-4.338541	0.5548354983329773	4
1299059	1831	3.950564	2.9059336185455322	4
909744	1916	3.073783	3.20292592048645	4
907320	1776	4.690536	3.21109938621521	4
1240226	1012	2.824917	3.3057429790496826	4
905974	1177	2.581537	4.055182456970215	4
908472	2057	3.141039	3.2652366161346436	4
907295	1557	5.810597	1.3261008262634277	4
906807	1249	1.391696	2.493256092071533	4
1298222	1915	2.430096	2.6990511417388916	4
930083	2113	3.598121	3.2193543910980225	4
906828	1622	3.922963	3.9346189498901367	4
910781	1268	3.187295	3.8749492168426514	4
907062	1058	1.706128	2.499650716781616	4
909749	2038	5.506282	4.178103923797607	4
908442	1023	4.155772	3.0184011459350586	4
909719	1853	3.948645	3.453313112258911	4
724825	1777	4.519494	2.645235538482666	4
909778	1080	-1.826967	-1.3838927745819092	4
909697	1441	1.420789	2.637542724609375	4
906798	2055	0.76681	3.1131439208984375	4
1240206	1180	-3.640506	1.9348559379577637	4
910936	1739	1.440934	3.1667983531951904	4
908135	2169	3.183477	2.1759791374206543	4
753583	1852	6.08707	3.4033749103546143	4
906804	1852	4.457357	3.572082757949829	4
906868	2011	5.746975	3.4060721397399902	4
905941	1494	1.454789	2.6767337322235107	4
907277	1019	0.019745	1.7952566146850586	4
909725	1250	3.361564	4.0499396324157715	4
907320	1088	2.99095	2.760331869125366	4
909249	1006	0.421671	3.0459694862365723	4
949179	1067	5.177221	1.4711873531341553	4
724825	1558	3.345282	1.662688970565796	4
909774	1812	3.373476	2.8495066165924072	4
946382	2172	2.808222	3.6288764476776123	4
946355	1059	-1.582966	2.7097227573394775	4
1290730	1825	-0.363603	3.1131439208984375	4
724834	1026	-0.303249	1.5029873847961426	4
909252	2040	-0.44019	1.0954670906066895	4
753566	1559	1.535354	1.281203031539917	4
1331033	1067	4.126788	0.40741169452667236	4
909713	1581	1.979998	4.0235066413879395	4
753563	1199	2.521245	3.2823612689971924	4
908123	1618	2.616232	5.386874198913574	4
905957	1806	5.289418	2.8907833099365234	4
1240173	1058	1.09313	2.533348798751831	4
753558	1170	6.004304	0.9133924841880798	4
910935	1049	1.460001	1.1519863605499268	4
1240145	2003	4.210003	3.2652366161346436	4
907790	1006	-0.402456	3.6532208919525146	4
908118	1622	4.881277	3.5119025707244873	4
906833	2177	0.514385	3.6812264919281006	4
907286	1813	5.995975	3.156613349914551	4
1240127	1401	1.538021	1.7474184036254883	4
753572	1844	3.619129	3.3413097858428955	4
1240157	1629	4.639969	1.3658242225646973	4
910704	1825	-1.737204	2.9498484134674072	4
910079	2438	10.548642	3.716737985610962	4
910399	1624	2.350566	4.138278961181641	4
688018	1191	-5.439668	0.3758968710899353	4
909757	1052	2.892988	1.8178400993347168	4
688086	1824	0.90309	2.700566530227661	4
905959	1809	1.827039	3.059617757797241	4
687815	1730	2.200304	3.127161741256714	4
906763	1014	2.650081	2.4341554641723633	4
1240174	1844	6.06502	3.0308854579925537	4
909747	1634	5.867739	5.5325846672058105	4
1290806	1529	-0.046369	3.3902668952941895	4
1240155	1713	2.911264	3.0603249073028564	4
1331036	2149	0.09141	2.19840407371521	4
753564	1038	1.983555	3.6707050800323486	4
905983	2010	5.386971	3.058750867843628	4
1524416	1720	6.031352	2.3108909130096436	4
688058	1020	5.64034	1.3641247749328613	4
1299052	1621	6.304374	3.0872111320495605	4
910905	1924	2.229804	2.533348798751831	4
722066	1510	4.14417	3.4577603340148926	4
924187	1375	8.129308	2.654480218887329	4
907790	1168	0.938734	2.5620033740997314	4
1298348	1617	-4.025646	2.9419360160827637	4
1299078	1714	3.235413	1.14143705368042	4
908150	1061	5.22647	3.7518012523651123	4
753559	1576	2.703295	3.985328435897827	4
753561	1038	2.244304	3.7583096027374268	4
1298529	2438	10.407649	3.4033749103546143	4
1290730	1734	1.848712	3.804440975189209	4
1327769	1050	1.063351	-3.7979912757873535	4
906835	1180	0.034559	1.872542381286621	4
909904	1029	7.163805	3.462890863418579	4
907277	1998	2.636445	2.3155128955841064	4
1240219	1706	2.335497	4.052074909210205	4
687821	1998	6.715814	3.971829414367676	4
1330942	1918	5.141149	1.6882872581481934	4
1240159	1631	2.539902	3.629309892654419	4
1327765	1083	1.437864	1.1519863605499268	4
687985	1854	5.099829	3.621920585632324	4
753569	1930	0.780071	3.8088181018829346	4
910704	1085	3.079448	3.5126702785491943	4
909248	1834	2.610432	2.7923409938812256	4
906839	1558	4.081232	2.6419172286987305	4
909753	1634	3.109959	5.155592441558838	4
1331048	1249	1.939346	2.493256092071533	4
906824	1512	3.715172	2.258204460144043	4
907058	2156	2.921482	3.938109874725342	4
907320	2145	-0.388599	3.1395630836486816	4
687815	1021	1.65203	2.9625892639160156	4
687821	1624	4.965102	4.138278961181641	4
906875	1557	4.807655	1.8212265968322754	4
688026	1005	4.986702	1.8452582359313965	4
1240160	1007	-3.590341	-1.60337233543396	4
946355	1629	4.460961	1.10784912109375	4
907058	2048	-2.312449	-0.3904504179954529	4
907062	1054	5.834402	1.9348559379577637	4
909713	1079	4.800055	4.0499396324157715	4
909723	2106	2.856417	2.757408618927002	4
908447	1062	2.421673	2.6900687217712402	4
905985	1511	-1.181773	2.872941732406616	4
909250	2107	5.688543	2.655745506286621	4
724834	1049	5.23291	3.3220129013061523	4
907319	1840	4.062972	3.1395630836486816	4
1327768	1067	3.834527	0.40741169452667236	4
1298157	2038	2.892541	4.142973899841309	4
910692	1089	1.822852	1.8452582359313965	4
924106	1928	4.651418	3.6288764476776123	4
753622	2439	8.769744	3.716737985610962	4
910903	1998	3.623787	3.938109874725342	4
907313	1939	5.555281	2.153860569000244	4
724873	1030	5.147066	4.150619983673096	4
1240199	2148	1.818192	3.228731393814087	4
905959	1025	6.711036	4.035938262939453	4
908451	1614	3.707702	2.2356555461883545	4
1299081	1017	3.889557	4.055182456970215	4
906818	1624	3.340061	4.0235066413879395	4
905941	1815	8.203211	3.620103120803833	4
753558	1713	3.758631	3.2509820461273193	4
1659928	1819	-6.275712	-1.942995548248291	4
908152	1779	1.204425	3.5804686546325684	4
1330991	1200	2.695369	2.6656031608581543	4
724870	1511	-1.363207	3.156613349914551	4
907171	1930	0.720867	4.055182456970215	4
910704	1630	3.647004	3.5126702785491943	4
1298157	1017	4.534884	3.9108006954193115	4
910933	1782	5.783872	3.5807151794433594	4
917486	1559	-0.634893	0.8676882386207581	4
753563	1093	3.709185	1.7003509998321533	4
749711	2149	0.682793	4.142973899841309	4
908147	1582	2.802331	1.7219581604003906	4
924244	1032	-1.13203	3.003225564956665	4
1298357	1179	2.727878	2.1546919345855713	4
1290455	1026	-0.436085	-0.18942677974700928	4
925340	1614	3.716849	3.41528582572937	4
1298348	1733	2.470952	3.918010711669922	4
1247873	1502	5.165149	4.577112197875977	4
753534	1072	4.397285	3.572082757949829	4
1240198	2159	4.080224	4.0951972007751465	4
909252	1622	3.334265	2.4112095832824707	4
908457	1786	3.633466	3.0184011459350586	4
905938	1627	1.958412	2.6328091621398926	4
908141	1830	2.249772	2.265040397644043	4
910554	1996	3.759099	2.3284170627593994	4
722045	1930	0.570502	4.150619983673096	4
905947	1844	3.006276	3.23235821723938	4
1298348	1809	2.424844	3.0045273303985596	4
909715	1053	-0.203129	1.6882872581481934	4
946363	1529	-1.061216	3.437267780303955	4
1503367	1033	3.032245	3.716737985610962	4
909724	1634	4.366824	4.593025207519531	4
1480367	2171	1.087705	3.2985310554504395	4
905941	1013	5.698154	3.526466131210327	4
1660036	2045	4.002404	2.533348798751831	4
907277	1776	2.60642	1.7422237396240234	4
1298348	1854	6.737759	4.260012626647949	4
908469	1930	1.185848	3.6707050800323486	4
1298136	2111	6.597943	4.0481462478637695	4
753578	1593	3.007729	3.48917818069458	4
1240223	1053	6.318814	2.8046975135803223	4
1298359	1580	5.750059	3.987025022506714	4
909703	1268	4.143173	2.4112095832824707	4
906851	1003	0.220986	2.8907833099365234	4
909703	1375	3.787583	0.9103354215621948	4
909737	2048	-1.88196	-1.60337233543396	4
930299	2045	5.563107	2.8046975135803223	4
905976	1910	4.714679	2.841865301132202	4
906790	2109	0.935057	3.902925491333008	4
910694	2439	10.334886	3.5807151794433594	4
908480	1019	3.260243	3.025665521621704	4
906877	1034	-2.241401	1.0954670906066895	4
753563	1626	0.933274	2.7383062839508057	4
1240196	1617	4.862314	2.1143600940704346	4
907276	2170	5.433441	2.637542724609375	4
749716	1862	-0.894636	0.7904373407363892	4
907272	1529	2.778339	2.3155128955841064	4
906826	1023	4.90823	3.342721700668335	4
1298160	1013	1.055913	3.3337998390197754	4
905946	1622	3.676895	4.207280158996582	4
910569	1494	-2.523369	2.573582410812378	4
910948	1835	2.904911	2.9498484134674072	4
1299070	1622	3.424669	4.035938262939453	4
910926	1013	3.62024	3.454437494277954	4
1240154	1008	-2.51575	2.9510107040405273	4
905980	1507	7.398609	3.706996202468872	4
907311	2096	-0.748962	1.740217924118042	4
910851	1179	-1.144368	2.2329084873199463	4
908147	1803	4.633108	1.8283216953277588	4
1503370	1372	-1.019092	3.2326881885528564	4
949154	1237	4.543625	3.42345929145813	4
753535	1179	2.713027	1.9348559379577637	4
687586	1598	4.167425	3.8921892642974854	4
907278	1553	4.557372	1.6882872581481934	4
1240217	1060	1.655925	3.385108470916748	4
930083	1631	6.744461	3.7821781635284424	4
925348	2039	4.899063	3.459388017654419	4
909904	1706	5.227544	4.052074909210205	4
908126	1004	-5.416917	-3.728372812271118	4
749715	1553	-0.109298	2.4316303730010986	4
749709	1507	4.827321	3.5126702785491943	4
1240158	1012	2.361739	3.453313112258911	4
924102	1832	5.154512	3.2193543910980225	4
909761	2111	3.729594	3.8865675926208496	4
724825	2106	-2.76986	1.532726526260376	4
749717	1598	6.167368	4.207280158996582	4
1240181	1553	2.656434	2.1759791374206543	4
687588	1593	2.954214	3.1826870441436768	4
907295	1930	0.95136	3.6707050800323486	4
910853	1631	5.65172	4.0499396324157715	4
1298136	1053	5.484664	2.975034475326538	4
688010	1635	4.792132	3.4250214099884033	4
1240201	1853	2.259011	3.459388017654419	4
910694	1073	6.098609	3.5807151794433594	4
724839	1026	5.020427	0.6910004615783691	4
1298529	1560	3.907549	2.499650716781616	4
753577	1019	2.992985	3.706996202468872	4
753572	1088	1.466539	3.156613349914551	4
753576	1018	6.053572	3.9681038856506348	4
1240223	1713	3.529193	2.7426013946533203	4
1240187	1915	2.256547	3.003225564956665	4
1298476	1930	3.187845	4.0481462478637695	4
907063	1200	3.232803	3.0898027420043945	4
1303897	1007	-4.228057	-3.7979912757873535	4
908146	1817	-6.093906	1.7219581604003906	4
905940	2047	2.177485	1.740217924118042	4
724872	1053	2.965725	2.1271069049835205	4
905979	2003	5.244052	3.23235821723938	4
905933	1584	2.102167	3.360426425933838	4
909257	1023	3.519763	3.3150503635406494	4
753579	2111	4.20938	4.055182456970215	4
687997	1629	4.662331	0.3758968710899353	4
1298216	1849	0.449941	2.914053201675415	4
753565	1194	4.854056	2.2178521156311035	4
910926	2044	2.4938	2.5009219646453857	4
1240200	1057	-0.531954	2.8625996112823486	4
909252	1866	1.643864	1.7422237396240234	4
1327766	1005	3.102035	1.2599480152130127	4
687777	1080	-0.147948	-0.31735628843307495	4
687798	1029	5.614443	3.3220129013061523	4
687816	1050	2.68554	-0.31735628843307495	4
907067	1928	3.772374	4.0235066413879395	4
908442	1083	1.544274	3.0184011459350586	4
1331045	2360	3.091422	1.244260311126709	4
946377	1529	0.531376	3.5807151794433594	4
687459	1615	4.935495	2.7993829250335693	4
1240122	1080	-1.997849	-1.5411677360534668	4
910932	1585	4.308818	3.3057429790496826	4
1480371	1736	5.461412	3.1308605670928955	4
908442	1018	5.76521	3.8865675926208496	4
924244	2498	8.086444	5.905318737030029	4
910689	2040	1.714189	3.0184011459350586	4
946377	1622	5.028913	3.8921892642974854	4
909747	1006	5.964405	3.6532208919525146	4
907063	1049	5.469534	1.1519863605499268	4
1503365	1626	2.087665	3.987025022506714	4
909761	1806	5.069941	2.573582410812378	4
905969	1131	3.539451	4.796665668487549	4
909250	1862	-0.7859	0.9133924841880798	4
753612	2046	5.094227	0.8702912926673889	4
924102	2439	10.454859	3.7236549854278564	4
1298216	1813	6.081643	3.156613349914551	4
910932	1069	2.512129	3.5045135021209717	4
905969	1177	5.019513	3.961496114730835	4
1298223	1038	3.862568	3.8088181018829346	4
905977	1237	6.21214	4.261425495147705	4
907066	1932	4.637487	3.142500638961792	4
753554	1511	-1.230682	2.6767337322235107	4
1240143	2002	5.821065	3.067237615585327	4
753545	1133	2.928835	4.702743053436279	4
753583	1826	1.82748	2.9059336185455322	4
917486	1830	2.800207	2.9895946979522705	4
687787	1080	-3.839013	-1.2120935916900635	4
911905	1941	-5.297282	2.6899750232696533	4
687980	1580	4.390288	3.4360568523406982	4
1524415	2040	0.675438	3.5181219577789307	4
753552	1030	5.155369	3.9166688919067383	4
917486	1594	3.285473	2.533348798751831	4
907790	1780	3.722763	3.7082602977752686	4
949094	1072	5.788902	3.5807151794433594	4
1509073	1560	3.487622	2.655745506286621	4
1297447	2055	2.520716	2.3226685523986816	4
908468	1510	3.990368	2.44085693359375	4
1331050	1091	2.118545	1.543259620666504	4
753562	1248	-4.446524	5.547497749328613	4
924108	2438	10.357786	3.6532208919525146	4
688031	1918	4.838483	2.1271069049835205	4
909770	1029	6.103932	3.099888324737549	4
907320	2046	4.777556	2.2798075675964355	4
907171	2169	3.094017	2.757408618927002	4
910904	1714	3.464576	2.836839437484741	4
1240212	1718	5.014476	2.953796148300171	4
907173	1047	3.107285	4.833736896514893	4
906824	1631	3.444106	2.953796148300171	4
998184	1626	1.441657	1.9317262172698975	4
908450	1023	5.360688	2.926135301589966	4
1330985	1621	4.331068	2.212318181991577	4
1299059	2055	1.993375	2.9059336185455322	4
905989	2111	3.966472	3.8865675926208496	4
1240172	1029	6.330071	3.342721700668335	4
908472	1054	4.386351	2.5160272121429443	4
1290722	2044	3.49907	2.9510107040405273	4
753533	1932	1.96854	3.954584836959839	4
749710	1817	-4.707551	3.2349982261657715	4
753614	1594	2.505406	2.7097227573394775	4
753594	1089	2.287565	1.8452582359313965	4
949174	1053	3.955594	2.1759791374206543	4
753555	2359	5.069738	3.716737985610962	4
906869	1054	4.853565	2.1546919345855713	4
949178	1845	-2.565573	2.700566530227661	4
1240220	1919	1.934457	2.729393720626831	4
1503366	1060	3.420811	3.0347955226898193	4
1480358	1862	-1.500232	1.3946034908294678	4
908129	2359	6.310459	3.4229369163513184	4
1240123	1844	3.627851	2.9895946979522705	4
907172	2171	3.744393	3.1122686862945557	4
687562	1378	1.60347	2.872941732406616	4
1298476	1020	8.445495	1.686028003692627	4
1503364	1821	3.421009	2.9971930980682373	4
910903	2113	1.968061	3.3034603595733643	4
1299052	1783	4.517689	3.4033749103546143	4
1240122	1784	6.270094	2.9059336185455322	4
910567	1237	4.923717	3.5236966609954834	4
1331050	1926	-1.833946	1.244260311126709	4
753566	1908	3.823741	3.302882432937622	4
906820	1997	4.045009	1.8212265968322754	4
906746	1441	1.925685	2.5808138847351074	4
909724	1020	5.607679	1.6827902793884277	4
925348	1549	4.778525	3.0616159439086914	4
908147	2045	2.795069	1.197744369506836	4
906746	1828	4.607394	3.058750867843628	4
906862	1580	4.88198	3.6288764476776123	4
905959	1375	8.058023	3.059617757797241	4
907300	1932	-0.200105	0.7598019242286682	4
909249	1180	-3.766454	0.8702912926673889	4
905958	1510	3.323464	1.314896821975708	4
753576	2046	4.4444	2.2798075675964355	4
688058	1930	0.865202	3.8911831378936768	4
910944	1615	2.865741	1.197744369506836	4
924106	2158	1.698618	4.142973899841309	4
905962	1494	-4.268584	2.573582410812378	4
906797	1824	2.290944	3.1131439208984375	4
687596	1927	5.060487	3.5257794857025146	4
753552	2171	3.075797	3.142500638961792	4
906830	1014	-2.015639	1.14143705368042	4
753614	1811	-3.128312	3.716737985610962	4
1322213	2171	1.4094	3.2310540676116943	4
1240167	1853	4.228302	3.3053908348083496	4
908145	1091	2.22988	3.6594560146331787	4
1509073	1779	0.455586	3.706996202468872	4
910702	1060	0.499635	3.112635850906372	4
1479987	1052	3.577522	2.39854097366333	4
753576	1025	6.228215	3.985328435897827	4
907272	1713	2.070586	2.4341554641723633	4
908481	1549	3.920371	2.3373751640319824	4
906797	1180	-2.356055	2.267972946166992	4
907276	1930	2.161068	3.7432165145874023	4
1240146	1811	-2.27517	3.971829414367676	4
1240181	1635	5.187197	3.437267780303955	4
925348	2148	0.4103	3.3413097858428955	4
1327769	1025	3.203796	2.6294219493865967	4
909749	1733	0.773381	3.7491321563720703	4
907051	2109	4.825548	3.8749492168426514	4
946354	2111	1.96508	3.9681038856506348	4
910687	1032	1.024669	1.4547812938690186	4
1240200	1834	3.562062	3.228731393814087	4
909975	1083	4.834953	3.1440963745117188	4
1240121	1834	2.507421	2.9059336185455322	4
924239	1916	1.522897	2.645235538482666	4
1298475	1003	-1.84389	3.156613349914551	4
930297	1083	4.114486	2.4345455169677734	4
930299	1021	4.220076	3.2562968730926514	4
722066	1017	5.119205	4.150619983673096	4
906693	2156	2.769571	3.8895394802093506	4
905942	1732	-0.223917	3.971829414367676	4
910900	1855	4.602309	3.2326881885528564	4
906797	1716	4.982806	3.7491321563720703	4
910688	1806	2.372518	0.5859037637710571	4
1330983	1853	3.579696	2.212318181991577	4
687821	1806	8.576435	3.0045273303985596	4
753566	1919	2.380183	2.8953487873077393	4
910710	1714	2.545145	1.740217924118042	4
753572	1930	-0.630636	4.0481462478637695	4
906824	1564	2.875144	2.822744846343994	4
910911	1631	3.882963	3.1667983531951904	4
1509074	1249	2.847247	3.7231600284576416	4
906868	1910	3.920917	1.872638463973999	4
753592	1584	3.768509	3.4845917224884033	4
753615	1803	6.243153	2.3226685523986816	4
753610	1559	-4.276272	0.3758968710899353	4
1298526	1927	6.454876	3.997960329055786	4
910910	1022	3.387041	1.8263051509857178	4
753585	1014	3.474235	3.2509820461273193	4
1240187	1630	2.418193	3.918010711669922	4
905950	1852	5.393027	3.7231600284576416	4
909250	1507	5.749784	3.706996202468872	4
1331036	1635	3.708239	2.493256092071533	4
905940	1918	5.164564	1.7742090225219727	4
1240160	1852	6.391466	3.6688292026519775	4
907063	1069	4.863658	1.8568918704986572	4
1298348	2096	3.504431	3.2326881885528564	4
687514	1829	0.970234	2.6979804039001465	4
910899	1091	3.872535	2.44085693359375	4
905978	1815	4.569348	3.7231600284576416	4
687455	1802	3.769903	3.804440975189209	4
907057	1576	3.031909	4.082611560821533	4
905969	1084	-2.27204	2.8625996112823486	4
753589	2107	6.999668	2.1271069049835205	4
749710	1177	5.762027	3.9108006954193115	4
687985	1847	3.734921	2.6672303676605225	4
909726	1179	0.045266	2.302790403366089	4
722046	1718	3.057506	3.918010711669922	4
1290769	1919	2.79962	2.5620033740997314	4
687561	1018	5.481221	3.8018076419830322	4
949171	2046	2.544515	1.4711873531341553	4
909750	2048	-2.840057	-2.6160428524017334	4
908475	1580	5.3804	4.138278961181641	4
908135	1034	-2.460079	2.3064239025115967	4
905958	1062	3.491856	2.4341554641723633	4
1298533	1268	4.632346	4.169700622558594	4
735784	2040	3.441656	3.155921697616577	4
946363	1129	3.664237	2.1759791374206543	4
1480371	1037	4.246652	3.883882999420166	4
906855	1713	0.21771	1.740217924118042	4
909718	1449	4.947122	3.7082602977752686	4
909712	1170	2.007127	0.8242543339729309	4
907300	1838	3.448447	2.265040397644043	4
687815	1593	1.728666	3.1682093143463135	4
687506	1585	4.189648	2.747363328933716	4
907289	1084	0.512396	2.533348798751831	4
910900	1529	1.054291	3.971829414367676	4
908457	1816	6.696961	4.620165824890137	4
930301	1237	6.236868	4.261425495147705	4
1660036	1718	4.93533	3.7082602977752686	4
1240209	1507	4.498423	3.41528582572937	4
906791	1912	3.184918	2.9444165229797363	4
1298222	1626	5.485979	3.987025022506714	4
905941	1816	6.571088	4.33855676651001	4
688006	1997	3.175214	1.3261008262634277	4
910700	1576	4.149825	4.094106674194336	4
688014	1507	5.706424	3.025665521621704	4
910904	2109	4.729444	3.933809995651245	4
909256	1830	2.5575	2.9498484134674072	4
910399	2040	0.292958	3.3220129013061523	4
906792	1933	2.217084	1.6827902793884277	4
724825	1852	4.624508	3.0459694862365723	4
909774	2110	5.39176	4.058929920196533	4
909708	1618	2.326543	5.547497749328613	4
1240145	1034	-4.390549	3.3220129013061523	4
905990	1510	4.5044	3.2985310554504395	4
908147	1618	1.40634	2.6482036113739014	4
909974	2110	5.886266	4.417837142944336	4
905970	1585	6.055031	3.4845917224884033	4
949179	1005	2.999072	1.9576692581176758	4
1295741	1072	4.085383	3.0459694862365723	4
1240145	1003	-1.850606	3.0045273303985596	4
906814	1839	2.985591	3.3034603595733643	4
905937	2360	4.590816	2.533348798751831	4
909728	1739	3.674967	3.622213125228882	4
907270	1401	0.03267	0.9937239289283752	4
924111	1553	2.885912	2.499650716781616	4
1659928	1834	1.822332	2.9895946979522705	4
687562	2439	8.190504	3.5807151794433594	4
1298136	1996	5.15253	2.914053201675415	4
907279	1625	5.164452	3.661964178085327	4
907280	1912	1.814873	1.6882872581481934	4
722066	1918	5.022496	2.9444165229797363	4
722046	1036	3.304944	3.2326881885528564	4
910911	1777	5.303969	3.1667983531951904	4
906795	1853	5.100769	3.3108530044555664	4
688021	1738	5.835648	2.44085693359375	4
910931	1051	0.603265	-0.31735628843307495	4
1327766	1613	3.055368	3.174084424972534	4
1298134	1739	1.671178	2.953796148300171	4
1524419	1023	3.916895	3.5181219577789307	4
1298222	1401	2.916137	2.2798075675964355	4
749711	1732	2.69677	3.4524590969085693	4
905939	1050	2.161559	-1.942995548248291	4
1509073	1033	4.197148	3.7231600284576416	4
753533	1940	3.929409	4.343428611755371	4
906877	1997	4.438463	0.783431351184845	4
924151	1047	5.673662	4.642441272735596	4
910944	1634	2.11364	2.6482036113739014	4
753610	1783	5.259207	3.4250214099884033	4
1290798	1785	5.2471	3.4524590969085693	4
688023	1618	3.708753	4.598667621612549	4
905937	2045	5.316668	2.533348798751831	4
909761	1093	4.887582	3.2755491733551025	4
1297449	1849	-3.111307	0.659253716468811	4
1303911	2170	1.676422	2.4316303730010986	4
688013	1802	3.45304	3.4250214099884033	4
905982	1614	6.204725	3.6098625659942627	4
907285	1047	6.441311	5.198552131652832	4
753572	1940	3.739398	4.169700622558594	4
687596	1072	3.724583	3.572082757949829	4
1330950	1058	-1.15002	1.532726526260376	4
1240201	1808	1.16589	3.156613349914551	4
924238	1819	-4.291846	-0.29702228307724	4
910567	2173	3.872536	3.416308641433716	4
910951	1559	-4.198672	-0.47016048431396484	4
910904	1016	0.163725	2.499650716781616	4
930083	1580	7.324508	3.754564046859741	4
1240159	2177	1.702285	4.035937786102295	4
753576	2172	3.518388	3.987025022506714	4
713880	1586	4.110103	2.7018001079559326	4
687815	1584	3.399107	3.1682093143463135	4
905989	1175	3.663903	3.8865675926208496	4
924151	1441	3.994832	2.8046975135803223	4
724834	1190	-0.642437	3.0045273303985596	4
1297446	1401	0.945905	0.7230214476585388	4
1240219	2043	5.302462	4.0481462478637695	4
907173	1401	4.059277	2.2864162921905518	4
687505	2359	5.479361	3.206416130065918	4
909907	2046	5.818486	1.8263051509857178	4
908480	1924	4.298387	2.1271069049835205	4
911905	1032	3.461039	2.929608106613159	4
946359	1817	-4.799244	3.2349982261657715	4
905975	1507	5.22572	4.0499396324157715	4
753623	2044	2.868864	2.760331869125366	4
907068	1820	4.238097	2.6979804039001465	4
1330931	2359	4.163508	3.1946165561676025	4
753573	1529	-0.292398	3.716737985610962	4
1240130	1180	-3.930959	2.302790403366089	4
753541	1582	4.815024	3.0872111320495605	4
753556	2154	1.65912	3.8676233291625977	4
910694	1624	4.52304	3.5650794506073	4
753584	1629	4.993599	1.281203031539917	4
917486	1564	1.571948	2.617997646331787	4
1299078	1248	-3.480128	4.593025207519531	4
1480362	1809	0.733457	3.059617757797241	4
1240158	1449	6.039776	3.629309892654419	4
906844	2171	0.326575	3.7070729732513428	4
906818	2040	1.381541	3.3096630573272705	4
917486	1191	-2.863375	0.8676882386207581	4
949171	2173	2.88756	3.416308641433716	4
906798	1060	2.682701	3.302882432937622	4
688087	1029	5.803419	2.3064239025115967	4
753545	1915	1.826654	3.0163559913635254	4
687448	1803	7.644227	3.3034603595733643	4
909905	1813	4.923553	2.872941732406616	4
905944	1617	1.478557	2.9419360160827637	4
906834	2038	3.400566	3.6812264919281006	4
908440	1631	1.061342	3.1752047538757324	4
687506	1853	3.150482	2.747363328933716	4
907314	1091	3.376208	2.359595537185669	4
1290797	1084	-3.603353	2.975034475326538	4
1298151	1401	2.461213	2.452108383178711	4
908461	1629	4.671437	1.3008098602294922	4
907055	2438	8.702696	3.3902668952941895	4
907173	1006	4.546838	3.666588544845581	4
905964	1816	3.0865	3.2823612689971924	4
905979	1910	3.394328	2.3108909130096436	4
688026	1175	3.988806	3.6707050800323486	4
1503368	1013	3.900533	3.9220869541168213	4
907280	1780	4.728003	2.2356555461883545	4
1524415	1088	0.92216	2.9870901107788086	4
753547	1024	-0.773309	3.025665521621704	4
946360	1024	4.088266	3.883882999420166	4
1303911	1627	3.59564	4.142973899841309	4
1299052	1036	6.37356	2.836839437484741	4
1331048	2112	2.09888	1.9702403545379639	4
924240	1021	3.896721	3.342721700668335	4
905976	1730	2.803771	3.5045135021209717	4
905971	1732	3.583758	3.6532208919525146	4
1322213	1511	-0.191569	2.8495066165924072	4
909750	1594	1.265844	2.409184455871582	4
908148	1029	4.220564	1.2616240978240967	4
753546	1009	6.164467	3.938109874725342	4
688025	1919	2.177516	2.3373751640319824	4
905983	1089	4.80625	2.872941732406616	4
753563	1817	-6.239904	2.3650596141815186	4
688006	1069	3.032967	2.693105936050415	4
1303901	1018	5.317461	3.6707050800323486	4
1240173	1594	3.715067	2.533348798751831	4
906870	1029	-2.050796	1.2616240978240967	4
905947	2171	2.574304	3.954584836959839	4
908470	1866	2.004278	3.2309539318084717	4
1298359	1810	1.312645	2.760331869125366	4
906804	1940	3.583285	4.120721340179443	4
687562	1709	-3.065544	1.872542381286621	4
749709	1817	-5.812529	3.2349982261657715	4
909721	1268	5.498622	4.260012626647949	4
1480367	1919	1.847027	2.929608106613159	4
753561	1068	-0.628102	2.1143600940704346	4
907789	1583	1.415511	2.121851682662964	4
1299062	1372	-0.106174	3.5389983654022217	4
687568	1811	-0.489645	3.5807151794433594	4
907048	1149	1.760975	1.9585902690887451	4
909735	1932	4.860262	3.384831190109253	4
905990	1629	4.915891	1.3946034908294678	4
910692	1175	3.460665	3.6707050800323486	4
946356	1080	-3.146721	-0.6766636967658997	4
724825	2145	-0.807494	2.3226685523986816	4
906826	1068	0.598972	1.9585902690887451	4
907281	1580	3.035148	2.7383062839508057	4
1330991	1048	3.877781	2.9159953594207764	4
906855	1048	3.377004	3.195875644683838	4
924188	1057	-1.577524	2.409184455871582	4
910922	2106	3.507989	2.655745506286621	4
1659929	1007	-4.355127	-1.942995548248291	4
687568	1810	0.217846	2.872941732406616	4
1331033	1917	0.964125	2.4670979976654053	4
1298348	1852	6.332511	3.971829414367676	4
905967	1825	-0.024771	3.2652366161346436	4
907276	1529	3.560845	3.3902668952941895	4
908475	1786	2.237067	3.3220129013061523	4
1240197	1780	6.96226	3.883882999420166	4
1303897	1023	3.467278	1.1519863605499268	4
908125	1852	5.216083	3.938109874725342	4
910933	1047	3.790311	4.9216437339782715	4
753572	1494	-4.780345	3.156613349914551	4
1240222	1512	4.613678	3.059617757797241	4
910935	1910	1.504284	0.659253716468811	4
753621	1852	4.248282	3.716737985610962	4
907289	2096	1.671111	2.617997646331787	4
1298151	1085	2.553579	3.629309892654419	4
905935	1168	3.547114	3.2004010677337646	4
907321	1785	5.107387	3.716737985610962	4
753623	2171	2.02988	3.2790544033050537	4
909715	1133	2.80605	3.0440337657928467	4
909774	2113	3.875492	3.1213343143463135	4
907282	1043	4.882528	6.929249286651611	4
724870	2045	4.035318	2.975034475326538	4
1299080	1018	5.153408	4.055182456970215	4
753620	2159	4.290602	3.5236966609954834	4
1298218	2177	1.841321	4.269764423370361	4
910900	1621	3.864659	3.4845917224884033	4
908123	1908	2.794681	3.8169400691986084	4
907300	2156	-0.082215	2.761914014816284	4
1240189	2043	3.64149	3.6707050800323486	4
753562	1802	3.485407	3.4033749103546143	4
906828	1862	-0.988445	1.3004271984100342	4
905957	1613	2.755932	3.9108006954193115	4
949171	2171	-1.632302	2.359595537185669	4
1290806	1510	4.461705	3.2721011638641357	4
749714	1627	4.073647	4.142973899841309	4
753574	1038	5.082239	3.9681038856506348	4
1240198	1826	3.204695	3.228731393814087	4
906746	2159	4.515551	3.9061851501464844	4
909709	1375	6.634307	2.644202709197998	4
909740	1068	1.514754	2.3284170627593994	4
724868	1020	5.123305	1.5029873847961426	4
1327769	1838	3.577055	1.9702403545379639	4
906804	1088	1.563821	2.8495066165924072	4
1295740	1996	1.951071	0.783431351184845	4
949153	2360	2.859063	1.197744369506836	4
1240174	2040	2.127466	2.9729135036468506	4
905979	1776	4.916702	3.3770225048065186	4
687590	1716	4.942726	3.6098625659942627	4
906765	2106	-0.686315	1.532726526260376	4
909740	1494	-1.40742	2.573582410812378	4
909726	1048	4.263408	4.055182456970215	4
908129	1873	1.646393	2.5261270999908447	4
1297446	2043	4.020053	2.420258045196533	4
906795	2361	6.006086	2.8046975135803223	4
910918	1067	3.724712	0.40741169452667236	4
910927	1739	2.333247	3.5126702785491943	4
753615	1372	-2.890622	2.4672393798828125	4
907068	1199	3.73086	3.7365267276763916	4
905969	1058	0.884051	2.8625996112823486	4
907319	1830	2.379426	3.1395630836486816	4
1240223	1050	6.153606	-0.29702228307724	4
1290769	1553	3.679929	2.533348798751831	4
908476	1821	3.975748	3.2652366161346436	4
1480374	1576	3.636739	4.035938262939453	4
908475	1712	-2.472753	3.971829414367676	4
1480371	1248	-0.600819	5.155592441558838	4
905948	2145	0.55255	3.23235821723938	4
998184	1806	4.353311	0.9103354215621948	4
753584	1586	4.822457	3.2920191287994385	4
753595	1873	4.417216	2.975034475326538	4
910951	1088	-1.142134	1.0750892162322998	4
724839	1069	3.853603	2.7319629192352295	4
1331032	1635	5.077038	2.493256092071533	4
925338	2362	5.193695	2.4316303730010986	4
753551	1915	3.043318	2.3373751640319824	4
753612	2154	2.937163	2.9279723167419434	4
907274	1941	-6.054261	0.659253716468811	4
908147	1854	3.346196	2.4112095832824707	4
910545	1912	2.025088	1.6882872581481934	4
1331038	1786	0.396894	1.1519863605499268	4
909740	1708	-0.638229	1.8178400993347168	4
687590	1629	4.729724	0.8242543339729309	4
1297446	2113	0.938931	1.8283216953277588	4
909703	1093	3.317138	1.314896821975708	4
907278	1060	1.163447	1.9200646877288818	4
905959	1180	-0.266853	2.39854097366333	4
909263	2096	0.96282	2.617997646331787	4
910920	2039	3.853052	3.48917818069458	4
910569	1199	1.278044	4.620165824890137	4
1290769	1004	-0.173333	-1.942995548248291	4
907269	1048	3.455936	3.1451780796051025	4
1240146	1060	3.308108	3.2326881885528564	4
1503364	1190	1.624883	2.8183605670928955	4
910702	1549	4.87321	3.0616159439086914	4
924111	1072	3.997599	3.4033749103546143	4
906820	1511	-2.196885	1.9576692581176758	4
1298146	2172	3.269263	3.8130881786346436	4
910935	1072	3.241681	2.493256092071533	4
925347	1626	0.401374	4.052074909210205	4
753541	1627	2.952946	3.7840540409088135	4
1480372	1780	6.446084	3.883882999420166	4
907278	1997	4.537985	0.6928384900093079	4
1303897	1736	6.103839	2.683992624282837	4
724868	1941	-3.455827	2.9419360160827637	4
753563	1873	-0.707872	1.532726526260376	4
1290905	1581	4.090373	3.6288764476776123	4
687800	1511	-0.825984	3.0045273303985596	4
1287706	1039	3.535772	4.0499396324157715	4
1660034	1812	2.014477	2.573582410812378	4
688014	1940	4.444248	3.621920585632324	4
1330972	1007	-5.137758	-3.22637939453125	4
1290722	1631	3.764059	3.7821781635284424	4
1298476	1086	4.381983	2.5007617473602295	4
908463	1057	-2.470039	2.9444165229797363	4
753585	1012	2.444305	3.48917818069458	4
906824	2159	1.770181	3.42345929145813	4
1331036	1084	-3.925134	1.244260311126709	4
909252	2145	-0.736868	1.8283216953277588	4
906792	1931	5.15589	4.702743053436279	4
753533	1630	4.138811	3.706996202468872	4
946354	1072	2.673847	3.716737985610962	4
908458	1833	0.037809	2.9895946979522705	4
905977	2110	6.008545	4.261425495147705	4
724869	1068	1.892376	2.914053201675415	4
906797	2109	1.910122	4.022722244262695	4
1298226	1824	3.219892	3.067237615585327	4
906795	2106	5.595714	2.8046975135803223	4
1299078	1806	5.684353	2.871769666671753	4
949178	1806	4.99064	1.9576692581176758	4
924111	1838	3.832681	2.9059336185455322	4
753621	1824	3.462313	3.1395630836486816	4
908145	1012	1.404869	3.1505625247955322	4
749711	1594	3.093996	2.4316303730010986	4
1240185	1004	-3.001271	-0.31735628843307495	4
905967	2107	4.936047	2.9444165229797363	4
1331033	1833	1.849369	1.9702403545379639	4
1299080	1866	2.045064	3.5045135021209717	4
753618	1924	3.631095	2.1759791374206543	4
1240223	2000	6.176697	3.2193543910980225	4
907319	1563	5.890347	3.9782726764678955	4
949176	1025	6.217261	3.5119025707244873	4
909753	1576	3.64536	4.035938262939453	4
1290798	1013	3.302964	3.9502813816070557	4
949178	1835	2.08539	2.700566530227661	4
687821	1463	6.821512	3.3220129013061523	4
909253	2158	1.926948	2.6328091621398926	4
907048	1811	-1.524813	3.4524590969085693	4
1298216	1615	5.536913	2.975034475326538	4
907300	2177	1.125539	2.6328091621398926	4
724873	1925	5.620459	4.577112197875977	4
1297447	1019	2.163211	2.645235538482666	4
753576	1511	1.550846	2.760331869125366	4
1290922	1069	4.085638	3.0618491172790527	4
908460	2157	6.584309	4.3382744789123535	4
1240196	1739	4.989632	3.1667983531951904	4
910704	1059	-0.618275	2.4316303730010986	4
907282	1191	-5.639485	0.7346284985542297	4
753532	2113	3.096727	2.9059336185455322	4
906875	2047	2.739624	2.6900687217712402	4
1240183	1941	-5.586664	2.270242214202881	4
906797	1706	2.524765	4.014430522918701	4
930299	1006	4.224366	3.7236549854278564	4
907275	1561	-1.705287	1.6882872581481934	4
687562	2107	4.711036	2.5808138847351074	4
905986	1050	3.585932	-1.8828163146972656	4
907051	1940	3.974613	3.8749492168426514	4
910899	1853	4.032108	2.7018001079559326	4
909723	2107	3.818131	2.757408618927002	4
907058	1613	4.694152	4.055182456970215	4
687505	1088	1.428058	2.258204460144043	4
908460	1191	-0.744065	1.5029873847961426	4
1240181	1811	-3.315284	3.437267780303955	4
1298219	1582	4.831933	3.2382264137268066	4
907270	1085	1.446219	2.758903980255127	4
687588	2113	3.564278	3.058750867843628	4
688015	1085	1.566047	3.025665521621704	4
908447	1372	-2.082196	2.6900687217712402	4
910932	1091	4.768908	3.1122686862945557	4
1330991	1067	4.469798	0.8278698325157166	4
905957	2156	2.326684	3.4524590969085693	4
906844	1866	1.611782	3.0618491172790527	4
924107	1073	3.700907	3.206416130065918	4
907170	2499	7.962158	4.63679313659668	4
910544	2158	1.848526	2.783674478530884	4
910546	1782	5.823878	3.8895394802093506	4
749710	1510	3.331907	3.7070729732513428	4
1299080	2037	4.520128	4.261425495147705	4
910853	1463	4.501925	3.3096630573272705	4
907289	1918	4.050243	2.533348798751831	4
905948	1088	4.937192	2.9870901107788086	4
724878	2159	5.819765	4.3382744789123535	4
907169	1012	0.722078	3.3057429790496826	4
909256	1826	2.864501	2.9498484134674072	4
1330995	2111	4.733817	2.4670979976654053	4
1660036	1594	4.047652	2.533348798751831	4
1297438	1047	5.047675	4.247089862823486	4
908463	1578	6.487217	3.0045273303985596	4
910692	1634	3.479848	4.598667621612549	4
907275	1808	0.172369	0.5859037637710571	4
687983	1061	4.627391	3.5389983654022217	4
905972	2037	5.028076	4.3382744789123535	4
910687	1079	1.029992	1.7952566146850586	4
1290908	1854	4.275786	4.260012626647949	4
753554	1191	-5.777996	1.0103025436401367	4
906798	1802	3.138518	3.804440975189209	4
908146	1239	0.25326	2.3155128955841064	4
910930	1034	-2.321904	1.1519863605499268	4
724839	1180	2.643285	1.6584224700927734	4
946355	1816	5.191829	4.435855865478516	4
687514	1714	4.012043	2.822744846343994	4
1240142	1784	4.046827	3.067237615585327	4
909719	1557	5.516962	2.6398816108703613	4
749711	1581	3.730315	3.6288764476776123	4
906693	1783	5.792081	3.8895394802093506	4
906834	2112	2.429434	2.7923409938812256	4
907287	1618	2.488794	5.5325846672058105	4
1240181	1840	1.579113	2.700566530227661	4
1524418	1024	0.454898	3.706996202468872	4
909704	1268	4.640819	4.022722244262695	4
909697	2498	7.950047	4.887742519378662	4
910903	1866	1.495509	3.5045135021209717	4
907062	1815	6.178654	3.4033749103546143	4
908457	1179	1.048579	1.8178400993347168	4
1240170	1014	3.462431	3.2315986156463623	4
910689	1014	1.581349	2.617997646331787	4
906817	1053	5.736868	2.7097227573394775	4
687800	2498	8.845195	5.905318737030029	4
907790	1191	-4.229094	0.8676882386207581	4
910905	1052	4.927518	1.8178400993347168	4
905957	1580	4.986593	3.6288764476776123	4
1290922	2002	5.912761	2.9498484134674072	4
910936	1561	-2.496996	2.499650716781616	4
753589	1833	4.283823	2.6672303676605225	4
687596	1054	4.558004	2.2329084873199463	4
1330984	1058	1.611693	1.244260311126709	4
910549	1168	2.773169	2.6990511417388916	4
724874	1268	5.116379	4.260012626647949	4
907276	1580	5.917686	3.485671043395996	4
687505	1926	0.079767	2.256009340286255	4
1240226	1814	7.235136	2.871769666671753	4
1298151	1049	4.256023	3.3584325313568115	4
909256	1560	0.144615	2.4316303730010986	4
1503368	1068	2.576723	2.6051480770111084	4
1295740	1084	-1.582288	1.197744369506836	4
907169	1067	5.346977	2.302790403366089	4
688013	1010	3.382426	2.3373751640319824	4
907045	1051	5.197853	-1.3838927745819092	4
910688	1849	-2.107922	0.6928384900093079	4
724868	1854	3.863662	4.260012626647949	4
753589	1019	5.092626	3.025665521621704	4
905936	1004	-5.047672	-1.942995548248291	4
930298	2043	6.322537	3.5363662242889404	4
1290806	2173	3.222969	3.485671043395996	4
1330985	2048	-5.401544	-4.371927261352539	4
910941	1941	-4.944444	1.8212265968322754	4
905960	1021	3.306965	3.342721700668335	4
1240197	1033	6.092302	3.795720338821411	4
905990	2000	5.74889	3.228731393814087	4
908455	1712	-3.644309	3.3902668952941895	4
910852	1930	0.446924	3.9108006954193115	4
1331055	1799	5.120292	3.025665521621704	4
907276	2172	4.59202	3.485671043395996	4
949171	1560	2.759285	2.1759791374206543	4
1480364	1852	6.095823	3.795720338821411	4
688015	1072	3.485376	3.4250214099884033	4
1240123	1631	3.444135	3.7082602977752686	4
1295741	1080	-6.0101	-3.588235378265381	4
688015	2169	1.83089	2.1271069049835205	4
687505	1853	2.817778	2.747363328933716	4
1298353	2046	2.738139	2.2329084873199463	4
946382	1576	1.644317	4.207280158996582	4
908120	1050	3.895059	-1.3838927745819092	4
687586	1004	-2.73412	-1.8828163146972656	4
1298218	1463	4.082867	3.462890863418579	4
724859	1083	3.365211	3.3220129013061523	4
907791	1627	3.49614	2.9279723167419434	4
1330941	2044	5.388898	2.8907833099365234	4
946367	1016	-1.060668	2.5808138847351074	4
910549	1578	5.471034	2.760331869125366	4
687586	1016	0.532379	2.5808138847351074	4
687804	2177	1.326109	4.058929920196533	4
753561	1939	0.802004	2.1143600940704346	4
749716	1913	4.867863	5.386874198913574	4
907057	1712	-3.753732	3.6688292026519775	4
907045	1083	5.204869	3.342721700668335	4
946377	1927	4.579305	3.6098625659942627	4
688006	1819	2.135077	-3.22637939453125	4
753608	1739	2.452247	3.918010711669922	4
1524417	1915	1.604258	2.729393720626831	4
907062	1061	3.878068	2.836839437484741	4
907280	2177	1.509007	2.6328091621398926	4
910936	1932	0.960175	3.150951623916626	4
909737	2361	5.858848	2.9873926639556885	4
1509073	1557	4.223066	2.3108909130096436	4
1331033	1072	4.003978	2.493256092071533	4
687596	1502	3.882497	4.2303032875061035	4
687563	1177	5.195674	3.8018076419830322	4
749711	1819	-4.679323	-1.3838927745819092	4
910545	1594	2.489234	1.6882872581481934	4
907169	1634	4.933235	4.593025207519531	4
1330947	1006	-2.239314	2.761914014816284	4
1659823	1510	4.621984	3.2755491733551025	4
753600	1268	4.091764	4.260012626647949	4
907295	1836	3.158124	2.6672303676605225	4
905963	1594	3.36383	2.655745506286621	4
1240187	1613	2.748865	4.150619983673096	4
906863	1512	5.256719	2.644202709197998	4
909745	1580	5.963447	3.5650794506073	4
753573	1553	-0.505048	2.7097227573394775	4
910688	1191	-5.362425	-0.18942677974700928	4
909709	1941	-4.098528	2.1143600940704346	4
924102	1713	1.331328	2.7426013946533203	4
905975	2045	4.844916	2.757408618927002	4
907320	1057	-2.014945	2.7097227573394775	4
907792	2003	6.800417	2.9895946979522705	4
908440	1042	5.510468	5.012502670288086	4
1330995	1933	3.61337	-0.3737666606903076	4
909725	1058	1.652444	2.757408618927002	4
907278	1016	0.502197	1.6882872581481934	4
909781	1175	5.614555	4.139767169952393	4
1503365	2048	-0.268775	-0.6766636967658997	4
906746	1024	0.07255	3.6098625659942627	4
906865	1716	5.608978	4.0499396324157715	4
753576	1941	-0.04585	2.6051480770111084	4
946359	2096	5.29737	3.8169400691986084	4
949153	1809	-1.067536	0.9103354215621948	4
1290798	1190	4.525381	2.8907833099365234	4
930297	1048	4.079006	3.5363662242889404	4
1298168	1018	5.762647	4.139767169952393	4
946363	1177	1.890118	3.4529154300689697	4
907269	1908	2.658193	2.934821844100952	4
688025	2148	0.253841	2.6672303676605225	4
1240187	1248	-1.718207	5.905318737030029	4
1299080	2039	2.506112	3.3057429790496826	4
908458	1817	-4.337051	3.1608517169952393	4
907067	2048	-4.644508	-0.3904504179954529	4
906795	1862	-1.885731	1.3004271984100342	4
1330995	2002	4.654387	1.9702403545379639	4
906805	2048	0.987477	-0.31735628843307495	4
910851	1008	0.167161	2.8495066165924072	4
1330973	2110	6.455037	3.5204875469207764	4
909975	1833	-0.126096	3.1213343143463135	4
907068	1378	1.745702	2.258204460144043	4
907789	1824	2.449709	1.8283216953277588	4
713899	1068	0.232038	1.3261008262634277	4
1240173	1050	1.35633	-1.942995548248291	4
907792	2154	3.653788	4.142942905426025	4
1298347	1814	5.640049	3.0045273303985596	4
907068	1803	3.03557	2.6979804039001465	4
1480359	2111	1.754744	3.961496114730835	4
906763	1441	2.059234	1.197744369506836	4
905984	1618	3.35795	5.410351276397705	4
687563	1017	3.282475	3.8018076419830322	4
753548	1059	1.103846	1.6882872581481934	4
687777	1816	5.505226	4.577112197875977	4
909753	1067	6.134685	2.39854097366333	4
687459	1706	4.874891	4.014430522918701	4
908458	1373	4.16634	2.617997646331787	4
909256	1069	1.688409	3.0618491172790527	4
906801	1558	2.183408	2.519641876220703	4
906817	1708	0.946369	2.2798075675964355	4
909745	1441	1.874084	2.5808138847351074	4
1331034	1043	4.204252	4.780441761016846	4
908470	2172	2.297527	3.748157501220703	4
1327775	1428	4.193738	3.0459694862365723	4
687459	1378	4.251564	2.5009219646453857	4
1303911	2110	4.354414	4.142973899841309	4
688013	1557	4.755986	1.3261008262634277	4
910921	2010	2.729425	3.3034603595733643	4
905986	1083	3.173122	3.190483808517456	4
907312	1778	3.124356	2.7993829250335693	4
1240130	1632	2.17401	2.302790403366089	4
949178	2359	4.653056	3.437267780303955	4
1298169	1853	4.21144	3.48917818069458	4
905942	2156	4.038174	3.971829414367676	4
910916	1826	0.748563	2.9059336185455322	4
688025	1614	2.996107	3.025665521621704	4
1330950	1862	-1.433875	-0.044733405113220215	4
687596	1049	4.72417	3.1440963745117188	4
1298531	1014	1.95882	2.836839437484741	4
688086	1564	3.520868	2.6900687217712402	4
907055	1925	3.777057	4.304722785949707	4
907295	1013	3.401091	2.752389669418335	4
687802	2361	7.087949	2.9444165229797363	4
905982	1052	3.443318	1.872542381286621	4
924108	2055	2.406229	2.9895946979522705	4
906765	1057	-3.599768	1.532726526260376	4
906855	1598	3.232321	2.9771888256073	4
910702	1507	8.826805	3.997960329055786	4
910079	1024	0.631956	3.599485158920288	4
1240201	1913	4.220487	5.790410041809082	4
1240154	1786	2.721598	3.2562968730926514	4
946353	1093	3.763224	3.2790544033050537	4
906763	1052	1.929683	0.7230214476585388	4
905951	1815	7.041721	3.4524590969085693	4
909249	1239	1.22661	3.0459694862365723	4
1331036	1083	0.730209	1.1519863605499268	4
1503367	1428	3.571191	3.716737985610962	4
909753	1819	-1.086134	-1.2957184314727783	4
946354	2171	-2.266361	3.2790544033050537	4
908469	1928	3.771412	3.4360568523406982	4
1331038	1940	2.999251	2.6294219493865967	4
1240122	1785	5.688317	3.4033749103546143	4
907319	1634	3.683788	5.657320022583008	4
906812	1006	1.830721	3.4524590969085693	4
909761	1824	3.381327	2.9895946979522705	4
687997	1004	-1.841678	-3.22637939453125	4
907291	1073	3.919401	3.6532208919525146	4
1295740	1177	2.07561	2.420258045196533	4
906826	2113	4.926452	2.9498484134674072	4
910948	1918	4.427323	2.4316303730010986	4
910924	1917	1.485599	3.7432165145874023	4
1240187	1020	5.317427	1.5029873847961426	4
1240226	1046	3.996557	2.302790403366089	4
753572	1832	3.825797	3.3413097858428955	4
909253	1012	0.87603	2.212318181991577	4
753563	1549	4.240232	1.662688970565796	4
1330995	1928	3.605683	1.875302791595459	4
753621	1586	3.93228	3.3053908348083496	4
909751	1072	5.174121	3.6532208919525146	4
907276	1827	-0.769266	2.9971930980682373	4
907312	1083	2.551167	3.0556554794311523	4
908122	2011	1.979721	3.4524590969085693	4
1298134	1580	4.387611	3.199157476425171	4
907795	1617	4.827195	2.3284170627593994	4
1299064	1922	1.219105	3.155921697616577	4
1330985	1069	2.685897	2.3385002613067627	4
753556	1594	4.526448	2.5687410831451416	4
910932	1620	5.061656	4.0235066413879395	4
905944	1068	1.109268	2.9419360160827637	4
909251	2044	1.877412	0.9103354215621948	4
1247871	1029	4.403311	1.0954670906066895	4
1240181	1844	3.247009	2.700566530227661	4
908146	1739	2.304299	1.7952566146850586	4
1240142	1621	4.655515	3.1682093143463135	4
753574	1915	2.453879	2.6990511417388916	4
1240192	1025	5.701926	3.621920585632324	4
907286	1047	5.473994	5.198552131652832	4
753616	1062	2.308844	2.6900687217712402	4
906839	1560	4.675535	2.5808138847351074	4
753610	2173	2.761213	3.4360568523406982	4
907285	1249	4.944956	3.8895394802093506	4
907313	1089	3.050307	2.872941732406616	4
930297	1998	5.777845	3.206416130065918	4
1298358	1932	3.795149	3.2721011638641357	4
906763	1829	0.430341	1.8283216953277588	4
1331055	1060	4.931659	3.5389983654022217	4
906842	1786	1.745722	1.1519863605499268	4
1240145	1023	3.024999	3.3220129013061523	4
909719	1021	3.295092	3.3584325313568115	4
909745	1054	3.520082	1.872542381286621	4
946360	1006	2.076356	3.795720338821411	4
949174	2037	5.801827	3.5236966609954834	4
753623	1912	1.662092	2.7097227573394775	4
909747	2047	2.366962	2.617997646331787	4
687787	1058	2.071757	2.5687410831451416	4
907046	1819	2.189412	-1.3838927745819092	4
687815	1834	3.143879	3.067237615585327	4
910546	1024	1.356608	3.997960329055786	4
1240198	1940	3.297345	4.035938262939453	4
1240226	1018	5.680527	4.055182456970215	4
905951	2159	5.758894	4.142973899841309	4
925340	1051	2.343772	-0.6266331672668457	4
1240212	1847	3.957298	2.6979804039001465	4
907061	1849	-0.703693	2.1143600940704346	4
1240186	1047	5.178041	4.247089862823486	4
910935	1732	2.702074	2.493256092071533	4
905934	1168	4.20037	3.2004010677337646	4
924187	1918	1.556547	2.5261270999908447	4
907051	1622	4.300155	3.8749492168426514	4
906868	1926	0.443134	2.409184455871582	4
1297438	1043	5.037739	5.664697647094727	4
1240122	1820	4.177437	2.9059336185455322	4
905986	1627	3.254895	3.9061851501464844	4
910554	1854	5.713373	4.094106674194336	4
906790	1840	0.519859	2.9971930980682373	4
910936	1089	4.553635	2.644202709197998	4
910710	2177	1.646481	2.783674478530884	4
1480359	1133	2.587337	4.796665668487549	4
907282	1016	1.779312	2.409184455871582	4
909737	2046	4.359635	2.452108383178711	4
1290455	2000	2.711541	2.265040397644043	4
909263	1017	6.890732	3.8865675926208496	4
910687	2145	-3.547611	1.8283216953277588	4
909263	1249	3.305096	3.6532208919525146	4
910951	1050	1.168257	-3.728372812271118	4
1298359	2045	5.23995	2.7097227573394775	4
906824	1909	2.000186	1.7240710258483887	4
905955	1810	4.256415	2.871769666671753	4
687995	1840	2.053272	2.6672303676605225	4
907295	1806	4.663442	1.8452582359313965	4
998189	1932	3.6356	3.2755491733551025	4
753531	1625	4.27861	3.567639112472534	4
687815	1777	4.251028	3.622213125228882	4
687985	1733	2.594729	3.025665521621704	4
1503363	1714	5.994863	3.0347955226898193	4
1330948	1014	2.177652	1.9200646877288818	4
905972	2106	4.237926	2.9444165229797363	4
1298476	1179	3.032479	2.5007617473602295	4
910688	1373	4.123589	1.9200646877288818	4
687586	2044	5.379078	2.872941732406616	4
905969	1778	5.367561	2.8625996112823486	4
905947	1017	3.978413	4.139767169952393	4
907061	1829	0.741051	2.9059336185455322	4
909713	1855	5.295207	1.14143705368042	4
1240168	1932	2.055925	3.5013375282287598	4
1240187	1840	3.613819	3.2652366161346436	4
909771	1046	1.476759	0.8278698325157166	4
910702	1855	8.341209	3.112635850906372	4
906798	2362	5.416972	2.7993829250335693	4
907789	1018	4.133078	2.420258045196533	4
722058	1560	1.485	2.9444165229797363	4
908139	1827	0.450361	2.9971930980682373	4
905970	1593	4.896217	3.4845917224884033	4
930083	1909	4.769821	2.6999452114105225	4
910947	2438	9.709935	2.761914014816284	4
1660035	1583	2.799462	4.142942905426025	4
907790	1814	6.291847	2.573582410812378	4
906839	1576	3.919502	3.8921892642974854	4
908457	2361	5.398089	2.533348798751831	4
910689	1510	6.474739	3.2755491733551025	4
949170	2096	1.454089	2.6900687217712402	4
909761	1050	4.901444	-1.942995548248291	4
907295	1553	3.982831	2.1271069049835205	4
905970	1622	4.504108	4.260012626647949	4
909975	2000	5.019732	3.1213343143463135	4
907282	1553	6.16993	2.409184455871582	4
905945	1463	4.018641	3.342721700668335	4
753551	1061	4.643767	3.5389983654022217	4
1240160	1718	3.503272	3.629309892654419	4
713869	1576	3.201089	4.260012626647949	4
907312	2156	2.449129	3.804440975189209	4
910934	1042	4.762406	4.780441761016846	4
906870	2040	-2.295433	1.2616240978240967	4
906839	1825	-0.294199	3.058750867843628	4
909721	1249	6.527842	3.971829414367676	4
753576	1928	3.845142	3.987025022506714	4
687997	1814	6.855807	1.8452582359313965	4
1298218	1862	-0.985028	1.686028003692627	4
753589	1239	5.392932	3.4250214099884033	4
687997	1615	6.138204	2.1271069049835205	4
910702	1022	3.142782	2.5007617473602295	4
906851	1939	2.275086	1.9585902690887451	4
906793	1019	2.91801	4.0499396324157715	4
905979	1372	0.877788	3.2509820461273193	4
924240	1928	3.133035	3.6288764476776123	4
907172	2107	4.431875	2.757408618927002	4
1331034	1031	-3.57665	-0.3737666606903076	4
924187	2002	5.816163	3.0308854579925537	4
910930	1013	1.498978	1.2784702777862549	4
905949	2047	1.053245	3.2326881885528564	4
906792	1941	-5.534675	2.841865301132202	4
906877	1909	2.389638	0.783431351184845	4
1298357	1373	7.232666	3.0603249073028564	4
906865	1909	1.392077	2.841865301132202	4
949175	1175	2.113206	3.4529154300689697	4
910554	1709	-2.000538	1.8178400993347168	4
1331045	1617	1.627923	0.659253716468811	4
910781	1249	1.971224	3.4229369163513184	4
910549	2110	4.782741	3.9782726764678955	4
1240226	1085	3.435146	4.0499396324157715	4
1240145	1072	4.983124	3.971829414367676	4
909743	1047	5.001291	2.3680262565612793	4
687590	1815	5.793821	3.5807151794433594	4
1298531	1192	2.474696	2.9725539684295654	4
1290455	1635	3.396205	2.761914014816284	4
910079	1709	-1.150153	2.2798075675964355	4
909263	1817	-6.32605	3.1608517169952393	4
1330950	2438	9.23349	3.0459694862365723	4
753562	2107	5.167611	2.499650716781616	4
905946	1507	5.518054	3.5126702785491943	4
910692	1580	5.307345	3.4360568523406982	4
909724	1034	-1.271149	3.3096630573272705	4
1299052	2362	5.881627	2.499650716781616	4
905938	1811	-2.63735	2.761914014816284	4
907321	1061	4.261299	3.0347955226898193	4
907042	1712	-4.83071	3.4060721397399902	4
1331033	1709	-4.725017	0.40741169452667236	4
1503362	1730	0.542017	3.21109938621521	4
688087	1933	5.544765	0.5548354983329773	4
1331038	1043	3.395981	4.780441761016846	4
906834	1507	3.69319	3.3922739028930664	4
688011	1083	2.913153	2.2178521156311035	4
1240212	1200	2.900048	3.7365267276763916	4
905968	1180	-2.885347	2.39854097366333	4
908468	1084	-0.091089	2.1271069049835205	4
909194	1913	4.136138	4.598667621612549	4
949154	1925	5.56062	3.7365267276763916	4
908449	1560	7.012411	2.409184455871582	4
906871	1011	1.873725	1.872638463973999	4
687798	1046	4.336776	2.5160272121429443	4
1299070	1131	4.206899	4.796665668487549	4
909719	1814	6.289639	3.1408941745758057	4
1240187	1558	3.930724	3.003225564956665	4
1240190	2111	5.856628	4.150619983673096	4
753558	1449	5.787071	3.706996202468872	4
1240218	1086	2.012367	2.5007617473602295	4
908455	1624	3.24403	3.485671043395996	4
905946	2170	2.777494	2.4316303730010986	4
910546	1047	6.487413	5.198552131652832	4
907053	1079	2.163815	2.2356555461883545	4
905967	1936	3.017713	3.3220129013061523	4
687590	1834	3.520859	3.058750867843628	4
906801	1038	2.322941	3.9108006954193115	4
910922	1941	-5.690131	2.3108909130096436	4
910944	1576	0.633945	2.4112095832824707	4
905952	1133	3.024538	2.3680262565612793	4
910921	1378	2.456325	2.871769666671753	4
924102	1561	4.954327	2.8046975135803223	4
909724	1557	4.583237	2.841865301132202	4
1480362	1799	6.092177	3.883882999420166	4
1240167	1372	-1.013768	3.0347955226898193	4
908465	1779	2.001526	3.918010711669922	4
1480362	1835	3.595691	3.228731393814087	4
1299070	2048	-4.393146	-1.2957184314727783	4
907282	1180	-1.689783	1.8543353080749512	4
688023	1580	4.922895	3.4360568523406982	4
1240220	1009	5.800393	3.7231600284576416	4
749715	1816	3.61925	4.902135372161865	4
907062	1372	1.06857	2.836839437484741	4
1240200	2172	0.866179	3.8556668758392334	4
924187	1049	4.047938	2.9729135036468506	4
949153	1917	-0.107062	2.420258045196533	4
949173	2044	3.122903	1.9576692581176758	4
688025	1786	2.412531	2.2178521156311035	4
724872	1713	2.576282	3.5389983654022217	4
753572	1826	1.002962	3.3413097858428955	4
688026	1558	4.655032	2.3373751640319824	4
908139	1584	3.380397	3.0915613174438477	4
905968	1586	3.841111	3.360426425933838	4
1240197	1029	7.438567	3.3150503635406494	4
908480	2045	4.300807	2.1271069049835205	4
687448	1814	7.18862	2.871769666671753	4
910920	1709	-0.051069	2.0167813301086426	4
909781	1005	7.672961	2.9870901107788086	4
924111	1999	1.177115	2.9059336185455322	4
909904	1057	-0.757978	2.975034475326538	4
910691	2171	4.604132	3.384831190109253	4
907042	1581	1.430233	3.661964178085327	4
713869	1809	3.911085	3.0045273303985596	4
906804	1786	-0.842293	3.1440963745117188	4
1298529	1003	-1.62119	2.644202709197998	4
1297438	1088	1.150573	1.8452582359313965	4
906795	1060	0.893976	2.7426013946533203	4
753614	1585	4.342937	3.3053908348083496	4
1298357	1831	5.618304	2.9971930980682373	4
1331032	1714	1.730066	2.683992624282837	4
1330972	1783	3.880008	3.4250214099884033	4
905982	1190	-0.824201	2.872941732406616	4
1240178	1017	5.80545	3.908376455307007	4
722066	2010	4.049715	3.2652366161346436	4
753578	1268	4.123196	4.343428611755371	4
1240223	2039	3.633747	3.3108530044555664	4
1479988	1814	6.274974	3.059617757797241	4
724872	2110	4.808828	3.5204875469207764	4
1298218	2360	6.004905	2.975034475326538	4
1524416	1048	4.635525	4.139767169952393	4
909697	1625	4.824888	3.485671043395996	4
905980	1584	5.170773	3.48917818069458	4
1299081	2044	2.612788	2.871769666671753	4
906839	2159	5.597113	3.9061851501464844	4
908152	1020	4.295719	1.3641247749328613	4
906863	1625	3.837911	3.567639112472534	4
905991	1730	1.834733	3.3574345111846924	4
1240174	1043	4.861141	6.507195949554443	4
1298357	1032	0.514934	2.7259902954101562	4
907783	2157	3.984619	2.783674478530884	4
910544	1133	1.736933	3.4459002017974854	4
907071	2173	3.571284	3.8130881786346436	4
753574	2362	6.357446	2.7097227573394775	4
1524414	1049	3.277165	3.5181219577789307	4
910546	1784	5.753867	3.3413097858428955	4
907287	1131	5.623792	4.897191047668457	4
1290798	1180	-3.038361	1.8263051509857178	4
724872	1708	-1.43851	1.3772859573364258	4
910687	1016	0.287258	1.197744369506836	4
1503371	1816	3.711772	4.435855865478516	4
753582	1057	-0.917577	2.1271069049835205	4
909738	2149	3.898374	4.035937786102295	4
905970	1852	6.418304	3.971829414367676	4
1240143	1999	4.156469	3.067237615585327	4
949175	2109	3.353031	3.5119025707244873	4
905936	1778	3.999627	2.533348798751831	4
1330993	1581	1.949381	3.971632480621338	4
1240187	1083	1.503841	3.3220129013061523	4
909746	1625	5.509025	3.8567564487457275	4
1298223	1777	6.027932	3.622213125228882	4
724828	1057	-1.411311	2.1759791374206543	4
1331055	1512	4.987388	1.8452582359313965	4
910694	1804	3.092421	3.058750867843628	4
1298357	1828	5.913182	2.9971930980682373	4
1298226	1712	-4.445125	3.620103120803833	4
946360	1179	1.937829	2.39854097366333	4
688031	2498	7.426429	4.598667621612549	4
924100	1622	4.158324	4.31592321395874	4
1303900	1564	2.851972	3.8169400691986084	4
906865	1180	-3.072524	2.302790403366089	4
688023	2002	4.959978	2.6672303676605225	4
753623	2011	5.481128	3.716737985610962	4
910851	1817	-4.130256	3.2382264137268066	4
909740	1820	2.428857	2.9895946979522705	4
949153	1826	1.173178	1.8283216953277588	4
908141	1180	-4.041636	0.8278698325157166	4
908458	1494	-2.325779	2.573582410812378	4
907276	1835	3.555601	2.9971930980682373	4
946382	1050	3.886926	-1.3838927745819092	4
906843	1712	-3.750143	3.206416130065918	4
909773	1585	3.642909	1.8709831237792969	4
906793	1580	4.431436	4.0235066413879395	4
1298167	1635	5.249308	3.7236549854278564	4
753562	1557	3.903941	2.1143600940704346	4
907062	1804	1.10587	2.9059336185455322	4
753561	1927	2.414059	3.1667983531951904	4
1330950	1910	2.631075	0.8443875312805176	4
949154	2039	2.965153	2.747363328933716	4
949093	1593	6.232501	3.2349982261657715	4
907046	2109	1.760504	4.207280158996582	4
910701	1048	6.472624	3.7583096027374268	4
1299070	2110	4.522707	4.0951972007751465	4
909907	1819	3.938342	-1.3838927745819092	4
907058	1583	3.210426	4.261425495147705	4
905940	1813	5.980993	1.0750892162322998	4
688058	1853	4.543744	3.269153356552124	4
753566	1912	3.387091	2.7993829250335693	4
1299050	1249	3.851175	3.4033749103546143	4
1240179	2149	1.601581	3.42345929145813	4
905960	1594	1.553252	2.4316303730010986	4
753623	1177	5.625933	3.9681038856506348	4
1298362	1911	-6.328555	3.4033749103546143	4
1240187	2038	3.735164	4.3382744789123535	4
1330948	2174	1.613769	2.761914014816284	4
1327769	1998	2.921738	2.493256092071533	4
905974	1631	0.731237	4.0499396324157715	4
1331034	2045	2.641921	1.244260311126709	4
1240169	1826	4.293487	3.058750867843628	4
906807	1191	-5.851258	-0.3737666606903076	4
910944	1927	4.399258	1.7952566146850586	4
906830	2156	3.937657	3.938109874725342	4
1298157	2361	5.168854	2.4316303730010986	4
946355	2110	4.146403	3.9782726764678955	4
910948	1581	3.511632	3.6288764476776123	4
687563	1507	5.065134	3.6098625659942627	4
724839	2148	1.277876	2.6979804039001465	4
688021	1784	6.700377	2.6672303676605225	4
908448	1007	-5.621466	-4.371927261352539	4
909907	1925	6.098536	4.902135372161865	4
906797	1060	2.278585	3.302882432937622	4
1298533	2498	8.116318	5.790410041809082	4
910701	1936	3.326693	3.010918378829956	4
907285	2057	6.250791	3.3413097858428955	4
1331037	1716	2.780041	1.7259180545806885	4
949175	1131	2.78901	4.099785327911377	4
1330941	1180	-3.811642	1.8263051509857178	4
1298146	1062	4.898122	3.385108470916748	4
907071	1058	2.160776	2.9873926639556885	4
909194	1549	4.236942	2.3373751640319824	4
1247871	1778	3.137106	1.197744369506836	4
910935	1086	-3.514552	0.40741169452667236	4
1240127	1529	-1.289242	3.4229369163513184	4
909263	1047	7.307407	4.897191047668457	4
910951	1268	3.576452	2.9771888256073	4
908461	1630	3.766473	3.41528582572937	4
905969	1708	-0.541797	2.39854097366333	4
1298353	1036	4.879839	2.889557123184204	4
688086	1820	3.922753	2.700566530227661	4
1240187	1811	-0.73218	3.971829414367676	4
909249	1021	1.249259	1.49824857711792	4
907319	1441	2.076061	2.7097227573394775	4
930301	1133	3.948936	4.702743053436279	4
753548	1802	2.30984	2.761914014816284	4
1240158	2037	4.712416	4.035937786102295	4
1298533	1199	3.881721	4.7874627113342285	4
905951	2047	4.958209	3.8169400691986084	4
909728	1052	4.628259	2.062113046646118	4
1327768	1372	1.334549	2.683992624282837	4
1660035	1810	2.510515	2.573582410812378	4
749709	2112	1.799311	2.9498484134674072	4
753600	1825	1.372892	3.2652366161346436	4
687561	1716	3.670011	3.6098625659942627	4
907071	1997	3.72787	2.6398816108703613	4
905963	1941	-2.817808	2.3108909130096436	4
1303897	2156	3.250046	2.493256092071533	4
753565	1716	4.388657	3.025665521621704	4
949093	1375	9.643361	2.8907833099365234	4
907071	1713	3.541399	3.385108470916748	4
924106	1080	-4.432384	-1.3838927745819092	4
905950	1250	2.17905	3.706996202468872	4
1240226	1494	-4.828863	2.871769666671753	4
905984	1718	3.174607	3.251267194747925	4
910904	1553	2.889141	2.499650716781616	4
907319	2360	5.466788	2.7097227573394775	4
724869	2154	3.642788	4.269764423370361	4
949170	1598	5.629863	3.5119025707244873	4
688086	2011	2.422751	3.437267780303955	4
906863	1819	-0.841302	-1.5411677360534668	4
1298348	1168	0.05517	3.003225564956665	4
909738	1810	5.524956	3.1408941745758057	4
1503368	1997	3.90829	2.6051480770111084	4
907783	1632	2.202642	0.22982895374298096	4
1327773	1626	1.271213	1.875302791595459	4
910698	1739	3.57265	3.706996202468872	4
1297447	1799	4.95988	2.645235538482666	4
1479987	1004	-4.007507	-1.2957184314727783	4
753615	1093	3.621373	1.7003509998321533	4
908141	1917	0.376186	2.9159953594207764	4
909726	1915	3.278957	3.0163559913635254	4
753622	1852	4.307251	3.716737985610962	4
1298134	1785	3.959291	3.206416130065918	4
753594	1845	-0.514001	2.6672303676605225	4
753624	2170	5.67543	2.975034475326538	4
906832	1924	3.69394	1.244260311126709	4
753554	1799	4.435306	3.622213125228882	4
1298357	1916	6.995417	3.41528582572937	4
905945	1718	3.321671	3.5126702785491943	4
1240219	1005	2.91361	3.156613349914551	4
753596	1026	2.601875	1.6827902793884277	4
908144	2111	6.24503	3.7494475841522217	4
1299062	1634	5.648178	4.598667621612549	4
905978	1014	1.071685	3.2509820461273193	4
1659818	1739	3.698086	2.645235538482666	4
713869	1712	-4.359899	3.971829414367676	4
907317	1025	5.588731	3.985328435897827	4
905949	1013	3.132755	4.165029525756836	4
910943	1738	0.584316	3.5013375282287598	4
910554	2149	2.366491	4.142942905426025	4
907792	1059	-1.044148	2.533348798751831	4
908130	1019	3.680469	3.3890492916107178	4
1298365	1578	5.519101	3.059617757797241	4
1480364	1917	3.128899	3.961496114730835	4
907319	1237	5.560859	3.9782726764678955	4
910927	2171	1.344387	3.7070729732513428	4
1480358	1912	2.97889	2.8625996112823486	4
910911	1086	-0.233222	1.9348559379577637	4
910780	1738	-1.957906	2.359595537185669	4
1298348	2106	5.553238	2.9444165229797363	4
749716	1022	1.727627	1.8263051509857178	4
724869	2002	4.350584	3.3413097858428955	4
1240218	1614	6.708719	3.997960329055786	4
907048	2111	4.918463	3.9108006954193115	4
1297447	1785	3.780776	3.0459694862365723	4
753545	1180	-4.081448	2.302790403366089	4
1503367	1068	0.393458	2.6051480770111084	4
1331036	1086	-4.199994	0.40741169452667236	4
908447	1816	5.037122	3.763986825942993	4
949153	1093	3.016268	1.314896821975708	4
1240158	1624	3.612658	3.8130881786346436	4
910920	1785	5.630521	3.7231600284576416	4
907289	1829	2.192008	2.9895946979522705	4
909263	1025	4.582054	4.094106674194336	4
1298218	1576	3.430775	4.169700622558594	4
688021	1030	6.721203	3.6707050800323486	4
724834	1179	1.562667	2.5160272121429443	4
753535	1023	3.902125	3.010918378829956	4
909748	1559	0.756832	0.8676882386207581	4
1297446	1820	3.036606	1.8283216953277588	4
687980	1080	-4.387403	-3.22637939453125	4
1330950	1038	1.382799	3.174084424972534	4
910903	1624	3.05754	4.0235066413879395	4
1331032	1016	0.175864	1.244260311126709	4
1298226	1829	4.151406	3.067237615585327	4
910546	1561	3.498757	2.975034475326538	4
1480364	1068	0.075661	2.6899750232696533	4
909249	1529	-0.35139	3.0459694862365723	4
1479988	1840	3.470889	3.228731393814087	4
924111	1854	4.954692	3.933809995651245	4
687457	1091	1.819398	3.142500638961792	4
905941	1190	3.334964	2.6767337322235107	4
1298351	1096	0.997546	-0.7892046570777893	4
924250	1375	7.360113	2.8183605670928955	4
1290922	2171	1.912261	3.7070729732513428	4
1503369	1050	2.595199	-0.31735628843307495	4
910548	1025	5.212834	4.035938262939453	4
909904	1802	5.306653	3.8895394802093506	4
910951	1032	1.260652	1.4356575012207031	4
724870	1089	4.145143	3.156613349914551	4
907788	2359	4.981788	3.84454607963562	4
753562	1811	-3.653266	3.4033749103546143	4
907279	1622	5.500543	3.9481465816497803	4
906862	1839	3.128587	2.9498484134674072	4
949175	1017	3.171612	3.4529154300689697	4
753615	1713	3.51331	2.4672393798828125	4
687819	2047	4.080935	3.2326881885528564	4
1240192	1020	5.373412	0.3758968710899353	4
1299080	1912	2.639298	2.757408618927002	4
906826	1627	4.98507	4.142973899841309	4
909260	1840	0.451781	1.8283216953277588	4
1327766	1058	1.741271	1.532726526260376	4
1240209	1268	3.855101	3.902925491333008	4
753612	1593	0.575754	2.3650596141815186	4
1503367	1836	3.118604	3.1395630836486816	4
907790	1073	2.588446	3.6532208919525146	4
907319	2156	2.259208	3.716737985610962	4
1240181	1777	3.01399	3.1752047538757324	4
1330983	1825	-1.302463	2.265040397644043	4
1330995	1093	3.951406	1.543259620666504	4
907275	1736	1.485342	1.9200646877288818	4
910704	1047	4.415955	4.938456058502197	4
910687	1038	2.145811	2.420258045196533	4
1240162	1046	2.429283	1.9348559379577637	4
1480362	1190	-0.952177	3.059617757797241	4
910933	1915	2.643414	2.6419172286987305	4
749710	1026	1.031168	0.7904373407363892	4
905940	1911	-5.431473	3.1946165561676025	4
906821	2171	5.30683	3.5716121196746826	4
1299062	1084	-1.569908	2.1271069049835205	4
753579	2177	2.714311	4.261425495147705	4
910943	1401	3.179014	1.872542381286621	4
949094	1582	4.21528	3.1826870441436768	4
910780	2154	1.274192	3.5236966609954834	4
753584	1734	2.149254	3.804440975189209	4
713878	1617	1.344202	1.3261008262634277	4
687997	1057	0.980553	2.1271069049835205	4
1298359	1068	-1.186058	2.6051480770111084	4
1503363	2047	1.890401	3.0347955226898193	4
906872	1808	2.625023	1.9576692581176758	4
907289	2170	1.372461	2.533348798751831	4
910947	2010	2.484275	2.265040397644043	4
910924	1839	3.561869	2.9971930980682373	4
906830	1708	0.512287	2.302790403366089	4
1240159	1924	5.058099	2.9873926639556885	4
753595	1088	3.413858	3.156613349914551	4
724869	1911	-3.866061	3.8895394802093506	4
924111	1559	-3.299949	0.8493804335594177	4
909250	2111	5.930337	4.139767169952393	4
905970	1559	0.069645	1.5029873847961426	4
687588	1058	1.648196	2.5808138847351074	4
917486	1051	3.12892	-1.942995548248291	4
753561	1016	-0.024464	2.499650716781616	4
1480359	1014	1.512698	3.1308605670928955	4
753558	1578	6.058603	2.9870901107788086	4
906872	1559	-3.09432	0.5548354983329773	4
1240183	1714	4.678817	2.9413108825683594	4
910936	1783	5.759142	3.4033749103546143	4
687568	1023	2.997553	3.190483808517456	4
910952	1831	4.690326	3.23235821723938	4
909748	1586	5.233819	3.1608517169952393	4
1298151	1706	2.289924	3.8130881786346436	4
949153	1494	-5.600813	0.9103354215621948	4
1330995	2040	2.346335	1.1519863605499268	4
907048	2045	3.374033	2.4316303730010986	4
753624	1780	5.996727	3.997960329055786	4
1298475	2362	4.226419	2.975034475326538	4
910687	1190	-6.114989	0.9103354215621948	4
905984	2096	2.514643	3.674102544784546	4
908468	1010	3.125405	2.3373751640319824	4
910920	1941	-1.680369	2.3108909130096436	4
910920	1831	4.345737	3.23235821723938	4
687568	1918	5.267188	2.5808138847351074	4
909748	1058	1.245152	2.533348798751831	4
749709	1007	-4.052087	-1.3838927745819092	4
905936	1091	1.596012	3.2755491733551025	4
688011	1089	4.377853	1.8452582359313965	4
908481	1620	5.956583	3.4360568523406982	4
905947	1024	1.401832	3.706996202468872	4
753618	1576	2.350506	3.5119025707244873	4
687777	1058	1.025819	2.9444165229797363	4
906837	2112	1.910791	2.9059336185455322	4
688026	2359	3.866728	3.4250214099884033	4
909702	1916	0.610374	1.7952566146850586	4
687592	1629	5.322623	0.8242543339729309	4
906693	1593	2.708715	3.459388017654419	4
1240204	1927	4.630972	3.1667983531951904	4
909755	1930	1.711377	3.8865675926208496	4
1330960	1048	3.795265	2.420258045196533	4
1298352	1908	1.36501	2.889557123184204	4
946356	1835	4.019208	3.1395630836486816	4
906801	2011	5.039236	3.4524590969085693	4
713869	2109	3.799943	4.260012626647949	4
1299052	1916	1.822624	3.1667983531951904	4
908463	1799	4.821612	3.918010711669922	4
907274	2439	9.524765	2.493256092071533	4
1240223	1036	7.026321	2.7426013946533203	4
949088	2174	2.654685	2.493256092071533	4
907173	1855	6.675367	3.7518012523651123	4
910549	2359	6.251387	3.716737985610962	4
722066	2003	5.544875	3.2652366161346436	4
753532	1933	5.468656	0.8493804335594177	4
1240127	1026	1.174606	0.6334644556045532	4
753620	1072	5.716415	3.437267780303955	4
905967	1820	0.84375	3.2652366161346436	4
688006	1507	4.709364	3.025665521621704	4
687980	1779	0.123581	3.025665521621704	4
753594	1085	1.771811	3.025665521621704	4
906839	1814	6.60431	2.872941732406616	4
909905	1825	-1.811493	3.058750867843628	4
910952	1582	5.330396	3.48917818069458	4
1659818	1622	2.489617	3.1473398208618164	4
906825	1084	-2.108664	2.8625996112823486	4
1297438	1036	4.571856	3.5389983654022217	4
906765	1732	4.559963	3.0459694862365723	4
907046	1084	-1.360607	2.4316303730010986	4
949175	1372	1.855757	2.6900687217712402	4
946377	1008	2.188157	2.872941732406616	4
906855	1916	2.73838	2.687211275100708	4
905990	1912	4.911127	2.8625996112823486	4
753615	1802	3.379174	3.0459694862365723	4
910903	1786	1.82751	3.3096630573272705	4
1503370	1918	1.9658	2.9444165229797363	4
1240223	1057	1.08336	2.8046975135803223	4
1240157	1819	-3.101685	-1.60337233543396	4
753595	1927	6.578181	3.997960329055786	4
909743	1054	1.724071	0.7230214476585388	4
1299081	1804	5.650181	3.3034603595733643	4
749709	1026	-0.256463	0.7904373407363892	4
909729	1025	4.346765	3.8921892642974854	4
1330991	1033	4.619181	2.761914014816284	4
907274	2000	3.227619	1.9702403545379639	4
688014	1826	3.073334	2.6672303676605225	4
1240122	1048	5.224884	3.7583096027374268	4
910920	1832	4.38769	3.23235821723938	4
753594	2043	4.92254	3.6707050800323486	4
909253	2157	4.601779	2.6328091621398926	4
906828	1799	5.334412	3.7821781635284424	4
907067	1024	-0.477759	4.0499396324157715	4
749715	1012	-0.548863	3.2349982261657715	4
1240174	1557	4.213826	1.797175645828247	4
1240179	1814	5.887459	2.258204460144043	4
946360	2361	5.416251	2.8625996112823486	4
749710	1033	6.1645	3.4524590969085693	4
1240160	1093	5.919677	3.6257753372192383	4
946353	1913	3.333729	5.657320022583008	4
906801	1844	6.29892	2.9498484134674072	4
909251	1022	-1.520915	0.7230214476585388	4
907289	1175	1.971136	3.8865675926208496	4
909729	1168	3.236973	2.6419172286987305	4
925338	1936	3.413501	3.342721700668335	4
1298365	1834	2.441834	3.228731393814087	4
753612	1036	5.526629	2.4672393798828125	4
1322224	1051	-3.434348	-0.6266331672668457	4
910952	1809	0.278337	2.9870901107788086	4
1240127	1844	3.521934	3.0308854579925537	4
905977	1736	0.435412	1.14143705368042	4
907295	1017	4.023422	3.6707050800323486	4
1298362	1008	3.147113	2.644202709197998	4
1503362	1783	5.313454	3.716737985610962	4
924106	1057	-2.863947	2.4316303730010986	4
908150	1561	2.290976	2.8410868644714355	4
946368	1191	-5.763573	0.8242543339729309	4
905971	1089	2.982463	2.573582410812378	4
1303897	1930	0.127908	2.4670979976654053	4
724874	1243	5.166851	3.971829414367676	4
908443	1833	1.814124	3.067237615585327	4
724825	1268	4.122807	3.1473398208618164	4
908440	1084	-5.360403	2.1759791374206543	4
949179	2040	1.086347	2.3064239025115967	4
905981	1249	2.336692	3.7231600284576416	4
905947	1615	5.400104	2.655745506286621	4
906818	1814	6.258507	2.871769666671753	4
753532	1022	-0.693044	1.9348559379577637	4
905936	2038	4.625499	4.142942905426025	4
908480	2048	-3.47312	-3.22637939453125	4
905990	1813	6.481995	3.059617757797241	4
1509073	1375	6.423539	2.9870901107788086	4
1240121	1824	2.260859	2.9059336185455322	4
1330931	1917	0.053448	3.195875644683838	4
1290730	1583	3.099724	4.178103923797607	4
1503364	1780	5.61762	3.41528582572937	4
907287	1012	1.622631	3.1608517169952393	4
910944	2037	3.330455	2.121851682662964	4
906870	2000	4.531056	2.265040397644043	4
910932	1093	3.901759	3.1122686862945557	4
910952	1624	1.346109	3.9170949459075928	4
1524419	1512	5.092243	2.9870901107788086	4
910691	1093	3.14004	3.384831190109253	4
906837	1720	2.627187	2.1143600940704346	4
998184	1559	-2.881013	-0.12098675966262817	4
1299064	1511	0.297012	2.760331869125366	4
1330982	1030	2.137829	2.4670979976654053	4
1659818	1561	-2.047938	1.532726526260376	4
1240206	1052	1.562456	1.9348559379577637	4
906826	1593	4.326354	3.2349982261657715	4
907787	1088	-0.029385	0.9103354215621948	4
924100	2046	3.937321	2.7844178676605225	4
1290905	2037	5.435162	4.142973899841309	4
1480361	1060	1.689683	3.1308605670928955	4
907067	1529	1.59982	3.938109874725342	4
908462	2107	6.327002	2.8410868644714355	4
687821	1629	7.452832	1.5029873847961426	4
907291	1022	-1.079388	1.8178400993347168	4
907170	1010	2.549476	2.2878501415252686	4
688025	1059	1.038631	2.1271069049835205	4
908458	1239	3.988814	3.6532208919525146	4
688025	1594	4.173007	2.1271069049835205	4
1298223	1706	1.639712	3.688896417617798	4
909249	1783	3.03227	3.0459694862365723	4
1331033	1624	0.165948	1.875302791595459	4
688014	1563	6.414619	3.5204875469207764	4
753594	1029	4.976658	2.2178521156311035	4
910903	1583	1.189674	4.261425495147705	4
905985	1030	5.835464	3.8018076419830322	4
1330995	1598	4.439369	2.6294219493865967	4
753575	1843	4.50549	2.760331869125366	4
1298169	1250	2.620012	3.706996202468872	4
687514	1706	0.937636	3.199157476425171	4
753600	2360	4.96541	2.9444165229797363	4
688006	1812	3.508241	1.8452582359313965	4
713880	1736	3.768741	3.5389983654022217	4
909774	1713	1.424961	2.889557123184204	4
753579	1047	2.767005	4.702743053436279	4
909737	1625	4.130371	3.8130881786346436	4
687787	1933	5.8106	1.0103025436401367	4
910904	2171	1.434043	3.150951623916626	4
1330947	2002	4.104451	2.265040397644043	4
909751	1855	3.994024	2.617997646331787	4
906817	2010	4.747867	3.1395630836486816	4
909784	1617	1.544075	2.841865301132202	4
688031	2362	2.051414	2.1271069049835205	4
909784	1922	2.588111	3.3096630573272705	4
753620	1840	2.391075	2.700566530227661	4
1298531	1046	1.113955	1.9348559379577637	4
1290722	1706	1.696439	3.754564046859741	4
1290806	1022	1.832386	2.1546919345855713	4
753558	1812	3.897242	2.9870901107788086	4
910568	2158	4.729903	3.9559314250946045	4
724838	1862	-1.067932	1.281203031539917	4
1524418	1854	4.860316	4.343428611755371	4
1327771	1179	-2.045433	0.22982895374298096	4
910924	1911	-5.97739	3.3902668952941895	4
753618	1003	-4.104361	1.9576692581176758	4
924241	1913	5.577783	4.598667621612549	4
908141	1149	0.004867	0.6928384900093079	4
753596	1129	3.2556	2.757408618927002	4
906821	1634	5.104908	5.790410041809082	4
906855	2002	3.887896	2.2884328365325928	4
1479995	2172	2.231283	3.8556668758392334	4
907062	1553	2.939255	2.499650716781616	4
687807	2148	2.883686	3.2652366161346436	4
905942	1007	-3.731635	-0.31735628843307495	4
1303901	1578	4.686008	1.8452582359313965	4
753546	1804	6.759878	3.3034603595733643	4
724866	1834	3.272666	3.2652366161346436	4
908124	1259	3.517611	4.055182456970215	4
907291	1576	2.107317	4.094106674194336	4
949174	1836	3.728124	2.700566530227661	4
909194	1073	4.197343	3.4250214099884033	4
905947	1133	4.434888	5.109708309173584	4
908458	1054	2.072132	1.8178400993347168	4
908450	1007	-1.418539	-2.6160428524017334	4
1330950	2048	-5.70193	-3.588235378265381	4
687592	1918	3.723829	2.5808138847351074	4
905990	2044	4.286507	3.059617757797241	4
907291	1862	-1.313343	0.8676882386207581	4
908121	1549	1.638593	2.519641876220703	4
909724	1559	-2.299879	1.6827902793884277	4
906763	1629	2.532711	-0.12098675966262817	4
1290722	1494	-2.525018	2.9510107040405273	4
906696	1720	5.163289	2.6999452114105225	4
688026	1494	-1.953075	1.8452582359313965	4
907058	1838	3.654376	3.3034603595733643	4
910568	1004	0.864913	-0.29702228307724	4
909698	1401	1.326041	1.8178400993347168	4
1327771	1626	1.183009	2.6764206886291504	4
909724	1912	1.155604	2.757408618927002	4
909774	1931	6.390521	4.359532356262207	4
910927	1819	-4.202111	-1.3838927745819092	4
907053	2175	1.044383	2.8858964443206787	4
753574	1594	6.425049	2.7097227573394775	4
910850	1199	5.995342	4.573819637298584	4
1299081	2173	3.107151	4.0235066413879395	4
908460	1925	7.762042	4.577112197875977	4
909249	1840	-0.72387	2.3226685523986816	4
1331036	1713	1.542424	2.683992624282837	4
906798	1813	5.81543	2.5009219646453857	4
1290922	2043	5.148795	3.9108006954193115	4
905957	1072	3.430487	3.4524590969085693	4
907295	2154	2.418071	3.5204875469207764	4
907045	1053	2.517403	2.4316303730010986	4
1330942	1862	-1.101772	-0.18942677974700928	4
910918	1564	2.583367	2.683992624282837	4
1240182	1852	5.518627	3.4250214099884033	4
1240167	1080	-4.81083	-0.6766636967658997	4
753618	1058	1.195334	2.1759791374206543	4
908125	2361	4.99625	2.757408618927002	4
1331032	1052	2.029585	0.40741169452667236	4
946353	2113	2.568018	3.1395630836486816	4
910936	1441	1.038178	2.499650716781616	4
688026	1511	1.221114	1.8452582359313965	4
1331036	1026	-1.464902	-0.3737666606903076	4
688058	1783	5.887578	3.666588544845581	4
713869	2499	10.085771	5.905318737030029	4
753558	1047	3.094988	5.109708309173584	4
909755	1916	4.700368	3.7082602977752686	4
753588	1052	2.005062	1.3772859573364258	4
910952	1845	0.066499	3.23235821723938	4
1290908	1933	5.196615	1.5029873847961426	4
906793	2111	3.581187	4.055182456970215	4
910544	1558	2.892821	1.4356575012207031	4
906824	2113	3.357388	2.6979804039001465	4
1659817	1085	1.34097	2.645235538482666	4
753554	1621	5.212747	3.1682093143463135	4
910918	1925	3.881728	3.0898027420043945	4
910549	1083	1.478969	3.155921697616577	4
724834	1713	2.541569	3.2326881885528564	4
688011	1845	1.85705	2.6672303676605225	4
908440	1029	5.358022	2.3064239025115967	4
1327771	1072	3.390842	3.1946165561676025	4
910694	1068	0.374918	2.153860569000244	4
925347	1034	-1.398123	3.462890863418579	4
1331055	2046	2.432104	1.3772859573364258	4
1298223	1810	1.801291	2.6767337322235107	4
907295	1720	5.168503	1.3261008262634277	4
910701	1249	3.673782	3.4033749103546143	4
1331048	1849	-1.76151	0.659253716468811	4
910899	1022	0.536105	1.3772859573364258	4
735784	1013	4.320655	3.9220869541168213	4
910924	1996	4.3256	2.424433469772339	4
1298365	1813	5.669784	3.059617757797241	4
724866	1620	6.067742	4.138278961181641	4
1480360	1930	-0.134964	3.961496114730835	4
687561	1912	0.563418	2.5808138847351074	4
906855	1919	1.209323	1.4356575012207031	4
908139	1809	3.106605	2.8183605670928955	4
924107	1826	1.057613	2.6979804039001465	4
687819	1054	5.365616	2.5160272121429443	4
910934	1029	4.446215	1.1519863605499268	4
1298223	1917	0.560739	3.8088181018829346	4
946355	1093	3.764543	3.2790544033050537	4
753566	1813	7.041936	2.5009219646453857	4
1240155	1630	3.912019	3.41528582572937	4
753618	1817	-5.86163	2.7539103031158447	4
1503365	1061	6.54479	3.0347955226898193	4
924102	1021	3.755589	3.2562968730926514	4
908447	1507	4.869482	3.1752047538757324	4
687514	1911	-4.853434	3.206416130065918	4
905986	1930	1.147787	3.8018076419830322	4
905974	1739	1.858024	4.0499396324157715	4
907065	1449	6.172968	3.7491321563720703	4
910899	1020	5.075643	0.3758968710899353	4
907795	1190	-3.242431	2.573582410812378	4
910910	1069	2.760587	3.0618491172790527	4
908481	1016	-1.007282	2.1271069049835205	4
1480362	1033	5.857447	3.795720338821411	4
909727	1003	-1.697387	2.871769666671753	4
910079	1630	3.287171	3.599485158920288	4
908440	1930	-0.996741	3.4529154300689697	4
1298146	1824	2.890277	3.359407663345337	4
909702	1019	0.406673	1.7952566146850586	4
909704	2110	4.867378	4.178103923797607	4
749711	1613	4.085457	3.9108006954193115	4
909974	1373	6.862371	3.2509820461273193	4
1330948	1799	3.230483	2.2356555461883545	4
687800	1776	4.708256	3.4778125286102295	4
907058	1615	4.642661	2.757408618927002	4
1240174	1054	4.921328	1.7474184036254883	4
906877	1072	3.336135	2.3155128955841064	4
1240170	2156	2.156994	3.5807151794433594	4
1240146	1849	-1.220514	2.9419360160827637	4
713880	1022	0.030642	1.3772859573364258	4
1331033	1512	4.151965	0.8281965851783752	4
1290722	1058	1.074907	2.8046975135803223	4
724873	2158	4.490086	4.3382744789123535	4
907783	1810	-1.237757	1.0750892162322998	4
906832	1933	3.980817	-0.3737666606903076	4
1240226	1627	3.487867	4.261425495147705	4
687568	1803	1.943163	3.058750867843628	4
906817	1803	4.992449	3.1395630836486816	4
924106	2039	1.230914	3.2349982261657715	4
1330931	1852	4.704954	3.1946165561676025	4
906830	1922	4.208975	3.3096630573272705	4
908452	1855	4.576242	3.674102544784546	4
1331036	2003	3.34882	1.9702403545379639	4
1240197	1718	6.223308	3.883882999420166	4
753588	1177	2.046898	3.6707050800323486	4
687815	1919	-2.2718	2.6177871227264404	4
753535	1191	-5.075167	0.8493804335594177	4
905980	1852	7.969696	3.7231600284576416	4
907272	1732	2.042524	2.3155128955841064	4
905979	1549	4.354155	2.729393720626831	4
909744	1778	3.226608	2.0559120178222656	4
687798	1839	4.039893	3.2652366161346436	4
905975	1779	0.690182	4.0499396324157715	4
1330950	1915	2.586416	1.662688970565796	4
907275	2169	1.691051	1.6882872581481934	4
930297	1581	2.203065	3.199157476425171	4
724870	1011	2.63909	2.914053201675415	4
1298136	2107	6.897456	2.975034475326538	4
909755	1617	5.151365	2.3284170627593994	4
909744	1175	4.187476	3.5192911624908447	4
907789	1249	1.580649	2.3155128955841064	4
1330993	1069	3.34525	3.5620126724243164	4
1298352	2111	7.351029	3.956881046295166	4
910944	2047	1.770989	2.4341554641723633	4
735784	1779	1.484876	3.599485158920288	4
1503363	1594	0.925999	2.7097227573394775	4
1298168	1052	5.855149	2.0167813301086426	4
946368	1030	5.446067	3.8018076419830322	4
1298218	2037	6.221945	4.269764423370361	4
907287	1627	2.067226	4.142942905426025	4
1299050	2148	4.830473	2.9059336185455322	4
1327773	1017	2.534578	2.4670979976654053	4
909751	1051	-2.990788	-1.942995548248291	4
924108	1706	3.279325	3.8567564487457275	4
753562	1625	4.331361	3.567639112472534	4
1240182	1012	1.381856	2.7018001079559326	4
687800	1626	4.226184	4.138278961181641	4
905959	1802	5.379301	3.795720338821411	4
724868	1069	3.825073	3.4778125286102295	4
909740	1840	4.339261	2.9895946979522705	4
949178	1706	1.594275	3.416308641433716	4
906791	1613	5.299555	4.150619983673096	4
907291	1239	0.747711	3.6532208919525146	4
688006	1713	4.06434	3.5389983654022217	4
1290769	1372	-4.97347	2.617997646331787	4
1330941	1046	2.806099	1.8263051509857178	4
925348	1133	5.905681	5.198552131652832	4
925340	2037	4.323595	3.8631064891815186	4
687457	2037	5.017188	4.178103923797607	4
1240130	1778	3.457017	2.757408618927002	4
909724	1799	4.400417	4.0499396324157715	4
753561	1024	-0.280075	3.1667983531951904	4
905948	1004	-0.053933	-0.33616775274276733	4
906855	1584	2.032784	2.4226253032684326	4
905958	1847	4.668631	1.8283216953277588	4
907320	1730	1.832995	3.21109938621521	4
753592	1831	3.556715	3.2652366161346436	4
1240181	1053	2.226272	2.1759791374206543	4
907311	1833	-0.562903	2.2884328365325928	4
905968	1808	0.660135	3.059617757797241	4
713869	1836	4.271528	3.2652366161346436	4
1659818	1131	2.189486	3.2579100131988525	4
1480359	1093	2.299328	3.2985310554504395	4
910926	1598	3.64843	4.022722244262695	4
1298475	1032	1.536018	3.0616159439086914	4
1240189	1785	3.884372	3.4250214099884033	4
910694	1999	5.59832	3.058750867843628	4
908465	1613	5.130848	4.150619983673096	4
949171	1463	3.623289	2.3064239025115967	4
1299078	1940	3.547776	4.197953224182129	4
908141	1614	1.873951	2.2356555461883545	4
907067	1827	0.500299	3.3034603595733643	4
749710	1046	1.669659	1.8263051509857178	4
908447	1810	-2.596812	1.9576692581176758	4
753561	2048	-2.648943	-1.5411677360534668	4
1240185	1940	2.70289	4.260012626647949	4
753562	1720	-0.03049	2.1143600940704346	5
910922	1033	4.589791	3.7231600284576416	5
909735	1821	3.465528	3.0308854579925537	5
753594	1913	3.447302	4.598667621612549	5
724828	1021	3.883261	2.3064239025115967	5
998189	1836	2.441776	2.9895946979522705	5
1503369	1093	4.940093	3.4577603340148926	5
908465	1833	3.655862	3.2652366161346436	5
906871	1736	3.695043	3.674102544784546	5
949154	1563	5.752269	3.42345929145813	5
908122	1449	5.609114	3.5126702785491943	5
907790	1239	1.589839	3.6532208919525146	5
1298167	1069	3.326651	3.293506622314453	5
687588	1911	-5.223366	3.5807151794433594	5
909755	1463	5.747544	3.0184011459350586	5
753620	1089	2.072254	1.9576692581176758	5
753589	1007	-0.780545	-3.22637939453125	5
907313	1200	3.41413	4.653286457061768	5
753620	1053	3.383232	2.1759791374206543	5
1297449	1031	-4.718482	-0.3737666606903076	5
1503368	1998	4.834028	3.716737985610962	5
925340	2154	2.769417	3.8631064891815186	5
906833	1919	2.405847	2.409806728363037	5
1240129	1375	7.952135	3.059617757797241	5
910951	1821	3.185702	2.2884328365325928	5
1240192	1803	4.366534	2.6672303676605225	5
906865	2171	4.6659	3.1122686862945557	5
908129	2498	7.26285	5.314978122711182	5
687586	2359	5.6273	3.5807151794433594	5
687588	2043	4.162828	3.8018076419830322	5
924240	1428	2.480699	3.4524590969085693	5
1298365	1073	4.583606	3.795720338821411	5
1247873	1716	5.282058	3.918010711669922	5
753565	1816	5.427971	3.7037274837493896	5
909702	1023	2.797007	1.0954670906066895	5
1330972	1598	3.883775	3.621920585632324	5
909740	2045	7.678997	2.533348798751831	5
749709	1927	5.046772	3.5126702785491943	5
753592	1779	0.870574	3.918010711669922	5
753584	1062	4.510805	3.302882432937622	5
905962	1828	4.477475	2.9895946979522705	5
1297447	1004	-4.271198	-3.588235378265381	5
713899	2172	-0.179347	3.4360568523406982	5
1299078	2043	5.442047	4.055182456970215	5
949090	2043	6.381221	3.961496114730835	5
907048	1017	4.154822	3.9108006954193115	5
906812	1089	5.353653	2.8907833099365234	5
687787	2170	5.847465	2.5687410831451416	5
909748	1585	4.77974	3.1608517169952393	5
949088	2111	1.792491	2.4670979976654053	5
1330973	1080	-2.825882	-3.22637939453125	5
1240174	1853	2.658124	3.112706184387207	5
998189	1919	1.856695	2.5620033740997314	5
749710	2055	5.396934	2.9498484134674072	5
1298167	1096	0.932286	-0.29702228307724	5
753618	1909	0.935088	1.8212265968322754	5
907289	1594	3.857893	2.533348798751831	5
906818	1799	6.034796	4.0499396324157715	5
910918	1862	-1.951018	-0.3737666606903076	5
1674021	1373	2.723132	2.617997646331787	5
910545	1024	-1.614756	2.2356555461883545	5
724874	1915	2.915411	3.003225564956665	5
906855	1069	2.942605	2.477201223373413	5
753614	1576	3.263471	3.985328435897827	5
908126	1428	5.132361	3.1946165561676025	5
910930	1529	-2.085623	2.493256092071533	5
1297449	1730	1.271056	1.8568918704986572	5
906821	1026	-1.126559	1.686028003692627	5
1503367	1051	2.696022	-0.6766636967658997	5
908448	2047	2.643186	1.9200646877288818	5
911905	2438	11.487859	3.795720338821411	5
1240154	2003	4.647596	3.2193543910980225	5
908468	1564	5.279692	3.5389983654022217	5
688018	1932	4.014504	2.44085693359375	5
908475	2106	2.18402	2.9444165229797363	5
910701	1053	4.400334	2.499650716781616	5
724859	1827	0.271622	3.2652366161346436	5
688014	1928	6.098593	3.4360568523406982	5
905955	1847	6.493917	3.3034603595733643	5
949171	1849	-1.009921	1.8212265968322754	5
911905	2038	6.828222	4.0951972007751465	5
906835	1936	3.407856	3.190483808517456	5
930299	1133	3.116022	4.642441272735596	5
1247871	1845	-1.98677	1.8283216953277588	5
909263	1919	1.50557	2.5620033740997314	5
905990	1200	3.810222	4.420187950134277	5
907071	1594	2.948972	2.9873926639556885	5
910924	1019	3.652886	3.41528582572937	5
907289	1809	1.772003	2.573582410812378	5
753600	1048	5.415573	4.150619983673096	5
1240220	1190	-2.941411	2.9870901107788086	5
906830	1998	5.593915	3.938109874725342	5
1330983	1598	3.115095	2.8858964443206787	5
910079	2148	1.180909	3.1395630836486816	5
909773	1038	2.585626	2.4670979976654053	5
753594	1732	3.774758	3.4250214099884033	5
1240224	1268	4.724108	4.343428611755371	5
905944	1782	5.755826	3.971829414367676	5
1299075	1375	6.230549	3.440822124481201	5
724834	1016	2.458868	2.9444165229797363	5
1503367	1853	2.432481	3.3053908348083496	5
905945	2000	5.007234	2.9498484134674072	5
688014	2055	3.396185	2.6672303676605225	5
749712	1549	4.193574	2.519641876220703	5
753546	1820	1.369779	3.3034603595733643	5
1330982	2044	1.714626	0.8281965851783752	5
1331036	1706	-2.614181	1.875302791595459	5
905936	1802	3.10021	3.6532208919525146	5
908458	1930	0.725709	3.8865675926208496	5
910905	1926	0.97215	2.533348798751831	5
753583	1811	-1.09111	3.4033749103546143	5
905977	1025	5.445441	4.197953224182129	5
909744	1736	3.788843	2.3811795711517334	5
1298215	1924	2.282944	2.499650716781616	5
910899	1050	2.583007	-3.22637939453125	5
907790	2359	6.115863	3.6532208919525146	5
1290806	1911	-4.830204	3.3902668952941895	5
905940	1268	4.168018	2.9771888256073	5
688026	1024	-0.670299	3.025665521621704	5
724859	1812	1.705042	3.0045273303985596	5
753583	1061	4.795064	2.836839437484741	5
1290922	2046	5.260481	1.8263051509857178	5
1240222	1034	-5.238065	3.3150503635406494	5
1331048	1372	2.235931	2.683992624282837	5
724878	1494	-3.322577	3.0045273303985596	5
1480361	1635	5.004721	3.795720338821411	5
1330993	1624	2.991494	3.971632480621338	5
908475	1828	3.836283	3.2652366161346436	5
687588	1016	-1.514441	2.5808138847351074	5
910851	1738	-1.042525	3.2310540676116943	5
910702	1089	8.693497	3.156613349914551	5
753612	1802	3.53879	3.0459694862365723	5
910920	1006	3.202695	3.7231600284576416	5
687588	2159	5.415875	3.9061851501464844	5
906814	1930	0.27595	4.055182456970215	5
1298146	1004	-2.285772	-1.60337233543396	5
908460	1038	6.682464	4.150619983673096	5
1298219	1449	5.42535	3.5257794857025146	5
908463	1008	3.298238	3.0045273303985596	5
1298222	1847	6.625163	3.1395630836486816	5
1298537	1862	-0.50181	1.5029873847961426	5
1297447	1849	-0.210133	0.8443875312805176	5
1240168	1925	3.952904	4.653286457061768	5
688023	1180	-3.499571	1.3772859573364258	5
687819	1564	5.408617	3.2326881885528564	5
908128	2149	1.761763	4.261425495147705	5
1480367	1034	-6.375911	3.3150503635406494	5
907313	1733	1.950671	3.6098625659942627	5
1240160	2110	5.257328	4.035937786102295	5
924250	1051	3.140201	-0.6266331672668457	5
909702	1549	3.198294	1.4547812938690186	5
1298223	1048	5.819446	3.8088181018829346	5
907287	1815	6.739898	3.6532208919525146	5
910688	2112	1.275651	2.265040397644043	5
905935	1372	3.051011	3.213221788406372	5
1240173	1401	2.50909	1.8178400993347168	5
687590	1059	-0.515639	2.5808138847351074	5
905985	1192	1.635539	3.144005060195923	5
683667	1073	5.56987	3.40375018119812	5
1290908	1049	3.921822	3.3220129013061523	5
910710	1912	2.384844	1.7742090225219727	5
1240155	1025	5.266097	3.902925491333008	5
753551	1582	4.450215	2.7018001079559326	5
908123	1428	4.693276	3.4524590969085693	5
998184	1576	2.319164	2.4112095832824707	5
753600	2010	5.859808	3.2652366161346436	5
907285	2148	0.407892	3.3413097858428955	5
909905	1401	0.682418	1.872542381286621	5
687590	1047	3.342696	4.9216437339782715	5
1240192	1908	2.811681	3.5389983654022217	5
909735	1373	3.156641	3.735478639602661	5
905964	2439	8.861574	3.0459694862365723	5
924238	1032	2.408139	2.9240562915802	5
924108	1614	4.989465	3.7082602977752686	5
907067	1428	5.345296	3.938109874725342	5
910935	1026	-1.358459	-0.3737666606903076	5
753572	1563	5.460057	4.269764423370361	5
905938	1618	2.656406	3.069305896759033	5
1303900	1832	4.010244	2.9498484134674072	5
909256	2040	1.750482	3.342721700668335	5
907053	1809	-1.204302	0.5859037637710571	5
753574	1012	2.052514	3.3053908348083496	5
1503368	2438	9.330499	3.716737985610962	5
1290798	1836	4.132871	2.9498484134674072	5
905938	1372	-3.320144	1.9200646877288818	5
905956	1854	5.226776	4.197953224182129	5
906792	1777	5.169481	4.0499396324157715	5
907279	1026	-0.118428	0.7346284985542297	5
713878	2112	3.27627	2.6672303676605225	5
910687	1629	3.473465	-0.12098675966262817	5
917486	1061	4.69037	2.617997646331787	5
1240186	2439	9.757443	3.4250214099884033	5
909726	2171	2.288063	3.1122686862945557	5
749716	1036	3.928588	3.8169400691986084	5
949093	1129	6.526032	2.4316303730010986	5
910932	1630	4.714347	4.0499396324157715	5
749715	1060	2.967965	3.8169400691986084	5
908144	1632	4.215543	1.8543353080749512	5
905962	1030	7.709581	3.8865675926208496	5
722058	1373	4.117581	3.2326881885528564	5
753581	1494	0.218277	2.871769666671753	5
1298351	1073	2.909778	3.572082757949829	5
907317	2439	8.875011	3.716737985610962	5
1660035	1911	-1.944001	3.6532208919525146	5
905944	1191	-4.196373	1.5029873847961426	5
906828	1819	-4.459452	-0.29702228307724	5
1503363	1004	-4.23311	-0.6766636967658997	5
724878	1048	6.993925	4.150619983673096	5
749710	1918	2.088731	2.4316303730010986	5
1240219	1557	6.135639	2.914053201675415	5
753564	1630	3.773892	3.025665521621704	5
753546	1014	-1.075105	1.14143705368042	5
910899	1007	-2.909354	-3.22637939453125	5
1330950	1911	-5.023652	3.0459694862365723	5
749711	1840	4.139913	2.9498484134674072	5
753622	2173	3.250417	3.987025022506714	5
1240209	1372	-1.235414	3.0603249073028564	5
753596	1930	0.959688	4.055182456970215	5
908148	1059	-0.517677	1.6882872581481934	5
909252	1048	4.117406	2.420258045196533	5
907045	1718	4.413539	3.5126702785491943	5
1298219	2044	4.327747	2.8495066165924072	5
1240129	1175	5.336728	3.961496114730835	5
1322224	2037	2.879263	3.8631064891815186	5
1240185	1441	0.741385	2.9444165229797363	5
1240167	2010	3.867906	3.1395630836486816	5
907272	1632	1.385347	0.7230214476585388	5
1330960	1561	2.93738	1.197744369506836	5
909253	1378	4.950562	0.5859037637710571	5
910924	1782	5.514254	3.3902668952941895	5
906833	2361	4.598883	2.32470965385437	5
1297447	2047	2.268339	2.4672393798828125	5
1331045	1578	4.191665	0.8281965851783752	5
688026	1053	2.714275	2.1271069049835205	5
910554	1706	1.926794	3.8567564487457275	5
908152	1131	6.394338	4.833736896514893	5
753575	2159	4.699994	3.9782726764678955	5
1290455	1005	1.346988	0.5859037637710571	5
917486	2010	3.25928	2.9895946979522705	5
908461	1017	5.049515	3.7432165145874023	5
909746	1032	1.749792	2.5620033740997314	5
907062	2038	4.948948	3.7840540409088135	5
1480364	2096	1.923193	3.1308605670928955	5
1240224	1925	6.901548	5.051743984222412	5
909729	1832	3.682076	3.058750867843628	5
1298151	2106	6.0248	2.9873926639556885	5
1298475	1024	1.433571	3.997960329055786	5
1290806	1089	4.80428	2.8183605670928955	5
1240159	2439	10.05598	3.6688292026519775	5
906832	1248	-6.209319	2.9750640392303467	5
753532	1940	2.893574	3.933809995651245	5
908129	1463	1.381726	2.9729135036468506	5
1503368	2110	3.896942	3.9782726764678955	5
907794	1844	3.544644	2.9895946979522705	5
924241	1631	1.381068	3.025665521621704	5
909719	1733	2.50651	3.629309892654419	5
1240169	1428	6.123484	3.5807151794433594	5
910899	1025	5.874144	3.621920585632324	5
687514	1051	2.131437	-2.054955244064331	5
906839	1259	4.317402	3.8018076419830322	5
910567	1786	4.353604	2.3064239025115967	5
910924	1200	3.121371	4.304722785949707	5
909736	1803	7.440456	3.359407663345337	5
910853	1249	3.436849	3.938109874725342	5
687457	2002	5.932841	3.1131439208984375	5
910399	1192	2.053457	3.4778125286102295	5
1240185	1712	-3.95907	3.971829414367676	5
1298350	1004	-1.667532	-0.31735628843307495	5
910568	1034	-4.966301	3.2562968730926514	5
907291	1829	2.109785	2.9895946979522705	5
910910	1594	2.295779	2.4316303730010986	5
907280	1820	2.261004	2.265040397644043	5
905955	1826	4.234324	3.3034603595733643	5
924151	2156	2.759604	3.7236549854278564	5
1240189	2011	3.627045	3.4250214099884033	5
1240179	1259	2.432174	3.5363662242889404	5
1503363	2045	5.801838	2.7097227573394775	5
753614	2037	5.71189	3.9782726764678955	5
908470	1618	5.340019	5.529873371124268	5
688013	1617	1.174481	1.3261008262634277	5
1240222	2110	4.4191	4.0951972007751465	5
907276	2498	9.330579	4.887742519378662	5
908447	2360	5.100768	2.1759791374206543	5
909697	1062	4.733095	3.0603249073028564	5
687819	1024	1.673647	3.918010711669922	5
910545	1924	3.632619	1.6882872581481934	5
910549	2154	2.265553	3.9782726764678955	5
906863	1580	4.830683	3.567639112472534	5
908470	1632	5.071537	2.2864162921905518	5
1330982	1062	2.622504	2.683992624282837	5
1303911	1016	-0.61624	2.4316303730010986	5
910951	1826	0.90368	2.2884328365325928	5
687586	1003	-2.060218	2.872941732406616	5
909249	1248	-5.148714	3.0866458415985107	5
1298136	1598	2.419696	4.169700622558594	5
910931	1021	2.868316	3.3220129013061523	5
907311	1913	4.274373	3.8762052059173584	5
907057	1621	4.875401	3.453313112258911	5
753577	2040	0.699062	3.5181219577789307	5
909975	2498	8.599452	4.519102573394775	5
906828	1831	3.814423	3.2193543910980225	5
907057	1012	2.472399	3.453313112258911	5
1297447	1373	3.092043	2.4672393798828125	5
908123	1862	-1.907847	0.7904373407363892	5
909738	1048	5.635968	4.031013488769531	5
724839	2156	4.606774	3.206416130065918	5
909725	1449	6.141232	4.0499396324157715	5
907170	1843	-3.04309	1.9576692581176758	5
909708	1933	3.801345	0.8493804335594177	5
1240226	1783	5.547866	3.938109874725342	5
907790	2439	9.975751	3.6532208919525146	5
907794	1917	0.505546	3.8865675926208496	5
753575	1615	6.610704	2.7097227573394775	5
905977	1007	-2.692841	-0.3904504179954529	5
905955	2044	5.005145	2.871769666671753	5
1240219	1199	4.667372	4.7874627113342285	5
1298531	1032	-0.21345	2.4382894039154053	5
753551	2177	2.285026	3.5204875469207764	5
917486	1511	2.553422	2.573582410812378	5
909712	2173	4.697944	3.5650794506073	5
735784	1558	4.127608	2.6990511417388916	5
925340	1816	5.540363	4.304722785949707	5
1240219	1190	-1.782267	3.156613349914551	5
1240189	1085	1.472401	3.025665521621704	5
908447	2113	3.017043	2.700566530227661	5
910554	2438	9.832071	3.6532208919525146	5
1299059	2148	2.903799	2.9059336185455322	5
722045	1058	1.219866	2.9444165229797363	5
908481	1199	5.199021	3.7037274837493896	5
909709	1776	4.730465	2.9725539684295654	5
1240187	2109	2.756964	4.260012626647949	5
906825	1051	-2.780431	-1.2957184314727783	5
722046	1268	2.159988	4.260012626647949	5
906871	1614	2.944006	3.251267194747925	5
1298136	2043	5.764726	4.0481462478637695	5
1524415	1131	1.571441	5.109708309173584	5
1290725	1032	3.83361	2.4382894039154053	5
1659818	1580	3.166656	2.7383062839508057	5
946377	1052	1.23883	1.872542381286621	5
946354	1918	2.089464	2.7097227573394775	5
724870	1734	1.816655	3.8895394802093506	5
1240168	1854	5.41639	3.8921892642974854	5
905962	1449	6.873979	3.7082602977752686	5
910924	1998	5.018141	3.3902668952941895	5
910933	1830	1.518892	3.058750867843628	5
724839	1200	4.915539	3.7365267276763916	5
1327775	1084	-4.091622	1.532726526260376	5
998189	1033	6.003784	3.6532208919525146	5
905957	1512	4.444229	2.8907833099365234	5
1479988	1060	-0.964473	3.1308605670928955	5
905934	1449	5.014826	3.893923282623291	5
905976	1593	2.779181	3.3057429790496826	5
906863	1928	4.15808	3.567639112472534	5
907277	2171	-0.419872	1.314896821975708	5
1240220	1630	5.397895	3.706996202468872	5
753584	1732	5.315643	3.804440975189209	5
1299078	1620	5.70696	4.0235066413879395	5
910910	2109	3.094993	4.207280158996582	5
1322224	1933	1.091959	1.3008098602294922	5
753576	1835	6.777574	3.1395630836486816	5
749713	1062	5.729257	3.8169400691986084	5
924111	1852	5.083311	3.4033749103546143	5
908481	1849	0.938044	1.3261008262634277	5
907279	1939	3.964201	1.872638463973999	5
749710	1782	5.78206	3.4524590969085693	5
1298160	1625	2.743984	4.0235066413879395	5
1240162	1625	5.67478	3.567639112472534	5
687995	1558	5.114397	2.3373751640319824	5
949172	1239	2.857938	3.437267780303955	5
1240218	1021	4.622437	3.462890863418579	5
1503366	1706	1.910788	3.987025022506714	5
905967	1012	1.300866	3.4845917224884033	5
687799	1997	0.638416	2.9419360160827637	5
724825	1441	-1.642927	1.532726526260376	5
1331037	1131	2.860445	2.754753589630127	5
911905	1005	7.43827	3.059617757797241	5
1330960	1093	2.642288	1.314896821975708	5
908463	1199	4.851024	4.577112197875977	5
1298168	1936	4.233418	3.5181219577789307	5
910691	1733	2.199613	3.3890492916107178	5
1509074	1086	0.979277	2.0167813301086426	5
909263	1068	-0.7142	2.3284170627593994	5
753582	1372	1.792892	3.5389983654022217	5
909751	1594	0.988909	2.533348798751831	5
713869	1563	5.693461	4.3382744789123535	5
1330995	1939	2.044297	0.659253716468811	5
1480358	1853	4.446928	3.360426425933838	5
905959	1811	-1.061039	3.795720338821411	5
909253	1931	4.746879	3.0440337657928467	5
1299080	1038	3.888157	4.055182456970215	5
905983	1023	3.100062	3.190483808517456	5
909784	2046	4.184537	2.302790403366089	5
924108	1091	0.544709	3.2755491733551025	5
998189	1428	5.91962	3.6532208919525146	5
1240182	1926	3.150806	2.1271069049835205	5
924188	1915	2.921327	2.8367433547973633	5
910700	1634	5.225371	5.5325846672058105	5
908480	1910	2.412052	1.3261008262634277	5
753548	1036	3.846289	1.9200646877288818	5
907289	1834	2.395498	2.9895946979522705	5
909750	2156	1.975157	3.4060721397399902	5
1240218	1919	2.226408	3.0616159439086914	5
924106	1941	-4.170645	1.9585902690887451	5
924188	1624	4.263148	3.661964178085327	5
949174	1584	2.285354	2.7539103031158447	5
907280	2158	3.705749	2.6328091621398926	5
909723	1057	0.125858	2.757408618927002	5
907312	1624	1.319388	4.014430522918701	5
907311	1834	-1.31857	2.2884328365325928	5
1240190	1199	5.847007	4.577112197875977	5
1659929	1069	4.852301	3.144913911819458	5
907068	1494	-4.56998	2.258204460144043	5
909697	1016	0.674218	2.637542724609375	5
908480	1268	4.335199	3.621920585632324	5
905934	1026	1.000445	2.1940388679504395	5
909761	1922	1.636456	3.0184011459350586	5
909738	1133	4.935829	4.894528865814209	5
724828	1578	4.810663	1.9576692581176758	5
907311	1620	4.992917	2.6764206886291504	5
946369	1561	0.317977	2.409184455871582	5
1240125	1012	2.1689	3.3057429790496826	5
905957	1079	-2.584657	3.5126702785491943	5
753608	2149	1.416843	4.3382744789123535	5
906833	1175	3.37782	3.651015043258667	5
713869	1999	4.924802	3.2652366161346436	5
1240162	1827	1.936952	2.9059336185455322	5
753624	1578	5.259019	3.156613349914551	5
1330991	1023	2.388802	1.2616240978240967	5
687821	2361	7.126832	2.9444165229797363	5
687980	1463	2.657331	2.2178521156311035	5
909751	1939	2.060987	2.3284170627593994	5
1298134	1558	3.409555	2.2687807083129883	5
910852	1712	-3.212526	3.4524590969085693	5
1240219	1832	4.460906	3.3413097858428955	5
753624	2000	5.215778	3.3413097858428955	5
687588	1510	6.390415	3.5013375282287598	5
1480360	1915	1.557784	2.929608106613159	5
910700	1061	5.024772	2.617997646331787	5
907278	1998	3.427718	2.761914014816284	5
1298146	1069	3.730525	3.370453357696533	5
687505	1373	4.302398	2.822744846343994	5
1290769	1939	3.19942	2.3284170627593994	5
1524418	1026	1.118358	0.9133924841880798	5
1240157	1026	1.855705	1.3658242225646973	5
1330941	2177	2.845953	4.142973899841309	5
1298160	1168	2.908275	3.0163559913635254	5
1240187	1561	0.7962	2.9444165229797363	5
908480	1594	2.320977	2.1271069049835205	5
1240170	1594	1.095664	2.5808138847351074	5
946358	2177	1.727148	2.121851682662964	5
910900	1558	4.794011	3.003225564956665	5
910910	1021	3.613185	3.342721700668335	5
949171	1557	4.836555	1.8212265968322754	5
908455	1073	3.988299	3.3902668952941895	5
907790	1811	-2.791734	3.6532208919525146	5
906864	1017	4.626207	3.908376455307007	5
908125	1133	3.431631	4.702743053436279	5
924241	2040	1.14683	2.2178521156311035	5
949093	1933	8.096007	0.7904373407363892	5
908125	1839	3.968505	3.3034603595733643	5
1298146	2113	3.977338	3.359407663345337	5
687459	1038	5.967783	3.9166688919067383	5
908451	2045	4.17008	1.6882872581481934	5
910689	1716	6.805818	3.7082602977752686	5
910694	1560	4.433437	2.5808138847351074	5
753618	1912	2.271863	2.1759791374206543	5
1659928	1853	3.886348	3.1608517169952393	5
906844	1936	0.678624	3.342721700668335	5
1327766	1560	4.111391	1.532726526260376	5
1299075	1814	6.805371	3.440822124481201	5
909735	1625	5.203474	3.5461390018463135	5
910916	1911	-6.19112	3.4033749103546143	5
910544	1005	0.862245	1.0750892162322998	5
905964	1829	1.360235	2.3226685523986816	5
998189	1833	-0.249792	2.9895946979522705	5
688021	1581	4.792462	3.4360568523406982	5
908448	1020	2.584131	-0.18942677974700928	5
930083	1029	8.313351	3.2562968730926514	5
905939	1626	0.326853	3.8567564487457275	5
1299069	1855	3.969953	3.0603249073028564	5
910935	1564	2.089922	2.683992624282837	5
906817	1718	5.244658	3.599485158920288	5
753569	1840	3.155856	3.067237615585327	5
907794	1620	5.989617	3.8567564487457275	5
909743	1131	3.234366	2.3680262565612793	5
1503367	2361	5.700094	2.7097227573394775	5
687588	1019	4.888271	3.6098625659942627	5
905986	1713	3.008846	3.2315986156463623	5
1298352	1873	4.867361	2.725740909576416	5
908121	1909	2.004473	1.9585902690887451	5
910692	1720	5.355447	1.3261008262634277	5
908120	2110	5.430015	4.142973899841309	5
906805	1940	3.983305	4.260012626647949	5
930297	1375	6.956741	2.258204460144043	5
910907	1030	5.518252	4.0481462478637695	5
724866	1855	6.067945	3.2326881885528564	5
1240199	1032	3.223368	2.929608106613159	5
908128	2112	1.756997	3.3034603595733643	5
1299075	1918	3.625785	3.1137490272521973	5
1299070	1200	2.430527	4.420187950134277	5
906864	1852	5.705232	3.7236549854278564	5
908135	1873	0.405997	2.1759791374206543	5
735784	1621	5.792735	3.3053908348083496	5
1240206	1003	-1.732287	2.644202709197998	5
908125	1832	3.675334	3.3034603595733643	5
1298226	1020	5.484029	1.0103025436401367	5
910952	1553	1.044873	2.655745506286621	5
906824	1051	1.487155	-2.054955244064331	5
905959	1067	5.5241	2.39854097366333	5
1503366	2438	10.797507	3.716737985610962	5
909708	1624	2.031281	3.567639112472534	5
1503361	1007	-6.139093	-0.6766636967658997	5
908152	2148	4.015851	3.236191987991333	5
906864	1022	-0.456862	2.2870748043060303	5
909751	1557	5.662706	2.3284170627593994	5
909773	1068	1.207003	0.659253716468811	5
1240217	1922	2.755624	3.3584325313568115	5
1299059	1933	4.881284	0.8493804335594177	5
688031	1563	5.131619	3.5204875469207764	5
724868	1845	-1.13669	3.2652366161346436	5
1290922	1847	6.645605	2.9498484134674072	5
687563	1068	-0.480822	2.153860569000244	5
1299062	1020	5.142279	0.3758968710899353	5
722045	1085	3.028946	3.918010711669922	5
1480364	1049	4.276936	3.3150503635406494	5
906805	1131	5.620124	5.108938694000244	5
906792	1042	5.160059	4.824934482574463	5
907169	1061	3.497787	1.14143705368042	5
1240154	2010	5.28041	3.2193543910980225	5
946366	1054	3.475504	1.872542381286621	5
724839	1177	5.888836	3.5363662242889404	5
907270	2439	9.333591	3.0508646965026855	5
753620	1615	5.375969	2.1759791374206543	5
753624	1811	-1.544074	3.8895394802093506	5
1330982	1634	4.044823	2.9750640392303467	5
906791	1706	3.833842	4.138278961181641	5
1330982	2171	0.63642	1.543259620666504	5
905949	1598	3.801602	4.260012626647949	5
1240121	1624	3.389124	3.567639112472534	5
687815	1617	3.034547	2.270242214202881	5
1240178	1129	4.501755	2.8046975135803223	5
1287706	1175	4.22519	4.055182456970215	5
924111	1615	5.21203	2.499650716781616	5
1298526	1017	5.899853	4.0481462478637695	5
1297446	1824	2.082299	1.8283216953277588	5
1503364	1006	2.039836	3.3902668952941895	5
905937	1630	1.928541	3.7082602977752686	5
753592	1862	-1.493508	1.5029873847961426	5
908122	1586	3.71364	3.2349982261657715	5
910546	1375	6.363217	3.156613349914551	5
906824	1825	-0.769391	2.6979804039001465	5
909194	1192	1.769474	2.693105936050415	5
906791	2172	5.136748	4.138278961181641	5
688015	1249	2.281798	3.4250214099884033	5
910903	1511	-2.367701	2.871769666671753	5
1524414	1915	0.793419	2.729393720626831	5
910688	1829	0.424647	2.265040397644043	5
906791	1011	3.101569	2.9419360160827637	5
1299062	1494	-0.986088	1.8452582359313965	5
906851	1849	0.55186	1.9585902690887451	5
917486	2158	3.149618	4.142942905426025	5
946356	1507	5.244237	3.599485158920288	5
946369	1131	3.454729	4.876194000244141	5
910926	1268	3.547897	4.022722244262695	5
753594	2362	4.305131	2.1271069049835205	5
906844	1925	4.119643	4.902135372161865	5
909724	1199	4.745421	4.362511157989502	5
907277	1866	0.933867	1.7422237396240234	5
713878	1835	2.49877	2.6672303676605225	5
907788	1831	3.507856	3.4945781230926514	5
907048	1908	3.086685	3.8169400691986084	5
930301	1873	1.530955	2.757408618927002	5
905944	2157	4.254392	4.3382744789123535	5
1331032	1029	5.197699	1.1519863605499268	5
909725	1072	5.228787	3.938109874725342	5
924240	1854	4.683046	4.207280158996582	5
1503371	1855	3.562095	3.0347955226898193	5
1299081	1059	-1.005553	2.757408618927002	5
905936	1268	4.957935	4.094106674194336	5
753595	1248	-1.948486	5.790410041809082	5
908144	1010	4.853041	2.8367433547973633	5
909737	1811	-2.620401	3.6688292026519775	5
907274	2112	2.084069	1.9702403545379639	5
924108	1836	3.673757	2.9895946979522705	5
907285	1810	1.943235	3.156613349914551	5
905951	1449	5.93459	3.5126702785491943	5
688023	1563	5.241642	3.5204875469207764	5
1290730	1714	3.177069	3.302882432937622	5
908475	1730	2.400382	3.4778125286102295	5
910899	1089	2.401564	1.8452582359313965	5
1298538	1133	3.168157	4.773287296295166	5
1290797	1733	3.855519	3.997960329055786	5
946356	1010	0.708154	2.6990511417388916	5
910944	2011	2.724673	2.3155128955841064	5
753588	1917	2.032039	3.6707050800323486	5
724878	1847	6.876731	3.2652366161346436	5
687804	2107	3.532528	2.725740909576416	5
910944	1716	4.240754	1.7952566146850586	5
1240187	1042	6.240885	6.141581058502197	5
907046	1838	3.033111	2.9498484134674072	5
946370	2177	2.743056	3.9061851501464844	5
687812	1866	4.163841	3.4778125286102295	5
753538	1832	3.250401	2.9059336185455322	5
1327771	2173	2.592112	2.6764206886291504	5
910900	1048	4.461111	4.150619983673096	5
1290905	1052	2.69283	1.8263051509857178	5
907280	2170	4.19802	1.6882872581481934	5
1503362	1776	3.752426	3.21109938621521	5
687448	1849	0.327777	2.841865301132202	5
753574	1836	4.715514	3.1395630836486816	5
1303911	1039	6.190434	3.5126702785491943	5
906837	1594	3.862388	2.499650716781616	5
905982	1069	3.87905	3.144005060195923	5
1240145	1817	-5.824308	3.4845917224884033	5
753620	1777	4.88418	3.1752047538757324	5
905936	2171	1.555341	3.2755491733551025	5
1290724	1834	2.157711	2.9059336185455322	5
909712	1626	2.096593	3.5650794506073	5
907318	1083	2.481382	3.155921697616577	5
1303900	1708	2.323536	1.8263051509857178	5
906851	1553	1.558881	2.4316303730010986	5
906818	1777	6.11223	4.0499396324157715	5
909738	1928	6.755798	3.8130881786346436	5
1290797	2038	3.645559	4.269764423370361	5
753594	1617	2.07643	1.3261008262634277	5
905945	1918	1.833225	2.4316303730010986	5
1503361	2000	4.817375	3.1395630836486816	5
749710	1738	1.688132	3.7070729732513428	5
906824	1375	6.196194	2.258204460144043	5
906871	1072	3.360222	3.4060721397399902	5
909256	1996	3.028828	1.9585902690887451	5
907795	2112	2.370083	2.9895946979522705	5
910934	1909	1.306594	0.659253716468811	5
753614	1777	5.307463	3.599485158920288	5
908144	2040	0.682229	2.926135301589966	5
906812	1825	0.482485	2.9498484134674072	5
687586	1847	3.36631	3.058750867843628	5
1330947	1998	0.032313	2.761914014816284	5
910691	1073	5.332055	3.4229369163513184	5
724866	1560	3.479284	2.9444165229797363	5
1298349	1563	4.953578	3.5204875469207764	5
909975	1507	5.411205	3.5257794857025146	5
907286	1849	1.991855	2.914053201675415	5
1330983	1560	2.563964	1.6882872581481934	5
910079	1250	2.400035	3.599485158920288	5
909702	1200	0.543448	2.5146467685699463	5
749715	1926	-1.170692	2.4316303730010986	5
1298222	1058	2.056119	2.7097227573394775	5
688031	1580	2.81249	3.4360568523406982	5
1298537	1803	3.36035	3.2652366161346436	5
946353	1494	-2.926909	2.760331869125366	5
907172	2096	1.869247	1.14143705368042	5
724868	2148	2.24176	3.2652366161346436	5
906863	1825	-0.812287	2.9059336185455322	5
909723	1873	2.975056	2.757408618927002	5
907794	2000	5.751488	2.9895946979522705	5
1330973	2048	-0.148875	-3.22637939453125	5
753566	2055	2.061971	3.1131439208984375	5
688013	1936	2.242734	2.2178521156311035	5
906868	1248	-4.812533	5.410351276397705	5
1298157	1782	5.574238	3.4524590969085693	5
753570	1911	-5.768011	3.4033749103546143	5
753548	1052	2.506306	0.8278698325157166	5
909729	1008	-3.081486	2.872941732406616	5
949093	2043	7.369655	3.9108006954193115	5
905935	1779	1.609172	3.893923282623291	5
908483	1069	3.680225	2.693105936050415	5
905991	1713	2.741583	3.1308605670928955	5
908121	2439	9.380823	3.4524590969085693	5
1331033	1913	4.076297	2.9750640392303467	5
905977	1626	5.427032	4.0235066413879395	5
906862	1168	1.964133	2.519641876220703	5
1287706	1926	0.921768	2.757408618927002	5
908472	2177	2.684736	4.3382744789123535	5
1503370	1625	4.495839	4.138278961181641	5
909250	1928	6.179785	3.9170949459075928	5
910780	1060	1.230821	2.6900687217712402	5
1240223	1529	0.483177	3.7236549854278564	5
906813	1039	4.214058	4.0499396324157715	5
688011	1023	3.869484	2.2178521156311035	5
713869	1926	1.933408	2.9444165229797363	5
908462	2000	7.047567	3.236191987991333	5
909253	1032	0.344272	1.53485107421875	5
1240196	1585	4.814773	3.0872111320495605	5
1330942	2154	1.168626	2.6328091621398926	5
1331048	1549	1.952113	1.4947471618652344	5
1322212	1852	4.084231	3.4250214099884033	5
688023	1268	4.290627	3.621920585632324	5
688006	1576	1.844209	3.621920585632324	5
1480358	1561	0.94718	2.8625996112823486	5
906696	1930	0.765507	3.908376455307007	5
909260	2096	2.986419	2.4341554641723633	5
905935	1058	2.519378	3.1137490272521973	5
907051	1581	2.498812	3.5461390018463135	5
910924	1833	1.035562	2.9971930980682373	5
905990	2037	5.847839	4.0951972007751465	5
946382	1736	5.646508	3.8169400691986084	5
1240181	2096	-1.816092	2.6900687217712402	5
910692	1866	2.020473	2.693105936050415	5
1331035	1598	2.960878	2.6294219493865967	5
1240155	1621	5.025771	3.0915613174438477	5
1330972	1578	4.682003	1.8452582359313965	5
713878	1033	4.566632	3.4250214099884033	5
722045	1170	2.70477	1.5029873847961426	5
907046	1810	1.511444	2.8907833099365234	5
713878	1072	5.726396	3.4250214099884033	5
910544	1021	0.943535	1.4520153999328613	5
907783	2439	7.805737	3.1946165561676025	5
722046	1586	3.994962	3.4845917224884033	5
905961	1004	-5.386968	-1.942995548248291	5
907312	1372	-4.859482	3.302882432937622	5
687586	1620	5.465192	3.5650794506073	5
905949	1584	2.811077	3.4845917224884033	5
907314	1924	5.286252	2.1759791374206543	5
905958	1014	3.104193	2.4341554641723633	5
907794	1845	1.334788	2.9895946979522705	5
753555	2111	3.887847	3.9681038856506348	5
906795	1777	6.02667	3.7821781635284424	5
713899	2499	10.061502	4.598667621612549	5
906791	1732	0.959502	3.971829414367676	5
906843	1237	4.514453	3.42345929145813	5
909252	1553	2.062852	1.197744369506836	5
907783	1635	3.82456	3.1946165561676025	5
909975	1620	6.403265	3.6717495918273926	5
905990	1927	5.663781	3.883882999420166	5
753600	1778	3.195344	2.9444165229797363	5
1290797	1057	-4.329589	2.975034475326538	5
1295740	1820	2.789465	1.8283216953277588	5
688018	1629	7.017476	0.3758968710899353	5
1240173	2106	0.675381	2.533348798751831	5
910952	1852	5.85723	3.7231600284576416	5
908443	2002	5.868497	3.067237615585327	5
753552	1131	3.244453	4.808645725250244	5
1240192	1021	1.94745	2.2178521156311035	5
905986	2171	2.781109	3.5013375282287598	5
1298533	1029	6.079074	3.462890863418579	5
753615	1131	3.410384	3.2579100131988525	5
908139	1862	-1.284872	1.3008098602294922	5
1503366	2113	3.387181	3.1395630836486816	5
907058	2003	6.165727	3.3034603595733643	5
905937	2046	3.620596	1.8178400993347168	5
909770	1010	2.919361	2.7259902954101562	5
687807	1018	6.815373	4.150619983673096	5
1674021	1930	0.533298	3.8865675926208496	5
910851	1810	1.138467	2.8495066165924072	5
1299062	1034	-0.658554	2.2178521156311035	5
909781	1630	5.980383	3.706996202468872	5
907048	1814	5.998438	2.8907833099365234	5
1298356	1932	6.59423	3.2310540676116943	5
1331055	1031	0.312929	0.3758968710899353	5
906834	1997	-1.011615	1.8806970119476318	5
910704	1629	4.99574	0.7904373407363892	5
908448	1866	2.579687	2.3385002613067627	5
946355	1936	2.444372	3.155921697616577	5
908452	1911	-4.93936	3.4060721397399902	5
907272	1808	1.924231	0.9103354215621948	5
753592	1782	5.384598	3.971829414367676	5
1298215	1913	4.324188	5.547497749328613	5
924244	1016	0.408625	2.9444165229797363	5
1503365	1025	7.627253	3.985328435897827	5
687800	1010	2.803578	3.003225564956665	5
687802	1085	3.958386	3.918010711669922	5
908145	1069	4.203843	3.0579674243927	5
910698	1825	-1.299873	3.23235821723938	5
909718	1838	3.952073	2.9895946979522705	5
908141	1802	2.988529	2.761914014816284	5
1290806	1927	4.715982	3.41528582572937	5
1247873	1060	3.434521	3.2326881885528564	5
1240181	1024	-1.680837	3.1752047538757324	5
1295741	1378	3.509328	1.2599480152130127	5
909725	1819	-0.729527	-0.3904504179954529	5
1240127	1010	4.351035	2.627565622329712	5
908124	1129	4.019084	2.757408618927002	5
906801	1833	-0.712562	2.9498484134674072	5
907271	1629	4.846917	0.7346284985542297	5
687777	1180	-0.235399	2.5160272121429443	5
907057	1598	4.688398	4.082611560821533	5
1660034	1067	5.33159	1.8178400993347168	5
946377	1057	-3.389733	2.5808138847351074	5
906864	1239	2.033715	3.7236549854278564	5
753585	1915	0.51454	2.729393720626831	5
1330991	2109	1.522804	2.8858964443206787	5
1327775	1249	2.01395	3.0459694862365723	5
1240127	1996	3.838013	1.797175645828247	5
909750	1086	-0.244638	1.8543353080749512	5
949172	2361	5.717893	2.1759791374206543	5
909715	1634	2.797881	3.069305896759033	5
924151	1714	1.521333	2.7426013946533203	5
1298168	2499	9.925538	5.592216968536377	5
925346	1564	1.583188	3.112635850906372	5
1299078	2010	4.706273	3.3034603595733643	5
905972	1024	0.102332	3.918010711669922	5
907062	1072	3.635972	3.4033749103546143	5
905964	2109	2.884794	3.1473398208618164	5
1299059	1051	3.034076	-1.5411677360534668	5
905948	1998	5.567771	3.7231600284576416	5
687562	1706	0.792628	3.5650794506073	5
910910	2177	2.424254	4.142973899841309	5
909713	2044	3.33269	2.871769666671753	5
908472	1012	4.677459	3.4845917224884033	5
753554	1175	3.900623	3.8088181018829346	5
687995	1824	1.960445	2.6672303676605225	5
1240158	2156	1.458503	3.6688292026519775	5
909712	1853	4.89422	3.1826870441436768	5
910544	1820	0.357121	2.2884328365325928	5
909257	1930	-0.204344	3.961496114730835	5
905967	1268	4.245015	4.260012626647949	5
907055	2498	6.169916	4.887742519378662	5
1290725	1621	4.815516	3.0872111320495605	5
1298351	1085	2.589853	3.5257794857025146	5
910079	1007	-4.979204	-0.6766636967658997	5
909703	2039	1.681207	1.7219581604003906	5
924106	2000	5.154092	2.9498484134674072	5
687563	2154	2.536536	3.9061851501464844	5
910919	1079	1.539176	1.7259180545806885	5
908475	1006	2.849861	3.971829414367676	5
971777	1093	2.39994	3.1122686862945557	5
1480360	2174	1.781755	3.795720338821411	5
1298352	1733	4.595348	3.5257794857025146	5
1298222	1820	2.35015	3.1395630836486816	5
905964	1866	1.773792	2.3878438472747803	5
688011	1578	5.162692	1.8452582359313965	5
905975	1010	3.63044	3.0163559913635254	5
906864	1630	3.747074	3.7821781635284424	5
1480371	1010	4.274612	2.929608106613159	5
910936	1060	-1.947003	2.836839437484741	5
908443	1629	4.923393	1.0103025436401367	5
924241	1553	2.523812	2.1271069049835205	5
1331050	1259	2.432223	2.4670979976654053	5
908440	1829	-1.697641	2.700566530227661	5
1330931	1441	0.052337	1.7742090225219727	5
724872	2000	5.136176	2.6672303676605225	5
1240129	1915	2.449347	2.929608106613159	5
1240190	1494	-2.725884	3.0045273303985596	5
905944	1932	4.91257	3.4577603340148926	5
753612	2157	4.766813	2.9279723167419434	5
683667	1085	1.933768	3.3922739028930664	5
713880	1062	3.940567	3.5389983654022217	5
1327771	2156	0.254656	3.1946165561676025	5
749714	1932	4.129083	3.7070729732513428	5
1330995	1814	6.321369	0.8281965851783752	5
688031	1089	1.902928	1.8452582359313965	5
907789	1927	3.763652	1.7952566146850586	5
906814	2177	1.299673	4.261425495147705	5
906807	1088	-0.374876	0.8281965851783752	5
908121	1036	5.445356	3.8169400691986084	5
687457	1630	3.878226	3.7491321563720703	5
909251	1785	3.772784	2.3155128955841064	5
1240192	2010	4.687622	2.6672303676605225	5
1247871	1624	2.057007	1.9317262172698975	5
907788	1131	4.558195	4.692537784576416	5
1298475	1826	3.772397	3.3413097858428955	5
1299064	1023	3.741456	3.155921697616577	5
1524417	1023	3.714184	3.5181219577789307	5
1322212	1632	3.65735	1.3772859573364258	5
910692	1072	4.501302	3.4250214099884033	5
1240192	1022	1.515096	1.3772859573364258	5
1479987	1734	1.661296	3.795720338821411	5
907286	1051	1.428942	-1.4283103942871094	5
1298529	1190	-0.450574	2.644202709197998	5
909770	1401	1.184455	2.1546919345855713	5
1524419	1549	2.215931	2.729393720626831	5
753564	2173	3.878158	3.4360568523406982	5
753555	1782	5.343674	3.716737985610962	5
906843	1580	3.938048	3.199157476425171	5
908458	1061	3.076179	2.617997646331787	5
1247873	1168	0.325377	3.003225564956665	5
908469	1018	5.304574	3.6707050800323486	5
1330947	1133	0.390974	3.0440337657928467	5
907278	1179	0.32365	0.8278698325157166	5
949178	2045	4.659988	2.1759791374206543	5
946359	2045	6.232847	2.4316303730010986	5
907057	1927	4.780687	3.629309892654419	5
910079	1776	4.593672	3.21109938621521	5
906798	1091	1.836304	3.142500638961792	5
1240154	2038	4.61671	3.9559314250946045	5
1240121	1004	-6.08134	-1.5411677360534668	5
1298353	1932	2.991198	3.2310540676116943	5
1322224	1924	1.644539	2.637542724609375	5
946382	1620	4.593847	3.6288764476776123	5
908440	1799	3.189055	3.1752047538757324	5
1247871	1908	2.771602	2.4341554641723633	5
687563	1931	4.92742	4.9216437339782715	5
753559	1613	1.338486	3.9681038856506348	5
949153	1617	3.136251	0.783431351184845	5
1240127	1940	3.308066	3.8749492168426514	5
753538	1085	1.4885	3.1667983531951904	5
910549	1088	1.680115	2.760331869125366	5
905939	1627	4.186731	4.142942905426025	5
910944	1507	2.642543	1.7952566146850586	5
1240159	1582	4.378667	3.453313112258911	5
724868	1806	3.957538	3.0045273303985596	5
925340	2439	9.120658	3.3902668952941895	5
753581	1854	4.817749	4.197953224182129	5
1298157	2499	9.100781	5.386874198913574	5
908152	1940	3.902845	3.9580790996551514	5
1524419	1079	-0.048168	3.706996202468872	5
749713	1059	0.415135	2.4316303730010986	5
1298475	1828	4.713854	3.3413097858428955	5
688023	1029	3.532452	2.2178521156311035	5
906818	1168	4.061694	3.0163559913635254	5
946377	2040	0.740267	3.190483808517456	5
906814	1918	1.92877	2.757408618927002	5
1240167	1049	4.043743	3.155921697616577	5
908150	1618	3.450715	5.529873371124268	5
906793	1585	3.898355	3.3057429790496826	5
753575	1033	6.741928	3.716737985610962	5
907057	1059	-0.748285	2.9873926639556885	5
1240127	1833	3.911512	3.0308854579925537	5
1480360	1922	2.187273	3.3150503635406494	5
907045	1578	5.483257	2.8907833099365234	5
753570	2172	0.168629	3.567639112472534	5
905944	1804	3.28528	3.2652366161346436	5
753620	2171	-0.564399	2.359595537185669	5
905980	1814	8.559318	2.9870901107788086	5
688086	2113	2.234753	2.700566530227661	5
905960	1782	4.77688	3.4524590969085693	5
1298358	2011	5.795743	3.3902668952941895	5
1240145	1048	4.42234	4.150619983673096	5
1330941	1091	4.611537	3.7070729732513428	5
924151	1912	3.293742	2.8046975135803223	5
907285	2055	3.806868	3.3413097858428955	5
909745	1553	1.877033	2.5808138847351074	5
910851	1053	2.600778	2.725740909576416	5
908147	1912	0.584566	1.197744369506836	5
905976	1613	4.460935	4.055182456970215	5
906855	1812	1.885728	1.0750892162322998	5
905940	2159	4.200997	2.783674478530884	5
906805	2011	6.179658	3.971829414367676	5
908455	1840	2.40315	2.9971930980682373	5
753541	1808	-2.117973	2.644202709197998	5
907274	1713	2.996207	2.683992624282837	5
1330991	1375	3.735808	0.5859037637710571	5
905960	1925	4.525882	4.902135372161865	5
1480358	2043	5.057895	3.961496114730835	5
908151	1594	-0.63325	2.4316303730010986	5
949177	1930	-1.058276	3.4529154300689697	5
909771	1029	5.106244	1.2616240978240967	5
1240167	1997	4.101088	2.6051480770111084	5
1290798	1803	3.866507	2.9498484134674072	5
687820	1862	-0.864187	1.5029873847961426	5
905941	1922	3.987784	2.9625892639160156	5
905963	1622	3.110002	4.343428611755371	5
749709	1441	2.860422	2.4316303730010986	5
909704	1378	2.509177	2.5009219646453857	5
910702	1778	7.012694	2.975034475326538	5
905991	1845	1.301415	3.228731393814087	5
1297447	1014	4.019184	2.4672393798828125	5
1290730	2107	5.447677	2.7993829250335693	5
753555	2107	4.408509	2.7097227573394775	5
906797	1826	3.173648	3.1131439208984375	5
687983	1812	2.664722	1.8452582359313965	5
906696	1068	-1.566211	2.6999452114105225	5
1327765	1011	0.459478	0.659253716468811	5
1240209	2154	3.150027	3.8631064891815186	5
909709	1706	1.311081	3.567639112472534	5
749710	1776	4.850897	3.0618491172790527	5
1298223	1583	3.210608	3.8676233291625977	5
909725	1021	4.234457	3.3096630573272705	5
906837	1922	1.855602	3.010918378829956	5
925340	1375	7.939803	2.8183605670928955	5
1240204	1997	2.015371	2.1143600940704346	5
930297	1866	3.10537	2.7319629192352295	5
910568	1373	5.815213	2.7426013946533203	5
910853	1549	0.492256	3.0163559913635254	5
1298359	1007	-4.98861	-0.6766636967658997	5
908152	1613	2.397582	3.8911831378936768	5
908480	1086	-2.835091	1.3772859573364258	5
908440	1582	3.198378	2.7539103031158447	5
1240197	1013	3.300974	3.8021700382232666	5
1330993	1561	1.811308	3.1137490272521973	5
925338	1785	5.202726	3.4524590969085693	5
753621	1714	3.402308	3.0347955226898193	5
1524415	1925	5.291272	5.051743984222412	5
907279	1248	-4.47271	5.410351276397705	5
1298476	2158	7.582342	4.269764423370361	5
1299050	1828	3.654242	2.9059336185455322	5
946360	1553	4.12836	2.8625996112823486	5
1322213	1502	4.271567	4.2303032875061035	5
949094	1058	1.120549	2.5808138847351074	5
687816	1038	4.962336	4.150619983673096	5
1297447	1618	3.564824	3.0866458415985107	5
749712	1917	0.931853	3.9108006954193115	5
909745	1916	1.303697	3.6098625659942627	5
907285	1079	-1.431134	3.997960329055786	5
910905	1576	3.966263	4.094106674194336	5
908146	1629	3.265877	-0.12098675966262817	5
1240200	1730	1.31369	3.3574345111846924	5
753562	1053	1.801477	2.499650716781616	5
753624	1512	5.734943	3.156613349914551	5
1290905	1049	5.452748	3.342721700668335	5
1327773	1843	-2.601648	0.8281965851783752	5
905948	1718	5.120183	3.706996202468872	5
687798	1585	5.078315	3.4845917224884033	5
909762	1940	2.311097	2.4112095832824707	5
906872	1072	5.997014	3.437267780303955	5
724866	1708	1.189915	2.5160272121429443	5
906793	1191	-5.345685	1.6827902793884277	5
910916	1005	2.328924	2.644202709197998	5
1298348	1032	0.401117	3.003225564956665	5
909746	1624	4.056937	3.8567564487457275	5
906863	2055	1.750227	2.9059336185455322	5
907787	1529	-0.754801	2.3155128955841064	5
907277	2109	1.677387	2.4112095832824707	5
905952	1832	3.041287	1.8283216953277588	5
909252	1853	3.251593	1.7219581604003906	5
1298351	1375	5.445177	2.8495066165924072	5
907066	1048	8.436479	3.9166688919067383	5
907068	1017	4.12396	3.5363662242889404	5
905945	1829	0.746535	2.9498484134674072	5
949173	1931	4.271361	4.099785327911377	5
753615	1834	2.987791	2.3226685523986816	5
909743	1011	1.432721	0.783431351184845	5
1480364	1200	4.240666	4.420187950134277	5
906825	1034	-4.357155	3.3150503635406494	5
910688	1583	2.437379	2.6328091621398926	5
998189	1811	-3.369191	3.6532208919525146	5
1298157	1463	2.610277	3.342721700668335	5
908458	2177	3.094554	4.142942905426025	5
907313	1624	1.639514	3.5650794506073	5
907794	1011	1.850946	2.3284170627593994	5
722066	1084	-0.738964	2.9444165229797363	5
1298531	1553	2.002257	2.499650716781616	5
753624	1831	3.699939	3.3413097858428955	5
1240179	1062	3.172466	2.822744846343994	5
946358	1079	1.291138	1.7952566146850586	5
905975	1816	3.959009	4.362511157989502	5
907313	1061	5.362135	3.2315986156463623	5
906746	2110	2.980081	3.9061851501464844	5
910944	1012	-0.417511	1.7219581604003906	5
910569	1840	3.829279	2.9895946979522705	5
907319	1831	2.838226	3.1395630836486816	5
907792	1614	7.060207	3.7082602977752686	5
753594	1013	1.604008	2.752389669418335	5
910907	1559	-2.779107	1.686028003692627	5
688023	1004	-7.478125	-3.22637939453125	5
910850	1080	-0.170013	-1.60337233543396	5
753562	1529	-1.545901	3.4033749103546143	5
909745	1248	-1.584117	5.626377582550049	5
1240130	1401	1.888325	2.302790403366089	5
687983	1720	1.463031	1.3261008262634277	5
688021	1813	6.532618	1.8452582359313965	5
909745	1463	3.339284	3.190483808517456	5
1298134	2439	7.675927	3.206416130065918	5
1299080	1911	-4.932256	3.938109874725342	5
908449	1080	-1.172258	-2.6160428524017334	5
907068	1042	4.144127	5.0904388427734375	5
907287	1564	-0.627051	2.617997646331787	5
910710	2011	3.068627	3.1946165561676025	5
906869	1624	4.612399	3.485671043395996	5
907058	1016	1.377208	2.757408618927002	5
1331033	1713	2.803075	2.683992624282837	5
906746	1401	3.102231	1.872542381286621	5
1503363	1005	3.031703	2.760331869125366	5
687514	1378	2.283468	2.258204460144043	5
1290724	1873	0.017071	2.499650716781616	5
930301	2043	3.975467	4.055182456970215	5
1503369	1594	3.677751	2.9444165229797363	5
910851	2044	3.194771	2.8495066165924072	5
724838	1168	4.054492	2.8953487873077393	5
1295741	1558	1.596874	1.662688970565796	5
949154	1058	-0.127706	2.256009340286255	5
907319	2047	2.802841	3.0347955226898193	5
1299062	1032	3.456383	2.3373751640319824	5
1298216	1494	-1.444589	3.156613349914551	5
906877	1806	2.614351	0.9103354215621948	5
910899	1259	1.222057	3.6707050800323486	5
1240123	1177	5.301437	3.8865675926208496	5
909757	1617	4.206771	2.3284170627593994	5
908468	1919	3.26801	2.3373751640319824	5
907280	1175	2.875932	2.9159953594207764	5
906765	1779	-0.252494	2.645235538482666	5
1240159	1003	-0.689378	3.1408941745758057	5
1480361	1250	1.644484	3.883882999420166	5
906832	1853	5.169454	1.8709831237792969	5
907055	1736	5.333667	3.0603249073028564	5
907173	1630	3.494908	3.5804686546325684	5
1503366	1051	5.097445	-0.6766636967658997	5
909744	1507	4.614462	3.20292592048645	5
1240173	2048	-5.879288	-1.942995548248291	5
1298168	1179	2.831749	2.0167813301086426	5
907071	1085	1.429254	3.629309892654419	5
1503362	1799	3.481285	3.599485158920288	5
908460	1618	6.994943	5.905318737030029	5
910548	2040	2.229814	3.3150503635406494	5
910924	1940	3.742721	3.902925491333008	5
949094	1561	2.766589	2.5808138847351074	5
909736	2109	3.384042	4.082611560821533	5
1503363	1585	4.313521	3.3053908348083496	5
907275	1928	1.173948	2.1909544467926025	5
1240130	1827	0.9776	3.3034603595733643	5
910934	1815	4.873056	2.493256092071533	5
724838	1510	5.351344	3.142500638961792	5
1480361	1853	3.237362	3.360426425933838	5
907274	1996	3.166317	0.659253716468811	5
1247873	1736	5.049953	3.2326881885528564	5
1240199	1053	4.214679	2.8625996112823486	5
1330964	2055	0.697152	2.6672303676605225	5
908125	1911	-4.403711	3.938109874725342	5
946356	1058	1.225643	2.7097227573394775	5
906818	1199	5.993842	4.362511157989502	5
749710	1576	3.421361	4.207280158996582	5
910903	2055	0.202215	3.3034603595733643	5
905990	1930	1.609116	3.961496114730835	5
908461	1908	3.32516	3.0603249073028564	5
907786	1615	5.157815	2.9444165229797363	5
906870	1631	1.126529	2.2356555461883545	5
906839	1622	6.130674	3.8921892642974854	5
910546	1916	4.002125	3.997960329055786	5
910687	1918	2.058967	1.197744369506836	5
1524415	1852	2.731414	3.7231600284576416	5
924187	1510	4.586075	3.384831190109253	5
908457	1052	3.211215	1.8178400993347168	5
949093	1940	5.155444	4.207280158996582	5
910700	1175	5.44855	3.8865675926208496	5
1322212	1073	5.655691	3.4250214099884033	5
910933	2039	3.339604	3.1826870441436768	5
1298358	1614	3.587335	3.41528582572937	5
930083	1052	7.619645	2.2870748043060303	5
1298526	1012	1.475791	3.459388017654419	5
946367	1626	3.101627	3.5650794506073	5
906828	1815	5.116286	3.7236549854278564	5
1298160	1849	0.32642	2.841865301132202	5
1331045	1810	-1.182181	0.8281965851783752	5
753559	1194	4.447638	3.155921697616577	5
930083	1627	5.189393	3.9559314250946045	5
906835	1621	7.321905	3.1826870441436768	5
1290905	1855	7.676427	3.8169400691986084	5
688031	1012	0.874956	2.7018001079559326	5
910935	1463	2.331764	1.1519863605499268	5
749714	1736	5.112482	3.8169400691986084	5
905962	1833	2.413188	2.9895946979522705	5
1240142	2177	1.39596	3.8676233291625977	5
753616	2173	4.015641	3.416308641433716	5
1298352	1003	0.179632	2.8495066165924072	5
907066	1873	3.694867	2.7993829250335693	5
906851	1940	5.008526	4.207280158996582	5
1480367	1631	2.268892	3.883882999420166	5
1298160	1018	5.70944	4.055182456970215	5
906830	1049	5.860463	3.3096630573272705	5
907051	2106	5.951401	2.5261270999908447	5
753554	2109	2.842058	3.8803775310516357	5
1240209	1042	5.647636	5.515805721282959	5
906792	1855	4.377241	1.14143705368042	5
1330991	2044	4.081335	0.5859037637710571	5
910932	2039	2.832712	3.3057429790496826	5
749715	1824	0.485516	2.9498484134674072	5
908448	1024	-3.780208	2.2356555461883545	5
753576	1613	4.818194	3.9681038856506348	5
998189	1030	6.185335	3.8865675926208496	5
1299052	1034	-3.051958	3.010918378829956	5
749711	1620	5.365881	3.6288764476776123	5
1298529	1941	-3.506838	2.1143600940704346	5
753551	1088	0.096479	1.8452582359313965	5
908124	1997	4.118254	2.841865301132202	5
724834	1578	7.27601	3.0045273303985596	5
1503361	1049	2.618666	3.155921697616577	5
906834	1819	-4.530541	-2.023836135864258	5
687815	1626	3.593405	3.688896417617798	5
907053	1250	-0.44981	2.2356555461883545	5
724838	1085	2.536308	3.7491321563720703	5
907314	2438	10.881838	3.437267780303955	5
713899	2011	2.922389	3.4250214099884033	5
1247871	1058	3.048702	1.197744369506836	5
905978	1808	0.505773	2.9870901107788086	5
906820	1939	4.539722	1.8212265968322754	5
925338	1586	3.455929	3.2349982261657715	5
1240178	1594	3.095825	2.8046975135803223	5
930299	2107	7.019431	2.8046975135803223	5
908473	1549	-0.367538	3.003225564956665	5
924188	1011	0.06735	1.872638463973999	5
910931	1621	3.017774	3.4845917224884033	5
907065	2111	4.313275	3.9166688919067383	5
907317	1036	3.523813	3.0347955226898193	5
910934	1931	4.716541	2.754753589630127	5
1298218	1008	3.531497	3.156613349914551	5
907788	1927	3.443337	3.893923282623291	5
1298222	1716	4.764093	3.599485158920288	5
905980	1829	3.436669	3.23235821723938	5
907281	1010	2.527754	1.662688970565796	5
753595	1852	4.215918	3.8895394802093506	5
906813	1016	2.321339	2.757408618927002	5
924187	1706	1.895002	3.5461390018463135	5
1240155	1581	2.270644	3.485671043395996	5
753622	2039	3.324075	3.3053908348083496	5
905970	1780	6.426134	3.918010711669922	5
909248	1510	4.954725	2.815500259399414	5
687821	1046	5.259955	2.5160272121429443	5
1299069	1180	-3.964831	2.1546919345855713	5
905967	1053	2.497304	2.9444165229797363	5
1240123	1866	2.403726	3.144913911819458	5
1331037	1838	1.878947	1.9702403545379639	5
905947	1913	3.959048	5.592216968536377	5
713880	2172	1.188806	3.4360568523406982	5
909248	2148	3.028128	2.7923409938812256	5
910922	1013	1.442368	4.272779941558838	5
906855	1825	-1.793012	2.2884328365325928	5
1660035	1799	6.074764	3.7082602977752686	5
1298151	1827	-2.00221	3.359407663345337	5
906792	2360	5.169243	2.757408618927002	5
1240154	1829	-0.198799	3.2193543910980225	5
907276	1843	3.508558	2.8183605670928955	5
1331035	1941	-5.680754	0.659253716468811	5
688018	1561	3.893356	2.1271069049835205	5
909753	1632	3.979124	2.39854097366333	5
949153	1449	2.80496	1.7952566146850586	5
1330942	1720	-0.641809	0.6928384900093079	5
910861	1925	4.471704	3.0898027420043945	5
910569	1828	3.15098	2.9895946979522705	5
1240129	2362	5.700987	2.8625996112823486	5
688087	2044	4.905222	1.9576692581176758	5
1290905	2360	4.888264	2.4316303730010986	5
1298358	1012	1.455952	3.0915613174438477	5
909737	1088	3.434153	3.1408941745758057	5
687995	2438	10.374549	3.4250214099884033	5
1240146	1249	4.411677	3.971829414367676	5
687995	1732	0.889476	3.4250214099884033	5
753559	1560	3.414567	2.7097227573394775	5
905957	1011	0.340242	1.9585902690887451	5
909774	1052	3.299039	2.2329084873199463	5
749716	1048	7.295889	3.9108006954193115	5
924239	1736	4.642984	2.4672393798828125	5
907169	1200	2.715959	4.362511157989502	5
753565	1057	-2.266745	2.1271069049835205	5
687995	1085	2.485853	3.025665521621704	5
1327773	1180	-3.716241	0.40741169452667236	5
687985	1634	3.294535	4.598667621612549	5
946356	1012	1.54515	3.3053908348083496	5
908121	1007	-4.805469	-1.3838927745819092	5
1299069	2173	3.143301	3.485671043395996	5
1240212	1734	1.989543	3.206416130065918	5
1298223	1718	4.954569	3.622213125228882	5
906839	1786	3.486677	3.190483808517456	5
924188	2171	3.440307	3.6594560146331787	5
753614	1617	2.772614	2.6051480770111084	5
946373	1576	4.254294	3.9481465816497803	5
1503366	1034	-2.080582	3.155921697616577	5
1240154	2170	4.537766	2.8046975135803223	5
753535	1089	4.230916	2.644202709197998	5
1240197	1018	7.235936	3.961496114730835	5
909753	1924	5.407855	2.8625996112823486	5
906696	1814	5.538425	2.9510107040405273	5
930301	1933	4.980068	1.6827902793884277	5
910943	1855	7.30671	3.2315986156463623	5
1290797	2057	5.417692	3.3413097858428955	5
1330947	2055	-1.2484	2.265040397644043	5
949094	1932	5.178176	3.5013375282287598	5
908442	1563	2.972041	4.142942905426025	5
910919	1005	1.470482	0.8281965851783752	5
1503370	1844	3.236353	3.2652366161346436	5
909723	1908	1.609412	1.14143705368042	5
905990	1720	6.081846	2.6899750232696533	5
910781	1933	5.14738	0.6334644556045532	5
908126	2113	2.425202	2.2884328365325928	5
910704	1933	4.55893	0.7904373407363892	5
1297447	2498	5.995848	3.0866458415985107	5
735784	2010	6.041877	3.1395630836486816	5
908455	1909	3.317127	2.424433469772339	5
909746	1804	2.809071	2.9895946979522705	5
1295740	1549	3.565127	1.4547812938690186	5
1247873	1593	3.06179	3.4845917224884033	5
909773	1720	0.114453	0.659253716468811	5
908141	1018	3.212394	2.9159953594207764	5
949176	1913	4.400912	4.63679313659668	5
1327768	1007	-4.236484	-3.7979912757873535	5
905957	1558	2.655084	2.519641876220703	5
946382	1072	5.095503	3.4524590969085693	5
753558	1836	3.711922	3.23235821723938	5
910704	1025	4.380255	4.207280158996582	5
907055	1825	-0.803473	2.9971930980682373	5
909248	1614	3.787778	3.3922739028930664	5
907289	1840	3.107201	2.9895946979522705	5
907281	1558	1.807705	1.662688970565796	5
753569	1085	3.105883	3.622213125228882	5
1240226	2159	6.503601	4.261425495147705	5
907279	2044	3.75184	2.5319948196411133	5
1298476	2044	6.68114	3.156613349914551	5
753562	1916	2.506187	3.1667983531951904	5
907045	2154	3.200636	4.142973899841309	5
906820	1925	4.87375	3.763986825942993	5
949176	1190	-2.781208	1.9576692581176758	5
1331033	1268	3.582996	2.6294219493865967	5
910698	1026	-2.091102	0.9133924841880798	5
910941	1927	5.166639	3.1752047538757324	5
724866	1713	5.046176	3.2326881885528564	5
910948	1053	1.489409	2.4316303730010986	5
908126	1629	4.379966	-0.47016048431396484	5
1503371	2157	4.660636	3.9782726764678955	5
905969	1598	4.465917	4.035938262939453	5
907790	1026	-1.036235	0.8676882386207581	5
1295740	1010	2.453002	1.4547812938690186	5
906798	1089	2.17639	2.5009219646453857	5
753608	1736	4.214499	3.2326881885528564	5
1240199	1014	5.626153	3.1308605670928955	5
1240209	2039	3.771601	3.0915613174438477	5
905982	1025	6.183526	3.8921892642974854	5
1322224	1068	-1.744465	2.424433469772339	5
909744	2011	3.087011	3.3544952869415283	5
1297446	1615	4.332211	1.197744369506836	5
1240174	1191	-5.810769	0.6334644556045532	5
909729	1073	6.523422	3.5807151794433594	5
910911	1716	4.705988	3.1667983531951904	5
906746	1378	3.727067	2.872941732406616	5
910554	2359	5.218358	3.6532208919525146	5
1240201	1925	4.730995	4.7874627113342285	5
905969	1180	-2.669124	2.39854097366333	5
909257	1919	0.903394	2.929608106613159	5
1330941	1613	5.566175	3.9108006954193115	5
946360	1831	3.187061	3.228731393814087	5
749711	1814	6.041627	2.8907833099365234	5
907045	2361	4.826748	2.4316303730010986	5
910935	1050	0.461813	-3.7979912757873535	5
1330942	1558	4.817031	1.53485107421875	5
753546	1239	2.953967	3.938109874725342	5
1303900	1006	3.720476	3.4524590969085693	5
906821	1808	-1.055441	3.156613349914551	5
910554	1849	0.408677	2.3284170627593994	5
753620	1713	1.40971	2.6900687217712402	5
906693	1720	4.454921	2.914053201675415	5
724870	1175	4.210597	4.0481462478637695	5
909729	1847	5.976731	3.058750867843628	5
753624	1912	3.686613	2.975034475326538	5
753540	1928	5.618017	3.6717495918273926	5
753608	1718	4.156525	3.918010711669922	5
753576	1778	3.511603	2.7097227573394775	5
1331045	1997	4.102636	0.659253716468811	5
906817	1784	6.555115	3.1395630836486816	5
1298156	1559	-4.01992	0.8493804335594177	5
949176	1563	5.312158	3.5236966609954834	5
909252	1844	2.453777	1.8283216953277588	5
910691	1831	3.635097	3.0308854579925537	5
687457	1615	4.783325	2.7993829250335693	5
905938	1199	2.772866	2.6656031608581543	5
910569	1835	4.004074	2.9895946979522705	5
909753	2148	0.803451	3.228731393814087	5
910922	1582	3.994518	3.48917818069458	5
910851	1058	0.905719	2.725740909576416	5
1480362	1593	3.142594	3.360426425933838	5
1298219	1838	2.890298	3.1213343143463135	5
753579	1010	2.373877	3.0163559913635254	5
687985	2040	-0.446819	2.2178521156311035	5
905961	1840	4.814465	2.9895946979522705	5
1240170	1083	3.0315	3.190483808517456	5
971777	1630	1.474012	4.0499396324157715	5
1331032	2171	3.689315	1.543259620666504	5
1331036	1494	-6.555426	0.8281965851783752	5
753608	1067	5.419422	2.5160272121429443	5
910926	1706	0.619913	4.014430522918701	5
1290724	1836	3.081545	2.9059336185455322	5
905962	1239	1.184089	3.6532208919525146	5
907067	1709	-3.143817	2.302790403366089	5
905967	1918	1.893822	2.9444165229797363	5
906864	1042	5.079583	5.276230335235596	5
906864	1043	5.224408	5.276230335235596	5
905985	1626	3.160108	3.5650794506073	5
908457	1819	1.029119	-1.942995548248291	5
1299052	1558	0.568867	2.4382894039154053	5
905954	1086	-0.713696	2.302790403366089	5
905960	1036	5.904167	3.8169400691986084	5
906765	1924	1.737425	1.532726526260376	5
722045	1373	4.513668	3.2326881885528564	5
909251	1852	4.531856	2.3155128955841064	5
909773	1998	1.630136	2.493256092071533	5
1240160	1866	5.079568	3.370453357696533	5
1290905	2010	4.374849	2.9498484134674072	5
905967	1827	2.83209	3.2652366161346436	5
910692	1834	2.50949	2.6672303676605225	5
687816	2154	4.026777	4.3382744789123535	5
910861	1043	1.439454	4.780441761016846	5
910851	1830	1.076202	3.1213343143463135	5
717431	2438	7.487088	3.437267780303955	5
688014	1827	0.190885	2.6672303676605225	5
946368	1998	4.295349	3.5807151794433594	5
924240	1047	4.467082	4.938456058502197	5
907289	1732	2.898485	3.6532208919525146	5
905949	2057	3.983144	3.2652366161346436	5
910922	1042	5.740832	6.269980430603027	5
909757	2109	1.775976	4.094106674194336	5
1240200	1843	1.87247	3.059617757797241	5
1327769	1919	1.396062	1.4947471618652344	5
910951	2499	7.593997	3.8762052059173584	5
949178	1709	-4.578815	1.4711873531341553	5
908129	1086	2.83168	1.7474184036254883	5
924100	1911	-5.81785	3.84454607963562	5
909253	1023	3.453671	1.2616240978240967	5
1659928	1013	3.578302	3.7879531383514404	5
753563	2361	3.872714	1.532726526260376	5
713869	1834	1.227301	3.2652366161346436	5
1240159	2011	4.03747	3.6688292026519775	5
910926	1053	2.245494	2.7993829250335693	5
1240129	1913	5.265773	5.155592441558838	5
1331032	1062	2.72572	2.683992624282837	5
713878	1621	3.736401	2.7018001079559326	5
906793	1927	5.348398	4.0499396324157715	5
688021	1005	4.124019	1.8452582359313965	5
908147	1910	-1.295947	0.783431351184845	5
1298136	1916	4.326674	3.997960329055786	5
687563	1175	4.474747	3.8018076419830322	5
946366	2111	2.266831	3.8018076419830322	5
908128	1559	1.007905	1.6827902793884277	5
1240193	1005	1.944751	1.8452582359313965	5
687804	1375	5.901644	2.8495066165924072	5
905934	1811	-1.140754	3.84454607963562	5
724834	1999	3.16758	3.2652366161346436	5
909781	1594	4.354443	2.655745506286621	5
905938	1050	-0.104806	-4.371927261352539	5
910567	1069	3.64558	2.8681082725524902	5
753577	1051	1.196973	-0.33616775274276733	5
1298226	1072	5.779391	3.620103120803833	5
907783	1428	4.272826	3.1946165561676025	5
753583	1008	1.921973	2.644202709197998	5
1240200	1511	-0.209421	3.059617757797241	5
907053	1168	2.83302	1.53485107421875	5
1240174	1563	5.244204	3.813587188720703	5
713885	1598	5.056205	3.621920585632324	5
908126	1067	5.132361	0.22982895374298096	5
907795	1838	2.589311	2.9895946979522705	5
735784	1199	3.964898	4.435855865478516	5
906863	1511	-1.771571	2.644202709197998	5
910687	1917	-0.396261	2.420258045196533	5
906818	1191	-5.346711	1.6827902793884277	5
753622	1200	3.023445	4.435855865478516	5
1240159	1018	6.533482	4.031013488769531	5
687455	1373	4.898383	3.302882432937622	5
1290455	2149	0.406821	2.6328091621398926	5
1240190	1736	2.711812	3.2326881885528564	5
749715	1068	0.463488	1.9585902690887451	5
949176	2111	4.091733	3.4529154300689697	5
687995	1786	2.186668	2.2178521156311035	5
908481	2044	5.231061	1.8452582359313965	5
906834	2499	9.219173	4.887228488922119	5
910710	1190	-3.132745	1.0750892162322998	5
1479988	1019	2.502325	3.883882999420166	5
909747	1034	-2.116345	3.0184011459350586	5
906872	1051	3.968637	-2.4405956268310547	5
1240154	1799	5.309858	3.7821781635284424	5
687568	2149	3.789654	3.9061851501464844	5
1509073	1778	3.785804	2.655745506286621	5
1290806	1020	5.647781	1.3008098602294922	5
687787	1133	3.9043	4.773287296295166	5
1240193	2111	2.587928	3.6707050800323486	5
687568	1006	2.875351	3.5807151794433594	5
688027	1558	3.036039	2.3373751640319824	5
1297449	1598	3.205538	2.6294219493865967	5
1330985	1810	-2.34187	0.5859037637710571	5
724869	1017	4.679069	4.0481462478637695	5
1240223	1824	3.707001	3.2193543910980225	5
907045	1239	6.234363	3.4524590969085693	5
688011	1594	3.808815	2.1271069049835205	5
908483	1010	2.977481	2.3373751640319824	5
908152	1833	2.26472	3.236191987991333	5
1503361	1259	4.592481	3.9681038856506348	5
910079	1585	4.854519	3.3053908348083496	5
753621	1084	-0.188136	2.7097227573394775	5
908480	1191	-4.877871	0.3758968710899353	5
905964	1620	3.960282	2.7383062839508057	5
910692	2113	2.431332	2.6672303676605225	5
1240219	1008	-0.319849	3.156613349914551	5
925340	1080	-3.551304	-0.6266331672668457	5
910781	1785	4.582219	3.4229369163513184	5
724872	2096	2.109041	3.5389983654022217	5
688006	1237	5.033186	3.5204875469207764	5
1298134	1054	3.860556	1.6584224700927734	5
907311	2112	1.957314	2.2884328365325928	5
753538	2002	4.825453	2.9059336185455322	5
998189	1777	5.328132	3.7082602977752686	5
1331045	1910	-1.112732	0.659253716468811	5
908139	1782	6.159177	3.3902668952941895	5
905935	1057	1.221979	3.1137490272521973	5
905991	1025	4.06324	4.035938262939453	5
687561	1844	2.779679	3.058750867843628	5
1303900	1529	2.184656	3.4524590969085693	5
1240159	1615	5.673511	2.9873926639556885	5
1290455	1029	4.996759	1.2616240978240967	5
909256	1714	5.102742	3.8169400691986084	5
905969	1549	3.496769	2.929608106613159	5
1297447	1931	4.15997	3.2579100131988525	5
749715	1631	3.013077	3.5126702785491943	5
910921	1581	2.009575	4.0235066413879395	5
1503363	1025	5.496467	3.985328435897827	5
1298362	1036	3.488498	2.836839437484741	5
688013	2044	1.782887	1.8452582359313965	5
1480367	2045	4.912494	2.8625996112823486	5
1330947	2057	3.394793	2.265040397644043	5
687815	1061	3.414173	2.9413108825683594	5
909761	1580	5.687138	3.8567564487457275	5
688010	1073	4.743163	3.4250214099884033	5
1659818	1089	2.389801	1.2599480152130127	5
1298350	1845	3.707233	3.2652366161346436	5
909740	1809	2.282071	2.573582410812378	5
907045	1512	3.547247	2.8907833099365234	5
1331037	1593	0.638256	1.8709831237792969	5
949177	2149	1.732211	3.5236966609954834	5
753541	2110	3.709562	3.7840540409088135	5
908124	1179	3.490184	2.302790403366089	5
713899	1062	4.574844	3.5389983654022217	5
946354	2109	1.33175	3.985328435897827	5
910694	1936	3.180526	3.190483808517456	5
946382	2113	2.043373	2.9498484134674072	5
1659928	1827	-0.703984	2.9895946979522705	5
906790	1059	-1.44899	2.637542724609375	5
907065	1785	6.10133	3.804440975189209	5
1240174	1614	4.003273	3.3890492916107178	5
910952	1932	2.553761	3.954584836959839	5
909706	1510	5.30572	3.1122686862945557	5
924108	2439	9.919737	3.6532208919525146	5
724878	1510	5.209176	3.4577603340148926	5
905954	1129	4.224549	2.757408618927002	5
753595	2040	2.475506	3.462890863418579	5
905982	2039	3.807087	3.1826870441436768	5
908461	1004	-0.097277	-0.6266331672668457	5
910932	1613	4.29242	4.055182456970215	5
946368	1507	5.132344	3.6098625659942627	5
1330982	2107	4.18597	1.244260311126709	5
1240199	1375	9.52028	3.059617757797241	5
724825	1926	-2.556241	1.532726526260376	5
724825	1068	0.29871	0.8443875312805176	5
1240162	1250	2.551912	3.1667983531951904	5
910933	1918	5.487285	2.5808138847351074	5
1503361	1618	2.619299	5.657320022583008	5
906792	2177	1.552107	4.261425495147705	5
910947	1778	3.06799	1.6882872581481934	5
907071	1718	4.295004	3.629309892654419	5
753621	1627	3.653719	3.9782726764678955	5
1299052	1059	0.882628	2.499650716781616	5
906844	2439	8.577925	3.4524590969085693	5
906801	1799	4.079387	3.5126702785491943	5
753623	1816	4.952408	4.435855865478516	5
753600	2362	5.723018	2.9444165229797363	5
908450	1024	2.312142	3.251267194747925	5
1331050	1494	-5.012694	0.8281965851783752	5
1480360	1931	4.923163	4.796665668487549	5
1480372	1816	3.951403	4.420187950134277	5
907318	2172	3.21469	3.987025022506714	5
1330982	1553	-0.433571	1.244260311126709	5
910952	1838	2.619114	3.23235821723938	5
1503368	1511	-1.01161	2.760331869125366	5
1240181	1732	3.59895	3.437267780303955	5
688058	1086	0.200767	2.2864162921905518	5
1240183	2113	3.373649	3.067237615585327	5
909719	1997	4.163796	2.6398816108703613	5
1480374	1190	-0.480618	3.059617757797241	5
910691	1250	2.728819	3.3890492916107178	5
909749	1024	-0.039052	3.7491321563720703	5
907791	1003	0.631205	1.2599480152130127	5
907173	1830	2.417291	3.236191987991333	5
946368	2362	5.328112	2.5808138847351074	5
1247873	1578	5.994872	3.0045273303985596	5
906826	2438	12.218334	3.4524590969085693	5
1298359	1086	-0.21119	2.2798075675964355	5
910941	1048	4.128794	3.4529154300689697	5
907062	1053	3.788517	2.499650716781616	5
908124	2046	4.259103	2.302790403366089	5
753533	2046	3.701818	2.0167813301086426	5
749717	2002	5.344183	2.9498484134674072	5
753558	1049	4.830775	3.5181219577789307	5
906834	1632	1.601436	1.6266098022460938	5
946363	1862	-1.742007	0.5548354983329773	5
749709	1449	5.363916	3.5126702785491943	5
688018	1373	4.725254	3.5389983654022217	5
907057	1854	5.599705	4.082611560821533	5
905984	1866	1.36389	3.0579674243927	5
909740	1250	2.38806	3.7082602977752686	5
908462	1931	6.623901	4.833736896514893	5
1330991	1026	-0.618106	-0.18942677974700928	5
906797	1200	2.649104	4.377060413360596	5
909712	1042	3.780573	6.370761394500732	5
688086	1428	5.095522	3.437267780303955	5
907799	1909	1.592278	0.659253716468811	5
753576	1847	6.775371	3.1395630836486816	5
1240123	1032	-2.498602	2.5620033740997314	5
753583	1810	3.066927	2.644202709197998	5
909248	1804	7.021495	2.7923409938812256	5
946373	1089	2.261805	2.5319948196411133	5
713880	1809	-2.104512	1.8452582359313965	5
906864	1051	2.14177	-0.29702228307724	5
908476	1441	2.368158	2.9444165229797363	5
1297449	1802	2.214247	2.493256092071533	5
1503365	1926	-0.008119	2.7097227573394775	5
1298151	1237	5.555892	4.035937786102295	5
909724	2048	-2.734338	-0.3904504179954529	5
949179	1529	0.594643	3.437267780303955	5
906792	1038	5.02185	4.055182456970215	5
909757	1084	-1.758897	2.533348798751831	5
1330941	1845	3.921549	2.9498484134674072	5
924151	1720	4.475664	2.6999452114105225	5
909747	1584	5.336826	3.1608517169952393	5
907279	1006	5.457337	3.4060721397399902	5
910927	2154	2.768045	4.142973899841309	5
687819	1085	1.227646	3.918010711669922	5
724834	1553	5.175706	2.9444165229797363	5
1659823	1808	3.191632	2.573582410812378	5
910936	1558	0.793458	2.4382894039154053	5
687802	1032	0.520163	3.003225564956665	5
907275	1250	-0.415752	2.2356555461883545	5
905991	1180	-2.695652	2.39854097366333	5
907172	1052	4.29103	2.302790403366089	5
717431	1199	3.607533	3.763986825942993	5
906793	2057	5.668832	3.3034603595733643	5
1290725	1088	3.720452	2.644202709197998	5
753533	1179	0.664066	2.0167813301086426	5
687787	1738	-1.539059	3.0347445011138916	5
910907	1507	5.950037	3.997960329055786	5
1299069	1559	-1.643474	1.3008098602294922	5
905979	2498	8.255375	5.592216968536377	5
946363	1855	1.83508	2.6900687217712402	5
1509074	1037	1.998778	3.706996202468872	5
925340	1847	4.291489	2.9971930980682373	5
753549	1631	3.081515	3.6098625659942627	5
687980	1089	3.734431	1.8452582359313965	5
753572	1618	4.267919	5.790410041809082	5
753545	1618	2.379203	4.593025207519531	5
753554	1810	0.232125	2.6767337322235107	5
753608	1941	-4.079863	2.9419360160827637	5
909749	1034	-4.818204	3.0556554794311523	5
1298350	1593	3.974559	3.4845917224884033	5
687997	1378	7.67888	1.8452582359313965	5
905948	1020	6.488648	0.9133924841880798	5
905979	1816	5.566891	5.051743984222412	5
909728	1730	2.66796	3.127161741256714	5
724870	2039	3.953941	3.459388017654419	5
1298353	1093	3.444745	3.2310540676116943	5
907791	1553	4.095308	1.532726526260376	5
910710	1401	0.609885	0.22982895374298096	5
909715	1038	2.507371	2.9159953594207764	5
949171	1563	4.933595	3.5236966609954834	5
909725	1922	2.22952	3.3096630573272705	5
907277	1598	2.738966	2.4112095832824707	5
909253	1029	4.342034	1.2616240978240967	5
946370	1004	-3.093949	-1.8828163146972656	5
910781	1014	3.535254	3.735478639602661	5
1503365	1802	5.568441	3.716737985610962	5
753621	2040	1.344191	3.155921697616577	5
949172	1007	-4.444895	-2.4405956268310547	5
910544	1072	3.792193	3.1946165561676025	5
905977	1510	4.972225	3.1122686862945557	5
905991	1047	5.121671	4.796665668487549	5
688023	1023	3.280603	2.2178521156311035	5
908458	1922	-1.782454	3.0184011459350586	5
907789	1060	1.818041	2.4341554641723633	5
910567	1043	5.292804	5.012502670288086	5
907313	2096	2.702239	3.2315986156463623	5
910924	1259	2.403294	3.7432165145874023	5
724870	1584	2.603023	3.459388017654419	5
906869	1586	4.828173	3.0915613174438477	5
910924	1032	1.160143	2.7259902954101562	5
905969	2010	6.923912	3.228731393814087	5
908130	1003	-2.01077	2.654480218887329	5
910702	2048	2.967012	-1.4283103942871094	5
949088	1180	-4.105722	0.40741169452667236	5
909697	1180	-4.144882	2.1546919345855713	5
909745	1024	-0.526864	3.6098625659942627	5
713899	1014	4.584209	3.5389983654022217	5
925338	1005	5.337535	2.8907833099365234	5
907048	1175	3.383636	3.9108006954193115	5
687802	1614	7.200788	3.918010711669922	5
906808	1012	0.537339	2.7018001079559326	5
906863	2010	4.741989	2.9059336185455322	5
908447	2038	5.128012	3.5236966609954834	5
911905	1930	3.256224	3.961496114730835	5
910704	1626	5.355332	3.6288764476776123	5
1240212	1635	4.893285	3.206416130065918	5
905934	2109	6.217296	4.31592321395874	5
1298216	1375	7.32261	3.156613349914551	5
749709	1013	3.083048	3.9502813816070557	5
909773	1776	3.24299	1.8568918704986572	5
906790	1042	4.984837	5.515805721282959	5
909744	2055	1.344641	2.580016851425171	5
722066	1622	5.264203	4.260012626647949	5
908118	1925	4.069353	3.763986825942993	5
907788	1563	5.121613	4.273280620574951	5
906746	1175	4.341518	3.8018076419830322	5
724869	1999	4.210721	3.3413097858428955	5
910568	1025	5.339409	3.9346189498901367	5
1327775	2170	1.993723	1.532726526260376	5
1503366	1627	3.010002	3.9782726764678955	5
753612	1615	5.521029	1.532726526260376	5
908463	1839	4.337101	3.2652366161346436	5
906746	1268	5.589201	3.8921892642974854	5
910922	2172	-0.487232	3.9170949459075928	5
909735	1033	4.798414	3.4229369163513184	5
907295	1084	-2.73787	2.1271069049835205	5
909762	1507	3.895795	1.7952566146850586	5
753563	1630	3.254674	2.645235538482666	5
909248	1816	4.443375	4.125128746032715	5
753563	1808	-2.337699	1.2599480152130127	5
907313	1050	2.878723	-1.8828163146972656	5
1240159	1776	5.373343	3.370453357696533	5
949174	2000	4.64709	2.700566530227661	5
753558	1003	-2.76442	2.9870901107788086	5
909736	1239	1.947826	3.6688292026519775	5
924100	1734	2.749964	3.84454607963562	5
1331035	1913	4.212115	2.9750640392303467	5
930083	1017	6.877641	3.908376455307007	5
906862	1375	6.009711	2.8907833099365234	5
722058	1050	2.14577	-0.31735628843307495	5
906837	1586	3.706616	3.0872111320495605	5
905967	1736	1.810641	3.2326881885528564	5
687459	1828	5.060004	3.1131439208984375	5
910933	1843	-1.746724	2.872941732406616	5
753585	1615	4.629056	2.655745506286621	5
1240189	1237	4.529421	3.5204875469207764	5
908468	1021	2.315489	2.2178521156311035	5
688026	1917	0.879091	3.6707050800323486	5
910933	1716	4.220693	3.6098625659942627	5
753555	1806	5.378357	2.760331869125366	5
909718	2112	1.852233	2.9895946979522705	5
905989	1833	3.22868	2.9895946979522705	5
1240168	1062	5.16682	3.2315986156463623	5
688087	1999	5.279648	2.700566530227661	5
910688	1239	0.071955	2.761914014816284	5
1298349	2037	3.390248	3.5204875469207764	5
687448	1019	1.129838	4.0499396324157715	5
753574	2039	4.445225	3.3053908348083496	5
946363	1511	-1.098763	1.9576692581176758	5
1298475	1058	0.714201	2.975034475326538	5
1503366	1939	4.38986	2.6051480770111084	5
906862	1712	-3.740842	3.4524590969085693	5
1240130	1512	4.74238	2.871769666671753	5
906824	1912	1.731407	2.256009340286255	5
1524417	1248	1.924284	5.592216968536377	5
687455	1630	3.878864	3.7491321563720703	5
1330993	1825	-0.32336	3.4945781230926514	5
905944	2038	4.556528	4.3382744789123535	5
1298218	1834	3.890896	3.3413097858428955	5
910700	1020	6.818645	0.8676882386207581	5
910927	2055	-0.154892	2.9498484134674072	5
1298219	1613	4.789047	3.956881046295166	5
907289	1783	5.610685	3.6532208919525146	5
724866	1631	3.753269	3.918010711669922	5
1240181	1199	3.28715	3.763986825942993	5
909728	1802	3.987457	3.620103120803833	5
909721	1873	2.988555	2.9444165229797363	5
907274	1249	2.376513	2.493256092071533	5
909249	1510	1.384744	1.7003509998321533	5
1299062	1835	6.766825	2.6672303676605225	5
907313	2172	0.561439	3.5650794506073	5
906872	2045	4.95706	2.1759791374206543	5
1240158	2499	10.622636	5.612716197967529	5
910546	1013	4.047659	4.162154674530029	5
908152	1922	2.379704	3.3488433361053467	5
906795	1008	1.049548	2.9510107040405273	5
687586	1046	1.939177	1.872542381286621	5
909751	1806	3.368478	2.573582410812378	5
924241	1510	4.491837	2.44085693359375	5
1659817	1248	-5.593522	3.0866458415985107	5
687798	1249	3.054827	3.971829414367676	5
910952	1191	-4.903561	0.9133924841880798	5
905985	1019	4.089452	3.6098625659942627	5
946370	1088	3.57677	2.872941732406616	5
713899	1933	2.922116	0.3758968710899353	5
946363	1057	-0.700763	2.1759791374206543	5
998189	2010	3.48253	2.9895946979522705	5
909708	1093	3.362743	3.150951623916626	5
910079	1507	4.24705	3.599485158920288	5
909738	1799	3.731575	3.629309892654419	5
713885	1060	4.143886	3.5389983654022217	5
906824	1926	-0.195005	2.256009340286255	5
905944	1922	3.770018	3.3220129013061523	5
910916	1998	5.083647	3.4033749103546143	5
946359	1583	3.746703	4.142973899841309	5
924151	2177	1.479049	3.9559314250946045	5
909729	1576	2.390306	3.8921892642974854	5
1299059	1862	-1.451838	0.8493804335594177	5
909773	1049	1.898811	1.1519863605499268	5
906843	1815	6.607725	3.206416130065918	5
1503366	1586	4.525477	3.3053908348083496	5
905980	1777	7.212301	3.706996202468872	5
906872	1578	6.202046	1.9576692581176758	5
949177	1584	3.032712	2.7539103031158447	5
907066	1919	1.465377	2.8953487873077393	5
905935	1010	4.153941	3.2004010677337646	5
906763	1618	1.316089	2.6482036113739014	5
908139	2109	2.897839	3.902925491333008	5
905948	1739	4.513414	3.706996202468872	5
905935	1022	0.997887	2.7844178676605225	5
1298226	1718	3.051936	3.622213125228882	5
1290905	1061	5.340275	3.8169400691986084	5
908462	1239	1.219246	3.666588544845581	5
1290769	2362	5.108458	2.533348798751831	5
1298533	1916	4.347295	3.997960329055786	5
687820	2109	3.53354	4.260012626647949	5
687588	1030	5.480551	3.8018076419830322	5
908465	1849	1.613356	2.9419360160827637	5
905967	1614	2.262309	3.918010711669922	5
753552	1581	1.818606	4.014430522918701	5
905933	1133	4.139754	4.796665668487549	5
905952	1615	3.099662	1.197744369506836	5
998184	1563	4.399898	2.121851682662964	5
1298218	1913	6.030566	5.790410041809082	5
1298348	1830	2.275165	3.2652366161346436	5
1330947	1996	2.796406	0.6928384900093079	5
907272	1630	2.433495	1.7952566146850586	5
1240206	1627	3.036538	3.7840540409088135	5
908151	1192	-0.664658	3.0618491172790527	5
688058	1584	2.672654	3.269153356552124	5
949094	1038	2.835571	3.8018076419830322	5
717431	2011	5.023908	3.437267780303955	5
910911	1828	4.281838	2.9059336185455322	5
908463	1003	-1.575003	3.0045273303985596	5
1503363	1046	0.485734	2.2798075675964355	5
1290724	1911	-5.029187	3.4033749103546143	5
906793	1924	4.240686	2.757408618927002	5
1240146	2170	3.665475	2.9444165229797363	5
1299070	1918	4.775707	2.8625996112823486	5
1290722	1586	4.861128	3.3108530044555664	5
1298218	1083	4.563053	3.462890863418579	5
907274	1512	5.282613	0.8281965851783752	5
687590	2039	3.794232	3.1826870441436768	5
905964	1529	0.881942	3.0459694862365723	5
998184	1016	-0.862577	1.197744369506836	5
1674021	1062	2.865634	2.617997646331787	5
1240182	1849	1.773695	1.3261008262634277	5
753541	2044	2.485707	2.644202709197998	5
910079	1779	1.378058	3.599485158920288	5
910694	2106	2.891445	2.5808138847351074	5
1298475	1582	4.561035	3.459388017654419	5
924108	1733	1.95225	3.7082602977752686	5
1331037	2171	0.748807	1.543259620666504	5
924244	1401	1.545768	2.5160272121429443	5
910900	1834	0.932775	3.2652366161346436	5
906763	1200	2.341409	2.5146467685699463	5
753592	1930	0.124013	4.150619983673096	5
905949	2177	1.230006	4.3382744789123535	5
907042	1050	1.421623	-2.6160428524017334	5
907318	1512	4.851576	2.760331869125366	5
688031	1373	4.541008	3.5389983654022217	5
910905	1133	3.501766	4.897191047668457	5
1240222	1511	-1.310854	3.059617757797241	5
949171	1190	-2.969588	1.9576692581176758	5
905991	1916	3.756757	3.883882999420166	5
1298538	1564	0.970389	2.9413108825683594	5
910900	1563	5.546142	4.3382744789123535	5
753575	1011	3.595973	2.6051480770111084	5
906837	1730	1.029417	2.9725539684295654	5
924189	1549	1.92511	2.2878501415252686	5
1480361	1010	3.227107	2.929608106613159	5
910920	1052	3.704946	2.0167813301086426	5
907061	1012	0.728808	3.0872111320495605	5
924239	1025	4.412625	3.1473398208618164	5
687777	1821	4.857523	3.2652366161346436	5
688086	1812	1.594606	1.9576692581176758	5
688026	1191	-3.196794	0.3758968710899353	5
907314	1373	5.781108	2.6900687217712402	5
909719	1811	-3.855477	3.6688292026519775	5
906820	1776	2.762439	2.8681082725524902	5
924189	1855	4.197143	2.6900687217712402	5
1480367	2110	4.934487	4.0951972007751465	5
907173	1919	2.786452	2.9234726428985596	5
906869	1930	0.655811	3.7432165145874023	5
687820	1083	6.284836	3.3220129013061523	5
908128	2038	4.361933	4.261425495147705	5
924239	2361	4.218694	1.532726526260376	5
924238	1855	3.892741	2.7426013946533203	5
906824	1018	5.219783	3.5363662242889404	5
1240142	1831	3.678784	3.067237615585327	5
907795	1583	1.684031	4.142942905426025	5
907271	1248	-3.047408	5.410351276397705	5
908465	1199	5.142474	4.577112197875977	5
906813	1529	2.884043	3.938109874725342	5
909744	1200	2.373017	4.136950492858887	5
910921	2171	2.679287	3.1122686862945557	5
909757	1873	0.987016	2.533348798751831	5
909708	1911	-6.368384	3.4033749103546143	5
905968	1017	3.855123	3.961496114730835	5
1299080	1003	-1.141866	2.871769666671753	5
687459	2043	5.826636	3.9166688919067383	5
688018	1806	5.335841	1.8452582359313965	5
908481	1373	4.882449	3.5389983654022217	5
907270	2107	3.43616	1.7485454082489014	5
905941	1819	4.289135	-1.2120935916900635	5
749712	1005	2.913907	2.8907833099365234	5
1290455	1561	-0.325908	1.6882872581481934	5
906693	1131	5.515702	5.198552131652832	5
909746	1022	2.156832	1.8178400993347168	5
910780	1829	0.04187	2.700566530227661	5
924107	1829	2.536339	2.6979804039001465	5
908122	2002	5.574217	2.9498484134674072	5
907058	1918	5.140924	2.757408618927002	5
946367	1632	4.134637	1.872542381286621	5
909907	1578	5.995815	2.8907833099365234	5
906842	1058	-1.249855	1.244260311126709	5
909712	1629	4.114335	0.8242543339729309	5
1330973	1054	6.971925	1.3772859573364258	5
753555	2360	5.18408	2.7097227573394775	5
906795	1849	1.589141	2.6999452114105225	5
908462	1025	5.608399	3.9580790996551514	5
910399	1029	5.458026	3.3220129013061523	5
1290922	1593	2.611928	3.2349982261657715	5
910937	1911	-4.059843	3.4250214099884033	5
908472	1912	5.471683	2.9444165229797363	5
949173	1177	4.981204	3.4529154300689697	5
753594	1049	3.090732	2.2178521156311035	5
1290722	1913	4.727875	5.062989711761475	5
910567	2172	0.221519	3.416308641433716	5
753563	1814	5.178465	1.2599480152130127	5
905946	1928	5.626385	3.6288764476776123	5
687802	1250	4.535375	3.918010711669922	5
724870	1713	2.031222	3.112635850906372	5
1240123	1512	4.564864	2.573582410812378	5
907286	1582	4.260308	3.459388017654419	5
1240129	2000	4.992457	3.228731393814087	5
905964	1441	0.776306	1.532726526260376	5
908147	1933	2.026372	-0.12098675966262817	5
905979	2361	5.991626	2.655745506286621	5
1240218	1016	3.658145	2.975034475326538	5
1247871	1852	3.769774	2.3155128955841064	5
749709	2148	2.402711	2.9498484134674072	5
905962	1832	4.062423	2.9895946979522705	5
1298226	1584	2.373912	3.1682093143463135	5
1660035	1714	2.50003	2.617997646331787	5
713880	1815	5.467027	3.4250214099884033	5
687586	1930	0.995124	3.8018076419830322	5
1240174	1093	4.429654	3.384831190109253	5
910079	1073	3.077422	3.716737985610962	5
1240186	1936	2.459827	2.2178521156311035	5
1524417	1177	4.934702	4.139767169952393	5
946366	1007	-3.990118	-1.8828163146972656	5
1298216	1632	3.913177	2.5007617473602295	5
905956	1191	-4.755644	1.6827902793884277	5
910691	1084	-2.735629	2.5261270999908447	5
688031	1594	2.466503	2.1271069049835205	5
949094	1449	6.091929	3.6098625659942627	5
1240178	1927	6.322779	3.7821781635284424	5
909905	1917	1.958511	3.8018076419830322	5
907281	2010	2.109374	2.3226685523986816	5
1479988	1507	4.578471	3.883882999420166	5
908121	1560	-0.035977	2.4316303730010986	5
1247871	1855	2.189496	2.4341554641723633	5
1240123	1086	-2.632157	1.8178400993347168	5
910079	1932	1.568432	3.2790544033050537	5
1331032	1999	1.25494	1.9702403545379639	5
925340	1512	6.23883	2.8183605670928955	5
1331045	1449	4.630725	1.7259180545806885	5
749713	1933	3.106463	0.7904373407363892	5
724839	1786	3.074027	2.4345455169677734	5
753554	1578	4.617248	2.6767337322235107	5
909708	1783	5.195515	3.4033749103546143	5
713880	1635	4.955966	3.4250214099884033	5
910934	1833	-1.234188	1.9702403545379639	5
753555	1585	4.616189	3.3053908348083496	5
905990	1817	-2.835393	3.360426425933838	5
907170	1007	-6.915756	-2.4405956268310547	5
1322224	2156	0.793138	3.3902668952941895	5
910919	1912	1.750675	1.244260311126709	5
907295	1812	3.192467	1.8452582359313965	5
1327769	1052	2.079568	0.40741169452667236	5
1299080	2362	4.843631	2.757408618927002	5
909249	1924	1.470568	1.532726526260376	5
909745	1997	5.11717	2.153860569000244	5
910710	1512	4.76913	1.0750892162322998	5
946363	1940	3.921736	3.5119025707244873	5
724859	1084	-0.506633	2.9444165229797363	5
753621	1928	5.577871	3.987025022506714	5
949090	1032	1.929208	2.929608106613159	5
753608	1598	4.07846	4.260012626647949	5
906877	1080	-4.137581	-3.277684450149536	5
687561	1931	5.020687	4.9216437339782715	5
908120	1908	1.640264	3.8169400691986084	5
724874	1627	4.227359	4.3382744789123535	5
1240187	1836	2.616386	3.2652366161346436	5
753538	2044	3.813845	2.644202709197998	5
1331036	1832	2.563538	1.9702403545379639	5
1298356	1627	3.640911	4.058929920196533	5
687802	1510	4.696283	3.4577603340148926	5
906817	1018	6.091308	3.9681038856506348	5
1290798	1997	3.699183	1.9585902690887451	5
1479988	2045	5.53755	2.8625996112823486	5
1298350	1632	4.414406	2.5160272121429443	5
905960	1022	0.389277	1.8263051509857178	5
908472	1940	3.026864	4.260012626647949	5
1297449	1062	3.539417	2.683992624282837	5
1240154	1620	5.193578	3.754564046859741	5
1303901	1940	2.885467	3.621920585632324	5
907790	1866	1.819906	3.144913911819458	5
908443	1069	2.896905	3.127161741256714	5
906793	1129	3.495792	2.757408618927002	5
1240170	1494	-3.110564	2.872941732406616	5
688026	1025	5.939733	3.621920585632324	5
749714	1784	5.717649	2.9498484134674072	5
687588	1449	6.253071	3.6098625659942627	5
688021	1849	1.054886	1.3261008262634277	5
910546	1828	4.883738	3.3413097858428955	5
687563	1375	6.139586	2.872941732406616	5
1330985	2177	1.318365	2.6328091621398926	5
909704	1007	-5.708759	-2.7491614818573	5
1331037	1936	1.092599	1.1519863605499268	5
1290730	1776	4.266293	3.295161008834839	5
930298	1853	4.189599	2.747363328933716	5
1479987	1831	3.117662	3.228731393814087	5
906820	2157	3.7134	3.5236966609954834	5
907311	1803	4.674903	2.2884328365325928	5
1298167	1629	4.407379	1.3004271984100342	5
910926	1819	-5.467139	-2.7491614818573	5
1240179	1918	3.610499	2.256009340286255	5
753549	1917	2.061228	3.8018076419830322	5
905959	1630	4.551345	3.883882999420166	5
906763	1018	4.213012	2.420258045196533	5
909704	1814	5.695331	2.5009219646453857	5
909781	1048	7.905896	4.139767169952393	5
1240181	1510	0.485695	2.359595537185669	5
906872	1089	3.926011	1.9576692581176758	5
907053	1560	3.425818	1.6882872581481934	5
909250	1786	2.625526	3.5181219577789307	5
1331048	1825	-1.856689	1.9702403545379639	5
905946	1844	3.389156	2.9498484134674072	5
1247871	1594	0.038525	1.197744369506836	5
905944	1912	5.062866	2.9444165229797363	5
909718	1939	3.645197	2.3284170627593994	5
924108	1016	0.856194	2.533348798751831	5
1479988	1079	-0.919272	3.883882999420166	5
687802	1049	5.006132	3.3220129013061523	5
909755	1061	4.824045	2.617997646331787	5
753616	1249	2.535902	3.437267780303955	5
907057	1625	4.261234	3.8130881786346436	5
946355	1840	2.743914	3.1395630836486816	5
1330973	1917	4.341306	3.6707050800323486	5
749717	1585	4.500551	3.2349982261657715	5
1240127	1817	-4.401797	3.112706184387207	5
906837	1036	3.635011	2.836839437484741	5
949177	1069	3.379672	2.8681082725524902	5
924107	1824	3.018506	2.6979804039001465	5
907046	1079	1.051839	3.5126702785491943	5
949094	1733	1.093978	3.6098625659942627	5
910549	1718	5.519909	3.599485158920288	5
906805	1059	-0.867846	2.9444165229797363	5
905944	2039	3.439856	3.4845917224884033	5
924188	1632	4.530597	1.8543353080749512	5
687812	1585	4.145913	3.4845917224884033	5
908145	1511	-1.073085	2.5319948196411133	5
909725	1054	3.518803	2.302790403366089	5
687588	2039	4.585281	3.1826870441436768	5
909249	1582	2.756995	2.3650596141815186	5
909719	1441	1.490062	2.9873926639556885	5
1240226	1821	4.697332	3.3034603595733643	5
687802	1939	1.789509	2.9419360160827637	5
1297447	1131	5.934561	3.2579100131988525	5
1480359	2043	4.67695	3.961496114730835	5
907171	1003	-2.22901	2.871769666671753	5
1247871	1021	-0.215337	1.0954670906066895	5
905941	1615	6.59641	2.5687410831451416	5
909725	1079	2.053689	4.0499396324157715	5
1298223	1072	6.362537	3.620103120803833	5
1290724	1810	0.177591	2.644202709197998	5
1240168	1730	3.26092	3.144005060195923	5
1480371	1441	1.712778	2.8625996112823486	5
908457	1191	-4.712846	0.8676882386207581	5
1240162	1089	6.711706	2.644202709197998	5
1298219	1930	2.357143	3.956881046295166	5
1322224	2106	3.792395	2.637542724609375	5
687821	1068	2.483403	2.9419360160827637	5
687562	1840	0.186404	3.058750867843628	5
908452	1036	3.065507	3.674102544784546	5
909736	1561	1.878933	2.9873926639556885	5
1330984	1924	2.927696	1.244260311126709	5
910568	1561	3.078623	2.8046975135803223	5
908443	1593	1.714038	3.1682093143463135	5
910944	1237	3.197582	2.121851682662964	5
687568	1024	0.660157	3.6098625659942627	5
946382	1940	3.778429	4.207280158996582	5
1298218	1617	5.622877	2.914053201675415	5
946369	1799	2.997702	3.251267194747925	5
1240218	1999	6.83428	3.3413097858428955	5
908468	1598	3.599847	3.621920585632324	5
1240183	1936	3.218066	2.9625892639160156	5
910951	1131	1.80876	3.4459002017974854	5
687816	1199	5.289813	4.577112197875977	5
998189	1507	5.347988	3.7082602977752686	5
910905	1911	-2.652503	3.6532208919525146	5
998184	1003	-4.346346	0.9103354215621948	5
1327769	1058	1.678266	1.244260311126709	5
753618	2000	4.566705	2.700566530227661	5
924108	1908	3.844214	2.617997646331787	5
687995	2057	3.994528	2.6672303676605225	5
1290797	1799	5.618781	3.997960329055786	5
687568	1057	-1.994204	2.5808138847351074	5
909735	2362	4.228044	2.5261270999908447	5
1524414	1131	3.0444	5.109708309173584	5
905941	1250	1.552844	3.622213125228882	5
749710	1629	5.816952	0.7904373407363892	5
905985	1021	2.686892	3.190483808517456	5
907794	1058	1.74039	2.533348798751831	5
753545	1129	3.567787	2.757408618927002	5
906801	1025	5.970035	4.207280158996582	5
1247873	1825	2.247707	3.2652366161346436	5
924241	1502	5.253928	3.7037274837493896	5
907287	1019	3.740141	3.7082602977752686	5
1240198	1061	4.227065	3.1308605670928955	5
1327775	1085	2.06506	2.645235538482666	5
909249	1928	2.07712	2.7383062839508057	5
907314	2362	4.478866	2.1759791374206543	5
1503364	1783	5.157182	3.3902668952941895	5
907311	1714	-0.905889	1.740217924118042	5
1331034	2173	1.746902	1.875302791595459	5
906804	1812	-2.306546	2.8495066165924072	5
908443	1086	-0.614307	2.062113046646118	5
1330983	1713	2.811852	1.9200646877288818	5
1298136	1043	6.360685	6.43443489074707	5
753575	1939	3.190491	2.6051480770111084	5
909263	1058	1.895327	2.533348798751831	5
910698	1584	3.661104	3.48917818069458	5
905991	1911	-5.852295	3.795720338821411	5
910546	1494	-3.316987	3.156613349914551	5
906875	1927	5.066277	3.1752047538757324	5
687505	1585	4.597202	2.747363328933716	5
906830	1149	0.801148	2.841865301132202	5
910079	1036	5.220111	3.0347955226898193	5
688018	1776	5.087766	2.693105936050415	5
908147	1047	0.11944	2.3680262565612793	5
1240142	1026	-1.176892	1.0103025436401367	5
753569	1615	5.413843	2.5687410831451416	5
1240162	1631	3.48397	3.1667983531951904	5
1298146	2011	5.195294	3.6688292026519775	5
1480367	1026	-0.890958	1.3946034908294678	5
910687	1812	1.340798	0.9103354215621948	5
1509073	1631	3.020472	3.706996202468872	5
905952	1776	3.045485	1.7422237396240234	5
1503369	1072	3.956703	3.971829414367676	5
907281	1449	3.852574	2.645235538482666	5
687448	1239	3.299309	3.938109874725342	5
909709	2177	2.491992	3.7840540409088135	5
907313	1582	3.591624	3.1826870441436768	5
905939	1815	5.189217	3.6532208919525146	5
1503365	1615	6.297143	2.7097227573394775	5
1247871	1512	4.086495	0.9103354215621948	5
1240162	1835	3.617319	2.9059336185455322	5
1298350	2010	3.512773	3.2652366161346436	5
753535	1036	3.643391	2.836839437484741	5
753615	1799	5.222117	2.645235538482666	5
906693	1011	2.461442	2.914053201675415	5
753624	2439	8.672126	3.8895394802093506	5
688086	1025	4.980474	3.5119025707244873	5
909703	2043	3.008149	2.420258045196533	5
1503370	2110	5.09681	4.3382744789123535	5
907042	1836	1.819973	3.010019302368164	5
687586	2171	3.342136	3.5013375282287598	5
908144	1068	-0.486687	1.872638463973999	5
910554	1778	3.077787	2.533348798751831	5
910910	1632	1.947927	1.8263051509857178	5
907320	1939	2.411342	2.6051480770111084	5
949171	1911	-5.601207	3.437267780303955	5
907281	1051	1.832832	-3.588235378265381	5
946368	1014	2.33181	3.2315986156463623	5
910903	1179	-0.5744	2.302790403366089	5
753540	1529	2.581792	3.572082757949829	5
906696	2173	2.371138	3.754564046859741	5
908150	2149	1.194662	3.926642656326294	5
1299080	2171	2.499987	3.1122686862945557	5
905990	1584	3.055817	3.360426425933838	5
688087	2113	3.396321	2.700566530227661	5
910951	1833	2.106063	2.2884328365325928	5
1303897	2145	0.748788	1.9702403545379639	5
905954	2171	2.829982	3.1122686862945557	5
908147	1631	1.909628	1.7952566146850586	5
735784	1086	-0.985814	2.2798075675964355	5
749715	1713	4.635239	3.8169400691986084	5
753541	1030	5.389319	3.7583096027374268	5
908147	1051	-3.130986	-3.277684450149536	5
753570	2170	3.237414	2.499650716781616	5
687812	1782	6.255124	3.971829414367676	5
753559	2043	5.178046	3.9681038856506348	5
687596	1553	3.819242	2.725740909576416	5
907045	1507	4.692562	3.5126702785491943	5
1330947	1449	3.824214	2.2356555461883545	5
905974	1932	1.672059	3.1122686862945557	5
905957	1008	3.480325	2.8907833099365234	5
905940	2040	-0.624047	1.4520153999328613	5
909740	1061	6.078875	2.617997646331787	5
924111	1042	4.452077	6.608002662658691	5
905983	1730	3.102947	3.144005060195923	5
1290798	1048	6.273053	3.9108006954193115	5
906842	1024	-2.740618	1.7259180545806885	5
910943	1059	-0.742472	2.5808138847351074	5
910936	1050	2.029314	-1.5411677360534668	5
1331038	2057	4.718229	1.9702403545379639	5
906765	1821	2.175095	2.3226685523986816	5
909249	1083	0.992684	1.49824857711792	5
906875	2439	8.936705	3.437267780303955	5
910935	2156	0.772996	2.493256092071533	5
1331038	1131	2.312711	2.754753589630127	5
910943	1625	4.189267	3.5650794506073	5
688021	1259	5.451927	3.6707050800323486	5
753538	1034	-3.244907	3.010918378829956	5
907046	1013	2.369655	3.9502813816070557	5
946360	1862	-1.391045	1.3946034908294678	5
910921	1918	1.910417	2.757408618927002	5
753579	1941	-5.560448	2.841865301132202	5
1298168	2145	-0.113539	3.23235821723938	5
907278	1053	3.515696	1.6882872581481934	5
1290798	1051	4.487735	-1.3838927745819092	5
722046	1720	1.401802	2.9419360160827637	5
753552	1783	4.314327	3.804440975189209	5
910567	1510	3.4017	2.359595537185669	5
905972	1060	0.450212	3.2326881885528564	5
687590	1631	3.912964	3.6098625659942627	5
910933	1634	3.586813	5.626377582550049	5
1240143	1832	4.445372	3.067237615585327	5
907291	1008	2.866017	2.573582410812378	5
1240220	1925	5.235572	5.051743984222412	5
1240226	1010	4.393867	3.0163559913635254	5
910926	1093	3.685884	3.142500638961792	5
906863	1032	-1.260062	2.4382894039154053	5
905983	1627	2.68178	3.9061851501464844	5
924187	1825	3.280586	3.0308854579925537	5
906814	1250	2.790884	4.0499396324157715	5
1660034	1941	-2.231023	2.3284170627593994	5
906693	1048	5.229529	4.0481462478637695	5
1503362	1177	4.515225	3.9681038856506348	5
1298136	1913	5.477533	5.790410041809082	5
1503369	1073	4.821106	3.971829414367676	5
1298537	1854	5.632234	4.260012626647949	5
906696	1940	3.55827	3.9346189498901367	5
906818	1821	4.671884	3.3034603595733643	5
907794	1012	0.892593	3.1608517169952393	5
907061	1067	4.912745	1.9348559379577637	5
753549	1032	2.325712	2.6419172286987305	5
753548	1782	4.315507	2.761914014816284	5
909743	1918	3.750171	1.197744369506836	5
906763	1088	1.195178	0.9103354215621948	5
946363	1003	-3.690019	1.9576692581176758	5
949154	1557	3.645451	1.7240710258483887	5
909697	2154	2.664198	3.8631064891815186	5
1327775	1996	3.124351	0.8443875312805176	5
1503362	1840	1.896796	3.1395630836486816	5
910689	1582	6.80104	3.1608517169952393	5
907065	2177	2.141089	4.178103923797607	5
1298538	1824	3.292223	3.067237615585327	5
753621	2109	3.094686	3.985328435897827	5
909974	1908	2.264836	3.2509820461273193	5
907789	1191	-6.326402	-0.12098675966262817	5
909738	1250	2.033539	3.629309892654419	5
1240167	1779	0.927814	3.599485158920288	5
910549	1941	-2.888803	2.6051480770111084	5
1659817	1011	1.981835	0.8443875312805176	5
907272	1006	1.766202	2.3155128955841064	5
907791	1008	2.962735	1.2599480152130127	5
722046	1852	4.442596	3.971829414367676	5
910900	1043	5.531322	6.141581058502197	5
753559	1053	2.696417	2.7097227573394775	5
1240224	1038	2.778431	4.139767169952393	5
905936	2438	10.602685	3.6532208919525146	5
1240217	1617	0.371309	2.6398816108703613	5
909729	1635	5.427522	3.5807151794433594	5
1240123	2438	10.451476	3.6532208919525146	5
905950	1598	4.494255	4.343428611755371	5
909708	2010	2.766322	2.9059336185455322	5
1330942	1199	3.381425	2.6656031608581543	5
908124	1917	2.542412	4.055182456970215	5
1298359	1049	4.208821	3.155921697616577	5
910948	1096	1.536325	-1.3838927745819092	5
910850	1802	4.586724	3.6688292026519775	5
910700	1780	5.44378	3.7082602977752686	5
907051	1029	4.062611	2.9729135036468506	5
909709	1908	2.870719	2.836839437484741	5
1240212	1630	5.340926	2.953796148300171	5
753547	1830	1.287175	2.6672303676605225	5
909727	1553	1.550992	2.757408618927002	5
906804	1635	5.479744	3.572082757949829	5
909761	1583	3.329118	4.142942905426025	5
907170	1738	-1.947946	2.359595537185669	5
749717	1494	-4.812119	2.8907833099365234	5
910951	2039	2.107861	2.4226253032684326	5
753595	1050	6.188947	-1.4283103942871094	5
1480360	1019	2.492432	3.883882999420166	5
1240145	1631	2.675595	3.918010711669922	5
908118	1011	1.474809	1.8212265968322754	5
905957	1576	3.081657	4.207280158996582	5
907057	1054	4.128834	2.452108383178711	5
688087	1873	0.34851	2.1759791374206543	5
1331033	1912	-1.333321	1.244260311126709	5
906790	1844	2.742668	2.9971930980682373	5
1330984	1072	2.910536	2.493256092071533	5
753589	1598	4.528898	3.621920585632324	5
910919	1059	-2.437279	1.244260311126709	5
905976	1025	5.584433	4.197953224182129	5
906830	1824	2.705837	3.3034603595733643	5
907291	1019	1.27207	3.7082602977752686	5
724868	2439	9.066724	3.971829414367676	5
1240160	1784	6.414424	3.359407663345337	5
905978	1843	-0.085915	2.9870901107788086	5
722058	1200	2.317069	4.577112197875977	5
907787	1736	3.454701	2.4341554641723633	5
753531	1096	-1.201437	-1.5411677360534668	5
905990	1558	4.487601	2.929608106613159	5
1524415	1924	1.548107	2.655745506286621	5
909257	2000	5.407355	3.228731393814087	5
1240143	1814	6.142809	2.6767337322235107	5
906804	1200	2.828264	4.2303032875061035	5
753548	1428	-2.478844	2.761914014816284	5
908440	1191	-5.502798	0.5548354983329773	5
908128	1093	5.274258	3.1122686862945557	5
713885	1010	4.289047	2.3373751640319824	5
910952	1561	0.64541	2.655745506286621	5
949175	1030	4.191579	3.4529154300689697	5
687561	1839	4.121655	3.058750867843628	5
906833	1583	2.836068	3.6812264919281006	5
906868	1581	3.098035	3.661964178085327	5
908443	1706	1.589548	3.688896417617798	5
910698	1021	3.035311	3.5181219577789307	5
909737	1250	1.969972	3.629309892654419	5
907281	1854	3.643013	3.1473398208618164	5
949175	1862	-1.8913	0.5548354983329773	5
1240146	1809	2.528977	3.0045273303985596	5
909749	1237	5.843775	4.178103923797607	5
753585	1051	1.050581	-0.33616775274276733	5
905983	1706	2.240136	3.5650794506073	5
910698	1812	3.313632	2.9870901107788086	5
910935	2011	1.670004	2.493256092071533	5
905956	1617	0.346464	2.841865301132202	5
924239	1014	3.14425	2.4672393798828125	5
910781	1832	3.280503	3.0308854579925537	5
1303900	1062	4.477823	3.8169400691986084	5
909762	1615	4.475881	1.197744369506836	5
687563	1634	4.748869	5.626377582550049	5
906839	1997	3.954885	2.153860569000244	5
949176	1008	2.655251	1.9576692581176758	5
949171	2439	8.704986	3.437267780303955	5
687980	1558	3.778194	2.3373751640319824	5
1290769	1845	2.9219	2.9895946979522705	5
908145	1559	-3.762752	0.7346284985542297	5
908122	1511	-0.404266	2.8907833099365234	5
908121	1810	3.591268	2.8907833099365234	5
687983	1853	3.310795	2.7018001079559326	5
924151	1716	4.468729	3.7821781635284424	5
753541	1048	4.292342	3.7583096027374268	5
753582	1997	3.309064	1.3261008262634277	5
949090	1067	5.901389	2.39854097366333	5
908455	2109	2.885517	3.902925491333008	5
908461	1928	5.189404	3.485671043395996	5
687588	1799	6.394768	3.6098625659942627	5
1298531	1011	3.781755	2.1143600940704346	5
909712	2177	2.281131	3.9061851501464844	5
1299081	1494	-4.589042	2.871769666671753	5
907281	1072	4.133671	3.0459694862365723	5
907280	1776	3.677151	2.3385002613067627	5
753556	1852	4.979669	3.620103120803833	5
749717	1558	3.039626	2.519641876220703	5
949173	1053	0.501048	2.1759791374206543	5
911905	1557	7.397171	2.6899750232696533	5
1659817	1558	1.279411	1.662688970565796	5
905983	1709	-0.377497	1.872542381286621	5
905947	1585	4.45041	3.48917818069458	5
1480371	1054	4.625719	2.39854097366333	5
753582	1080	-4.585755	-3.22637939453125	5
1298358	1013	4.043112	3.527815103530884	5
753594	2171	1.669131	2.44085693359375	5
946359	1919	-0.160953	2.519641876220703	5
905962	1778	6.725574	2.533348798751831	5
688006	1021	2.098007	2.2178521156311035	5
1298362	1190	-0.853562	2.644202709197998	5
753610	1237	5.083855	3.5204875469207764	5
910687	1718	2.019299	1.7952566146850586	5
1298347	1998	3.855856	3.971829414367676	5
907311	1829	-0.236481	2.2884328365325928	5
1303901	1910	0.65492	1.3261008262634277	5
1297449	1022	-1.679792	0.40741169452667236	5
1299078	1576	3.405673	4.197953224182129	5
1330985	1814	5.246736	0.5859037637710571	5
753576	1010	4.240801	2.6990511417388916	5
910919	2172	-1.983947	1.875302791595459	5
753576	2170	6.588603	2.7097227573394775	5
1298351	1019	1.815069	3.5257794857025146	5
907788	1578	4.73629	3.440822124481201	5
907289	1018	5.40166	3.8865675926208496	5
1240127	1428	5.918258	3.4229369163513184	5
907270	1558	1.483068	2.044313907623291	5
909744	1018	4.44669	3.5192911624908447	5
906869	1511	0.472067	2.8183605670928955	5
907786	1079	-0.335567	3.918010711669922	5
1479988	1441	1.859701	2.8625996112823486	5
905948	1564	3.156229	3.2509820461273193	5
908125	1778	4.263472	2.757408618927002	5
907068	1709	-1.788922	1.6584224700927734	5
909738	1816	6.482957	4.573819637298584	5
906825	1190	-5.473842	3.059617757797241	5
1327766	1259	4.280254	3.174084424972534	5
1503361	1024	0.249383	3.599485158920288	5
1479995	2043	4.82193	3.961496114730835	5
946358	1913	3.349078	2.6482036113739014	5
924100	1058	0.52463	3.1137490272521973	5
908473	1048	5.474047	4.150619983673096	5
909719	2159	3.262215	4.035937786102295	5
949088	1927	3.772093	1.7259180545806885	5
906875	1237	4.695166	3.5236966609954834	5
753547	1079	3.068705	3.025665521621704	5
909746	1712	-1.939326	3.6532208919525146	5
910692	2359	5.659879	3.4250214099884033	5
1295741	1011	3.910645	0.8443875312805176	5
909907	2110	5.891059	4.142973899841309	5
924107	1068	0.017876	1.7240710258483887	5
1298215	1626	0.213102	3.567639112472534	5
906824	1030	4.050556	3.5363662242889404	5
687798	2438	10.975034	3.971829414367676	5
753558	1133	2.936061	5.109708309173584	5
1503367	1449	5.972187	3.599485158920288	5
905939	1042	4.53498	6.657993793487549	5
687568	2046	4.577148	1.872542381286621	5
905933	1249	4.067944	3.795720338821411	5
924244	1844	2.964268	3.2652366161346436	5
1298226	1051	1.706319	-1.2120935916900635	5
907790	1853	4.752647	3.1608517169952393	5
1240219	2055	5.59903	3.3413097858428955	5
735784	1821	4.093617	3.1395630836486816	5
909748	1821	4.691724	2.9895946979522705	5
908447	1778	4.602301	2.1759791374206543	5
910549	2113	2.548596	3.1395630836486816	5
1330985	1259	-0.751479	2.9159953594207764	5
906834	1913	4.120234	4.887228488922119	5
910903	1849	-0.769826	2.841865301132202	5
1331035	1020	4.284704	-0.3737666606903076	5
910781	1584	2.76605	3.112706184387207	5
1330960	1175	0.92024	2.420258045196533	5
908465	2037	5.752047	4.3382744789123535	5
949176	1919	1.114485	2.2878501415252686	5
909704	2002	5.534279	3.1131439208984375	5
753534	1053	2.379544	2.725740909576416	5
688018	1584	4.22842	2.7018001079559326	5
687455	1086	-0.36432	2.267972946166992	5
753538	1013	3.445634	3.63838791847229	5
907300	1578	3.710935	0.5859037637710571	5
909761	1068	0.441653	2.3284170627593994	5
906820	1815	5.363808	3.437267780303955	5
909738	1053	4.893129	2.9873926639556885	5
905956	1782	6.02094	3.938109874725342	5
905947	1824	2.952488	3.23235821723938	5
753565	1029	4.612027	2.2178521156311035	5
1298358	1080	-1.384478	-0.6266331672668457	5
753556	1268	5.628955	3.8803775310516357	5
687983	1032	2.180343	2.3373751640319824	5
1298357	1908	3.632928	3.0603249073028564	5
1303900	1998	5.252296	3.4524590969085693	5
907270	1060	-1.269886	2.934821844100952	5
1480359	1578	4.536711	3.059617757797241	5
909740	1932	3.896564	3.2755491733551025	5
924151	1708	-1.114642	2.2870748043060303	5
924102	2037	5.277372	3.9559314250946045	5
908463	1811	-0.726968	3.971829414367676	5
909256	1005	3.154564	2.8907833099365234	5
1503362	2438	10.869068	3.716737985610962	5
687995	1912	2.034461	2.1271069049835205	5
909735	1463	3.01345	2.9729135036468506	5
1479987	1372	1.797365	3.1308605670928955	5
910935	1559	-4.360836	-0.3737666606903076	5
1298526	2096	4.428734	3.112635850906372	5
687506	1821	3.081941	2.6979804039001465	5
1240179	1782	5.210843	3.206416130065918	5
930301	1089	4.737442	2.871769666671753	5
1295741	1051	-2.865128	-3.588235378265381	5
1298146	1629	5.146827	1.3658242225646973	5
924108	1776	4.881492	3.144913911819458	5
753572	2010	5.187341	3.3413097858428955	5
907281	1825	-2.539693	2.3226685523986816	5
907285	1023	2.754276	3.462890863418579	5
908120	1928	6.720896	3.6288764476776123	5
946369	1079	-1.623444	3.251267194747925	5
1298353	1060	3.681844	2.889557123184204	5
909904	1811	-1.491845	3.8895394802093506	5
910549	1190	-1.343487	2.760331869125366	5
1479988	1614	5.224282	3.883882999420166	5
910921	1849	-1.106313	2.841865301132202	5
724869	1931	6.463359	5.198552131652832	5
905970	1023	4.917368	3.3220129013061523	5
905970	2048	0.375648	-0.31735628843307495	5
1240121	1563	5.837687	3.7840540409088135	5
908455	1930	0.996244	3.7432165145874023	5
971777	1529	-1.479034	3.938109874725342	5
749711	1910	2.637467	1.9585902690887451	5
1240127	2439	9.290721	3.4229369163513184	5
1240145	2043	5.015648	4.150619983673096	5
906792	1084	-2.251876	2.757408618927002	5
910861	1911	-7.113407	2.493256092071533	5
687995	1996	3.729953	1.3261008262634277	5
1331035	1629	3.226848	-0.3737666606903076	5
905967	2361	4.567987	2.9444165229797363	5
907287	2003	6.046751	2.9895946979522705	5
906834	1373	4.756048	3.2459793090820312	5
1503363	1845	0.791785	3.1395630836486816	5
1524418	2044	5.757951	2.9870901107788086	5
1240168	1998	3.863017	3.5807151794433594	5
907787	1814	3.849665	0.9103354215621948	5
910853	1832	4.449658	3.3034603595733643	5
753540	1191	-3.184977	1.312483549118042	5
907272	1036	3.609592	2.4341554641723633	5
905977	1250	5.968178	4.0499396324157715	5
909253	1061	4.150075	1.9200646877288818	5
749711	1815	6.012538	3.4524590969085693	5
905944	1738	2.322184	3.4577603340148926	5
1240217	1004	-4.877374	-1.60337233543396	5
753551	1084	-0.803048	2.1271069049835205	5
910399	1012	1.626852	3.4845917224884033	5
687588	1177	5.115541	3.8018076419830322	5
909250	1089	3.585794	2.9870901107788086	5
687448	2112	3.746498	3.3034603595733643	5
906696	1086	0.106061	2.2870748043060303	5
1240204	2172	1.886987	3.567639112472534	5
687800	1086	1.462466	2.5160272121429443	5
908139	1814	6.798502	2.8183605670928955	5
1330984	1250	-1.332193	1.7259180545806885	5
908129	2037	6.228895	3.813587188720703	5
687821	2156	5.054823	3.971829414367676	5
910569	1004	-5.292981	-1.942995548248291	5
1298359	2173	3.96656	3.987025022506714	5
753595	1908	2.453383	3.112635850906372	5
753618	1190	-5.135799	1.9576692581176758	5
907312	1714	-1.512356	3.302882432937622	5
722066	1061	4.659803	3.2326881885528564	5
753581	1191	-5.625073	1.6827902793884277	5
909252	1917	1.340073	2.420258045196533	5
905949	1060	-1.958055	3.2326881885528564	5
910911	1011	2.705891	2.1143600940704346	5
713899	1080	-4.215189	-3.22637939453125	5
907300	1050	1.54201	-4.371927261352539	5
905958	2037	4.270003	2.121851682662964	5
722066	1079	3.422625	3.918010711669922	5
909761	1910	-0.91953	2.3284170627593994	5
906797	2106	3.83491	2.7993829250335693	5
753576	1581	3.477196	3.987025022506714	5
1503366	1083	4.148733	3.155921697616577	5
909975	1625	4.526683	3.6717495918273926	5
909248	1058	3.65954	2.32470965385437	5
688018	2111	3.941837	3.6707050800323486	5
910700	1449	6.693422	3.7082602977752686	5
924108	1069	3.638627	3.144913911819458	5
906865	1054	2.855002	2.302790403366089	5
909781	1047	7.965019	5.109708309173584	5
687777	2043	6.706517	4.150619983673096	5
910704	1401	1.95208	1.8263051509857178	5
908123	1586	4.637677	3.2349982261657715	5
1330995	1811	-4.648966	2.493256092071533	5
1509074	1799	2.683343	3.706996202468872	5
946355	1190	0.795011	2.760331869125366	5
908152	2154	2.014634	3.926642656326294	5
713878	2362	2.356826	2.1271069049835205	5
1290730	1618	3.671443	5.147585391998291	5
724870	2359	5.645084	3.8895394802093506	5
687459	1564	5.438015	3.302882432937622	5
687568	1175	5.095585	3.8018076419830322	5
1240158	1849	-0.671172	2.6398816108703613	5
753545	1192	3.568393	3.5045135021209717	5
910851	1582	4.372193	3.2382264137268066	5
717431	1200	3.091794	3.763986825942993	5
909263	1843	-0.631027	2.573582410812378	5
909715	1578	3.67053	0.5859037637710571	5
687799	2148	1.562298	3.2652366161346436	5
909726	1928	4.575397	4.0235066413879395	5
946359	1239	3.603356	3.4524590969085693	5
724873	1062	1.473981	3.2326881885528564	5
1299050	1578	5.189748	2.644202709197998	5
909774	1034	-1.632432	3.1440963745117188	5
910688	1915	1.987386	1.53485107421875	5
1299059	1821	3.460592	2.9059336185455322	5
917486	1999	5.07399	2.9895946979522705	5
753533	1019	2.727055	3.706996202468872	5
753545	1911	-5.221466	3.938109874725342	5
905952	1828	2.644206	1.8283216953277588	5
687448	1802	5.338344	3.938109874725342	5
687787	1932	3.777976	3.0347445011138916	5
1480367	1936	3.505467	3.3150503635406494	5
946373	1170	4.636417	0.7346284985542297	5
908481	1249	3.667733	3.4250214099884033	5
907300	1511	-2.004707	0.5859037637710571	5
910704	1840	-0.036023	2.9498484134674072	5
906791	1924	4.769648	2.9444165229797363	5
1240223	1925	7.05716	4.310454368591309	5
908451	2048	-4.895868	-4.371927261352539	5
949176	1014	1.714672	2.6900687217712402	5
753594	2158	2.975697	3.5204875469207764	5
687586	1941	-2.69276	2.153860569000244	5
1330984	1086	-3.845081	0.40741169452667236	5
909778	1067	4.776172	1.8263051509857178	5
1503367	2173	4.411084	3.987025022506714	5
908480	1511	-0.686152	1.8452582359313965	5
930299	1913	5.649074	5.062989711761475	5
908125	1617	2.079987	2.841865301132202	5
753565	2177	2.43437	3.5204875469207764	5
1331035	1630	1.884806	1.7259180545806885	5
946368	1820	1.8403	3.058750867843628	5
949174	1933	5.808917	0.5548354983329773	5
907300	1733	0.442585	2.2356555461883545	5
907055	1908	1.677064	3.0603249073028564	5
906851	1999	3.937988	2.9498484134674072	5
724872	1085	1.566087	3.025665521621704	5
907048	1777	5.080887	3.5126702785491943	5
1298167	1576	2.758103	3.9346189498901367	5
906835	1594	5.230174	2.5808138847351074	5
906765	1582	3.644023	2.3650596141815186	5
753620	1714	2.93688	2.6900687217712402	5
1297447	1873	1.710731	1.532726526260376	5
907319	1804	3.972961	3.1395630836486816	5
905979	1014	3.656338	3.2509820461273193	5
905955	1024	-0.386172	4.0499396324157715	5
910704	1017	4.459639	3.9108006954193115	5
907317	2159	2.280768	3.9782726764678955	5
687794	1557	4.891411	2.9419360160827637	5
925347	1042	6.671677	6.43443489074707	5
753535	1909	3.044686	2.1143600940704346	5
1298348	1060	1.153382	3.2326881885528564	5
917486	1917	2.565918	3.8865675926208496	5
1240187	1080	-3.746398	-0.31735628843307495	5
907055	1620	5.036677	3.485671043395996	5
905986	1401	3.37579	1.872542381286621	5
1330985	1011	-0.606727	0.6928384900093079	5
910900	1831	2.896498	3.2652366161346436	5
688018	1018	6.291739	3.6707050800323486	5
906863	1713	2.028422	2.836839437484741	5
910919	1621	2.450433	1.8709831237792969	5
687457	1778	4.808776	2.7993829250335693	5
1479988	2148	1.037707	3.228731393814087	5
687514	1007	-3.799454	-2.054955244064331	5
949153	1549	3.390021	1.4547812938690186	5
687815	1019	0.332212	3.622213125228882	5
907058	2043	5.982063	4.055182456970215	5
1298219	1924	4.071317	2.725740909576416	5
909755	1831	3.698525	2.9895946979522705	5
1331048	1006	-4.39548	2.493256092071533	5
688018	1129	3.751595	2.1271069049835205	5
910079	1931	6.420704	5.039620876312256	5
905974	1576	2.473302	4.197953224182129	5
906798	1625	4.681511	4.014430522918701	5
910936	1624	2.062196	3.567639112472534	5
1240142	1730	2.150769	3.127161741256714	5
907274	1853	3.834464	1.8709831237792969	5
1298357	1250	5.199496	3.41528582572937	5
749715	1250	1.858509	3.5126702785491943	5
908440	1739	0.789422	3.1752047538757324	5
1331032	2170	1.983247	1.244260311126709	5
907046	1237	5.175645	4.142973899841309	5
1503361	1777	2.8503	3.599485158920288	5
906870	1940	2.214153	2.8858964443206787	5
908480	1372	3.114407	3.5389983654022217	5
910921	1016	-0.717037	2.757408618927002	5
1298216	1911	-4.302789	3.8895394802093506	5
909751	1259	1.62069	3.8865675926208496	5
1327766	1441	2.368442	1.532726526260376	5
1331032	1626	1.373367	1.875302791595459	5
688018	1012	0.523694	2.7018001079559326	5
905944	1918	5.280983	2.9444165229797363	5
910688	1784	4.298351	2.265040397644043	5
905949	1776	5.181715	3.4778125286102295	5
1322212	1939	0.982356	1.3261008262634277	5
949171	1808	-1.7275	1.9576692581176758	5
906805	1916	3.786916	3.918010711669922	5
753616	1558	2.861688	2.2878501415252686	5
1298218	1373	5.409297	3.112635850906372	5
753541	1564	2.353656	2.836839437484741	5
687794	1010	2.271589	3.003225564956665	5
1298358	1584	3.679433	3.0915613174438477	5
753621	1177	5.138492	3.9681038856506348	5
1240123	1853	4.452671	3.1608517169952393	5
910924	1441	-0.37589	2.637542724609375	5
724859	2045	6.115887	2.9444165229797363	5
908121	1780	5.397728	3.5126702785491943	5
749709	1585	4.568793	3.2349982261657715	5
909727	1086	1.143735	2.302790403366089	5
909729	1259	2.774368	3.8018076419830322	5
907788	1910	1.236423	2.8905019760131836	5
907790	1712	-2.956442	3.6532208919525146	5
688014	1375	6.731061	1.8452582359313965	5
910852	1067	5.795474	1.8263051509857178	5
1240223	1507	5.827736	3.7821781635284424	5
1240159	2002	6.653823	3.359407663345337	5
905990	1511	1.748906	3.059617757797241	5
753559	1023	2.447072	3.155921697616577	5
753555	1069	3.106109	3.21109938621521	5
910691	1580	4.570116	3.5461390018463135	5
910692	1706	4.25237	3.4360568523406982	5
1503362	2172	2.434018	3.987025022506714	5
906837	1042	4.415184	6.608002662658691	5
1240154	1033	3.462544	3.7236549854278564	5
946366	2175	4.054037	3.8921892642974854	5
907272	1614	2.202285	1.7952566146850586	5
1298226	1631	2.109364	3.622213125228882	5
924108	1815	6.145067	3.6532208919525146	5
687777	1149	1.833647	2.9419360160827637	5
907787	1622	3.994376	2.4112095832824707	5
1327775	2173	3.148882	2.7383062839508057	5
1524415	1557	2.260158	2.3108909130096436	5
1298353	1512	5.543497	2.8495066165924072	5
910918	2096	2.326477	2.683992624282837	5
753585	1817	-4.641276	3.48917818069458	5
909904	1372	3.595433	3.112635850906372	5
905991	1635	4.362288	3.795720338821411	5
909706	1003	-0.97533	2.871769666671753	5
687777	2149	4.329329	4.3382744789123535	5
1479987	1809	-1.060085	3.059617757797241	5
908440	1738	-1.967595	2.359595537185669	5
724866	1549	4.11915	3.003225564956665	5
753540	1179	0.521448	2.2329084873199463	5
910399	1023	3.586122	3.3220129013061523	5
910927	1200	2.526215	4.902135372161865	5
905952	1621	2.499867	1.7219581604003906	5
906832	1049	2.789686	1.1519863605499268	5
910545	2040	-0.150746	1.2616240978240967	5
907067	2046	3.691721	2.302790403366089	5
1479995	1617	-2.844997	2.6899750232696533	5
905936	1625	5.299425	3.8567564487457275	5
909702	1598	2.632304	2.4112095832824707	5
1503368	1378	6.196335	2.760331869125366	5
907314	1133	3.284863	4.099785327911377	5
753533	1023	2.312217	3.5181219577789307	5
905971	1046	1.383648	1.8178400993347168	5
924151	1827	-2.826461	3.2193543910980225	5
687821	1043	7.785255	6.141581058502197	5
1503363	2057	6.402447	3.1395630836486816	5
687787	1630	4.560358	3.622213125228882	5
753614	1626	3.1688	3.987025022506714	5
909738	1494	0.062137	3.1408941745758057	5
1330973	2154	2.667625	3.5204875469207764	5
1303900	2057	3.114172	2.9498484134674072	5
949153	1022	-2.091074	0.7230214476585388	5
687455	1866	2.824939	3.295161008834839	5
910554	1617	4.987978	2.3284170627593994	5
753592	1834	2.141916	3.2652366161346436	5
688025	1930	-0.415751	3.6707050800323486	5
946359	1054	5.622013	1.8263051509857178	5
907799	1080	-6.258551	-3.7979912757873535	5
907295	1014	3.333901	3.5389983654022217	5
1298358	1834	3.653695	2.9971930980682373	5
713880	1560	4.255099	2.1271069049835205	5
1503371	1512	4.340587	2.760331869125366	5
688031	1005	1.116691	1.8452582359313965	5
1298347	1621	4.19223	3.4845917224884033	5
1480362	2044	5.024922	3.059617757797241	5
946382	1089	5.096834	2.8907833099365234	5
910700	1843	1.254804	2.573582410812378	5
909257	1034	-3.510352	3.3150503635406494	5
924100	2362	3.5798	3.1137490272521973	5
717431	1549	3.582258	2.2878501415252686	5
749711	1005	4.071584	2.8907833099365234	5
1480372	1401	5.041086	2.39854097366333	5
946353	1010	3.802831	2.6990511417388916	5
909708	1549	1.833989	2.4382894039154053	5
909252	2043	3.549792	2.420258045196533	5
907312	1618	3.813214	5.147585391998291	5
908462	1149	1.756798	2.678553342819214	5
753576	1908	4.383475	3.0347955226898193	5
687787	1817	-5.433345	3.1682093143463135	5
906793	2039	2.852072	3.3057429790496826	5
906871	1020	3.967511	0.7346284985542297	5
906797	1809	-0.259766	2.5009219646453857	5
924108	1086	-2.555342	1.8178400993347168	5
908481	1038	4.658888	3.6707050800323486	5
1299070	1053	4.564483	2.8625996112823486	5
687590	1831	4.788829	3.058750867843628	5
753610	2106	1.936959	2.1271069049835205	5
1240217	2156	3.530872	3.6688292026519775	5
1327773	1008	-1.340773	0.8281965851783752	5
910907	2158	6.406264	4.269764423370361	5
910899	1009	4.932351	3.4250214099884033	5
1303900	1936	2.095172	3.342721700668335	5
753573	2148	1.692499	3.1395630836486816	5
910704	1026	-0.18574	0.7904373407363892	5
1330993	1799	4.188182	3.893923282623291	5
910689	1831	3.799211	2.9895946979522705	5
753547	1852	4.277601	3.4250214099884033	5
1297449	1507	3.620545	1.7259180545806885	5
905955	1634	4.655349	4.593025207519531	5
949090	2045	5.384838	2.8625996112823486	5
910905	1784	5.76231	2.9895946979522705	5
688026	1032	1.186599	2.3373751640319824	5
687592	1855	5.155633	3.2315986156463623	5
924238	1739	2.642086	3.7821781635284424	5
1331036	1912	-1.520972	1.244260311126709	5
713878	1830	2.613879	2.6672303676605225	5
909738	1828	5.545583	3.359407663345337	5
910944	1843	-2.660509	0.9103354215621948	5
910568	1916	4.754504	3.7821781635284424	5
909904	1561	2.912946	2.975034475326538	5
905977	2173	4.799535	4.0235066413879395	5
1240161	1557	2.993196	2.1143600940704346	5
906835	1561	4.807494	2.5808138847351074	5
1299059	1998	5.788042	3.4033749103546143	5
910947	1179	-1.10372	0.8278698325157166	5
687819	2173	4.607506	4.138278961181641	5
907045	1004	-0.816498	-1.3838927745819092	5
905979	2048	0.860472	-0.33616775274276733	5
905956	1199	6.106907	4.362511157989502	5
907792	1627	4.882063	4.142942905426025	5
1240160	1576	2.130749	4.082611560821533	5
907794	1086	0.499292	1.8178400993347168	5
1298160	1014	-1.778878	1.14143705368042	5
906877	1931	3.261464	2.3680262565612793	5
910545	1855	4.89949	1.9200646877288818	5
1240185	1706	1.060754	4.138278961181641	5
906798	1051	1.436624	-2.7491614818573	5
949176	2174	3.309023	3.437267780303955	5
908440	1620	4.124679	3.416308641433716	5
924240	1720	2.981594	1.9585902690887451	5
909708	1191	-5.609261	0.8493804335594177	5
1240209	1776	4.229664	3.0527050495147705	5
907282	1928	5.459013	3.661964178085327	5
1240197	1020	6.500622	1.3946034908294678	5
905983	1563	4.904085	3.9061851501464844	5
1480359	1175	3.468012	3.961496114730835	5
910927	1011	1.637276	1.9585902690887451	5
908144	1042	4.908375	6.929249286651611	5
906863	1593	3.089884	3.0872111320495605	5
909728	1827	1.879579	3.067237615585327	5
1240189	1625	4.459653	3.4360568523406982	5
1240162	1847	5.788536	2.9059336185455322	5
908448	1915	1.949644	1.53485107421875	5
687821	2037	7.010899	4.3382744789123535	5
1503368	1936	3.175587	3.155921697616577	5
1331038	1782	4.235377	2.493256092071533	5
907062	2040	1.937166	3.010918378829956	5
1331050	1873	0.103811	1.244260311126709	5
1240204	1873	0.801138	2.499650716781616	5
907783	1053	2.602744	1.7742090225219727	5
910781	2156	3.00653	3.4229369163513184	5
905938	1632	3.276377	0.8278698325157166	5
1330941	1016	-2.07313	2.4316303730010986	5
907051	1834	1.172961	3.0308854579925537	5
1240222	1803	4.534103	3.228731393814087	5
724834	1559	-0.745569	1.5029873847961426	5
905963	1932	4.360744	3.954584836959839	5
907071	1557	5.59414	2.6398816108703613	5
946353	1936	3.255927	3.155921697616577	5
687505	1840	0.08126	2.6979804039001465	5
905981	1502	3.983554	5.051743984222412	5
909740	1036	6.707492	2.617997646331787	5
688011	2046	4.255103	1.3772859573364258	5
753610	2002	4.049229	2.6672303676605225	5
1297447	1029	4.934732	1.49824857711792	5
905990	1918	5.290357	2.8625996112823486	5
910546	1069	4.635436	3.4603469371795654	5
910934	1783	4.389785	2.493256092071533	5
1299052	1918	4.608066	2.499650716781616	5
724866	1013	5.220138	4.165029525756836	5
908448	1494	-6.819614	0.5859037637710571	5
1298526	1712	-0.5	3.8895394802093506	5
1298526	1549	6.210623	3.0616159439086914	5
906812	1586	4.630087	3.2349982261657715	5
910861	2111	4.357641	2.4670979976654053	5
909709	1558	1.430399	2.4382894039154053	5
905971	1563	4.92635	4.142942905426025	5
1298151	1428	5.241273	3.6688292026519775	5
1298347	1627	2.402665	4.3382744789123535	5
1240130	1627	2.373881	4.261425495147705	5
909250	1494	-2.336222	2.9870901107788086	5
906804	1449	3.63487	3.5257794857025146	5
905958	1072	3.450811	2.3155128955841064	5
908470	1849	0.51868	2.678553342819214	5
906797	1237	5.083887	4.178103923797607	5
1479988	1916	3.503291	3.883882999420166	5
905962	1835	2.650534	2.9895946979522705	5
1290722	1033	5.46612	3.7236549854278564	5
1298223	1930	2.312813	3.8088181018829346	5
908475	2158	4.915622	4.3382744789123535	5
1298347	1736	4.877497	3.2326881885528564	5
753585	1510	4.266699	3.954584836959839	5
907042	1615	4.313546	2.409184455871582	5
1330964	1069	2.570165	2.693105936050415	5
907790	1025	4.464741	4.094106674194336	5
905941	2360	7.373089	2.5687410831451416	5
1240192	2158	5.367117	3.5204875469207764	5
1240183	1559	0.011883	1.0103025436401367	5
910948	1912	0.004751	2.4316303730010986	5
910691	1618	3.946321	5.314978122711182	5
905963	1627	2.41882	4.417837142944336	5
1298350	1021	3.48784	3.3220129013061523	5
911905	1940	5.697065	4.035938262939453	5
1290905	1933	3.520675	0.7904373407363892	5
713878	1779	1.295288	3.025665521621704	5
946373	2044	4.566328	2.5319948196411133	5
753573	1911	-6.157683	3.716737985610962	5
909256	1010	3.143609	2.519641876220703	5
1240198	1808	1.732549	3.059617757797241	5
1480364	1029	6.427262	3.3150503635406494	5
909709	1622	4.846835	3.933809995651245	5
1298151	1593	0.267415	3.453313112258911	5
910932	1712	-2.282797	3.938109874725342	5
909728	1020	5.102369	1.0103025436401367	5
1330941	1916	1.252434	3.5126702785491943	5
753600	1563	5.924623	4.3382744789123535	5
910079	1510	5.044589	3.2790544033050537	5
1330947	1578	2.626391	0.5859037637710571	5
905979	1855	6.626667	3.2509820461273193	5
749711	1779	0.559335	3.5126702785491943	5
909719	1624	3.848136	3.8130881786346436	5
908443	1004	-5.300706	-1.2120935916900635	5
753624	1845	3.85898	3.3413097858428955	5
1240122	1131	6.248084	4.717601776123047	5
753584	2498	7.425781	5.147585391998291	5
907788	1093	2.460666	3.747910499572754	5
907289	1024	-0.174242	3.7082602977752686	5
735784	2172	3.868734	3.987025022506714	5
1298168	1036	5.280417	3.2509820461273193	5
1240192	1026	-0.025724	0.3758968710899353	5
907790	2048	-5.042099	-1.942995548248291	5
1240167	1940	5.069877	3.985328435897827	5
1298531	1051	1.533405	-1.5411677360534668	5
724870	1913	5.151662	5.790410041809082	5
1240162	2011	6.93457	3.4033749103546143	5
910932	1866	5.547541	3.5045135021209717	5
909260	1593	2.053591	1.7219581604003906	5
910691	1786	3.465486	2.9729135036468506	5
906877	1033	3.474671	2.3155128955841064	5
1331033	1806	2.756741	0.8281965851783752	5
907171	2043	4.459853	4.055182456970215	5
1240178	1096	3.734072	-0.29702228307724	5
688010	1083	1.561423	2.2178521156311035	5
907071	1739	1.076638	3.629309892654419	5
908129	1617	1.947768	1.797175645828247	5
905956	1912	1.842259	2.757408618927002	5
905967	1631	2.620793	3.918010711669922	5
907318	1578	5.002379	2.760331869125366	5
1240200	1068	1.576129	2.6899750232696533	5
907282	1008	3.380943	2.5319948196411133	5
909974	1180	-1.104162	2.0167813301086426	5
722058	1014	0.486524	3.2326881885528564	5
910546	1634	5.089548	5.790410041809082	5
1240172	1053	4.702928	2.4316303730010986	5
907318	1786	2.062567	3.155921697616577	5
753551	1630	4.990078	3.025665521621704	5
908128	1029	6.159526	3.3096630573272705	5
910921	2038	4.570392	4.261425495147705	5
1299081	1783	5.456962	3.938109874725342	5
1503367	2498	7.746783	5.657320022583008	5
909740	1778	5.777991	2.533348798751831	5
906790	1614	2.263895	3.41528582572937	5
1240153	1832	3.839325	3.3034603595733643	5
1297446	1168	2.284919	1.4547812938690186	5
910927	1840	0.619342	2.9498484134674072	5
909975	2003	4.777474	3.1213343143463135	5
909252	1428	3.319591	2.3155128955841064	5
907065	1821	4.041643	3.1131439208984375	5
908463	1557	6.725944	2.9419360160827637	5
1330991	2048	-5.625321	-4.371927261352539	5
908447	1930	-1.088313	3.4529154300689697	5
908122	2044	3.056344	2.8907833099365234	5
1659819	1922	1.535108	1.1519863605499268	5
724870	1733	1.685458	3.997960329055786	5
908470	2107	7.367166	2.8410868644714355	5
1240142	1847	3.955162	3.067237615585327	5
905945	1091	2.370526	3.7070729732513428	5
905955	1586	3.241318	3.3057429790496826	5
910926	1843	-2.372077	2.5009219646453857	5
908448	2177	1.229274	2.6328091621398926	5
906807	1925	4.361733	3.0898027420043945	5
1298350	1576	2.797948	4.260012626647949	5
1240172	1785	4.738864	3.4524590969085693	5
909781	1843	4.918828	2.9870901107788086	5
1303900	1085	1.906934	3.5126702785491943	5
1290922	1815	5.339265	3.4524590969085693	5
753551	1808	-2.598625	1.8452582359313965	5
1674021	1627	2.819132	4.142942905426025	5
909744	2113	2.090996	2.580016851425171	5
908121	2159	5.040173	4.142973899841309	5
906839	1932	3.139595	3.5013375282287598	5
905981	1911	-4.106667	3.7231600284576416	5
753624	1617	2.437976	2.914053201675415	5
906844	2002	3.17554	2.9498484134674072	5
905954	1614	5.872298	4.0499396324157715	5
925347	1084	0.350817	2.975034475326538	5
749717	2499	10.270834	5.386874198913574	5
906855	1849	0.033554	0.7111908793449402	5
907275	1908	0.294486	1.9200646877288818	5
713885	1908	2.314998	3.5389983654022217	5
906851	1739	3.00224	3.5126702785491943	5
1240201	1780	4.960257	3.997960329055786	5
688026	1199	3.629477	3.7037274837493896	5
1298169	1179	0.516065	2.0167813301086426	5
1659817	1084	-3.437648	1.532726526260376	5
909974	1052	3.992299	2.0167813301086426	5
1298526	1072	6.456118	3.8895394802093506	5
1298136	1047	7.199574	5.198552131652832	5
905952	1853	3.266249	1.7219581604003906	5
687815	1058	-0.226958	2.5687410831451416	5
753531	1031	-2.603873	0.8493804335594177	5
908483	1025	4.868403	3.621920585632324	5
908455	2047	2.369775	3.0603249073028564	5
1240209	2148	2.196606	2.9971930980682373	5
1240181	1830	2.888137	2.700566530227661	5
909975	1191	-3.734982	1.312483549118042	5
909715	1050	-0.627915	-4.371927261352539	5
905961	1012	0.640992	3.1608517169952393	5
1240127	1561	1.186886	2.5261270999908447	5
905980	2498	10.223356	5.592216968536377	5
907068	1924	5.226836	2.256009340286255	5
907042	2177	0.886061	3.8457701206207275	5
1240189	1831	3.681025	2.6672303676605225	5
1240161	1621	3.818045	3.0872111320495605	5
1240169	1578	4.843888	2.872941732406616	5
906875	1013	3.887461	2.981280565261841	5
1240162	1133	4.892631	4.717601776123047	5
1298134	1928	4.264131	3.199157476425171	5
1240142	2110	3.74258	3.8676233291625977	5
753531	2174	1.821032	3.4033749103546143	5
1298537	1494	-1.63944	3.0045273303985596	5
753541	1049	4.445391	3.010918378829956	5
1327775	1083	1.383157	1.49824857711792	5
908462	1029	6.376775	3.3488433361053467	5
905934	1832	4.669541	3.4945781230926514	5
1240179	1558	2.911279	2.2687807083129883	5
909743	1582	4.425903	1.7219581604003906	5
905960	2145	-0.059234	2.9498484134674072	5
910952	1563	6.158566	4.417837142944336	5
917486	2038	4.390467	4.142942905426025	5
905940	1016	1.392067	1.7742090225219727	5
909194	1007	-5.257323	-3.22637939453125	5
907057	1553	5.225244	2.9873926639556885	5
1659819	1036	-2.787767	2.683992624282837	5
907787	1029	4.648065	1.0954670906066895	5
905963	1635	6.454829	3.7231600284576416	5
749712	2003	4.988038	2.9498484134674072	5
946366	1873	2.596659	2.5808138847351074	5
906818	1018	5.3728	4.055182456970215	5
753588	1175	3.135723	3.6707050800323486	5
753566	1053	4.482164	2.7993829250335693	5
910569	1051	2.865375	-1.942995548248291	5
753575	2177	2.188984	3.9782726764678955	5
1298475	1598	6.180627	4.169700622558594	5
753624	2096	1.273229	3.112635850906372	5
907279	1809	3.882233	2.5319948196411133	5
909904	2110	6.448402	4.269764423370361	5
1327775	1912	0.402594	1.532726526260376	5
687821	1714	3.535725	3.2326881885528564	5
905964	1249	1.939103	3.0459694862365723	5
949174	1026	0.286272	0.5548354983329773	5
910936	1913	5.550189	5.547497749328613	5
907068	1853	3.468126	2.747363328933716	5
753563	1845	-2.043964	2.3226685523986816	5
910941	2145	-1.471064	2.700566530227661	5
909719	1026	0.652135	1.3658242225646973	5
911905	2172	3.223986	3.8556668758392334	5
908129	1036	4.12141	3.735478639602661	5
753551	1175	2.74337	3.6707050800323486	5
1297439	1549	4.558265	2.3373751640319824	5
906863	1933	2.29259	0.8493804335594177	5
753545	1062	-2.920743	1.14143705368042	5
906870	1927	4.719187	2.2356555461883545	5
910916	1378	-0.82876	2.644202709197998	5
910700	1583	3.838058	4.142942905426025	5
906870	1936	1.922431	1.2616240978240967	5
1298350	2000	5.852461	3.2652366161346436	5
1240157	1828	3.922373	3.359407663345337	5
1503371	1799	-1.71278	3.599485158920288	5
753585	1862	-1.155741	0.9133924841880798	5
753531	1133	2.55452	4.717601776123047	5
909737	1249	4.650083	3.6688292026519775	5
1479987	1089	4.385581	3.059617757797241	5
1299081	1012	1.574724	3.3057429790496826	5
1330972	1061	2.257191	3.5389983654022217	5
1298359	1003	-0.963291	2.760331869125366	5
910932	1924	4.892724	2.757408618927002	5
1298226	1026	-0.534931	1.0103025436401367	5
1298526	1778	5.846324	2.975034475326538	5
1330984	1014	1.796521	2.683992624282837	5
949094	1866	1.976973	3.144005060195923	5
905954	1913	4.113794	4.593025207519531	5
1330950	1713	0.109157	2.4672393798828125	5
1524417	1039	5.063265	3.706996202468872	5
908147	1873	0.538886	1.197744369506836	5
1660035	1085	3.918245	3.7082602977752686	5
909755	2055	2.417214	2.9895946979522705	5
910781	2110	5.326278	3.813587188720703	5
910546	1006	-0.174114	3.8895394802093506	5
907058	1939	1.67761	2.841865301132202	5
1240123	1131	5.248808	4.897191047668457	5
908124	1936	3.27815	3.3096630573272705	5
910943	1375	7.86968	2.872941732406616	5
1290908	1849	-0.22176	2.9419360160827637	5
753616	1624	3.435024	3.416308641433716	5
910079	1847	2.826108	3.1395630836486816	5
907289	1017	5.11702	3.8865675926208496	5
906790	1820	-0.508037	2.9971930980682373	5
909784	1828	3.794909	3.3034603595733643	5
909253	1059	-0.309822	1.6882872581481934	5
906865	1507	3.753405	4.0499396324157715	5
910700	1375	8.315322	2.573582410812378	5
1298365	2111	5.06298	3.961496114730835	5
906877	1032	0.455395	1.4547812938690186	5
1298134	1047	4.048735	3.9888339042663574	5
1298349	2096	3.397895	3.5389983654022217	5
753605	1194	1.737772	2.2178521156311035	5
735784	1401	3.224886	2.2798075675964355	5
1240143	1268	4.63046	3.8803775310516357	5
910924	1199	2.98238	4.304722785949707	5
1240161	2044	3.443714	2.644202709197998	5
906868	1928	5.320503	3.661964178085327	5
910947	1190	-5.220422	0.5859037637710571	5
910937	1529	-2.024556	3.4250214099884033	5
905984	1922	0.942654	2.926135301589966	5
907278	1855	3.879954	1.9200646877288818	5
906863	1582	3.698196	3.0872111320495605	5
1290769	1017	6.446258	3.8865675926208496	5
930083	1529	7.280743	3.7236549854278564	5
930301	1931	4.520648	4.702743053436279	5
1290922	2113	2.694648	2.9498484134674072	5
909746	1738	1.76723	3.2755491733551025	5
949154	1086	-0.102596	1.6584224700927734	5
1240130	1614	2.61324	4.0499396324157715	5
1240217	2171	3.983731	3.6257753372192383	5
910951	1919	1.779996	1.4356575012207031	5
905967	1806	5.911763	3.0045273303985596	5
907274	1059	-1.337582	1.244260311126709	5
753575	2043	6.094154	3.9681038856506348	5
1298357	1038	2.020684	3.7432165145874023	5
907789	1175	1.839593	2.420258045196533	5
1290797	1634	4.00487	5.790410041809082	5
906801	1008	2.649014	2.8907833099365234	5
753561	1866	1.532984	2.9725539684295654	5
907274	1069	2.975608	1.8568918704986572	5
1330941	1862	0.438304	0.7904373407363892	5
713869	1627	3.755415	4.3382744789123535	5
907051	1512	5.654761	2.654480218887329	5
753583	1624	3.707336	3.567639112472534	5
1247873	1036	5.093006	3.2326881885528564	5
1240183	2044	5.179788	2.6767337322235107	5
907063	1561	0.096403	1.244260311126709	5
753564	1632	2.514051	1.3772859573364258	5
907062	1708	2.70431	1.9348559379577637	5
905977	2177	3.266612	4.261425495147705	5
1503371	1853	2.718155	3.3053908348083496	5
724839	1834	4.424283	2.6979804039001465	5
1659928	1998	4.846187	3.6532208919525146	5
1330982	1917	-1.452053	2.4670979976654053	5
1290922	1012	2.573486	3.2349982261657715	5
908126	1834	-2.765024	2.2884328365325928	5
907169	1250	3.323484	4.0499396324157715	5
687777	1931	6.550984	5.108938694000244	5
905971	1810	-0.023491	2.573582410812378	5
1298359	1836	4.756745	3.1395630836486816	5
724866	1061	5.777107	3.2326881885528564	5
907071	1005	5.24387	3.1408941745758057	5
1303900	1933	3.43445	0.7904373407363892	5
753538	1250	1.940714	3.1667983531951904	5
1290797	2109	2.214209	4.169700622558594	5
908130	2499	10.144787	5.314978122711182	5
909781	1033	7.21531	3.7231600284576416	5
907270	2360	3.713963	1.7485454082489014	5
1503361	1786	3.389957	3.155921697616577	5
909251	1712	-4.294351	2.3155128955841064	5
753545	1199	5.285432	4.362511157989502	5
949176	1621	3.322181	2.7539103031158447	5
724872	1463	4.086066	2.2178521156311035	5
910920	1016	2.054929	2.655745506286621	5
753589	2002	5.329598	2.6672303676605225	5
1503365	1627	3.072346	3.9782726764678955	5
924238	1844	3.104355	3.2193543910980225	5
1298352	1925	6.102848	4.2303032875061035	5
930083	2002	7.371354	3.2193543910980225	5
753574	1855	7.208987	3.0347955226898193	5
1299064	1026	-1.526294	1.10784912109375	5
753573	1730	1.804614	3.21109938621521	5
1299052	2158	6.251041	3.7840540409088135	5
1240219	1926	0.834229	2.975034475326538	5
924188	1014	3.86386	3.674102544784546	5
722058	1941	-2.692944	2.9419360160827637	5
907062	1025	4.519078	3.933809995651245	5
907795	1849	-0.199442	2.3284170627593994	5
946372	1007	-5.601456	-1.8828163146972656	5
1299070	1809	-1.983034	3.059617757797241	5
906844	1840	3.19865	2.9498484134674072	5
910919	1091	2.14494	1.543259620666504	5
753573	1855	3.680995	3.0347955226898193	5
1331035	2171	0.652516	1.543259620666504	5
911905	1924	5.601737	2.8625996112823486	5
909757	1815	5.601212	3.6532208919525146	5
909904	1131	7.437742	5.198552131652832	5
687777	1924	6.286724	2.9444165229797363	5
688015	2109	3.473691	3.621920585632324	5
910544	1054	0.325687	0.22982895374298096	5
908458	1718	1.852323	3.7082602977752686	5
946373	1918	3.043666	2.409184455871582	5
687505	1008	-3.313345	2.258204460144043	5
1298358	1023	4.80029	3.099888324737549	5
1659928	1709	-2.375825	1.8178400993347168	5
924238	1843	-0.752847	2.9510107040405273	5
905968	1817	-4.712529	3.360426425933838	5
910941	1777	5.161042	3.1752047538757324	5
909905	1716	5.257621	3.6098625659942627	5
1298537	1932	1.863346	3.4577603340148926	5
1298219	1463	4.511325	3.1440963745117188	5
1299080	1631	2.306015	4.0499396324157715	5
949171	1835	2.328421	2.700566530227661	5
907274	1627	2.333926	2.19840407371521	5
753595	1634	6.477433	5.790410041809082	5
1503361	1862	-1.46806	1.10784912109375	5
1299078	1927	5.295294	4.0499396324157715	5
688006	2171	2.569924	2.44085693359375	5
906830	1813	2.413444	2.871769666671753	5
907783	1529	-1.304267	3.1946165561676025	5
749711	1924	3.47085	2.4316303730010986	5
1298358	1709	-2.542281	2.1546919345855713	5
753533	1013	2.994354	4.272779941558838	5
753592	2048	-2.330038	-0.31735628843307495	5
908458	1629	4.888345	0.8676882386207581	5
1240162	2173	6.107483	3.567639112472534	5
905977	1580	6.013931	4.0235066413879395	5
906797	1622	5.37041	4.022722244262695	5
906865	1072	4.750807	3.938109874725342	5
688006	1854	5.12723	3.621920585632324	5
1298157	1049	4.247282	3.342721700668335	5
753620	1718	4.110434	3.1752047538757324	5
1298222	1806	6.026507	2.760331869125366	5
909773	1835	2.273397	1.9702403545379639	5
908129	2156	3.210868	3.4229369163513184	5
1330993	1088	1.554947	3.440822124481201	5
1298538	2040	1.6976	2.9625892639160156	5
907791	1249	1.930371	3.0459694862365723	5
908125	1048	5.56336	4.055182456970215	5
909761	1059	0.62366	2.533348798751831	5
1240179	1927	4.294578	2.953796148300171	5
1503368	1018	5.332767	3.9681038856506348	5
1290455	1553	2.06352	1.6882872581481934	5
905976	1249	5.74269	3.938109874725342	5
1299059	1625	4.657899	3.567639112472534	5
908145	1564	2.15171	3.674102544784546	5
906830	1783	6.898966	3.938109874725342	5
906837	1529	-0.417474	3.4033749103546143	5
910944	1629	2.551911	-0.12098675966262817	5
909975	1259	5.658772	3.956881046295166	5
753538	2362	4.912358	2.499650716781616	5
910934	1802	3.174402	2.493256092071533	5
909194	1038	3.835209	3.6707050800323486	5
1240145	1133	2.864395	5.108938694000244	5
949153	1200	2.161731	2.5146467685699463	5
906791	2171	0.697267	3.4577603340148926	5
1240130	1811	-3.89403	3.938109874725342	5
907789	1835	1.46214	1.8283216953277588	5
1240179	1862	-0.305938	0.6910004615783691	5
907270	1828	3.617525	2.3679542541503906	5
1298538	2096	1.474692	2.9413108825683594	5
1299075	1840	4.854679	3.4945781230926514	5
1240193	1933	1.931287	0.3758968710899353	5
909721	1855	7.805858	3.2326881885528564	5
908123	1708	-1.544416	1.8263051509857178	5
1331045	1089	1.257545	0.8281965851783752	5
1240189	1072	2.615727	3.4250214099884033	5
910851	1529	-1.445295	3.572082757949829	5
1240190	2037	4.086096	4.3382744789123535	5
753555	1594	2.593754	2.7097227573394775	5
687995	1809	-1.633358	1.8452582359313965	5
905944	1908	3.794689	3.2326881885528564	5
910930	1072	3.628023	2.493256092071533	5
905971	1632	3.538013	1.8178400993347168	5
1298526	1033	6.791754	3.8895394802093506	5
910546	1007	-2.959049	-1.4283103942871094	5
907279	1931	6.871694	4.876194000244141	5
753551	1243	2.449173	3.4250214099884033	5
1327766	2360	3.823168	1.532726526260376	5
908443	1017	5.385802	3.8088181018829346	5
1503370	1820	0.249984	3.2652366161346436	5
909755	2002	6.126864	2.9895946979522705	5
910919	1062	3.304288	2.683992624282837	5
1290722	1069	4.384877	3.293506622314453	5
906793	1933	3.335829	1.6827902793884277	5
906763	1080	-4.909406	-3.277684450149536	5
1240145	1632	4.050098	2.5160272121429443	5
910689	2002	8.415978	2.9895946979522705	5
1524419	1037	2.778206	3.706996202468872	5
1240217	1803	4.138943	3.359407663345337	5
949093	2010	4.969419	2.9498484134674072	5
905947	1624	2.446134	3.9170949459075928	5
753615	1069	1.98824	2.3878438472747803	5
906863	1830	2.577962	2.9059336185455322	5
909757	1068	2.196597	2.3284170627593994	5
949170	1997	3.447109	1.8212265968322754	5
910934	1834	-1.659559	1.9702403545379639	5
924102	1168	3.58812	2.9240562915802	5
907792	1716	5.97225	3.7082602977752686	5
724839	1614	5.95822	2.953796148300171	5
910687	1634	3.633073	2.6482036113739014	5
753600	1058	0.998055	2.9444165229797363	5
906837	1738	-0.238479	3.150951623916626	5
1327769	1093	3.608736	1.543259620666504	5
1240161	1019	0.982141	3.1667983531951904	5
909744	1561	2.10904	2.0559120178222656	5
910948	1268	4.499856	4.207280158996582	5
906837	1025	4.193223	3.933809995651245	5
1327769	1924	2.927646	1.244260311126709	5
1240173	1021	3.326954	3.0184011459350586	5
1479987	2172	0.716401	3.8556668758392334	5
905941	1835	7.118591	3.067237615585327	5
1299069	1250	0.885461	3.41528582572937	5
906693	1718	3.446121	3.997960329055786	5
924239	1594	1.67377	1.532726526260376	5
1295741	1177	2.724541	3.174084424972534	5
905951	1853	5.64724	3.2349982261657715	5
906875	2148	0.050489	2.700566530227661	5
1299078	1911	-5.452551	3.938109874725342	5
1659823	1557	5.852376	2.3284170627593994	5
909744	2010	2.235209	2.580016851425171	5
753538	1088	1.483736	2.644202709197998	5
925347	1199	4.968375	4.7874627113342285	5
949179	2010	5.110713	2.700566530227661	5
905950	2109	1.937777	4.343428611755371	5
1503367	2011	4.931847	3.716737985610962	5
1298146	1038	3.041455	4.031013488769531	5
1240185	2040	1.136363	3.3220129013061523	5
1290797	1730	1.934285	3.4603469371795654	5
1330991	1855	3.902415	1.9200646877288818	5
688013	2499	10.243619	4.598667621612549	5
1327766	1003	-2.076289	1.2599480152130127	5
930083	2111	7.65329	3.908376455307007	5
907791	1449	5.946598	2.645235538482666	5
1503370	1618	3.939533	5.905318737030029	5
909708	1627	1.743923	3.7840540409088135	5
1331055	1049	4.023199	2.2178521156311035	5
687983	1593	4.452391	2.7018001079559326	5
924111	2110	3.742603	3.7840540409088135	5
908123	1821	3.192371	2.9498484134674072	5
905956	1088	2.335226	2.871769666671753	5
1240193	2000	4.053391	2.6672303676605225	5
910549	1049	4.049305	3.155921697616577	5
1330950	1913	4.809605	3.0866458415985107	5
906865	1738	5.300483	3.1122686862945557	5
907287	2158	5.764109	4.142942905426025	5
949171	1915	2.650902	2.2878501415252686	5
1330950	1852	4.80971	3.0459694862365723	5
906833	1708	-0.600575	1.6266098022460938	5
753556	2057	6.388947	3.067237615585327	5
909751	1012	1.5514	3.1608517169952393	5
1240199	1088	5.404444	3.059617757797241	5
908451	1782	4.817183	2.761914014816284	5
910918	1089	1.848204	0.8281965851783752	5
687820	1011	2.444843	2.9419360160827637	5
687505	1613	3.102971	3.5363662242889404	5
910567	1048	2.563856	3.4529154300689697	5
909904	1844	3.925087	3.3413097858428955	5
908141	1827	1.63075	2.265040397644043	5
1524416	2044	2.733881	2.9870901107788086	5
753552	1553	1.322175	2.7993829250335693	5
687807	1922	4.076423	3.3220129013061523	5
1240218	1915	2.589057	3.0616159439086914	5
905984	1908	3.025907	3.674102544784546	5
1240158	1626	1.953481	3.8130881786346436	5
1503368	1716	5.402371	3.599485158920288	5
910704	1739	3.965459	3.5126702785491943	5
905962	1615	7.096334	2.533348798751831	5
909738	2157	7.194286	4.035937786102295	5
908470	1560	5.10634	2.8410868644714355	5
908449	1039	6.477138	3.251267194747925	5
930298	2037	6.448717	3.42345929145813	5
753612	1614	4.996949	2.645235538482666	5
925340	2170	3.344568	2.637542724609375	5
688027	1023	3.047337	2.2178521156311035	5
1298136	1780	5.636885	3.997960329055786	5
1330960	1007	-4.760464	-3.277684450149536	5
908457	1598	6.392398	4.094106674194336	5
905983	1618	4.340549	5.626377582550049	5
925346	1931	6.157728	5.198552131652832	5
949173	1003	-0.152091	1.9576692581176758	5
1659929	1194	4.314443	3.0184011459350586	5
753534	1622	2.17417	4.120721340179443	5
687459	1584	2.597223	3.2920191287994385	5
905961	1005	4.487282	2.573582410812378	5
908135	1021	0.359234	2.3064239025115967	5
722066	1930	0.497535	4.150619983673096	5
1298167	1054	4.028049	2.2870748043060303	5
909773	1089	3.007793	0.8281965851783752	5
949172	1062	4.576121	2.6900687217712402	5
924238	2109	1.982907	3.9346189498901367	5
909704	1908	2.149629	3.302882432937622	5
688014	1200	3.947093	3.7037274837493896	5
909253	1926	0.997528	1.6882872581481934	5
1298476	1933	9.24812	1.686028003692627	5
906875	1563	5.466285	3.5236966609954834	5
907318	1613	1.302388	3.9681038856506348	5
905938	1777	4.885815	2.2356555461883545	5
1503370	1581	1.675233	4.138278961181641	5
1503364	2048	-5.051871	-0.6266331672668457	5
925348	1816	5.857504	4.7874627113342285	5
924106	1372	2.20135	3.8169400691986084	5
906871	1073	5.992409	3.4060721397399902	5
1303900	2159	3.986606	4.142973899841309	5
687568	1817	-2.570229	3.1826870441436768	5
724859	1714	0.740361	3.2326881885528564	5
907055	1932	2.109604	3.2721011638641357	5
1503364	1626	2.450565	3.485671043395996	5
1303911	1069	3.471106	3.0618491172790527	5
713880	1024	0.802588	3.025665521621704	5
908463	2003	7.209317	3.2652366161346436	5
906864	1062	4.093863	2.7426013946533203	5
1480362	1168	4.15821	2.929608106613159	5
724838	2045	5.065724	2.7993829250335693	5
907061	1922	1.581905	3.010918378829956	5
909740	2154	4.383727	4.142942905426025	5
924111	1803	6.080247	2.9059336185455322	5
908475	1558	2.945849	3.003225564956665	5
949176	1494	-2.279718	1.9576692581176758	5
910920	1817	-4.061067	3.48917818069458	5
906821	1586	5.431188	3.459388017654419	5
909708	1062	1.704174	2.836839437484741	5
906812	1250	4.738984	3.5126702785491943	5
1240179	1559	-0.862687	0.6910004615783691	5
905940	2046	1.774915	0.22982895374298096	5
910698	1782	4.864583	3.7231600284576416	5
688015	1180	-3.783273	1.3772859573364258	5
687821	1033	6.788536	3.971829414367676	5
908483	1783	3.547962	3.4250214099884033	5
1298359	1561	0.450245	2.7097227573394775	5
1290769	1833	4.166804	2.9895946979522705	5
907061	1613	4.307908	3.7583096027374268	5
909750	1919	1.758546	2.8367433547973633	5
909773	1936	0.818582	1.1519863605499268	5
907314	2171	0.607085	2.359595537185669	5
908123	1999	3.38497	2.9498484134674072	5
930297	2043	4.28243	3.5363662242889404	5
1330985	2173	1.756534	2.1909544467926025	5
905967	1042	5.599033	6.141581058502197	5
1240190	1840	2.273052	3.2652366161346436	5
1479995	1085	2.776339	3.883882999420166	5
906825	1039	5.306458	3.883882999420166	5
909736	1821	3.880915	3.359407663345337	5
924187	1133	5.948039	4.682929039001465	5
687590	1855	5.623414	3.2315986156463623	5
906842	1714	2.738867	2.683992624282837	5
753578	1494	-4.174218	2.9870901107788086	5
905934	1839	4.848308	3.4945781230926514	5
905939	1820	0.144425	2.9895946979522705	5
949171	1840	2.509286	2.700566530227661	5
1240155	1780	4.990101	3.41528582572937	5
753547	1576	2.46632	3.621920585632324	5
946355	2112	3.010624	3.1395630836486816	5
687800	1825	4.480299	3.2652366161346436	5
911905	1817	-2.489137	3.360426425933838	5
946372	1620	5.312096	3.5650794506073	5
1480362	2047	4.521493	3.1308605670928955	5
1298352	1829	4.908371	3.1213343143463135	5
1659819	1926	0.177629	1.244260311126709	5
909706	1011	3.87353	2.841865301132202	5
949177	1706	0.633483	3.416308641433716	5
753574	2011	3.473981	3.716737985610962	5
909725	1918	4.264544	2.757408618927002	5
907277	1849	-2.531712	0.783431351184845	5
1331055	1373	4.696806	3.5389983654022217	5
924107	1776	4.246578	2.7319629192352295	5
905957	1777	3.1778	3.5126702785491943	5
753588	1085	2.211274	3.025665521621704	5
905934	1732	4.244229	3.84454607963562	5
910900	1062	4.252119	3.2326881885528564	5
1298356	1529	5.570186	3.572082757949829	5
930299	2000	5.361441	3.2193543910980225	5
749715	2359	3.726164	3.4524590969085693	5
1240217	1268	5.456482	4.082611560821533	5
908448	1006	-1.476829	2.761914014816284	5
905959	2154	3.525638	4.0951972007751465	5
1240158	1200	3.870092	4.573819637298584	5
1299075	1564	5.350519	3.213221788406372	5
1503361	1025	4.399637	3.985328435897827	5
910780	1825	-2.655683	2.700566530227661	5
906763	1038	2.860489	2.420258045196533	5
753575	1020	6.11904	1.10784912109375	5
906877	1049	2.871772	1.0954670906066895	5
907057	1034	-3.147746	3.3584325313568115	5
907046	1054	3.82137	1.8263051509857178	5
1524417	1917	1.159075	4.139767169952393	5
910700	1738	2.257858	3.2755491733551025	5
1479988	1050	4.376177	-1.2957184314727783	5
1240157	1862	-1.28824	1.3658242225646973	5
949153	2498	7.029237	2.6482036113739014	5
906693	1067	5.99165	2.5007617473602295	5
905959	2157	6.138033	4.0951972007751465	5
905975	1819	-2.891504	-0.3904504179954529	5
1290725	1927	4.8253	3.1667983531951904	5
907051	1926	1.317906	2.5261270999908447	5
1503369	1916	2.672288	3.918010711669922	5
1290798	1720	2.446217	1.9585902690887451	5
1240204	1911	-7.074266	3.4033749103546143	5
753556	1706	-0.486472	3.688896417617798	5
724834	2111	5.140426	4.150619983673096	5
753620	1629	4.306605	0.5548354983329773	5
1298538	1250	3.777949	3.622213125228882	5
753564	1051	-2.659503	-3.22637939453125	5
724870	1909	3.237991	2.914053201675415	5
1240130	1820	2.616106	3.3034603595733643	5
1327773	1928	2.637928	1.875302791595459	5
1298475	1709	-0.642724	2.5007617473602295	5
910899	2046	2.415969	1.3772859573364258	5
1247873	1561	1.515861	2.9444165229797363	5
1240169	2113	3.707325	3.058750867843628	5
909256	1997	1.453463	1.9585902690887451	5
906790	1802	2.886145	3.3902668952941895	5
905946	1834	1.140175	2.9498484134674072	5
908451	1908	0.90931	1.9200646877288818	5
909703	1046	0.740901	0.7230214476585388	5
907173	1782	5.73114	3.666588544845581	5
910687	2499	9.79543	2.6482036113739014	5
1480358	1036	5.738886	3.1308605670928955	5
1240189	1732	2.18197	3.4250214099884033	5
1480359	1054	3.467079	2.39854097366333	5
905982	1033	5.249882	3.5807151794433594	5
687514	2113	2.894308	2.6979804039001465	5
908148	2499	9.397064	3.069305896759033	5
906795	1581	3.558161	3.754564046859741	5
688013	1449	3.897807	3.025665521621704	5
906814	1375	6.742689	2.871769666671753	5
1298476	1558	5.33545	3.0616159439086914	5
1330942	1806	5.223933	0.5859037637710571	5
910941	1780	5.134307	3.1752047538757324	5
924188	2169	3.668819	2.409184455871582	5
905968	1629	3.826013	1.3946034908294678	5
1330942	1010	3.62709	1.53485107421875	5
905980	1625	7.101206	3.9170949459075928	5
907795	2039	2.611389	3.1608517169952393	5
1290806	1086	-0.304296	2.1546919345855713	5
910710	1030	3.680657	3.195875644683838	5
722066	2149	2.09211	4.3382744789123535	5
1298358	2109	1.850987	3.902925491333008	5
909750	1058	0.472113	2.409184455871582	5
1330995	1708	-1.18171	0.40741169452667236	5
749711	1999	3.045969	2.9498484134674072	5
753545	1057	-2.525759	2.757408618927002	5
910921	1829	1.567906	3.3034603595733643	5
909773	1939	4.44643	0.659253716468811	5
753581	1093	4.158956	3.1122686862945557	5
1503364	1133	4.802437	4.424830436706543	5
1298160	1624	2.23453	4.0235066413879395	5
1298157	1048	6.39206	3.9108006954193115	5
1240201	1024	-0.229601	3.997960329055786	5
1240183	2055	4.630286	3.067237615585327	5
1330942	1827	1.95207	2.265040397644043	5
1298353	1237	5.451515	4.058929920196533	5
946369	1200	3.047253	4.784048557281494	5
907173	1054	3.644572	2.2864162921905518	5
1240183	1620	6.281649	3.688896417617798	5
908462	2156	3.529431	3.666588544845581	5
905969	1375	8.110323	3.059617757797241	5
1240189	1834	2.134013	2.6672303676605225	5
906844	1835	3.484318	2.9498484134674072	5
910549	1378	5.327451	2.760331869125366	5
1240226	1093	4.842058	3.1122686862945557	5
1298538	1558	0.923451	2.6177871227264404	5
910689	1043	7.924846	6.657993793487549	5
1240212	2361	5.682541	2.256009340286255	5
905939	1561	0.074411	2.533348798751831	5
910549	1803	6.539859	3.1395630836486816	5
917486	2106	3.620943	2.533348798751831	5
724839	1560	4.922825	2.256009340286255	5
949153	2096	1.998706	2.4341554641723633	5
909257	1561	0.586265	2.8625996112823486	5
1298362	1093	3.246279	3.150951623916626	5
1297446	1810	-1.977516	0.9103354215621948	5
910937	1054	3.71101	1.3772859573364258	5
907314	1079	4.685786	3.1752047538757324	5
1330950	1825	-0.954402	2.3226685523986816	5
687985	1927	4.055119	3.025665521621704	5
949176	1627	3.991805	3.5236966609954834	5
908121	2170	3.477169	2.4316303730010986	5
906837	1936	2.413388	3.010918378829956	5
753589	1847	5.351804	2.6672303676605225	5
1659819	2111	0.682287	2.4670979976654053	5
910700	1011	1.303401	2.3284170627593994	5
946358	2360	4.616595	1.197744369506836	5
905983	1059	0.954711	2.5808138847351074	5
906837	1058	-0.035206	2.499650716781616	5
909704	1043	5.296882	6.053250789642334	5
1298146	2040	0.501959	3.3584325313568115	5
907799	1529	-1.098896	2.493256092071533	5
905951	1778	4.169353	2.4316303730010986	5
753612	1999	2.054488	2.3226685523986816	5
910911	1925	5.414327	4.296268939971924	5
687983	1177	4.494617	3.6707050800323486	5
946355	1029	6.193639	3.155921697616577	5
909736	1084	-0.492042	2.9873926639556885	5
906870	1730	1.748164	2.3385002613067627	5
1330960	1598	2.734072	2.4112095832824707	5
905958	1549	4.094715	1.4547812938690186	5
688058	1718	4.645434	3.5804686546325684	5
1298350	1739	3.437471	3.918010711669922	5
907286	1058	2.063067	2.975034475326538	5
1331037	1613	2.268446	2.4670979976654053	5
1659929	1248	1.561123	5.5325846672058105	5
907787	1802	1.704696	2.3155128955841064	5
909747	1922	4.904763	3.0184011459350586	5
688021	1836	5.230084	2.6672303676605225	5
1330993	1854	3.759804	4.31592321395874	5
907277	1734	1.195409	2.3155128955841064	5
907287	1847	1.274515	2.9895946979522705	5
1503370	1840	1.282582	3.2652366161346436	5
1480372	1008	-0.892905	3.059617757797241	5
1240190	2045	5.909502	2.9444165229797363	5
905944	1558	3.721459	3.003225564956665	5
907794	2154	2.462043	4.142942905426025	5
1327766	1779	-0.034092	2.645235538482666	5
1298475	1919	2.033079	3.0616159439086914	5
687821	1632	6.302151	2.5160272121429443	5
753612	1043	4.567879	4.252949237823486	5
908465	1873	1.814338	2.9444165229797363	5
1330931	1853	3.608829	2.4226253032684326	5
1240206	1248	-5.041359	5.547497749328613	5
905940	1930	-0.221758	3.195875644683838	5
1290725	1618	4.145017	5.547497749328613	5
713869	1080	-3.832255	-0.31735628843307495	5
1331034	1060	1.619091	2.683992624282837	5
908460	1810	4.038643	3.0045273303985596	5
910952	1017	4.884314	4.139767169952393	5
1503363	2159	3.753999	3.9782726764678955	5
910704	1732	4.939091	3.4524590969085693	5
753555	1088	1.886249	2.760331869125366	5
1480367	1029	6.07001	3.3150503635406494	5
724838	2360	5.754181	2.7993829250335693	5
1298156	2048	-5.226638	-1.5411677360534668	5
909778	1560	0.355399	2.4316303730010986	5
906801	1918	3.660794	2.4316303730010986	5
905968	2173	4.778236	3.8556668758392334	5
910554	1829	1.908773	2.9895946979522705	5
930083	2044	6.415807	2.9510107040405273	5
907277	1997	-2.971252	0.783431351184845	5
1299075	1613	5.450726	4.214577674865723	5
1299059	1714	4.023921	2.836839437484741	5
907063	1039	4.407976	1.7259180545806885	5
910919	1086	-4.820014	0.40741169452667236	5
909703	1051	-3.33802	-3.277684450149536	5
753547	1054	3.518232	1.3772859573364258	5
1330950	1630	4.38557	2.645235538482666	5
910710	1010	2.701848	1.4356575012207031	5
907285	2171	3.649195	3.5716121196746826	5
1330948	1179	-1.807224	0.8278698325157166	5
687455	1825	0.222133	3.1131439208984375	5
910701	1997	2.675535	2.1143600940704346	5
908455	1022	0.559904	2.1546919345855713	5
946354	1917	0.394175	3.9681038856506348	5
1240161	2170	1.269584	2.499650716781616	5
1240186	1580	4.503988	3.4360568523406982	5
908447	2043	3.907737	3.4529154300689697	5
909251	1630	2.380111	1.7952566146850586	5
907786	1088	-0.044626	3.0045273303985596	5
909263	1512	6.667184	2.573582410812378	5
687561	1047	5.516725	4.9216437339782715	5
910941	2157	4.76409	3.5236966609954834	5
1298359	1812	2.925638	2.760331869125366	5
1298533	1048	4.726092	4.0481462478637695	5
906864	1732	3.516552	3.7236549854278564	5
907272	1911	-5.207302	2.3155128955841064	5
907319	1617	0.723389	2.6051480770111084	5
905990	1239	4.904274	3.795720338821411	5
909773	1401	0.788353	0.40741169452667236	5
749709	2499	9.988558	5.386874198913574	5
909702	1025	4.380537	2.4112095832824707	5
687777	1024	0.338929	3.918010711669922	5
907783	2043	4.522192	3.195875644683838	5
909761	1928	5.757327	3.8567564487457275	5
907318	1996	3.600459	2.6051480770111084	5
687997	1249	4.256663	3.4250214099884033	5
687505	1072	3.838133	3.206416130065918	5
724870	1826	2.776384	3.3413097858428955	5
749715	1786	2.59835	3.342721700668335	5
1480374	2172	1.66918	3.8556668758392334	5
907291	1042	4.813226	6.657993793487549	5
1327765	2045	2.222662	1.244260311126709	5
722066	1909	1.717511	2.9419360160827637	5
687820	1873	2.71796	2.9444165229797363	5
910927	1932	3.915946	3.7070729732513428	5
907312	2000	4.965102	3.1131439208984375	5
907173	1268	2.851828	3.9580790996551514	5
907275	1463	2.150954	1.2616240978240967	5
906797	2171	3.586233	3.142500638961792	5
687514	2045	5.789587	2.256009340286255	5
753618	1996	1.287674	1.8212265968322754	5
907068	1038	4.562822	3.5363662242889404	5
687586	1249	4.418246	3.5807151794433594	5
753578	2107	5.827228	2.655745506286621	5
910691	1782	4.195067	3.4229369163513184	5
753573	1627	2.394371	3.9782726764678955	5
1330942	1563	4.895848	2.6328091621398926	5
906835	1634	5.968648	5.626377582550049	5
1479995	1512	4.735946	3.059617757797241	5
949170	1259	2.442466	3.4529154300689697	5
1298348	1621	6.200051	3.4845917224884033	5
907169	1635	5.419143	3.938109874725342	5
1240217	1083	2.876117	3.3584325313568115	5
909709	1032	-0.498673	2.4382894039154053	5
749710	1824	3.675363	2.9498484134674072	5
910079	1838	3.381804	3.1395630836486816	5
908458	1830	1.235526	2.9895946979522705	5
909753	1941	-5.594641	2.6899750232696533	5
907053	1582	3.1117	2.212318181991577	5
1524418	1069	3.387442	3.3770225048065186	5
724869	1585	5.052171	3.459388017654419	5
1240159	1614	3.769677	3.629309892654419	5
753618	1022	-2.692848	1.4711873531341553	5
906844	1003	-4.328225	2.8907833099365234	5
905947	1021	3.624386	3.5181219577789307	5
753532	1013	3.75509	3.63838791847229	5
907287	1529	0.729003	3.6532208919525146	5
909784	1777	5.755612	4.0499396324157715	5
1480371	1845	0.924058	3.228731393814087	5
909256	1239	2.494404	3.4524590969085693	5
687777	1996	5.057506	2.9419360160827637	5
753582	1507	5.183485	3.025665521621704	5
925338	1583	2.464012	4.142973899841309	5
906864	1939	1.71831	2.6999452114105225	5
908460	1583	4.424411	4.3382744789123535	5
910941	1561	2.644485	2.1759791374206543	5
687985	1091	2.666656	2.44085693359375	5
910545	1563	3.866029	2.6328091621398926	5
1298357	2112	3.581617	2.9971930980682373	5
1240187	1866	1.888101	3.4778125286102295	5
1299062	2112	2.714667	2.6672303676605225	5
1240168	1088	3.011117	2.872941732406616	5
1240174	1372	1.705696	3.735478639602661	5
910694	2148	1.621183	3.058750867843628	5
688013	1058	1.900446	2.1271069049835205	5
907787	2010	2.634225	1.8283216953277588	5
1479995	1168	1.778147	2.929608106613159	5
1299062	1133	6.267063	4.247089862823486	5
906839	1073	7.462406	3.5807151794433594	5
906832	1375	6.228458	0.8281965851783752	5
907311	2438	10.273918	3.1946165561676025	5
906814	1131	2.567917	4.702743053436279	5
906746	1030	5.381157	3.8018076419830322	5
1503361	1733	0.278966	3.599485158920288	5
908455	2154	3.550592	3.8631064891815186	5
910924	1718	2.928652	3.41528582572937	5
906875	1824	2.655738	2.700566530227661	5
1503364	1557	3.781025	2.424433469772339	5
753533	1910	1.039536	2.3108909130096436	5
906826	1734	4.436007	3.4524590969085693	5
683667	1631	2.183548	3.3922739028930664	5
905947	2112	1.729418	3.23235821723938	5
1327773	1190	-3.727467	0.8281965851783752	5
753552	1780	2.837569	3.7491321563720703	5
1240167	2038	4.106453	3.9782726764678955	5
753583	1053	2.664902	2.499650716781616	5
907275	1820	0.710042	2.265040397644043	5
907312	1549	4.850684	2.8953487873077393	5
1298358	1133	5.476154	4.424830436706543	5
905978	1799	3.954821	3.706996202468872	5
1524416	1862	-1.804596	0.9133924841880798	5
908483	1621	4.868493	2.7018001079559326	5
907300	2148	0.022754	2.265040397644043	5
908151	1050	1.531147	-1.3838927745819092	5
930297	1932	4.672783	2.6060755252838135	5
1240127	1624	4.705022	3.5461390018463135	5
908472	2362	4.66731	2.9444165229797363	5
1298168	1512	6.00914	2.9870901107788086	5
946359	1053	2.096332	2.4316303730010986	5
907274	2111	3.407669	2.4670979976654053	5
907790	1911	-5.972589	3.6532208919525146	5
1298351	1799	2.611815	3.5257794857025146	5
909751	1091	-0.557369	3.2755491733551025	5
907055	1924	-0.394129	2.637542724609375	5
907172	2145	-0.192412	3.3034603595733643	5
1240173	1712	-3.137055	3.6532208919525146	5
909905	1847	4.655184	3.058750867843628	5
909709	1820	3.93685	2.9059336185455322	5
688026	1061	4.328471	3.5389983654022217	5
946354	1625	3.044334	3.987025022506714	5
1240201	2361	4.358105	2.975034475326538	5
946372	1927	2.236232	3.6098625659942627	5
1290905	1093	5.159332	3.7070729732513428	5
1298529	1529	2.408021	3.4033749103546143	5
910851	1239	1.429485	3.572082757949829	5
930299	1908	3.822004	2.7426013946533203	5
908141	1873	0.217788	1.6882872581481934	5
1480360	1032	2.030076	2.929608106613159	5
1298136	1073	5.490458	3.8895394802093506	5
909697	1072	5.568368	3.3902668952941895	5
908121	1561	-2.627532	2.4316303730010986	5
909740	1093	5.638011	3.2755491733551025	5
1298358	1586	4.981195	3.0915613174438477	5
1330984	1069	2.711152	1.8568918704986572	5
909718	1249	5.206389	3.6532208919525146	5
909709	1249	5.314777	3.4033749103546143	5
753548	2010	1.668805	2.265040397644043	5
907270	1908	0.452936	2.934821844100952	5
1480372	2046	4.505351	2.39854097366333	5
910569	1049	4.045683	3.0184011459350586	5
1240212	1845	2.788219	2.6979804039001465	5
909704	1712	-4.907564	3.804440975189209	5
949093	2169	5.606029	2.4316303730010986	5
906825	1026	-1.914779	1.3946034908294678	5
907045	1191	-4.313851	0.7904373407363892	5
908472	2113	2.519	3.2652366161346436	5
1327771	1050	0.548501	-3.728372812271118	5
949178	2046	0.047498	1.4711873531341553	5
909784	1441	1.872314	2.757408618927002	5
907320	1030	5.578369	3.9681038856506348	5
687812	2048	-0.060483	-0.31735628843307495	5
753574	2003	6.906402	3.1395630836486816	5
949093	1168	5.476614	2.519641876220703	5
925340	1021	4.921175	3.099888324737549	5
1240160	1811	-1.10203	3.6688292026519775	5
724870	1812	0.876225	3.156613349914551	5
910544	1812	0.435192	1.0750892162322998	5
905938	2037	3.725744	2.6328091621398926	5
907783	1812	2.587051	1.0750892162322998	5
753610	1933	3.205564	0.3758968710899353	5
905950	2011	5.105346	3.7231600284576416	5
946360	2096	4.442869	3.1308605670928955	5
1299062	1730	3.038507	2.693105936050415	5
905934	1847	4.791545	3.4945781230926514	5
753623	1909	1.834704	2.6051480770111084	5
910694	1014	4.711406	3.2315986156463623	5
909723	2156	2.289599	3.938109874725342	5
906844	1133	1.770582	4.938456058502197	5
1240160	1809	0.652781	3.1408941745758057	5
905950	2360	6.057935	2.655745506286621	5
907317	2046	4.55544	2.2798075675964355	5
910549	1821	4.299495	3.1395630836486816	5
905957	1730	2.384018	3.0618491172790527	5
687561	2106	1.639045	2.5808138847351074	5
910692	2055	1.721443	2.6672303676605225	5
1298223	1529	-0.069493	3.620103120803833	5
687816	1179	0.954802	2.5160272121429443	5
906875	1072	4.174625	3.437267780303955	5
1240168	1085	1.743365	3.6098625659942627	5
1503361	1010	3.847716	2.6990511417388916	5
1524418	1512	5.94549	2.9870901107788086	5
908146	2173	2.205915	1.9317262172698975	5
749709	1932	3.505118	3.7070729732513428	5
910930	1581	0.511791	1.875302791595459	5
909698	1564	0.787293	2.617997646331787	5
687997	1732	3.005588	3.4250214099884033	5
1240155	1021	3.306886	3.099888324737549	5
1299062	1054	4.893535	1.3772859573364258	5
910546	1594	3.680903	2.975034475326538	5
1503366	1635	5.803249	3.716737985610962	5
