COSMIC_ID	DRUG_ID	LN_IC50	prediction	fold
753562	1854	3.755774	3.862267255783081	1
753624	1529	2.002066	4.151169300079346	1
713880	1849	-0.132318	2.0655529499053955	1
909743	1024	-1.783284	2.2331769466400146	1
909784	1736	1.018101	1.8170855045318604	1
1480359	1009	4.885005	3.9779458045959473	1
749714	1088	5.189397	3.4167089462280273	1
909774	1816	5.741196	4.341650009155273	1
907788	2111	2.553544	4.072854995727539	1
907055	1930	-0.675366	4.194016456604004	1
908465	1736	2.454583	3.3138010501861572	1
1327766	1833	2.245491	2.078221321105957	1
946358	1086	-2.951686	0.0875730812549591	1
909719	1093	4.897164	3.71858286857605	1
1660035	1626	2.306065	4.015178203582764	1
909735	2145	-1.06606	3.1890833377838135	1
688011	1916	2.65672	3.2083253860473633	1
905937	2158	3.326291	4.207327842712402	1
687787	1560	4.966022	2.856635332107544	1
688086	1507	4.495534	3.2614870071411133	1
907289	1564	2.165789	3.075634479522705	1
1479987	2499	8.663452	4.543399810791016	1
905961	1941	-4.986246	2.2386510372161865	1
753600	1060	3.583298	3.3138010501861572	1
1240218	1810	5.140834	2.880718469619751	1
908141	1720	-3.245473	0.8213021755218506	1
924107	2154	1.837793	3.665159225463867	1
925346	1199	4.968976	4.952935218811035	1
946372	1621	5.068998	3.114957571029663	1
910941	1199	3.544975	4.283620357513428	1
687506	1373	3.899867	3.222566604614258	1
905945	1507	5.328684	3.4757297039031982	1
905977	1372	-3.414837	1.8170855045318604	1
905980	1713	2.024146	3.4709577560424805	1
1240174	1630	5.482138	3.4545724391937256	1
909737	1023	4.39828	3.228837490081787	1
905962	1827	-0.707517	3.3075296878814697	1
949153	1817	-2.366898	2.311979293823242	1
906825	2096	2.196189	3.5542306900024414	1
1503365	1046	3.174725	2.471609354019165	1
688010	1739	0.513499	3.2083253860473633	1
924107	1059	-1.348821	2.552738666534424	1
906870	1586	3.541727	2.2304582595825195	1
687588	1043	6.032749	4.970125675201416	1
1298531	1782	3.399942	3.463073968887329	1
753574	1032	0.359728	2.85239315032959	1
1659817	1932	0.264442	1.7901818752288818	1
906834	1250	-0.008722	3.5111300945281982	1
1298347	1510	4.536927	3.5114810466766357	1
724825	1052	2.446991	-0.02273675799369812	1
907783	1820	-0.189624	2.086310625076294	1
1240198	1833	3.419762	3.146327257156372	1
946377	1036	2.437545	3.620846748352051	1
1480364	1632	4.297381	2.602600574493408	1
905938	2110	4.331192	2.2407145500183105	1
1298365	2039	4.332905	3.0185797214508057	1
1330947	1068	-1.399027	0.8213021755218506	1
687995	1910	-1.497486	2.0655529499053955	1
908141	1559	-4.23986	0.025288015604019165	1
925348	1069	5.041807	3.8894526958465576	1
909904	1786	4.432636	3.598543405532837	1
908121	1840	2.338189	3.391738176345825	1
909260	1029	4.069802	1.5593502521514893	1
753600	1018	5.278619	4.494028091430664	1
909715	1563	3.860644	2.2407145500183105	1
998189	2107	5.568147	3.024181365966797	1
687505	1549	1.60914	2.719331979751587	1
910698	2157	4.260381	4.278863906860352	1
909904	1939	2.911484	2.717728853225708	1
910702	2171	8.153571	3.8113718032836914	1
1298349	1049	2.51475	2.7947051525115967	1
1240168	1549	3.797114	2.9451658725738525	1
906798	2158	3.747345	4.116551876068115	1
907270	2111	1.602318	3.0848748683929443	1
905948	1239	4.472436	4.072757720947266	1
910941	1917	0.477119	3.6298954486846924	1
1303900	1553	4.817567	2.606649398803711	1
1240157	1564	2.082351	3.633195161819458	1
909698	1062	3.079075	3.075634479522705	1
1298475	1494	-3.099937	2.880718469619751	1
722058	1180	-4.006055	2.3681018352508545	1
905951	2360	5.972724	2.606649398803711	1
908121	1930	1.543071	4.261170387268066	1
949172	1862	-1.443176	1.1090229749679565	1
909740	1175	3.74867	4.375945568084717	1
1298365	1845	-0.337311	3.146327257156372	1
1298157	1836	4.406909	3.391738176345825	1
908443	1738	2.506238	2.8670945167541504	1
930297	1175	5.093907	3.853193759918213	1
1299070	1783	4.413864	3.9779458045959473	1
753574	1463	4.881349	3.203336477279663	1
1298476	1924	4.789742	3.476640224456787	1
907173	1180	-2.051937	2.985010862350464	1
906830	1927	5.491417	3.962669849395752	1
909698	1806	4.594862	2.452812910079956	1
906814	1020	5.366886	2.119577169418335	1
1240167	1730	0.728257	3.5081446170806885	1
905951	1080	-4.238729	-0.770275354385376	1
724873	2048	-3.735816	-0.5907738208770752	1
722046	2010	3.265783	3.3262979984283447	1
1240129	1190	6.921125	2.5809919834136963	1
907170	1085	1.731095	3.2614870071411133	1
907295	1563	6.054811	4.0626373291015625	1
905958	1808	-0.176251	1.1531238555908203	1
946370	1927	6.19774	3.54239821434021	1
1330983	1372	-2.639715	2.053176164627075	1
909736	2003	5.820079	3.210956335067749	1
909761	1175	4.689495	4.375945568084717	1
906868	1561	0.856349	2.8166744709014893	1
909757	1941	-0.661808	2.2386510372161865	1
907281	1084	-3.355432	1.5469834804534912	1
1298151	1200	3.383289	4.569618225097656	1
906833	1372	1.857496	3.1608846187591553	1
1331036	1131	0.696532	2.7760512828826904	1
749713	1096	2.770638	-0.770275354385376	1
908151	1069	1.805246	3.4110267162323	1
905968	1069	4.881395	3.386242628097534	1
910924	2107	4.924971	2.6376185417175293	1
1298529	1996	3.985048	1.9483249187469482	1
753618	1778	3.24643	2.8020081520080566	1
906821	1928	6.426412	4.276244163513184	1
907788	1915	2.280555	4.050542831420898	1
909774	1018	5.885038	4.193752765655518	1
946367	1018	4.925545	4.25140905380249	1
1503363	1237	4.774667	4.311790466308594	1
906844	2145	-1.208213	3.391738176345825	1
713880	1069	3.532738	3.260078191757202	1
908472	1003	1.402198	2.898948907852173	1
906797	1843	-2.733788	2.384190320968628	1
1479995	1598	5.652145	4.2475361824035645	1
909706	1910	3.122423	2.229846239089966	1
910935	1060	-0.71962	2.0682265758514404	1
1295741	2055	-0.359073	2.078221321105957	1
1240174	2046	2.524707	1.236311912536621	1
1503368	1494	-1.174711	2.764331817626953	1
688015	1912	0.851357	3.0164706707000732	1
906830	1553	3.102451	2.9649012088775635	1
905970	1049	5.242832	3.309739112854004	1
905991	1583	2.805924	4.269657135009766	1
906805	1586	5.442703	3.190175771713257	1
910937	1029	4.643471	2.7947051525115967	1
1298169	1924	5.33227	2.88804030418396	1
907170	1813	5.010388	0.8256188631057739	1
687506	1012	2.089307	2.9738357067108154	1
753561	1043	5.546047	4.460790634155273	1
687983	1053	3.505864	3.0164706707000732	1
753540	1375	6.756864	2.7001750469207764	1
946359	2169	5.067066	2.606649398803711	1
1240189	1615	4.70276	3.0164706707000732	1
949178	1736	4.058306	2.278606414794922	1
907042	1720	5.142428	2.093430519104004	1
909248	1512	5.715363	2.1624042987823486	1
906869	1179	1.285552	1.3955281972885132	1
905969	1086	0.003198	2.602600574493408	1
753572	1916	3.000268	4.1084089279174805	1
911905	1017	6.41556	4.127917289733887	1
910935	1594	0.267108	1.2914645671844482	1
906820	1817	-5.20718	2.777845859527588	1
910548	2109	4.796997	4.2475361824035645	1
905991	1712	-3.660778	3.9779458045959473	1
1240169	1819	0.257606	-1.5109237432479858	1
1298353	1933	4.893708	1.8093125820159912	1
1503367	1738	2.868698	3.3804256916046143	1
1240160	1922	2.949267	3.228837490081787	1
910781	1449	5.336979	3.4545724391937256	1
908481	1018	6.202531	3.907119035720825	1
1674021	1838	3.847017	3.3075296878814697	1
1240179	1810	2.619143	2.5826385021209717	1
906808	2177	2.755065	4.0626373291015625	1
906814	1828	2.619394	3.5309815406799316	1
1322224	1200	1.496375	4.385173797607422	1
910549	1809	-0.025459	2.764331817626953	1
908123	2110	3.417527	4.114158630371094	1
687588	1940	3.772967	4.182286739349365	1
905945	1378	4.977235	3.4167089462280273	1
1330950	1010	3.200272	2.1172549724578857	1
906833	1996	3.762535	1.6796050071716309	1
907295	1593	3.105813	2.994981527328491	1
909698	1817	-5.90223	3.1152727603912354	1
907279	1494	-0.688444	2.491837978363037	1
1331036	1048	2.880865	2.327129364013672	1
910546	1073	1.354905	4.151169300079346	1
908148	1033	4.080484	2.1362929344177246	1
1240157	1085	3.077035	3.561234712600708	1
905952	2011	3.024476	2.3334410190582275	1
753605	1578	4.603297	2.510333299636841	1
906813	1180	-3.036281	1.898406744003296	1
909256	2158	3.246009	4.114158630371094	1
1240158	1808	-2.152161	2.8983333110809326	1
949174	2157	3.57731	4.010645866394043	1
713880	1086	-1.959502	1.8027743101119995	1
908475	1050	1.396126	-0.5907738208770752	1
1299078	2145	-0.415382	3.5309815406799316	1
905950	1808	-1.01569	2.9433822631835938	1
687798	1006	-0.961226	4.197920322418213	1
905984	2157	3.732755	3.8649704456329346	1
1298136	2159	5.545872	4.483246803283691	1
909729	1862	-1.608269	1.6982529163360596	1
910691	1933	4.925812	1.2041536569595337	1
722045	1042	3.452721	5.436351299285889	1
1503362	1812	2.665148	2.764331817626953	1
908123	2000	3.633535	3.391738176345825	1
1298531	1931	4.958976	4.2738776206970215	1
688086	1010	2.443797	2.450937509536743	1
909250	2154	3.872298	4.278863906860352	1
1298537	1179	1.463537	2.3681018352508545	1
1331050	2171	0.596272	1.6853781938552856	1
753563	1862	-2.062836	-0.08176681399345398	1
1290908	2112	1.593238	3.3262979984283447	1
949177	1177	2.280741	3.6298954486846924	1
906830	1627	4.060748	4.097043037414551	1
1330995	1635	5.748549	2.249983549118042	1
908476	1563	5.886272	4.489103317260742	1
905940	1804	5.868168	2.086310625076294	1
907319	1814	4.996318	2.764331817626953	1
1290798	1054	3.909474	1.7996200323104858	1
905951	1563	6.755723	4.114158630371094	1
1240222	1927	5.435736	3.449676752090454	1
1240167	2011	2.996473	4.0860595703125	1
1480362	2172	2.93993	3.9384047985076904	1
909774	1780	6.564847	3.5373318195343018	1
688011	1913	4.87949	4.456082820892334	1
910904	1428	5.952482	3.463073968887329	1
724828	1018	5.706673	3.6298954486846924	1
909706	1061	3.028505	1.8170855045318604	1
909726	1062	-0.797204	1.8170855045318604	1
687777	1190	0.144707	2.898948907852173	1
905984	1776	3.948992	3.209439516067505	1
906868	1583	3.150672	3.8649704456329346	1
906793	2175	2.904603	4.429446220397949	1
906696	1783	5.36514	4.185171127319336	1
749716	1930	1.166453	4.261170387268066	1
735784	1626	2.846	4.049046993255615	1
753562	1927	4.470453	2.91011118888855	1
949090	1062	2.206033	3.5542306900024414	1
687985	1830	2.077532	3.061638832092285	1
1240159	1820	2.386036	3.210956335067749	1
905975	1511	-1.795246	2.4167158603668213	1
905942	1932	3.116634	3.5114810466766357	1
907278	1073	5.28497	2.1362929344177246	1
1659823	1621	5.090609	3.1152727603912354	1
1290798	1621	5.863379	3.232701539993286	1
753589	2055	2.669808	3.061638832092285	1
910935	1836	1.368461	1.8144975900650024	1
906837	1598	3.856172	3.862267255783081	1
910947	1635	3.887825	2.1362929344177246	1
1331036	1997	2.499442	0.554352879524231	1
1298531	1814	6.201657	2.459012508392334	1
1240170	2172	4.014553	3.941389322280884	1
907055	1915	2.623033	2.887960910797119	1
1480358	1096	4.442535	-2.259091377258301	1
1240154	1613	2.51891	4.5116119384765625	1
1240201	1259	4.214272	4.731642723083496	1
924244	1713	1.954504	3.3138010501861572	1
1240143	1583	3.489564	4.0433878898620605	1
905942	2048	-3.940107	-0.5907738208770752	1
1240198	1179	-0.002245	2.602600574493408	1
687995	1512	4.146397	2.510333299636841	1
910920	1199	4.040397	4.491239547729492	1
905956	1563	6.152886	4.097043037414551	1
722045	1375	6.229707	2.898948907852173	1
1298222	2045	4.990726	3.108009099960327	1
1298219	2177	2.00624	3.8870203495025635	1
753564	1862	-2.063201	1.544562816619873	1
753612	1017	4.897411	2.6380081176757812	1
910947	1559	-4.678872	0.025288015604019165	1
1240218	1910	2.308056	2.717728853225708	1
909702	1239	0.023641	2.3334410190582275	1
1290725	1549	4.302313	2.3998324871063232	1
910933	1930	0.491807	4.25140905380249	1
687995	1832	2.872251	3.061638832092285	1
930083	2158	6.703102	4.423810005187988	1
687812	1030	4.69549	4.494028091430664	1
1480364	1803	5.903216	3.146327257156372	1
909721	1401	3.814259	2.3681018352508545	1
946355	1131	4.871125	4.922183990478516	1
1240201	1919	1.169957	3.4111015796661377	1
909784	2156	3.882392	3.791653871536255	1
907057	1930	-0.250717	4.345458030700684	1
1240186	1067	6.15142	1.8027743101119995	1
1240185	1052	2.546011	2.3681018352508545	1
687588	1250	2.560819	3.54239821434021	1
753569	1062	3.132385	3.0016438961029053	1
946363	1564	4.060838	2.278606414794922	1
908462	1941	-5.634853	2.691133499145508	1
908128	1007	-3.231496	-0.6178656816482544	1
907317	2055	0.855274	3.2957751750946045	1
687807	1067	5.417853	2.3681018352508545	1
924240	1048	4.803628	4.261170387268066	1
1479987	2154	1.500514	4.269657135009766	1
906862	1029	4.916653	3.5874478816986084	1
910926	1808	-2.266368	2.384190320968628	1
1240130	1014	-2.945452	1.8170855045318604	1
930083	1585	7.109741	3.3542063236236572	1
724828	1494	-2.664105	0.8256188631057739	1
1330995	1927	5.082609	1.2972939014434814	1
687819	1191	-2.663426	2.1393043994903564	1
909750	1050	5.927102	-2.27480411529541	1
1330985	1507	-1.689207	1.8096277713775635	1
909727	1593	1.161967	3.3235347270965576	1
905938	1012	0.206913	2.2304582595825195	1
905963	1058	1.578406	2.88804030418396	1
1327773	1012	0.608081	2.206462860107422	1
1290797	1018	5.497118	4.731642723083496	1
905990	1564	3.178904	3.5542306900024414	1
905971	1716	4.184138	3.784003496170044	1
905978	1803	4.233122	3.270505905151367	1
924241	1933	3.37594	1.544562816619873	1
1298358	2039	4.80565	3.08701491355896	1
907783	1782	3.879496	2.8987181186676025	1
910568	1512	5.271291	2.9167306423187256	1
687592	1049	3.757831	3.2275102138519287	1
1295740	1939	2.749715	1.000731348991394	1
753614	1378	4.031804	2.764331817626953	1
909726	1008	2.743523	2.4167158603668213	1
905969	1047	7.095083	4.6784257888793945	1
910688	2360	4.646864	1.8011691570281982	1
687568	1847	5.688346	3.2703282833099365	1
905958	1626	2.513211	2.4898974895477295	1
1298222	1828	2.807671	3.2957751750946045	1
906793	2045	5.810246	2.9649012088775635	1
753565	1736	5.868506	3.274045944213867	1
910900	1933	5.532563	2.1393043994903564	1
905947	1085	2.832852	3.445112466812134	1
1240183	1032	1.362469	2.5341508388519287	1
753535	1037	3.472975	2.91011118888855	1
905960	1806	5.927882	3.4167089462280273	1
1295741	1067	4.502986	-0.02273675799369812	1
906871	1014	3.501958	3.303385019302368	1
1524417	1010	2.199105	2.7854204177856445	1
1330985	1061	3.384468	2.053176164627075	1
906790	1622	3.201424	4.048811912536621	1
946355	1168	-0.294853	2.85239315032959	1
906828	1089	4.802805	2.9167306423187256	1
909748	2111	4.359665	4.375945568084717	1
907321	1825	-1.913206	3.2957751750946045	1
1331038	1730	2.552811	2.3344249725341797	1
687505	1806	4.549639	2.5826385021209717	1
907787	1926	1.458715	1.8912954330444336	1
909745	2096	3.776811	3.620846748352051	1
1240197	1378	4.526113	2.5809919834136963	1
724869	1249	5.694044	4.151169300079346	1
946366	1941	-5.705906	2.1500957012176514	1
753556	1463	2.744289	2.7563867568969727	1
909251	2159	0.985895	2.455883264541626	1
906851	1733	0.637973	3.4757297039031982	1
909697	1033	4.828658	3.457230567932129	1
906837	1812	0.788322	2.459012508392334	1
1290725	1019	3.420781	2.91011118888855	1
1330985	1866	1.798248	2.35380482673645	1
753623	1812	3.759869	2.764331817626953	1
753623	1086	-2.954218	2.471609354019165	1
907313	2038	4.595553	4.15645694732666	1
910927	1730	2.143519	3.4110267162323	1
1331033	1580	4.056794	1.9938347339630127	1
905963	1911	-3.511491	4.072757720947266	1
1290905	2169	6.94522	2.606649398803711	1
905955	1924	4.995736	2.9649012088775635	1
905949	1199	3.522991	4.780928134918213	1
908462	1549	3.8224	3.1156790256500244	1
1290769	2096	-0.572185	3.075634479522705	1
906792	1048	4.289856	4.429682731628418	1
924107	1834	1.855729	3.0031490325927734	1
905936	2046	2.795675	1.850703239440918	1
687799	1036	3.199694	3.3138010501861572	1
946377	1194	2.805155	3.2275102138519287	1
905958	2157	4.277877	2.455883264541626	1
687459	1847	3.922289	3.0763661861419678	1
905981	1029	5.506409	3.2606375217437744	1
907795	1631	2.476641	3.784003496170044	1
908451	1820	1.336466	1.7774763107299805	1
1290922	1559	-3.150252	1.6567401885986328	1
753588	1576	2.735606	4.091634750366211	1
1298362	2111	5.151227	3.704624891281128	1
1298348	1827	1.36419	3.3262979984283447	1
906821	2148	3.098845	3.711812734603882	1
687821	1815	7.980539	4.197920322418213	1
907311	2360	4.110201	2.2720437049865723	1
753618	2438	7.757406	3.8067233562469482	1
906797	1734	1.76614	3.8108632564544678	1
1240220	1928	5.886465	4.044581890106201	1
1480372	1908	2.516489	3.5542306900024414	1
1327766	2112	2.217443	2.078221321105957	1
1298348	1068	1.058418	2.349807024002075	1
925338	1096	4.17702	-0.770275354385376	1
910545	1191	-5.48035	0.025288015604019165	1
910688	1618	2.639969	3.630680561065674	1
909743	1073	3.613812	2.3334410190582275	1
910781	1922	0.855006	3.014890432357788	1
924187	1922	3.111318	3.014890432357788	1
907790	1268	5.495632	4.364928722381592	1
905961	1783	5.898365	3.88916277885437	1
905963	1023	4.480488	3.2606375217437744	1
908442	1922	2.695683	3.1006646156311035	1
910947	1782	3.071	2.1362929344177246	1
753575	1625	6.615302	4.049046993255615	1
905971	1613	1.822031	4.375945568084717	1
1240169	1840	2.282669	3.2703282833099365	1
907794	1558	4.73074	2.9010703563690186	1
688011	1815	4.90322	3.7564265727996826	1
1240145	1834	2.440947	3.3262979984283447	1
909781	2172	4.601506	4.044581890106201	1
925347	1529	4.284373	4.151169300079346	1
687794	1926	-0.450257	3.244915008544922	1
907285	1918	3.05502	3.476640224456787	1
1327765	2109	1.948972	3.1918833255767822	1
1240200	1614	5.191459	3.449676752090454	1
1503361	1936	3.238981	3.203336477279663	1
909729	1732	3.322756	3.89642596244812	1
687592	1073	4.352037	3.89642596244812	1
906765	1079	-1.267272	2.351304292678833	1
909737	2110	6.26293	4.152334213256836	1
910900	2039	3.421233	3.190175771713257	1
907172	1922	1.663405	3.326469659805298	1
906837	1873	0.398265	2.7049248218536377	1
909738	1068	0.833128	2.278510332107544	1
687997	1832	4.210492	3.061638832092285	1
753582	1049	4.370522	2.7947051525115967	1
906851	1129	4.452111	2.606649398803711	1
753594	1809	-0.286772	2.510333299636841	1
905972	1033	6.432288	4.197920322418213	1
905960	1133	3.981362	4.785487174987793	1
909761	1998	4.79622	3.88916277885437	1
906855	1627	2.281556	3.0386126041412354	1
687505	1843	-1.498497	2.5826385021209717	1
905948	1058	0.470924	2.88804030418396	1
1298365	2096	4.447848	3.5542306900024414	1
949088	1563	2.210597	2.2193710803985596	1
753623	1799	3.725302	3.5569636821746826	1
687800	2360	6.232	3.244915008544922	1
753610	1578	4.28271	2.510333299636841	1
910903	1738	0.545161	3.4274911880493164	1
905971	2047	-0.67527	3.075634479522705	1
909706	1054	4.827261	1.898406744003296	1
906833	2000	5.121118	3.0460283756256104	1
722045	1091	1.665182	3.5114810466766357	1
909904	1378	3.888656	2.880718469619751	1
910920	1844	3.265654	3.270505905151367	1
724878	1820	4.607199	3.3262979984283447	1
907795	1862	-1.429095	1.8559330701828003	1
905957	1624	1.562649	3.9701943397521973	1
1659929	1050	3.7158	-2.0590333938598633	1
906798	1840	0.647532	3.0763661861419678	1
907065	2043	4.183877	3.9730536937713623	1
905958	1511	-3.902258	1.1531238555908203	1
905950	1631	2.586003	3.445112466812134	1
910937	1084	-2.698304	3.0164706707000732	1
909248	1378	4.44126	2.1624042987823486	1
1240189	1825	-1.750918	3.061638832092285	1
910702	1836	6.313329	3.711812734603882	1
687777	1057	-1.103089	3.244915008544922	1
909709	1614	3.112541	2.91011118888855	1
910567	1021	1.456866	2.261701822280884	1
949173	1922	0.30723	2.261701822280884	1
908141	1940	2.984568	3.0504276752471924	1
905933	2438	10.75691	3.9779458045959473	1
905959	1918	3.404784	3.1394779682159424	1
687995	1025	4.5896	4.091634750366211	1
753538	1936	3.132918	2.5493719577789307	1
910903	1032	1.762045	3.095914125442505	1
949176	1096	0.925419	-2.840094804763794	1
909709	1378	5.296732	2.459012508392334	1
909729	1179	0.402217	1.8158760070800781	1
908476	1084	-5.05216	3.244915008544922	1
1330941	1012	1.809849	3.232701539993286	1
1290730	1826	2.366012	3.0763661861419678	1
910926	1939	0.899533	2.233156442642212	1
753584	1712	-1.226813	3.8108632564544678	1
907280	1006	2.411786	2.1362929344177246	1
1330972	1494	-8.044732	2.510333299636841	1
1298216	1180	-0.97713	2.722804546356201	1
1298350	1718	5.102321	3.5841104984283447	1
906870	1817	-4.891405	2.2304582595825195	1
1298136	1838	5.793432	3.711812734603882	1
1298156	1085	2.448979	2.91011118888855	1
713878	1799	5.92228	3.2083253860473633	1
1299070	1237	5.043587	4.269657135009766	1
905977	1718	5.111853	3.962669849395752	1
907045	1919	-0.103191	2.926764726638794	1
910952	2000	4.842242	3.270505905151367	1
753605	1089	3.37699	2.510333299636841	1
907270	1836	2.955759	2.3187568187713623	1
908465	1828	5.17083	3.3262979984283447	1
687505	1062	2.720595	3.222566604614258	1
906818	1622	5.643942	4.429446220397949	1
908476	1058	0.051881	3.244915008544922	1
905952	1581	1.116116	2.4898974895477295	1
924187	1080	0.235667	-2.488799810409546	1
1299059	1799	2.380743	2.91011118888855	1
1503364	1083	3.494578	3.2222845554351807	1
687505	1563	5.491584	3.665159225463867	1
905962	1598	4.024059	4.364928722381592	1
753579	1855	4.11328	1.8170855045318604	1
905975	1449	3.11429	3.962669849395752	1
905949	1062	1.396444	3.3138010501861572	1
946370	1510	4.835513	3.6828067302703857	1
1297438	1032	0.908095	2.8332650661468506	1
1330984	1008	1.676879	0.8263915777206421	1
687586	1058	0.54661	2.834385633468628	1
909771	1625	2.064409	2.065439462661743	1
1290922	1096	4.176977	-0.770275354385376	1
1240121	2154	1.602605	3.8249547481536865	1
1298218	1175	5.760569	4.731642723083496	1
909253	1025	5.063109	3.0504276752471924	1
909743	1561	0.808727	1.8912954330444336	1
909724	1067	5.450724	1.898406744003296	1
1331048	1815	5.778779	2.249983549118042	1
1331055	1048	5.15654	3.907119035720825	1
946360	1844	6.687228	3.146327257156372	1
687985	1738	0.277275	2.979438066482544	1
910916	1068	0.269716	1.9483249187469482	1
724839	2439	11.052212	3.4071147441864014	1
909773	1849	0.056605	0.554352879524231	1
906797	1627	3.015072	4.116551876068115	1
753566	1557	4.765457	2.233156442642212	1
687455	1806	4.479318	2.384190320968628	1
1327775	1580	3.005363	2.593491554260254	1
687562	1052	2.499908	1.8158760070800781	1
910698	1029	5.465166	3.2606375217437744	1
753565	1712	-3.95314	3.7564265727996826	1
909725	1832	4.76633	3.5309815406799316	1
687787	1931	5.495719	4.570233345031738	1
910933	1581	0.586358	3.941389322280884	1
1503366	1011	2.308739	2.3148574829101562	1
909721	1093	5.840417	3.5114810466766357	1
753584	1131	3.047108	4.547146320343018	1
949170	1563	5.656561	4.010645866394043	1
753610	1557	4.791969	2.0655529499053955	1
906795	1912	2.815594	3.4551384449005127	1
724839	1802	5.316182	3.4071147441864014	1
1298538	1033	5.663467	3.731205701828003	1
1330931	1046	1.498643	0.2563810646533966	1
1299059	2010	4.058696	2.7723944187164307	1
724859	1093	4.890383	3.5114810466766357	1
905975	1080	-3.823725	-0.6178656816482544	1
1298347	1022	2.215974	2.3681018352508545	1
908148	2096	1.285343	2.053176164627075	1
1330993	1997	4.538644	3.096076011657715	1
753623	1259	3.562943	4.327119827270508	1
906870	1624	0.696412	2.065439462661743	1
907791	1582	4.01788	2.3326122760772705	1
1659817	1855	4.02487	2.3878819942474365	1
909748	2498	7.916304	4.834427833557129	1
905937	1708	-1.924395	1.850703239440918	1
1503362	1829	1.751933	3.2957751750946045	1
909256	1936	2.635616	3.5874478816986084	1
753596	1511	-1.325273	2.4167158603668213	1
1240162	1072	5.037191	3.463073968887329	1
1330948	1625	2.321349	2.065439462661743	1
909698	1815	5.175697	3.88916277885437	1
1659817	1192	2.535381	2.531306028366089	1
1299080	1622	5.022758	4.429446220397949	1
1240198	1058	0.314418	3.1394779682159424	1
909719	1034	-2.047074	3.228837490081787	1
1298529	1042	6.21274	4.460790634155273	1
1298167	2174	1.255683	4.185171127319336	1
905954	1200	3.44687	4.632822036743164	1
910933	1613	2.324995	4.25140905380249	1
910548	1199	4.090279	4.42314338684082	1
753533	1919	1.784049	2.7854204177856445	1
1240162	1401	3.111512	1.6241304874420166	1
1240142	1089	3.645751	2.3720736503601074	1
908452	1133	3.444169	4.282474517822266	1
910694	1808	3.164826	2.867856979370117	1
1240189	1626	0.175751	3.7761240005493164	1
1299081	1014	0.803304	1.8170855045318604	1
907275	1558	2.34101	1.9108014106750488	1
688018	1061	5.598591	3.274045944213867	1
905958	1925	4.167028	3.382023811340332	1
906790	1916	1.84312	3.4743003845214844	1
909712	1620	5.360116	3.941389322280884	1
906851	1843	1.269596	3.4167089462280273	1
906844	1079	1.195162	3.4757297039031982	1
906828	1048	4.475455	4.5116119384765625	1
925348	1089	6.35965	2.880718469619751	1
1240218	1733	3.541525	4.1084089279174805	1
1480362	2043	5.247342	4.127917289733887	1
687820	1372	0.231131	3.3138010501861572	1
907045	1629	2.990517	1.6567401885986328	1
909749	1168	3.553318	2.8457491397857666	1
908458	1038	2.490458	4.375945568084717	1
907282	1931	5.29066	4.282474517822266	1
910933	1529	0.028249	3.89642596244812	1
1299052	1713	-2.444427	3.0535738468170166	1
749710	1013	4.039349	3.7032694816589355	1
753558	1849	0.407995	2.02616286277771	1
1298219	1068	0.862732	2.2016360759735107	1
906693	1564	1.811526	3.4938437938690186	1
906817	1910	5.640244	2.3148574829101562	1
909784	1582	5.110971	3.3235347270965576	1
910850	1053	3.591462	2.9363744258880615	1
1299052	2011	5.619997	3.463073968887329	1
724866	1712	-1.986066	4.197920322418213	1
1299059	1024	0.612758	2.91011118888855	1
909907	1249	5.71176	3.82196044921875	1
753547	1013	2.985262	3.506770133972168	1
1303900	2170	2.89328	2.606649398803711	1
1331038	1714	4.228625	2.0682265758514404	1
906864	1133	4.42366	5.194981575012207	1
1331050	1007	-6.588209	-4.114836692810059	1
907048	1069	2.548612	3.4110267162323	1
907276	1133	5.284174	4.848724365234375	1
908147	1038	1.914944	2.6339895725250244	1
905974	1998	3.448363	3.791653871536255	1
906851	2011	6.032966	3.82196044921875	1
909770	2112	3.474834	3.2007498741149902	1
1247873	1924	3.377869	3.244915008544922	1
1660034	1580	5.782407	4.015178203582764	1
907318	1840	2.685188	3.2957751750946045	1
906817	1738	2.229143	3.3804256916046143	1
909697	1816	4.776947	4.385173797607422	1
1322213	1085	1.94527	3.5373318195343018	1
906812	1713	3.548438	4.108671188354492	1
905977	1441	3.150399	2.9649012088775635	1
1240209	1714	2.427931	3.468616485595703	1
1298347	1810	3.758719	2.898948907852173	1
1660036	1008	3.054029	2.452812910079956	1
1240196	1939	4.427669	1.9483249187469482	1
687505	1494	-5.049605	2.5826385021209717	1
1240162	2044	3.538782	2.459012508392334	1
910919	1928	1.533517	1.9938347339630127	1
1299059	1372	-0.527499	3.0535738468170166	1
905938	2172	-1.771929	2.065439462661743	1
1299062	1025	7.390174	4.091634750366211	1
713869	1057	-0.466766	3.244915008544922	1
910918	1026	-1.813381	-0.2511926591396332	1
688011	1250	2.547765	3.2083253860473633	1
688031	1820	-0.33747	3.061638832092285	1
910687	1168	2.369426	2.0733187198638916	1
907314	1927	5.701224	3.2614870071411133	1
1290730	1738	2.421624	2.8987433910369873	1
905968	1008	-0.370471	2.5809919834136963	1
688031	2177	1.70579	4.0626373291015625	1
909257	1373	2.96512	3.5542306900024414	1
753583	1086	-0.448834	1.6241304874420166	1
1503369	2175	3.933552	4.455686569213867	1
905941	1998	5.100012	3.731205701828003	1
1480358	1927	6.042054	3.449676752090454	1
971777	1510	3.280877	3.4274911880493164	1
908146	1778	2.677844	1.8912954330444336	1
907792	1237	7.325734	4.207327842712402	1
910921	1814	6.555465	2.4167158603668213	1
907788	1854	3.48652	4.089575290679932	1
753564	1873	0.264697	3.0164706707000732	1
753600	1855	5.302769	3.3138010501861572	1
909774	2047	2.870347	3.209498405456543	1
1298348	2170	6.686771	3.244915008544922	1
908455	1820	1.508215	3.2007498741149902	1
910921	1131	3.361811	4.921902656555176	1
1240162	1177	6.207249	3.704624891281128	1
753595	1593	4.274567	3.446122884750366	1
1298537	1811	-1.584271	4.197920322418213	1
906765	1626	1.075694	2.593491554260254	1
753615	1922	1.697147	1.5307642221450806	1
753578	1239	4.066893	4.072757720947266	1
908139	1815	5.684105	3.457230567932129	1
907066	1732	3.056857	3.8108632564544678	1
688015	1039	3.122759	3.2083253860473633	1
906871	1847	2.994804	3.1131458282470703	1
910926	1025	5.154174	4.0859503746032715	1
1240212	2172	3.217612	3.491774797439575	1
949093	1930	3.186946	4.261170387268066	1
924187	1239	4.401822	3.8426389694213867	1
753573	1011	4.742191	2.3148574829101562	1
946372	1614	5.247088	3.54239821434021	1
687798	1576	2.171565	4.455686569213867	1
907295	1844	6.922362	3.061638832092285	1
909755	2171	2.001587	3.336859703063965	1
905941	1806	8.511529	2.3720736503601074	1
1327773	2046	1.108746	-0.41881754994392395	1
1240154	2110	3.829815	4.423810005187988	1
1240222	2107	5.561256	3.1394779682159424	1
907170	2157	3.263608	4.010645866394043	1
687995	1919	1.579578	2.8332650661468506	1
1327768	1941	-5.671592	0.554352879524231	1
1240167	1021	2.242597	3.203336477279663	1
753622	2175	4.50534	4.3317975997924805	1
1240192	1080	-4.111508	-2.219407320022583	1
930299	1549	3.686261	3.2521283626556396	1
1240121	1598	4.096229	3.862267255783081	1
909773	1175	3.105607	2.327129364013672	1
907048	1529	-1.525762	3.82196044921875	1
910851	1809	-0.746233	2.7001750469207764	1
908463	2145	1.009185	3.3262979984283447	1
753616	1581	3.497069	3.7211546897888184	1
1330983	2112	1.669699	1.7774763107299805	1
687592	1058	2.351417	2.834385633468628	1
1240155	1808	0.794445	2.8409695625305176	1
906870	1814	3.066615	0.6891257762908936	1
906869	1033	4.934912	3.457230567932129	1
1480358	1177	4.049117	4.127917289733887	1
910554	1862	-0.696801	1.8559330701828003	1
946382	1776	4.276678	3.4110267162323	1
910692	1936	3.357168	2.7947051525115967	1
946366	1594	4.269334	2.834385633468628	1
1479988	2037	4.497765	4.269657135009766	1
1240193	1908	3.379816	3.274045944213867	1
906835	1916	3.803634	3.54239821434021	1
906862	1558	1.74233	2.926764726638794	1
909260	1917	1.099335	2.6339895725250244	1
907063	1873	0.945113	1.2914645671844482	1
1290922	1912	1.509403	2.606649398803711	1
1327771	1033	3.522626	2.8987181186676025	1
906798	2359	5.432087	3.8108632564544678	1
1330948	1529	-0.989311	2.1362929344177246	1
909256	1924	-0.65327	2.606649398803711	1
1298348	1372	0.313144	3.3138010501861572	1
909745	1549	3.41955	2.9451658725738525	1
749709	1819	-4.8531	-0.770275354385376	1
1240219	1635	5.816717	4.151169300079346	1
905944	1005	3.002025	2.898948907852173	1
1240226	2156	6.056837	3.791653871536255	1
1298167	1557	3.944546	2.6050541400909424	1
753615	1811	-1.387113	2.516434669494629	1
749714	1179	2.146664	1.7996200323104858	1
1331045	1630	4.043175	1.2972939014434814	1
724868	1463	3.160672	3.309739112854004	1
1659818	2111	3.047144	2.6380081176757812	1
687815	1718	3.376305	3.3952674865722656	1
906804	1926	-1.618452	2.8112263679504395	1
1240183	1463	5.6709	2.7563867568969727	1
946368	2047	0.2152	3.620846748352051	1
724878	1613	6.038572	4.494028091430664	1
907318	1023	1.862796	3.203336477279663	1
1298347	2106	3.345119	3.244915008544922	1
687802	1580	7.061218	4.235876083374023	1
1240185	1816	4.113634	4.780928134918213	1
687506	1401	2.781068	1.1794004440307617	1
908443	1813	5.250251	2.3720736503601074	1
749713	1940	4.247062	4.1810455322265625	1
1674021	1912	1.890632	3.024181365966797	1
909706	1615	5.736025	2.9649012088775635	1
753585	1777	5.766938	3.445112466812134	1
924250	2170	5.454981	2.6376185417175293	1
1298347	1011	-0.87796	2.349807024002075	1
908461	1930	1.79335	4.194016456604004	1
909709	1830	3.432321	2.7723944187164307	1
753545	1862	-1.987883	2.119577169418335	1
753610	1020	5.405831	1.544562816619873	1
907067	1557	4.443732	2.229846239089966	1
905967	1249	3.951083	4.197920322418213	1
1524416	2045	3.721748	2.88804030418396	1
924100	1020	6.19979	2.9918649196624756	1
906833	1083	3.180544	2.8133184909820557	1
907291	1016	1.573578	3.024181365966797	1
905933	1068	0.171492	2.258742332458496	1
1480372	1922	4.339219	2.964634418487549	1
910947	1817	-5.117888	2.2304582595825195	1
906875	1558	2.426055	2.450937509536743	1
905968	1020	5.108114	2.0402026176452637	1
1297449	2177	1.209195	2.2193710803985596	1
1503362	1512	5.619948	2.764331817626953	1
687563	1007	-5.907009	-1.5109237432479858	1
907172	1058	1.122306	2.9649012088775635	1
906793	1778	5.565389	2.9649012088775635	1
905955	1017	5.047234	4.429682731628418	1
1503364	1043	5.615719	5.358707427978516	1
905945	1786	2.604282	3.5874478816986084	1
909738	1006	5.192118	3.8414719104766846	1
1331036	1051	-2.558931	-4.114836692810059	1
687980	1629	4.409884	1.544562816619873	1
753584	1507	4.766719	3.379990816116333	1
909737	1259	3.760688	4.345458030700684	1
688014	1828	3.501621	3.061638832092285	1
907278	1627	2.619203	2.2407145500183105	1
909702	2110	2.747399	2.455883264541626	1
909751	1927	4.887472	3.784003496170044	1
907046	1713	2.845857	4.108671188354492	1
1524418	1133	4.327182	4.850804805755615	1
1330931	1845	-1.401523	2.086310625076294	1
905964	1854	3.943198	3.311767101287842	1
906798	2113	2.288481	3.0763661861419678	1
687800	1507	5.772285	3.5841104984283447	1
1298526	1585	4.823524	3.446122884750366	1
906863	1835	3.542754	2.7723944187164307	1
724859	1849	-1.575347	2.349807024002075	1
753569	1058	1.862354	2.856635332107544	1
906812	1832	4.199289	3.391738176345825	1
907274	1586	4.462675	2.206462860107422	1
1290769	1529	2.379564	3.88916277885437	1
905980	1007	-1.964608	-0.21754160523414612	1
724873	2046	5.53835	2.3681018352508545	1
998189	1827	1.391586	3.3075296878814697	1
910704	2172	4.07431	3.9701943397521973	1
724839	1931	7.339287	4.376144886016846	1
724828	1915	2.912621	2.450937509536743	1
908475	1804	6.069146	3.3262979984283447	1
910692	1782	3.784242	3.7564265727996826	1
1240212	1093	4.760702	3.4494783878326416	1
1297439	1054	4.344734	1.8027743101119995	1
906855	2177	1.756926	3.0386126041412354	1
907272	1008	-1.70466	1.1531238555908203	1
688023	2046	4.441732	1.8027743101119995	1
908452	1034	-2.588664	2.77801251411438	1
906801	1560	1.093537	2.606649398803711	1
905956	1067	4.852042	1.898406744003296	1
905971	2111	2.742071	4.375945568084717	1
687562	2045	5.11885	2.834385633468628	1
909702	1068	-2.249259	1.000731348991394	1
713878	1736	5.150955	3.274045944213867	1
909974	1014	0.981991	3.4709577560424805	1
688023	1849	-1.63211	2.0655529499053955	1
905947	1032	1.386365	2.7854204177856445	1
749711	1777	3.128803	3.4757297039031982	1
908145	2039	4.391394	2.98781418800354	1
1330947	1820	-0.928886	1.7774763107299805	1
1303911	1598	4.53352	4.1810455322265625	1
930083	1915	4.758998	3.2521283626556396	1
1331034	1618	2.748406	3.671739339828491	1
1299070	1713	2.818967	3.5542306900024414	1
1240183	1191	-6.090917	2.1592345237731934	1
907788	1585	4.964459	3.9448394775390625	1
905969	1924	4.058037	3.1394779682159424	1
949176	1019	3.459004	3.2614870071411133	1
1480359	1026	-0.088692	2.0402026176452637	1
905984	1614	3.932543	3.278642416000366	1
905969	1714	1.614582	3.5542306900024414	1
1240173	1777	5.443968	3.784003496170044	1
1660035	1594	5.223429	3.024181365966797	1
753610	1093	3.801258	2.979438066482544	1
906842	1576	1.171368	3.1918833255767822	1
1503361	2040	-0.00617	3.203336477279663	1
713878	1620	5.885578	3.7761240005493164	1
907280	1804	5.022944	1.7774763107299805	1
1503370	1786	1.890803	3.309739112854004	1
753555	2156	1.861667	4.0860595703125	1
907269	2170	1.255388	2.354917287826538	1
907062	1834	2.784496	2.7723944187164307	1
687800	1014	5.687966	3.3138010501861572	1
910710	2498	6.983585	4.151238441467285	1
910781	2177	1.165335	4.139320373535156	1
1240169	1622	5.135452	4.182286739349365	1
906824	1808	-0.989809	2.5826385021209717	1
713869	1010	3.95763	2.9038896560668945	1
687997	2177	3.146102	4.0626373291015625	1
1330985	1996	3.105919	0.8213021755218506	1
1298352	1502	6.719856	4.341650009155273	1
910549	1008	-1.069373	2.764331817626953	1
906818	1559	-1.447479	2.119577169418335	1
1240158	1042	4.814316	5.484884262084961	1
905938	1179	0.537233	-0.12031301856040955	1
753621	1582	5.266458	3.176257371902466	1
1240142	1401	1.436628	2.3063113689422607	1
1240197	1634	4.266588	4.543399810791016	1
910702	1862	3.00976	2.6363279819488525	1
1240187	2046	2.848491	2.3681018352508545	1
1240161	1578	5.393243	2.459012508392334	1
753623	1036	4.445863	3.4930832386016846	1
753594	1835	2.142551	3.061638832092285	1
1480372	2113	3.667412	3.146327257156372	1
753575	2111	6.294619	4.327119827270508	1
908121	1831	3.236302	3.391738176345825	1
907787	1375	3.936049	1.1531238555908203	1
1298533	1561	1.666636	3.476640224456787	1
1240160	1734	2.918883	3.8414719104766846	1
906851	2044	3.750143	3.4167089462280273	1
909745	1594	-0.284157	2.834385633468628	1
906798	1829	1.277851	3.0763661861419678	1
1331038	1840	-0.657931	1.8144975900650024	1
1299078	1052	3.077597	1.898406744003296	1
906820	1804	5.41927	2.6944186687469482	1
949171	2003	4.595561	2.6944186687469482	1
906790	2096	-1.495232	3.468616485595703	1
1303911	1042	4.696461	5.171174049377441	1
909728	1089	6.291744	2.3720736503601074	1
687802	1560	6.181413	3.244915008544922	1
753535	1091	1.990333	2.72224497795105	1
909745	1179	1.342051	1.8158760070800781	1
909724	2170	1.459038	2.9649012088775635	1
724828	2000	5.12036	2.6944186687469482	1
930299	1940	4.243719	4.437747478485107	1
905952	1053	1.258112	1.8912954330444336	1
687798	1915	1.011537	2.9038896560668945	1
1240161	1911	-6.691946	3.463073968887329	1
910701	1050	4.488409	-2.282987356185913	1
910853	1803	6.294885	3.5309815406799316	1
908440	2498	6.642636	4.806779861450195	1
1327773	1022	-2.437576	-0.41881754994392395	1
905934	1845	2.506161	4.065219879150391	1
724834	1712	-1.164063	4.197920322418213	1
1479988	1936	2.550432	2.964634418487549	1
1480359	1057	-2.150945	3.1394779682159424	1
735784	1026	0.236684	2.0808184146881104	1
906828	1908	2.214807	3.574214220046997	1
949175	1494	-5.345053	0.8256188631057739	1
687561	1578	5.821004	2.867856979370117	1
907042	1561	0.985163	2.8166744709014893	1
753576	1777	6.539826	3.5569636821746826	1
906746	1046	2.665931	1.8158760070800781	1
1298216	1916	4.42529	4.1084089279174805	1
687800	2159	5.995605	4.489103317260742	1
908451	1810	-0.952733	0.6891257762908936	1
946367	2046	4.70537	1.8158760070800781	1
688025	1062	4.93176	3.274045944213867	1
910692	1463	3.202523	2.7947051525115967	1
910921	1873	0.297292	2.9649012088775635	1
1298226	1598	5.004804	4.071971893310547	1
1297439	2156	3.499111	3.7564265727996826	1
905979	1048	6.802321	4.267365455627441	1
908470	1615	7.103432	3.4016573429107666	1
924102	1829	1.838518	3.5736706256866455	1
1298151	1933	4.196445	1.9114453792572021	1
946373	1925	6.090936	4.076696395874023	1
1298169	1580	5.862751	4.044581890106201	1
1298529	1061	5.808538	3.0535738468170166	1
946356	1192	3.380245	3.5081446170806885	1
909975	1019	2.898151	3.5373318195343018	1
910694	2109	2.656808	4.182286739349365	1
1298533	1738	1.547886	3.8113718032836914	1
906804	1928	3.33099	3.749401092529297	1
1503364	1933	3.026603	1.5716190338134766	1
909907	2169	5.825014	2.606649398803711	1
753578	1013	2.832614	3.7751810550689697	1
753561	1912	-1.573712	2.7049248218536377	1
753594	2003	4.783672	3.061638832092285	1
908470	2043	7.477018	4.2637505531311035	1
1674021	2362	4.818026	3.024181365966797	1
1298538	2107	5.917255	2.856635332107544	1
1240189	1529	0.201814	3.7564265727996826	1
1298222	1085	1.988147	3.5569636821746826	1
909738	1838	4.7525	3.210956335067749	1
907279	1093	6.137017	3.231907844543457	1
1240190	1441	0.45759	3.244915008544922	1
907319	1025	5.157632	4.3317975997924805	1
908463	1067	6.782254	2.3681018352508545	1
687787	2040	0.370349	2.7563867568969727	1
907786	1179	0.622241	2.3681018352508545	1
688021	1003	1.049561	2.510333299636841	1
753588	1003	-4.677125	2.510333299636841	1
1290905	2170	6.543382	2.606649398803711	1
910861	1194	4.708229	1.3091590404510498	1
1290455	1131	2.382409	2.6307976245880127	1
1240130	1583	2.394174	4.097043037414551	1
905967	2362	3.93143	3.244915008544922	1
688011	1007	-3.334525	-2.219407320022583	1
1331036	2096	2.014721	2.0682265758514404	1
1327773	1378	2.463164	0.8263915777206421	1
722066	1008	2.611716	2.898948907852173	1
687586	1919	2.869108	2.9451658725738525	1
1240226	1048	7.383948	4.429682731628418	1
909708	2110	3.767651	3.8249547481536865	1
907278	1022	-0.033386	-0.12031301856040955	1
1298215	1016	0.782336	2.7049248218536377	1
905989	1083	-0.721186	3.1006646156311035	1
906877	1200	2.91298	3.382023811340332	1
909263	1004	1.726829	-2.0590333938598633	1
910952	1080	-1.445438	-0.21754160523414612	1
908139	1441	6.219236	2.6376185417175293	1
724825	1048	3.994879	2.6380081176757812	1
910710	2047	1.174779	2.17067289352417	1
924102	1913	4.080137	5.0062360763549805	1
909737	1008	-1.575409	2.8983333110809326	1
1299059	1463	3.864775	2.5493719577789307	1
905972	1847	3.679384	3.3262979984283447	1
946377	1067	4.985304	1.8158760070800781	1
722046	2046	1.250135	2.3681018352508545	1
910710	1559	-4.193391	0.36712560057640076	1
1330972	1046	0.668271	1.8027743101119995	1
1480364	1179	1.351548	2.602600574493408	1
1298362	1072	5.334701	3.463073968887329	1
910546	1378	4.379137	2.880718469619751	1
908125	1022	1.583881	1.898406744003296	1
907318	1802	3.499339	4.0860595703125	1
949093	1021	6.005719	3.5874478816986084	1
910569	1832	3.703284	3.3075296878814697	1
909725	1706	1.097132	4.051750183105469	1
908458	1026	-1.116697	1.8559330701828003	1
1330942	1177	4.842832	2.3480026721954346	1
906875	1831	2.255295	2.6944186687469482	1
1299050	1373	5.182404	3.0535738468170166	1
753592	1034	-4.90233	3.309739112854004	1
688015	1030	3.864462	3.907119035720825	1
753573	2362	3.113634	3.108009099960327	1
1303901	1017	4.764309	3.907119035720825	1
1298349	2149	1.104513	4.0626373291015625	1
910934	1779	0.189619	1.2972939014434814	1
1240145	1007	-5.483417	-0.5907738208770752	1
910853	1014	2.973262	1.8170855045318604	1
907278	1736	4.027169	2.053176164627075	1
906869	2498	8.879469	4.979829788208008	1
1240178	1917	3.106285	4.5116119384765625	1
909743	1084	-4.653436	1.8912954330444336	1
1240167	2439	9.187647	4.0860595703125	1
713899	1585	4.646004	2.994981527328491	1
687457	2361	5.049425	3.1438143253326416	1
1659817	1629	3.62141	-0.08176681399345398	1
909257	2158	2.348176	4.269657135009766	1
1240157	2002	5.356187	3.210956335067749	1
749717	1919	2.957888	2.926764726638794	1
1298358	1634	4.358646	4.979829788208008	1
907789	1925	3.088774	3.382023811340332	1
908483	1024	-1.744398	3.2083253860473633	1
753616	1782	6.043802	3.8067233562469482	1
753563	1372	-5.171307	2.3878819942474365	1
906746	1372	0.315914	3.620846748352051	1
909746	1511	2.006671	2.452812910079956	1
908455	1067	5.956464	1.3955281972885132	1
906865	1086	0.074924	1.898406744003296	1
930299	1005	5.946869	2.9167306423187256	1
906812	1829	0.890233	3.391738176345825	1
1290722	1806	6.306861	2.9167306423187256	1
1299070	1239	0.984474	3.9779458045959473	1
907295	1782	5.000635	3.7564265727996826	1
909251	1073	3.755803	2.3334410190582275	1
1240162	1733	0.908251	2.91011118888855	1
724870	1061	4.555795	3.4938437938690186	1
753534	1557	5.44072	2.2016360759735107	1
1330983	1020	3.335792	0.025288015604019165	1
971777	1180	-4.045903	1.898406744003296	1
749714	1018	5.896444	4.261170387268066	1
753558	1629	4.661029	1.135878086090088	1
753618	2158	4.714928	4.010645866394043	1
909748	2145	-0.621994	3.3075296878814697	1
1299052	1594	4.23671	2.7049248218536377	1
753583	1012	3.070146	2.8004627227783203	1
1299070	2003	5.271149	3.146327257156372	1
1240198	1046	1.288551	2.602600574493408	1
1330964	1036	5.122189	3.274045944213867	1
905979	2158	4.443026	4.278863906860352	1
1322212	1096	0.783098	-2.219407320022583	1
910399	1239	1.215756	4.197920322418213	1
905936	1085	2.268594	3.784003496170044	1
905946	1510	3.163133	4.059707164764404	1
909252	1131	2.379838	2.962583303451538	1
1240212	1866	2.572784	3.161583185195923	1
949170	1576	3.091452	4.071475028991699	1
1303900	1073	5.228384	3.82196044921875	1
1503361	1843	-0.574289	2.764331817626953	1
1240158	1852	5.701745	3.8414719104766846	1
949171	1804	4.909052	2.6944186687469482	1
687802	1849	0.921209	2.349807024002075	1
907317	2362	1.788316	3.108009099960327	1
1298356	2107	3.275972	2.8112263679504395	1
906805	1006	3.583214	4.197920322418213	1
753618	2040	0.280845	2.261701822280884	1
949179	1179	0.617857	1.0022401809692383	1
1509073	1917	1.477582	4.267365455627441	1
1240143	1630	3.694488	3.3952674865722656	1
753622	1168	2.973823	2.85239315032959	1
1480362	1804	5.470935	3.146327257156372	1
753600	1512	5.247606	2.898948907852173	1
1240219	1931	7.126829	5.456473350524902	1
907042	1007	-6.735974	-2.27480411529541	1
907783	1816	2.274893	3.80426287651062	1
924244	1088	3.674014	2.898948907852173	1
906828	1598	3.193819	4.437747478485107	1
909737	1067	5.814269	1.8598878383636475	1
907171	1058	0.960142	2.9649012088775635	1
1297446	1036	4.420369	2.3238532543182373	1
905933	1827	-1.090943	3.146327257156372	1
749712	1043	5.70183	5.171174049377441	1
1240192	1853	3.610249	2.994981527328491	1
924238	2498	7.672016	5.0062360763549805	1
907787	2002	2.787519	1.9905502796173096	1
753608	1032	-3.530867	2.9038896560668945	1
910687	2038	1.048077	2.455883264541626	1
1503365	1809	3.357104	2.764331817626953	1
907791	1052	4.03263	-0.02273675799369812	1
907061	1054	2.56678	1.6241304874420166	1
1240181	1561	-0.279109	2.8020081520080566	1
905933	1593	3.731666	3.0185797214508057	1
946354	1088	1.445368	2.764331817626953	1
906863	1089	3.096785	2.459012508392334	1
907285	1428	6.950253	4.151169300079346	1
753624	2145	0.417557	3.711812734603882	1
1331037	1249	1.793363	2.249983549118042	1
906825	1912	4.144334	3.1394779682159424	1
909907	1561	1.825085	2.606649398803711	1
930299	1003	-1.016315	2.9167306423187256	1
722045	2171	2.326111	3.5114810466766357	1
909736	1557	4.204029	2.278510332107544	1
1509074	1051	2.31698	-0.21754160523414612	1
905976	1832	4.541523	3.5309815406799316	1
905958	1843	-0.374296	1.1531238555908203	1
1240154	1021	2.806278	3.487962484359741	1
907314	1854	3.727877	4.071475028991699	1
688025	1780	2.92537	3.2083253860473633	1
909712	1093	3.877175	3.6828067302703857	1
910903	1057	-3.441215	2.9649012088775635	1
906801	1713	0.269863	4.108671188354492	1
907067	1012	1.582094	3.3235347270965576	1
687459	1631	4.386539	3.379990816116333	1
907067	1375	6.73817	2.4167158603668213	1
905937	1131	2.567263	5.021703243255615	1
724825	2170	0.644969	1.5469834804534912	1
910780	1576	2.279029	4.071475028991699	1
1240183	1621	5.993242	2.872650384902954	1
909263	1915	2.403873	2.9010703563690186	1
1659819	1058	-0.576834	1.2914645671844482	1
909736	1814	6.761855	2.8983333110809326	1
1240219	1830	4.038995	3.711812734603882	1
687777	2010	5.205185	3.3262979984283447	1
907057	1048	3.950683	4.345458030700684	1
907172	2154	3.011576	4.097043037414551	1
908152	1709	-2.254983	2.985010862350464	1
1290769	1190	-2.044907	2.452812910079956	1
1240160	1925	6.426569	4.569618225097656	1
907278	1563	4.910627	2.2407145500183105	1
1290722	2038	4.460095	4.423810005187988	1
906693	2499	10.550246	4.986724853515625	1
946370	1866	3.666483	3.410106897354126	1
735784	1249	4.250687	4.0860595703125	1
909784	1939	2.133852	2.229846239089966	1
724872	1072	3.930752	3.7564265727996826	1
908129	1131	4.902531	4.9675493240356445	1
906693	2040	1.464296	3.598543405532837	1
907055	1816	2.798015	4.385173797607422	1
753555	1559	-3.729812	2.0808184146881104	1
909697	1428	4.550376	3.457230567932129	1
911905	2159	4.539849	4.269657135009766	1
687588	1026	-0.640698	1.6982529163360596	1
907051	1051	4.78572	-2.488799810409546	1
909712	1026	-0.092818	1.6982529163360596	1
1240158	1621	4.737506	3.0819039344787598	1
906832	1511	-2.151592	0.8263915777206421	1
1298365	1835	2.661228	3.146327257156372	1
907269	1936	1.439727	2.1188690662384033	1
905971	1007	-5.753595	-2.0590333938598633	1
1299050	1785	5.470176	3.463073968887329	1
910545	1940	2.399105	3.0504276752471924	1
1503361	1372	1.060265	3.4930832386016846	1
1240154	1849	-2.214436	2.6050541400909424	1
687983	1560	4.207266	3.0164706707000732	1
1240127	1016	1.218548	2.8401989936828613	1
907318	1036	4.057583	3.4930832386016846	1
907051	1494	-0.963534	2.6109468936920166	1
1480371	1428	5.669834	3.9779458045959473	1
1299062	1086	1.622784	1.8027743101119995	1
1295741	1996	1.623121	0.6014293432235718	1
908442	1131	3.855885	5.021703243255615	1
907269	1630	0.987779	2.58492374420166	1
906830	1008	2.863757	2.4167158603668213	1
749711	1718	3.876793	3.4757297039031982	1
724878	1553	4.296018	3.244915008544922	1
949090	2000	6.397294	3.146327257156372	1
1290806	1024	-0.157043	3.4743003845214844	1
1297438	2046	1.94665	1.8027743101119995	1
1480372	1180	-1.416297	2.602600574493408	1
907794	1563	6.568779	4.207327842712402	1
1247871	2111	2.146364	2.6339895725250244	1
1299080	1008	-1.267225	2.4167158603668213	1
753622	1029	5.317472	3.203336477279663	1
753616	1072	4.938194	3.8067233562469482	1
753566	1826	4.943575	3.0763661861419678	1
909257	1038	2.370269	4.127917289733887	1
908460	1060	3.329457	3.3138010501861572	1
687985	1586	4.717099	2.994981527328491	1
1298216	2038	4.932114	4.483246803283691	1
1503367	1036	3.700092	3.4930832386016846	1
1503366	1190	-0.899584	2.764331817626953	1
724834	1032	2.961433	2.9038896560668945	1
1240155	2110	5.657491	3.7771480083465576	1
907270	1776	3.741981	2.799119234085083	1
925346	1598	3.759853	4.64322566986084	1
908145	1939	1.911132	2.093430519104004	1
722045	1553	3.886671	3.244915008544922	1
753548	2359	4.18168	2.1362929344177246	1
909747	1020	6.761815	1.8559330701828003	1
1240196	1067	6.270279	1.6241304874420166	1
905954	1061	1.150995	1.8170855045318604	1
713899	2156	4.400958	3.7564265727996826	1
910937	1007	-6.391892	-2.219407320022583	1
1240209	2158	5.682878	3.7771480083465576	1
1659929	1786	4.276806	3.1006646156311035	1
1240197	1047	7.258982	4.6784257888793945	1
688015	1067	4.009727	1.8027743101119995	1
753588	1009	4.674726	3.7564265727996826	1
907275	1854	3.261568	3.0504276752471924	1
1240161	1634	4.438133	4.358554840087891	1
905991	1046	0.713024	2.602600574493408	1
949154	1025	5.506288	3.866919755935669	1
909750	1913	5.567116	3.99735426902771	1
924102	1057	0.617849	3.4551384449005127	1
906863	1268	5.048211	3.862267255783081	1
1330983	1622	3.398997	3.0504276752471924	1
687586	1614	3.783444	3.54239821434021	1
906812	1036	5.784304	4.108671188354492	1
909719	1512	5.06674	2.8983333110809326	1
905957	1268	5.112557	4.1810455322265625	1
1290724	1199	3.772948	4.019256591796875	1
753585	1017	3.970253	4.267365455627441	1
753563	1011	1.204236	0.6014293432235718	1
907055	1191	-5.497705	1.5716190338134766	1
1240209	1911	-4.32175	3.457230567932129	1
1298157	1624	4.800041	3.9701943397521973	1
906842	1089	1.404025	0.8263915777206421	1
908470	1168	3.513829	3.1156790256500244	1
909250	2498	8.504735	5.036245346069336	1
1330941	1812	4.388152	3.4167089462280273	1
1240201	1784	5.631961	3.711812734603882	1
910922	1133	2.906693	4.850804805755615	1
753575	1626	4.39625	4.049046993255615	1
946372	1931	4.745121	4.848971366882324	1
907065	1190	4.28929	2.384190320968628	1
910924	1817	-6.015245	3.08701491355896	1
909774	2360	4.595457	2.8112263679504395	1
909249	1046	0.791648	-0.02273675799369812	1
688011	1847	3.18001	3.061638832092285	1
1330973	1088	6.424994	2.510333299636841	1
949173	1873	0.868905	2.8020081520080566	1
1240154	1072	4.218172	4.185171127319336	1
687455	1560	4.42687	3.1438143253326416	1
907045	1852	4.759242	3.82196044921875	1
907312	2171	1.940763	2.8987433910369873	1
724873	1032	2.002324	2.9038896560668945	1
946358	1560	2.28983	1.8912954330444336	1
908470	2159	4.272895	4.2686944007873535	1
724839	1635	6.490249	3.4071147441864014	1
753618	1849	-3.573727	1.8282396793365479	1
907051	1845	3.877721	3.1890833377838135	1
753572	1131	5.139686	5.456473350524902	1
688031	2048	-4.630861	-2.219407320022583	1
924108	2171	0.864974	3.336859703063965	1
907285	1083	5.364865	3.598543405532837	1
906696	1919	2.365196	3.2521283626556396	1
925348	1634	6.271358	4.986724853515625	1
753569	1812	4.243964	2.3720736503601074	1
910780	1250	-0.255591	3.2614870071411133	1
753588	2170	1.357481	3.0164706707000732	1
1480364	2149	3.162938	4.269657135009766	1
907272	1936	1.504106	1.5593502521514893	1
1290725	1072	3.752285	3.463073968887329	1
1298134	1924	5.01707	2.552738666534424	1
910933	1022	0.497163	1.8158760070800781	1
905949	1997	5.430007	2.349807024002075	1
908125	1927	5.806913	3.962669849395752	1
910702	1629	6.383725	2.6363279819488525	1
905940	1014	2.189809	2.17067289352417	1
909708	1799	3.028595	2.91011118888855	1
909697	1052	3.654072	1.3955281972885132	1
753596	1199	3.912371	4.632822036743164	1
909713	1510	5.620658	3.4274911880493164	1
749712	1553	1.863832	2.606649398803711	1
924238	2111	3.373511	4.5116119384765625	1
910546	1824	3.824277	3.711812734603882	1
907048	1131	6.008694	4.785487174987793	1
906826	1782	6.735863	3.82196044921875	1
907062	2498	7.733458	4.358554840087891	1
1298136	2498	9.24798	4.986724853515625	1
946368	1862	-1.940611	1.6982529163360596	1
910932	1089	3.426771	2.4167158603668213	1
1240123	1030	3.4424	4.375945568084717	1
1240196	1910	4.867818	1.9483249187469482	1
910947	1831	2.981032	1.7774763107299805	1
1330985	1494	-4.953329	0.6891257762908936	1
905957	2055	0.49403	3.391738176345825	1
687514	1622	4.606172	3.866919755935669	1
1240178	1561	4.340147	3.4551384449005127	1
907789	1529	0.490492	2.3334410190582275	1
1503361	1073	3.286947	4.0860595703125	1
753592	1838	3.645248	3.3262979984283447	1
1299050	1732	4.901321	3.463073968887329	1
905960	1030	4.691279	4.261170387268066	1
905975	1820	2.717698	3.5309815406799316	1
1299059	1598	5.419158	3.862267255783081	1
1479995	1933	5.069096	2.0402026176452637	1
753584	1512	5.796289	2.384190320968628	1
687995	1018	5.629053	3.907119035720825	1
909263	1062	2.05849	3.075634479522705	1
753578	1927	3.92275	3.445112466812134	1
1298218	1512	6.195183	2.880718469619751	1
1240125	2177	2.27546	4.097043037414551	1
1509073	1799	3.428909	3.445112466812134	1
1298476	2003	8.317215	3.711812734603882	1
753608	1512	6.282572	2.898948907852173	1
1240185	1585	3.279945	3.190175771713257	1
1330973	1052	4.32984	1.8027743101119995	1
724825	1812	2.120534	1.1853126287460327	1
907172	1168	4.008325	3.095914125442505	1
910544	1576	2.121691	3.7192556858062744	1
906820	2011	3.401459	3.8067233562469482	1
907275	1811	-3.598558	2.1362929344177246	1
753614	1834	2.902456	3.2957751750946045	1
908473	2173	4.912099	4.235876083374023	1
724838	1237	5.435692	4.116551876068115	1
713899	1613	3.732506	3.907119035720825	1
946373	1627	4.00388	3.8649704456329346	1
910924	1068	0.370337	2.1177566051483154	1
907065	2010	4.744194	3.0763661861419678	1
910853	1933	2.490296	2.119577169418335	1
907792	1825	2.33411	3.3075296878814697	1
724866	1259	5.873799	4.494028091430664	1
1240220	1192	2.151388	3.4532716274261475	1
906793	1021	2.851654	3.326469659805298	1
907312	2010	3.876113	3.0763661861419678	1
907287	1635	3.759815	3.88916277885437	1
910922	1237	5.675612	4.278863906860352	1
909250	1778	2.343973	2.88804030418396	1
905956	1013	2.991019	4.02276611328125	1
905940	1020	5.054076	0.36712560057640076	1
687802	1813	8.026773	2.898948907852173	1
908129	1449	6.297519	3.4545724391937256	1
909715	1033	0.182622	2.1362929344177246	1
1290797	1808	0.540296	2.880718469619751	1
907045	2040	4.535382	3.5874478816986084	1
908465	1375	7.768685	2.898948907852173	1
907042	2106	1.823728	2.8166744709014893	1
724874	1031	3.198402	2.1393043994903564	1
908126	1190	-2.797482	0.9998010396957397	1
1240187	2055	1.646525	3.3262979984283447	1
1240130	2173	4.422428	4.051750183105469	1
1322212	1243	2.192917	3.7564265727996826	1
735784	1003	-2.5565	2.764331817626953	1
905974	1079	-1.881135	3.962669849395752	1
687777	1730	3.186102	3.5748894214630127	1
687514	1812	1.37058	2.5826385021209717	1
907170	1034	-3.021969	2.261701822280884	1
1298538	1855	4.632701	3.0016438961029053	1
1298351	1915	0.540062	2.906893014907837	1
905982	1009	4.675695	3.89642596244812	1
905970	1058	2.564294	3.244915008544922	1
906746	1804	5.081768	3.2703282833099365	1
1240206	1046	0.123646	1.6241304874420166	1
1240159	1053	4.31898	2.9363744258880615	1
909746	1932	5.340233	3.336859703063965	1
907317	2000	3.881879	3.2957751750946045	1
1240122	1561	1.916651	2.7049248218536377	1
687568	1833	2.686068	3.2703282833099365	1
905940	1004	-5.264247	-3.621818780899048	1
688031	1873	0.958282	3.0164706707000732	1
1298219	1021	3.989112	3.0555002689361572	1
909249	1047	3.798998	2.968001127243042	1
1503369	1029	5.753761	3.309739112854004	1
907053	1634	3.052688	3.630680561065674	1
687506	1007	-5.181565	-1.7480857372283936	1
1298134	1191	-3.880575	1.2332050800323486	1
717431	2110	3.899786	4.010645866394043	1
1330993	1838	2.087655	4.065219879150391	1
1298352	1785	7.149411	3.542029619216919	1
905946	1927	5.703263	3.4757297039031982	1
687980	2038	2.18539	4.0626373291015625	1
909719	2045	5.204165	2.9363744258880615	1
910568	2173	4.853839	4.1689534187316895	1
906843	1834	3.017772	3.0031490325927734	1
925347	1832	4.86754	3.711812734603882	1
753547	1997	-0.733524	2.0655529499053955	1
687592	1912	2.409175	2.834385633468628	1
909778	1922	3.404071	3.5874478816986084	1
949171	1559	-2.480641	1.1090229749679565	1
687448	1780	7.063626	3.962669849395752	1
687562	1839	3.439977	3.2703282833099365	1
1298349	1918	3.490201	3.0164706707000732	1
687561	1052	2.963339	1.8158760070800781	1
909697	2107	4.665934	2.6376185417175293	1
724870	1932	3.38175	3.8113718032836914	1
724869	2037	6.215371	4.483246803283691	1
1240127	1259	5.886863	4.216282844543457	1
905942	1776	4.085109	3.5748894214630127	1
753615	1782	3.585103	2.516434669494629	1
753552	1011	1.612198	2.233156442642212	1
1331032	1007	-5.034455	-4.114836692810059	1
907169	1928	4.316431	4.051750183105469	1
910698	1084	-4.703614	2.88804030418396	1
1240179	1840	2.432528	3.0031490325927734	1
910851	1024	-2.665129	3.5373318195343018	1
1298167	1925	4.984946	4.74638557434082	1
946369	1080	-4.880093	-2.27480411529541	1
687592	2172	2.98842	3.941389322280884	1
1298476	2112	4.949582	3.711812734603882	1
906793	1844	3.029193	3.5309815406799316	1
687505	1714	2.623412	3.222566604614258	1
1298169	1814	6.707988	2.9433822631835938	1
910399	1036	4.320963	3.3138010501861572	1
1299070	1428	4.806171	3.9779458045959473	1
905945	1739	3.749193	3.4757297039031982	1
1330942	2177	2.109533	2.2407145500183105	1
906864	1839	3.201322	3.5736706256866455	1
909736	1738	0.735619	3.71858286857605	1
687455	1024	1.209396	3.379990816116333	1
1240190	1083	-0.502036	3.309739112854004	1
906818	1373	-2.190445	1.8170855045318604	1
1503361	1549	3.041183	2.85239315032959	1
909709	1049	3.286627	2.5493719577789307	1
1503370	2172	2.438416	4.235876083374023	1
905955	1996	4.746987	2.229846239089966	1
908468	1268	4.586451	4.091634750366211	1
946353	1060	3.192647	3.4930832386016846	1
906696	1908	0.890032	3.574214220046997	1
687506	1003	-2.25569	2.5826385021209717	1
910933	2106	3.719891	2.834385633468628	1
910916	2038	4.487559	3.8249547481536865	1
749716	1559	-2.191684	1.6567401885986328	1
1290922	1378	3.469153	3.4167089462280273	1
1240187	1999	4.273775	3.3262979984283447	1
906877	1620	5.439136	2.4898974895477295	1
949176	1243	3.369023	3.8067233562469482	1
906807	1034	-3.824559	1.3091590404510498	1
687997	2145	1.299558	3.061638832092285	1
1330942	2498	6.350486	3.630680561065674	1
1240121	1847	2.960985	2.7723944187164307	1
910903	2039	4.203728	3.3235347270965576	1
1298538	2361	4.866934	2.856635332107544	1
910947	2177	1.278713	2.2407145500183105	1
908468	1909	-0.375549	2.0655529499053955	1
687821	1617	7.42149	2.349807024002075	1
1303900	1020	5.266845	1.6567401885986328	1
907783	1373	0.376118	2.17067289352417	1
753551	1598	4.506461	4.091634750366211	1
753545	2173	5.335843	4.051750183105469	1
1298351	2111	3.599902	4.193752765655518	1
910935	1940	2.741219	3.1918833255767822	1
1299075	1629	4.013407	2.9918649196624756	1
753620	1913	2.782081	4.806779861450195	1
1240186	1017	4.58059	3.907119035720825	1
906834	1821	3.350441	3.0460283756256104	1
949153	2040	-0.520404	1.5593502521514893	1
749717	1999	4.200698	3.391738176345825	1
687815	1006	0.53257	3.731205701828003	1
1298222	1008	-2.135029	2.764331817626953	1
687562	1811	-4.256232	3.89642596244812	1
910933	2045	4.887237	2.834385633468628	1
905956	1831	3.415279	3.5309815406799316	1
1322212	1507	5.115288	3.2083253860473633	1
909757	1930	2.528158	4.375945568084717	1
753576	1259	4.538878	4.327119827270508	1
753532	1615	3.975632	2.7049248218536377	1
907053	1625	4.284381	2.065439462661743	1
905989	1624	1.92165	4.015178203582764	1
909975	1177	5.655854	4.193752765655518	1
753616	1463	3.988043	2.261701822280884	1
753547	1561	1.692035	3.0164706707000732	1
1299075	1708	-0.891661	3.41314697265625	1
1674021	1583	2.520601	4.207327842712402	1
908145	1093	4.991079	3.231907844543457	1
924111	1926	0.138084	2.7049248218536377	1
908130	2498	8.134155	4.859206199645996	1
1298347	1029	5.067698	3.309739112854004	1
753565	2010	2.310231	3.061638832092285	1
1297449	1738	1.563772	1.6853781938552856	1
1290769	1010	5.098878	2.9010703563690186	1
687807	1086	3.226405	2.3681018352508545	1
1240161	1632	1.386388	1.6241304874420166	1
910548	1553	2.645808	3.1394779682159424	1
905960	1624	2.124456	3.9701943397521973	1
1247871	1998	3.857642	2.3334410190582275	1
687563	1709	-3.152236	1.8158760070800781	1
1240200	1463	2.79209	2.964634418487549	1
1240169	1624	4.130221	3.941389322280884	1
946355	2039	2.769924	3.176257371902466	1
1240224	1618	6.716601	5.036245346069336	1
908461	2039	2.721823	3.08701491355896	1
1480374	1853	3.105616	3.0185797214508057	1
909721	1010	5.112853	2.9038896560668945	1
1240179	2047	3.11618	3.222566604614258	1
1240209	1803	2.880628	3.2007498741149902	1
907783	2107	3.902605	2.2720437049865723	1
917486	1635	5.424088	3.88916277885437	1
905950	1089	2.675571	2.9433822631835938	1
1331038	2360	4.200363	1.2914645671844482	1
687799	1510	3.814581	3.5114810466766357	1
908118	2171	-1.714917	1.2579922676086426	1
1480359	2039	2.837388	3.0185797214508057	1
906824	2045	4.89753	2.552738666534424	1
909740	2111	4.394378	4.375945568084717	1
907312	2157	4.804169	4.116551876068115	1
907286	1838	2.759123	3.711812734603882	1
687995	1083	2.364532	2.7947051525115967	1
907285	1200	4.574594	4.952935218811035	1
909751	2044	2.296632	2.452812910079956	1
724859	2043	5.246363	4.494028091430664	1
909256	1030	3.556086	4.261170387268066	1
908448	2046	0.562072	-0.12031301856040955	1
949154	2043	4.336685	3.853193759918213	1
907794	1032	1.618992	2.9010703563690186	1
687563	1133	3.482337	4.848971366882324	1
909745	2361	5.040821	2.834385633468628	1
909724	2110	3.300169	4.097043037414551	1
1297446	1085	1.550916	2.2331769466400146	1
1327769	1843	-3.303609	0.8263915777206421	1
722058	1928	2.791619	4.235876083374023	1
909721	1613	4.353536	4.494028091430664	1
930298	2038	5.204147	3.665159225463867	1
924187	1855	5.712395	3.54884934425354	1
924102	1631	3.542534	3.918431520462036	1
909738	2360	6.721398	2.9363744258880615	1
753558	1626	2.730635	4.044581890106201	1
906851	2177	1.595984	4.114158630371094	1
1240201	1180	-3.387861	2.722804546356201	1
1299081	1833	3.062673	3.5309815406799316	1
753581	1175	4.755186	4.429682731628418	1
909703	1180	-3.969741	0.0875730812549591	1
906763	2038	1.264186	2.455883264541626	1
905960	1825	-0.225927	3.391738176345825	1
908462	1047	5.540167	4.825070858001709	1
753612	2113	2.909111	2.078221321105957	1
910689	1998	8.016771	3.88916277885437	1
908447	1916	4.373786	3.2614870071411133	1
908121	1576	2.086298	4.1810455322265625	1
1297449	1093	2.88685	1.6853781938552856	1
910691	1836	2.761655	3.1890833377838135	1
907312	1021	2.607747	2.7600324153900146	1
946359	1017	5.825418	4.261170387268066	1
1327775	2362	4.40983	1.5469834804534912	1
907300	1918	1.7339	1.8011691570281982	1
910936	1428	5.879905	3.463073968887329	1
1503361	1808	0.601687	2.764331817626953	1
910554	1237	5.719341	4.207327842712402	1
906830	1786	5.766594	3.326469659805298	1
906855	1088	0.481948	0.9998010396957397	1
908468	2174	1.316277	3.7564265727996826	1
908124	1375	4.954692	2.4167158603668213	1
1503361	1853	3.797143	3.176257371902466	1
905974	1011	2.650725	2.229846239089966	1
1240185	1832	3.760387	3.3262979984283447	1
1290806	1941	-5.120498	2.1177566051483154	1
909256	1585	4.005653	3.232701539993286	1
908455	2002	6.04021	3.2007498741149902	1
1524419	1085	2.71437	3.445112466812134	1
1331037	1916	-0.85464	1.2972939014434814	1
1240197	1915	4.034868	2.8686532974243164	1
753561	1080	-4.944129	-2.282987356185913	1
907320	2112	2.033619	3.2957751750946045	1
906839	1819	-1.174246	-1.5109237432479858	1
949176	1618	3.3586	4.806779861450195	1
1331035	1248	-5.735427	3.671739339828491	1
687799	1026	-0.30146	2.1393043994903564	1
909771	1615	2.967013	1.8011691570281982	1
724838	1175	4.440875	3.9730536937713623	1
946355	2173	3.322796	4.049046993255615	1
905971	1849	-0.159069	2.2386510372161865	1
1299070	2438	9.546993	3.9779458045959473	1
749716	1502	3.717855	4.362370491027832	1
905952	1441	1.600198	1.8912954330444336	1
907285	1803	2.195549	3.711812734603882	1
909905	1940	5.550771	4.182286739349365	1
687459	1782	6.070948	3.8108632564544678	1
908128	2438	10.937887	3.791653871536255	1
910549	1557	3.913463	2.3148574829101562	1
1330982	1007	-6.423313	-4.114836692810059	1
1480372	1624	3.326948	3.9384047985076904	1
1674021	1828	4.869835	3.3075296878814697	1
908151	1030	2.797196	4.261170387268066	1
906763	1813	3.773868	1.1531238555908203	1
1240209	1010	2.421038	2.887960910797119	1
907269	1779	0.50498	2.58492374420166	1
753532	1836	2.859123	2.7723944187164307	1
907300	1036	2.935896	2.053176164627075	1
1240162	1018	6.797634	3.704624891281128	1
753614	1372	-0.751475	3.4930832386016846	1
749717	1237	6.361999	4.114158630371094	1
687812	1996	6.072316	2.349807024002075	1
905950	2172	3.317415	4.044581890106201	1
687514	1821	2.919875	3.0031490325927734	1
753538	1785	5.78197	3.463073968887329	1
925338	1939	3.806408	1.9973149299621582	1
1660035	1557	5.579523	2.2386510372161865	1
1240160	1022	2.920162	1.8598878383636475	1
910546	2438	11.422018	4.151169300079346	1
909719	2498	7.312052	5.139307975769043	1
1240143	1845	3.59349	3.0655622482299805	1
909248	1625	5.287378	3.8541016578674316	1
687798	2361	4.829072	3.244915008544922	1
753561	1561	-1.203226	2.7049248218536377	1
1297449	1014	2.199836	2.0682265758514404	1
909745	2359	6.39953	3.89642596244812	1
910853	1706	1.506329	4.051750183105469	1
910781	1051	-0.102903	-2.488799810409546	1
905991	1708	0.204455	2.602600574493408	1
909709	1627	3.169611	3.8249547481536865	1
1298359	1268	3.920124	4.3317975997924805	1
906763	1849	-2.207839	1.000731348991394	1
753577	1375	6.739094	2.9433822631835938	1
753610	1583	2.775915	4.0626373291015625	1
713880	1873	0.046793	3.0164706707000732	1
687794	1786	4.10812	3.309739112854004	1
930301	1042	5.77791	5.253731727600098	1
911905	2110	6.021478	4.269657135009766	1
753546	1576	3.748209	4.429446220397949	1
906844	1932	1.226265	4.059707164764404	1
906837	1940	3.005272	3.862267255783081	1
906693	1559	1.993399	2.6363279819488525	1
907799	1372	1.590994	2.0682265758514404	1
906877	1249	2.377029	2.3334410190582275	1
910689	1553	6.75729	3.024181365966797	1
924100	1940	4.873296	4.089575290679932	1
910700	1853	3.71979	3.1152727603912354	1
753554	1401	2.748072	2.3063113689422607	1
906863	1024	-1.29316	2.91011118888855	1
1298216	1941	-5.906552	2.717728853225708	1
906855	1834	2.122369	2.086310625076294	1
924239	1053	1.120556	1.5469834804534912	1
1240222	1079	-2.112654	3.449676752090454	1
906835	2113	5.244477	3.2703282833099365	1
905962	1836	3.701011	3.3075296878814697	1
1298216	1401	3.600488	2.722804546356201	1
907789	1594	1.78888	1.8912954330444336	1
1240167	1057	-0.329801	3.108009099960327	1
910944	1813	0.756751	1.1531238555908203	1
1298219	1079	1.914724	3.5373318195343018	1
910544	1804	4.284279	2.086310625076294	1
906821	1004	-0.988488	-0.7774432897567749	1
905954	2048	-3.102408	-0.6178656816482544	1
1299052	1023	4.683024	2.5493719577789307	1
905934	2362	6.28022	3.341754674911499	1
1524419	1919	1.965417	2.7854204177856445	1
905951	2048	-1.944162	-0.770275354385376	1
906825	1372	0.426202	3.5542306900024414	1
910702	1061	7.946251	3.4938437938690186	1
908475	1624	2.500149	4.235876083374023	1
1240193	2145	-1.941112	3.061638832092285	1
1240146	1583	2.091256	4.489103317260742	1
910689	1829	2.054593	3.3075296878814697	1
946382	1507	4.441312	3.4757297039031982	1
910911	1401	2.630146	1.6241304874420166	1
1503367	1494	-2.180707	2.764331817626953	1
909735	1855	2.772157	3.54884934425354	1
905948	1580	3.601172	4.044581890106201	1
1298352	1249	5.965692	3.542029619216919	1
949172	2157	3.823334	4.010645866394043	1
910687	1510	0.746929	1.8982468843460083	1
1298219	1190	4.491236	2.7001750469207764	1
1297438	2171	-1.137179	2.979438066482544	1
1298531	1033	5.285355	3.463073968887329	1
753535	1926	1.688163	2.7049248218536377	1
1327771	1733	1.602717	2.430802822113037	1
1298347	2109	3.630959	4.455686569213867	1
905948	1931	6.402852	4.850804805755615	1
688013	2438	7.278135	3.7564265727996826	1
946360	1629	5.097226	2.0402026176452637	1
910952	1816	5.470897	4.491239547729492	1
910568	1598	3.723968	4.437747478485107	1
1330942	2158	3.786868	2.2407145500183105	1
1659817	1175	4.176243	2.6380081176757812	1
687980	1819	2.452957	-2.219407320022583	1
905935	1593	4.562261	3.9448394775390625	1
909748	1996	5.69063	2.2386510372161865	1
1240157	2111	4.573588	4.345458030700684	1
687586	1939	4.322511	2.1500957012176514	1
735784	1428	6.017604	4.0860595703125	1
1298358	2096	-1.138186	3.468616485595703	1
905941	1824	5.323861	3.0655622482299805	1
909698	1816	4.051787	4.617007255554199	1
1330973	1926	1.029632	3.0164706707000732	1
946370	2172	2.947545	3.941389322280884	1
753547	2361	4.562599	3.0164706707000732	1
909744	2048	-4.594309	-2.951385736465454	1
908440	1932	0.670737	1.2579922676086426	1
1240129	2045	6.137682	3.1394779682159424	1
1297449	1180	-4.497275	-0.41881754994392395	1
909746	1042	6.266056	5.248822212219238	1
909729	1011	3.817004	2.1500957012176514	1
1503365	1043	7.627002	5.078510284423828	1
949171	1449	3.943815	3.2614870071411133	1
753563	1829	0.305646	2.078221321105957	1
753610	1561	1.653159	3.0164706707000732	1
907789	1093	1.665217	1.8982468843460083	1
906696	1175	3.813764	4.5116119384765625	1
906791	1634	4.923897	5.2577290534973145	1
753538	1720	5.178253	1.9483249187469482	1
910924	1043	3.921357	5.358707427978516	1
910544	2040	0.552934	1.7703533172607422	1
906795	1061	5.151084	3.574214220046997	1
749711	2011	3.949592	3.82196044921875	1
1327766	1819	-4.662091	-4.549001693725586	1
906877	1557	5.639885	1.000731348991394	1
1330972	1838	1.745057	3.061638832092285	1
687777	1912	2.22221	3.244915008544922	1
909748	1168	2.062968	2.9010703563690186	1
905950	1061	5.346141	3.4709577560424805	1
910692	1845	1.76585	3.061638832092285	1
907319	1918	3.155637	3.108009099960327	1
949171	1928	2.280623	3.7211546897888184	1
1298348	1507	4.505786	3.5841104984283447	1
724878	1997	4.474974	2.349807024002075	1
1240197	1812	5.352823	2.5809919834136963	1
910780	1910	-2.732603	1.8282396793365479	1
908462	2096	3.824558	3.6852240562438965	1
908141	1079	1.751146	1.8096277713775635	1
905962	1067	6.458906	1.850703239440918	1
687983	2055	1.749086	3.061638832092285	1
908124	1631	1.818158	3.962669849395752	1
906832	1778	3.160777	1.2914645671844482	1
749717	1708	1.266476	1.7996200323104858	1
924189	1629	5.57987	1.1090229749679565	1
906868	1625	5.266999	3.635359525680542	1
1299050	1780	5.088818	2.91011118888855	1
722066	1069	3.581947	3.5748894214630127	1
1290798	1832	2.989762	3.391738176345825	1
910952	1032	-0.994841	2.7854204177856445	1
910701	1089	5.570474	2.459012508392334	1
1524419	1578	5.102219	2.9433822631835938	1
1290725	1037	2.105273	2.91011118888855	1
907272	2359	3.509221	2.3334410190582275	1
1240196	2109	2.003122	3.862267255783081	1
907788	1564	3.825216	4.122010707855225	1
910692	1043	5.641628	4.516129016876221	1
753576	2040	3.133325	3.203336477279663	1
713899	2055	1.646846	3.061638832092285	1
909251	1826	1.485371	1.9905502796173096	1
906814	2057	2.372001	3.5309815406799316	1
1298352	2173	4.95192	3.749401092529297	1
1298365	1814	6.512249	2.5809919834136963	1
1503364	1005	2.928947	2.8409695625305176	1
1290797	1830	2.714541	3.711812734603882	1
907794	1806	3.680712	2.452812910079956	1
753579	1039	4.187239	3.962669849395752	1
910704	1819	-4.767969	-0.770275354385376	1
905942	1021	2.444436	3.309739112854004	1
1290798	1580	5.261629	3.9701943397521973	1
909698	1913	4.794089	4.834427833557129	1
946355	2148	2.968368	3.2957751750946045	1
905970	1627	4.875301	4.489103317260742	1
905986	1718	4.533272	3.54239821434021	1
907285	2177	2.570169	4.483246803283691	1
909747	1625	7.734155	4.015178203582764	1
910548	1593	2.953163	3.0185797214508057	1
1331048	1578	2.575001	0.8263915777206421	1
753546	1630	4.993542	3.962669849395752	1
906870	2110	4.016173	2.2407145500183105	1
924107	1378	2.151449	2.5826385021209717	1
908442	1926	0.88459	3.024181365966797	1
907269	2111	2.838605	3.0848748683929443	1
910544	1843	-2.738231	0.9998010396957397	1
924188	1083	4.452809	2.77801251411438	1
907042	1620	5.009636	3.635359525680542	1
909698	1918	4.177362	3.024181365966797	1
1240196	1133	4.593197	4.2738776206970215	1
753577	1558	2.042169	2.7854204177856445	1
724859	2172	4.604914	4.235876083374023	1
949093	1913	7.421582	5.071220397949219	1
1503363	1733	2.802573	3.5569636821746826	1
1331035	1003	-4.221604	0.8263915777206421	1
1330948	1911	-6.217964	2.1362929344177246	1
753566	1199	4.981898	4.30327033996582	1
1509074	1011	1.933503	2.02616286277771	1
722046	1441	-0.098512	3.244915008544922	1
910948	1248	-5.743569	5.071220397949219	1
906798	1563	4.429064	4.116551876068115	1
909724	1086	1.750335	1.898406744003296	1
753605	1179	-0.380818	1.8027743101119995	1
1330972	2002	5.231936	3.061638832092285	1
1503366	1062	5.842091	3.4930832386016846	1
910079	1594	4.497597	3.108009099960327	1
1240159	2043	5.309273	4.345458030700684	1
687980	1828	2.989288	3.061638832092285	1
907279	1933	7.058521	1.599774718284607	1
1480361	2171	2.528938	3.1839170455932617	1
753555	1029	5.075937	3.203336477279663	1
910899	1933	3.42852	1.544562816619873	1
1240127	2173	5.473247	3.8607633113861084	1
946372	1084	-0.536452	2.834385633468628	1
949171	1803	6.146783	2.6944186687469482	1
1240160	1932	5.124516	3.71858286857605	1
908469	1268	3.57498	4.091634750366211	1
1298531	2044	3.360585	2.459012508392334	1
907170	1613	3.558273	3.6298954486846924	1
1240224	1259	6.315339	4.267365455627441	1
1298151	1014	2.242634	3.633195161819458	1
909907	1827	-0.612615	3.391738176345825	1
905949	1248	-4.443682	5.2577290534973145	1
1480361	1047	4.209838	4.6784257888793945	1
1330964	1038	1.891511	3.907119035720825	1
905990	1799	4.864325	3.449676752090454	1
687455	1072	5.016114	3.8108632564544678	1
713878	2154	3.042955	4.0626373291015625	1
1299062	1732	4.832225	3.7564265727996826	1
905980	1093	7.490391	3.7813684940338135	1
907045	1853	3.631258	3.232701539993286	1
724838	1086	0.077412	2.184918165206909	1
949179	1372	1.919224	2.278606414794922	1
724870	1553	3.488812	3.476640224456787	1
1330991	1852	3.760877	2.1362929344177246	1
687563	1529	-2.280521	3.89642596244812	1
1240217	1720	-1.752858	2.278510332107544	1
1330972	1845	-0.916024	3.061638832092285	1
924240	1011	0.081707	1.9973149299621582	1
905970	1047	6.262941	5.118078231811523	1
1524415	1786	3.022564	3.2606375217437744	1
908461	1804	1.234792	3.2007498741149902	1
924111	1844	3.040822	2.7723944187164307	1
1240160	1069	2.926199	3.3756186962127686	1
910905	1168	3.733751	2.9010703563690186	1
949153	1061	3.97296	2.3238532543182373	1
687561	1847	2.776826	3.2703282833099365	1
907270	1778	2.790675	2.354917287826538	1
724869	1558	3.77466	3.4111015796661377	1
687819	2148	2.329365	3.3262979984283447	1
1298359	1720	3.483084	2.3148574829101562	1
909774	2011	3.081311	3.542029619216919	1
1503365	1011	4.899848	2.3148574829101562	1
1240168	2047	3.900544	3.620846748352051	1
946355	1016	-0.024761	3.108009099960327	1
1331035	1011	0.332713	0.554352879524231	1
1331035	1013	1.199866	1.7083561420440674	1
1480367	2172	1.733313	3.9384047985076904	1
907171	1940	4.063763	4.429446220397949	1
749713	1559	-2.331642	1.6567401885986328	1
1480358	1031	-1.69211	2.0402026176452637	1
924187	1733	3.962978	3.4545724391937256	1
909718	2003	5.119083	3.3075296878814697	1
1240174	1073	4.173971	3.8426389694213867	1
905977	1777	6.416557	3.962669849395752	1
1330984	1036	1.438375	2.0682265758514404	1
1660036	1557	3.950851	2.2386510372161865	1
1240143	1709	2.204476	2.3063113689422607	1
753569	1003	-1.864321	2.3720736503601074	1
1240224	1036	5.614083	3.4709577560424805	1
1480360	1849	-0.136531	2.258742332458496	1
949153	1786	1.394789	1.5593502521514893	1
910905	2158	5.977269	4.207327842712402	1
1330972	1803	5.384795	3.061638832092285	1
908121	1785	5.389391	3.82196044921875	1
1240143	1799	5.824388	3.3952674865722656	1
910943	2498	9.00018	4.762966156005859	1
753554	1613	4.224137	4.0158891677856445	1
908144	1862	-2.036728	1.599774718284607	1
1240169	1059	2.606016	2.834385633468628	1
924107	1034	-4.40829	2.9364826679229736	1
1240187	1072	5.164333	4.197920322418213	1
924244	1733	1.920125	3.5841104984283447	1
925348	1042	7.854268	5.512401580810547	1
909974	1847	6.743123	3.270505905151367	1
930083	1720	8.313351	2.6050541400909424	1
1290724	1079	-1.243128	2.91011118888855	1
910916	1833	2.918007	2.7723944187164307	1
1297447	1059	-0.349352	1.5469834804534912	1
905948	1909	1.499474	2.02616286277771	1
909744	1529	-1.45732	3.1002752780914307	1
910548	1634	4.838713	4.543399810791016	1
908472	2096	3.53776	3.3138010501861572	1
1240143	1179	0.281786	2.3063113689422607	1
1303897	1820	3.450966	1.8144975900650024	1
753585	1813	6.575907	2.9433822631835938	1
1290769	2043	6.735317	4.375945568084717	1
906842	1919	1.058878	1.6689951419830322	1
1240142	1706	0.890163	3.7429332733154297	1
687561	1784	5.470131	3.2703282833099365	1
906877	1873	0.361974	1.8912954330444336	1
906804	1052	1.386688	1.75193190574646	1
724825	1046	1.751189	-0.02273675799369812	1
909746	1912	5.287286	3.024181365966797	1
1524418	1915	1.642994	2.7854204177856445	1
1290797	2154	3.274752	4.483246803283691	1
1287706	1084	-0.539986	2.9649012088775635	1
1240200	1091	2.702874	3.1839170455932617	1
908468	1549	3.568182	2.8332650661468506	1
946373	1014	2.615935	3.303385019302368	1
924108	1997	4.012272	2.2386510372161865	1
1240199	1089	8.453057	2.5809919834136963	1
906804	1581	1.005954	3.749401092529297	1
905949	2010	4.883937	3.3262979984283447	1
906792	1936	1.460335	3.326469659805298	1
687448	2039	5.007893	3.3235347270965576	1
907274	2361	5.136382	1.2914645671844482	1
1330960	1621	2.696362	2.311979293823242	1
1298168	1005	4.580838	2.9433822631835938	1
687985	1613	3.094845	3.907119035720825	1
1327773	1998	3.695032	2.249983549118042	1
1240217	1820	4.085794	3.210956335067749	1
688058	1051	3.295774	-0.7305370569229126	1
906693	1068	0.953409	2.717728853225708	1
907068	1630	3.826419	3.271613121032715	1
1298365	1734	1.653769	3.9779458045959473	1
907289	1835	3.553007	3.3075296878814697	1
753551	1849	-0.240317	2.0655529499053955	1
724874	2046	5.376346	2.3681018352508545	1
905945	1928	5.489956	3.9701943397521973	1
908447	2156	1.759837	3.8067233562469482	1
910936	1494	-3.558301	2.459012508392334	1
925348	1617	3.214427	2.717728853225708	1
906864	1618	4.241518	5.0062360763549805	1
907287	1806	2.491198	2.452812910079956	1
906863	1839	2.66272	2.7723944187164307	1
724870	1720	5.595712	2.717728853225708	1
1660035	1013	3.976463	3.9339425563812256	1
687459	1824	3.960991	3.0763661861419678	1
749710	2145	2.509904	3.391738176345825	1
907276	1936	4.442788	3.2222845554351807	1
1298538	1510	4.710031	2.8670945167541504	1
905958	1005	0.899379	1.1531238555908203	1
1297447	1051	4.166566	-4.549001693725586	1
946355	1008	0.858194	2.764331817626953	1
687815	1553	2.047077	2.856635332107544	1
1240169	2038	5.305876	4.15645694732666	1
910548	1939	4.249915	2.258742332458496	1
753592	1050	1.674375	-0.5907738208770752	1
1331032	1594	3.175898	1.2914645671844482	1
1330995	1624	1.954487	1.9938347339630127	1
906693	1779	1.447133	4.1084089279174805	1
949175	1512	4.81922	0.8256188631057739	1
910916	1561	0.453411	2.7049248218536377	1
753594	1036	4.374948	3.274045944213867	1
1298222	1131	6.605378	4.922183990478516	1
753569	1733	2.875055	3.3952674865722656	1
905972	1824	3.621489	3.3262979984283447	1
910852	1941	-3.567656	1.9973149299621582	1
924189	1010	3.462202	2.450937509536743	1
910935	2055	-0.73054	1.8144975900650024	1
1327766	1996	4.233087	0.6014293432235718	1
906837	1021	1.448678	2.5493719577789307	1
910692	1428	4.534907	3.7564265727996826	1
905968	2000	5.956751	3.146327257156372	1
687514	1080	-1.473669	-1.7480857372283936	1
909726	1175	4.506791	4.429682731628418	1
908462	2177	2.233055	4.2686944007873535	1
924244	1375	6.5018	2.898948907852173	1
1298169	1529	-0.915179	4.072757720947266	1
1327771	1785	3.47801	2.8987181186676025	1
687819	1239	5.339869	4.197920322418213	1
753615	1512	5.213535	1.1853126287460327	1
724874	1133	4.011151	5.118078231811523	1
906864	1046	1.88999	2.7181057929992676	1
687514	1086	-0.077757	1.1794004440307617	1
909728	1029	6.029208	2.7563867568969727	1
925348	2107	7.679159	3.476640224456787	1
925340	1585	5.277205	3.08701491355896	1
907269	1250	-0.610164	2.6251769065856934	2
949153	1191	-4.943422	0.269824743270874	2
905978	1816	4.702795	4.323368072509766	2
906790	1999	2.584128	2.872493028640747	2
1240173	1941	-6.02967	2.1274752616882324	2
906824	1931	5.91672	4.289580345153809	2
906875	1999	2.716156	2.581782341003418	2
949170	1553	2.356429	2.5876870155334473	2
906820	1449	4.895587	3.1052169799804688	2
905979	1441	4.294106	2.553262948989868	2
905983	1712	-3.221763	3.8187804222106934	2
907792	2044	4.987467	2.523937225341797	2
688013	1734	1.698865	3.470853567123413	2
1299080	1561	2.364765	2.7378549575805664	2
949174	1839	4.235286	2.581782341003418	2
717431	1030	4.313176	2.869762420654297	2
1290905	1806	7.621363	3.5126121044158936	2
1298533	2057	5.069304	3.5969903469085693	2
735784	2145	0.327537	3.0053164958953857	2
905946	1624	3.083619	3.988419532775879	2
910079	2045	5.995781	2.5899085998535156	2
925346	2044	3.988524	3.1241564750671387	2
749717	1911	-3.288222	3.569796562194824	2
753531	2046	3.176637	1.6116344928741455	2
907280	1908	-0.063516	2.3389196395874023	2
688013	1627	2.294181	3.555546283721924	2
724869	1720	6.36043	2.6268937587738037	2
1480364	1834	2.851452	3.05387020111084	2
905967	1732	5.49066	3.753312587738037	2
905948	1016	-0.239388	2.553262948989868	2
905977	1925	5.942341	4.340285778045654	2
906833	2111	4.607281	3.6214427947998047	2
908461	1050	2.428443	-1.6282838582992554	2
724839	1598	3.577162	3.760927438735962	2
930083	1507	7.89195	3.8574295043945312	2
724839	2044	5.94656	2.520289897918701	2
905951	1615	4.720864	2.2353105545043945	2
1240181	1613	2.630772	2.869762420654297	2
1299075	2112	2.732379	3.194685935974121	2
910937	1862	-1.396554	1.4097832441329956	2
753600	2040	0.758578	2.7149462699890137	2
1298151	1730	1.318358	2.7991762161254883	2
906814	1739	5.559202	3.6111559867858887	2
753589	1025	7.023323	3.7532272338867188	2
1290806	1997	4.320097	1.9780827760696411	2
908450	1022	3.298564	1.885088562965393	2
906824	1835	5.089461	2.4957966804504395	2
753533	1237	4.85356	4.0594892501831055	2
946382	1708	0.698595	1.6406749486923218	2
713880	2096	2.932562	3.48543119430542	2
1240155	2149	0.971326	3.6576647758483887	2
1290722	1825	-0.909883	3.5196585655212402	2
910861	1016	-2.353977	1.7806261777877808	2
1247871	1739	0.995184	2.3024070262908936	2
749714	1786	3.153397	3.0137343406677246	2
1240222	1582	5.044572	2.8635544776916504	2
1240197	1913	5.401337	4.722807884216309	2
924241	1046	2.687973	1.7406905889511108	2
1240190	1042	6.091936	5.441000938415527	2
908448	1558	3.094294	2.280390739440918	2
753555	1939	3.123163	2.333080768585205	2
910911	2154	2.760052	3.7601001262664795	2
924102	1373	2.949205	3.2377376556396484	2
1322213	1033	3.769371	3.661564826965332	2
907269	2149	-0.249211	2.8541436195373535	2
907794	1194	2.956651	2.5911865234375	2
908458	1249	2.7828	3.7952945232391357	2
1290722	1168	2.819614	2.972954273223877	2
906825	1919	2.711416	2.6193008422851562	2
908148	2106	1.114158	2.4044065475463867	2
905989	1053	2.671406	2.616093158721924	2
905933	1803	0.963399	3.05387020111084	2
910920	1834	0.46641	3.350266456604004	2
1240218	1050	4.425328	-1.283491849899292	2
949154	2096	1.829179	3.026733160018921	2
907067	1372	-5.055459	2.070115804672241	2
905989	1050	2.331376	-2.0583245754241943	2
908440	1058	-1.242642	2.5876870155334473	2
1290455	1088	1.236743	1.2207422256469727	2
909781	1029	7.874537	3.1532034873962402	2
908449	1168	5.207274	2.743971586227417	2
910933	1826	2.465355	3.1605587005615234	2
909706	1199	5.534279	4.340285778045654	2
949173	1909	0.546897	1.5056358575820923	2
1322212	1046	1.650345	1.7406905889511108	2
905956	1713	0.929897	2.070115804672241	2
906870	1073	2.790979	2.034363269805908	2
1287706	1564	-0.965409	2.070115804672241	2
688011	1835	4.456437	2.683027505874634	2
909753	1594	3.238265	2.721095561981201	2
910944	1190	-3.790535	1.132905125617981	2
910546	1917	2.813354	4.537511825561523	2
906868	1708	0.229693	1.885088562965393	2
998184	1832	3.408192	1.7590357065200806	2
1524417	1050	2.20896	-0.30017757415771484	2
724869	1838	4.196142	3.5969903469085693	2
1299075	1866	5.833965	3.19356369972229	2
946368	2003	5.384944	3.1605587005615234	2
906871	1617	1.901116	1.6690382957458496	2
907289	1844	5.795212	2.8077285289764404	2
753614	2044	2.624694	2.3662829399108887	2
687592	1014	3.063947	3.25826358795166	2
722046	1050	1.670499	-1.1844135522842407	2
905985	1239	1.757619	3.8187804222106934	2
907792	1068	0.548099	2.1274752616882324	2
906835	1449	7.206945	3.584991931915283	2
924107	1025	5.447517	3.760927438735962	2
1330947	1079	-0.279461	2.1789026260375977	2
908442	1918	1.511635	2.616093158721924	2
908442	1511	-1.154794	2.523937225341797	2
1524419	2172	2.500756	3.8164844512939453	2
724873	1179	-0.052839	2.116157293319702	2
906863	2044	2.861063	2.6981444358825684	2
1330948	1915	1.071522	2.280390739440918	2
949179	1910	2.441968	1.5056358575820923	2
1240154	2148	1.307815	3.5196585655212402	2
924250	1014	2.581537	2.9047436714172363	2
906693	1931	5.584038	5.59160041809082	2
910687	1924	2.578471	1.4991623163223267	2
687448	1581	5.215479	3.6433165073394775	2
1297446	1375	4.759246	1.132905125617981	2
1298168	1016	1.579465	2.553262948989868	2
908481	1635	5.956583	3.470853567123413	2
909774	1908	1.312375	3.2729296684265137	2
907285	1168	5.202928	3.1061043739318848	2
905978	1576	3.582416	4.142582893371582	2
687561	2111	4.136949	4.0034027099609375	2
905947	1940	2.744561	4.142582893371582	2
1240127	1049	5.49641	2.6355409622192383	2
1480361	1924	3.157072	2.721095561981201	2
753595	1560	5.365859	3.361886978149414	2
906824	1803	3.213485	2.4957966804504395	2
909761	1708	-0.259953	1.7060805559158325	2
687592	1910	3.717973	2.054051637649536	2
910548	1580	4.764254	3.6935064792633057	2
905961	1930	1.265874	3.8058555126190186	2
907042	1933	5.164593	1.4046494960784912	2
909905	1060	2.723945	3.25826358795166	2
687448	1067	6.314445	1.7891415357589722	2
1240173	1051	3.017332	-2.0583245754241943	2
906855	1131	2.934049	2.233534336090088	2
907787	2498	5.903961	2.8584418296813965	2
905974	1023	3.643365	2.9431891441345215	2
949173	1031	-3.516747	0.8714939951896667	2
688015	2110	3.448829	3.555546283721924	2
1240145	1179	0.161862	2.116157293319702	2
1298167	1047	4.150486	4.750057697296143	2
1299075	2172	0.623645	3.9580533504486084	2
1297449	1808	-1.52567	1.5098601579666138	2
946377	1926	-0.050995	2.68074893951416	2
910692	1809	0.061386	2.1638376712799072	2
909746	1853	5.07282	2.7428555488586426	2
908468	1046	1.493876	1.7406905889511108	2
753581	1079	4.007537	3.6111559867858887	2
687983	1180	-2.529616	1.7406905889511108	2
906862	2439	8.148565	3.569796562194824	2
908125	1999	3.240665	3.133894920349121	2
908460	2148	1.810331	2.9135682582855225	2
1240170	1378	4.436969	2.8860361576080322	2
687592	1529	0.052486	3.8187804222106934	2
753595	1913	5.76723	5.54679012298584	2
908139	1940	4.802069	3.705052375793457	2
1331036	2156	-0.904855	2.4061574935913086	2
753608	1011	4.961851	2.280517578125	2
910567	1190	-0.710042	1.2985414266586304	2
910905	2359	5.584101	3.7952945232391357	2
909698	1783	5.48392	3.7952945232391357	2
1290798	1739	5.693339	3.5037951469421387	2
909774	1025	5.954248	4.064011096954346	2
905950	1840	1.676371	3.350266456604004	2
1479995	1916	3.146056	3.628584384918213	2
724868	1708	-1.530217	2.116157293319702	2
1299075	1042	5.52772	4.129489898681641	2
1330983	1237	3.405652	2.67388916015625	2
909749	2047	3.757481	3.225806713104248	2
753605	1629	3.863868	1.4097832441329956	2
687799	1018	5.1937	4.1654052734375	2
1240178	1175	5.176209	4.248964309692383	2
906820	1200	3.199327	3.3988823890686035	2
1524419	1615	3.684586	2.553262948989868	2
907061	1019	1.316463	2.668419361114502	2
910544	1806	2.920657	1.0890562534332275	2
1240196	2044	3.492751	2.6981444358825684	2
908465	1734	2.257352	3.753312587738037	2
910911	1054	5.65804	1.6116344928741455	2
1327766	1804	5.045016	2.213979959487915	2
905948	1563	5.785885	4.0594892501831055	2
907314	2037	5.689251	3.4036498069763184	2
1240190	1926	0.508593	2.697722911834717	2
906825	1003	-3.812728	2.8066084384918213	2
905982	1057	-2.308772	2.68074893951416	2
908130	1011	1.627958	1.6688364744186401	2
1503371	1708	-0.885037	2.118790626525879	2
908463	1560	4.842709	2.697722911834717	2
1240223	1784	6.883155	3.5196585655212402	2
1290455	1017	3.812368	2.544976234436035	2
906818	1190	-3.641703	2.8510518074035645	2
905946	1553	1.672107	2.2353105545043945	2
1659928	1494	-4.235962	2.523937225341797	2
749715	1025	4.413942	3.952004909515381	2
1299050	1825	0.266	2.8874645233154297	2
724859	1059	0.067146	2.697722911834717	2
910930	1838	2.386954	2.215794563293457	2
1503361	1814	6.405848	2.3662829399108887	2
753605	1928	4.332701	3.3640084266662598	2
908465	2038	4.598504	4.075870990753174	2
907795	1069	3.172181	2.817746162414551	2
905938	1634	3.037297	4.437005996704102	2
908148	1004	-6.357097	-2.8736371994018555	2
908124	1250	3.974396	3.6111559867858887	2
753612	1809	-4.179123	1.895606279373169	2
1299081	1029	5.698668	2.9431891441345215	2
753592	1052	2.912283	2.116157293319702	2
910688	2171	1.528794	1.1812986135482788	2
753548	1849	-2.36777	0.8280930519104004	2
1503368	1828	4.237595	3.0053164958953857	2
907279	1057	-0.559824	2.25681209564209	2
1240159	1712	-2.63135	3.740973711013794	2
907046	1049	3.238263	3.0137343406677246	2
713885	1052	2.09429	1.7406905889511108	2
906763	1838	1.749361	1.7590357065200806	2
713899	2039	2.791381	2.404646396636963	2
753594	1061	3.265516	3.48543119430542	2
687985	1629	5.123308	1.4097832441329956	2
1240169	2498	6.916245	5.086784839630127	2
688027	1560	0.921126	2.646602153778076	2
687505	1249	2.666545	3.439810037612915	2
687815	1059	-1.594548	2.520026922225952	2
1240183	1829	0.932719	3.113372802734375	2
688031	1835	2.486363	2.683027505874634	2
924241	2044	6.036488	2.1638376712799072	2
688013	2000	5.06912	2.683027505874634	2
1298350	1175	3.349611	4.1654052734375	2
905968	2045	4.339229	2.721095561981201	2
724834	1048	5.647555	4.1654052734375	2
908465	1912	2.809219	2.697722911834717	2
905952	1014	2.952575	2.166667938232422	2
722058	1237	4.932998	4.075870990753174	2
910922	1593	3.237107	3.2961812019348145	2
688010	1831	3.991228	2.683027505874634	2
1299075	1716	6.096774	3.555058479309082	2
908139	1372	-0.782768	2.9047436714172363	2
1247871	1615	3.657471	1.4991623163223267	2
907063	1250	1.354356	2.117570400238037	2
924239	1855	3.966131	2.5151126384735107	2
1298167	1621	3.018851	3.494215965270996	2
906851	1617	-2.272328	1.749346137046814	2
909755	1911	-3.927724	3.7952945232391357	2
1299069	1020	5.583414	1.155795693397522	2
905938	1631	2.149788	2.1789026260375977	2
1298357	2109	2.642824	3.705052375793457	2
753600	1819	1.98135	-1.1844135522842407	2
909905	1732	4.465878	3.8187804222106934	2
717431	1062	4.004948	2.233806610107422	2
905936	1626	2.191335	3.690894603729248	2
998189	2048	-2.7206	-2.0583245754241943	2
907053	1912	2.701768	2.4044065475463867	2
722066	1250	2.630494	3.516233205795288	2
907275	1806	4.791987	1.2207422256469727	2
1240199	1998	6.981208	3.8271617889404297	2
907278	2039	2.100431	1.8167321681976318	2
905935	2112	3.948222	3.194685935974121	2
687777	1047	6.069399	4.750152587890625	2
946370	1069	3.851392	3.1580004692077637	2
1298168	1069	4.54249	3.2693450450897217	2
906797	1007	-5.285341	-2.162954330444336	2
1480372	1168	3.378949	2.6193008422851562	2
753534	1131	4.856211	4.6889190673828125	2
910569	1784	4.521218	2.8077285289764404	2
910702	1175	5.653673	4.537511825561523	2
908126	1441	1.393054	2.1746890544891357	2
687588	2107	6.229023	2.68074893951416	2
1298475	1627	3.003042	4.493520736694336	2
910905	1050	3.626304	-2.0583245754241943	2
753570	1043	3.492679	5.086112022399902	2
1298537	1191	-3.848105	1.8064781427383423	2
753577	1854	3.536161	4.142582893371582	2
724866	1918	3.612654	2.697722911834717	2
909726	1799	4.441581	3.6111559867858887	2
909744	2498	7.731944	4.234221458435059	2
910922	1011	0.766236	2.202349901199341	2
724866	1738	3.277716	3.077766180038452	2
908125	1718	4.920058	3.6111559867858887	2
909751	1712	-4.19017	3.7952945232391357	2
724872	1834	2.590146	2.683027505874634	2
753556	1069	3.311003	2.745581865310669	2
1480367	1615	4.340951	2.721095561981201	2
1240198	2111	5.287828	4.051674842834473	2
906812	1839	3.56859	2.913207530975342	2
906801	1786	2.440786	3.0137343406677246	2
753546	1050	3.767338	-0.7059563994407654	2
687802	1706	2.745574	3.7664871215820312	2
924244	1824	1.848903	2.9135682582855225	2
909757	1553	1.286354	2.616093158721924	2
753596	1014	-2.049004	2.070115804672241	2
905970	1714	4.272472	2.909712791442871	2
1330960	1079	-1.299642	2.3024070262908936	2
724869	1828	4.559405	3.5969903469085693	2
906865	1014	-0.516252	2.070115804672241	2
1240198	2171	3.61815	3.1756300926208496	2
908470	1713	3.186159	4.605790138244629	2
1298475	1827	1.723386	3.5969903469085693	2
908135	1629	4.243739	0.8714939951896667	2
1298151	1190	4.052957	2.8310160636901855	2
906871	2109	1.813209	3.7120630741119385	2
906818	1047	4.179035	4.439460754394531	2
1299078	2498	7.563025	4.535634994506836	2
1240146	1828	3.803529	2.9135682582855225	2
1240226	1718	5.987739	3.6111559867858887	2
905939	1709	-2.396083	1.7060805559158325	2
1240145	1613	4.093411	4.1654052734375	2
910569	1811	-1.956885	3.7952945232391357	2
907062	2362	3.846625	2.507449150085449	2
905961	1622	4.470976	4.050343036651611	2
1240218	2109	3.786007	4.505706310272217	2
1240172	1931	6.706856	4.539233207702637	2
905982	1510	5.801652	3.739241123199463	2
1298151	2045	6.00343	2.6052446365356445	2
910905	1618	5.404665	4.9664626121521	2
1331045	1712	-4.627734	2.4061574935913086	2
749710	2112	3.617782	2.913207530975342	2
906875	1718	5.41734	3.1052169799804688	2
1240201	1179	-0.425987	2.534057855606079	2
910900	1581	2.210747	3.7664871215820312	2
1240201	2109	2.604729	4.505706310272217	2
908150	1378	4.724397	2.6257238388061523	2
1480364	1824	3.331655	3.05387020111084	2
1299080	1931	5.902175	4.439460754394531	2
687505	1378	1.217988	2.520289897918701	2
949170	1631	2.129113	3.1052169799804688	2
907279	1013	5.630107	3.264599084854126	2
905942	2107	4.756228	2.697722911834717	2
906797	2002	5.342833	2.971677780151367	2
908475	1910	2.706187	2.280517578125	2
909740	1926	1.363902	2.616093158721924	2
1298357	1816	6.75836	3.8614487648010254	2
1480364	1598	4.866277	4.129279613494873	2
1240201	1058	1.082166	3.361886978149414	2
908121	1083	3.103315	3.0137343406677246	2
924239	1582	2.610924	2.2570295333862305	2
910943	1821	5.272356	3.1605587005615234	2
908130	1928	5.674702	3.8571555614471436	2
1240185	1814	5.81562	2.753811836242676	2
1298348	2107	6.532616	2.697722911834717	2
1303900	1733	0.841011	3.5037951469421387	2
1290797	1259	3.904393	4.537511825561523	2
1331045	1576	1.545937	3.1990175247192383	2
1240173	1428	5.261549	3.7952945232391357	2
909250	1804	7.505493	3.350266456604004	2
1290455	1632	2.515085	0.398354172706604	2
907789	2096	1.986405	2.166667938232422	2
1240154	1624	3.305048	3.9551236629486084	2
910926	1830	1.436001	2.971677780151367	2
909704	1259	3.931433	3.981985092163086	2
1298537	1780	5.632234	3.516233205795288	2
946370	1706	2.066333	3.7091708183288574	2
910907	1999	4.880981	3.5969903469085693	2
908476	1621	3.342427	2.851655960083008	2
910911	1913	5.323588	4.975743293762207	2
1240153	1922	2.339434	2.9431891441345215	2
687562	1940	2.433856	4.12204647064209	2
909252	1784	3.663745	1.7590357065200806	2
1303900	1838	3.184392	2.913207530975342	2
1327766	1866	1.803052	2.4669318199157715	2
909735	1022	-0.237245	1.5977884531021118	2
1240179	1594	3.492192	2.2262139320373535	2
1298353	1511	1.958397	2.761394500732422	2
907269	1047	0.421317	3.1793713569641113	2
907276	2110	6.246695	3.6576647758483887	2
909704	2109	2.44334	4.06668758392334	2
1330942	1089	4.903541	1.2207422256469727	2
908475	1720	6.085828	2.280517578125	2
909257	1033	4.517296	3.8271617889404297	2
753592	2156	2.368401	3.753312587738037	2
907269	2498	7.14209	4.209188938140869	2
1479987	2157	3.346967	4.077867031097412	2
1295740	1179	-0.370881	0.45473283529281616	2
907311	2037	3.393401	2.5460023880004883	2
724866	1706	3.719363	3.7664871215820312	2
753584	1038	3.775998	3.981985092163086	2
907300	1706	-1.987206	1.8257733583450317	2
1240178	2174	3.12316	4.053401947021484	2
907057	1936	3.303007	2.5937018394470215	2
687459	1829	2.177173	2.971677780151367	2
687514	1824	2.632629	2.4957966804504395	2
908130	2046	1.624917	1.5977884531021118	2
906795	1626	1.124634	3.9551236629486084	2
907173	1558	4.594994	3.213534116744995	2
713869	1624	5.999372	3.7664871215820312	2
1240154	1511	-2.28458	2.8424081802368164	2
687590	1931	6.107295	4.667421340942383	2
1290455	1618	1.965666	4.437005996704102	2
909719	1375	5.874015	2.8310160636901855	2
908452	1042	3.168346	4.267368316650391	2
910910	1997	6.204198	1.749346137046814	2
907787	1803	4.448869	1.7590357065200806	2
753541	1997	3.294451	1.9990273714065552	2
905981	1131	5.076761	4.523359298706055	2
687590	1809	0.03737	2.8860361576080322	2
753592	2044	2.780459	2.753811836242676	2
1331045	1005	2.65831	1.5098601579666138	2
688086	1630	4.718624	3.1052169799804688	2
749714	1922	2.000757	3.0137343406677246	2
724868	1494	-2.557967	2.753811836242676	2
905983	1829	0.50293	3.1605587005615234	2
905989	1062	0.817069	2.135859727859497	2
910919	1512	4.217494	1.5098601579666138	2
949171	1829	0.058065	2.581782341003418	2
905964	2048	-5.238359	-3.214144706726074	2
905948	2158	5.221444	4.0594892501831055	2
753623	1005	4.403338	2.3662829399108887	2
910944	1809	-1.935873	1.132905125617981	2
1331045	2057	4.479468	2.215794563293457	2
753569	2159	2.404159	3.8368799686431885	2
908126	2010	1.819682	1.7264145612716675	2
1299081	1928	5.186952	3.6433165073394775	2
1480371	1586	5.109176	2.8635544776916504	2
910903	1011	1.558713	2.0869579315185547	2
946359	1736	7.102418	3.8130083084106445	2
906817	1072	6.5765	3.865682363510132	2
910934	2439	8.916792	2.4061574935913086	2
910900	1720	3.272621	2.280517578125	2
910851	1009	4.39298	3.661564826965332	2
735784	1177	5.442624	3.9986047744750977	2
688031	1564	3.642446	3.48543119430542	2
905942	1816	3.323783	4.344573974609375	2
1299059	1852	3.929049	3.503140926361084	2
753551	1026	-0.006936	1.4097832441329956	2
910698	1046	0.819566	1.775168538093567	2
909749	1559	-1.673928	1.5096567869186401	2
946369	2096	2.184736	3.4696903228759766	2
907045	2158	3.253687	3.889436721801758	2
1298347	1834	2.261615	2.9135682582855225	2
905937	1810	-1.053472	2.523937225341797	2
924187	1007	-2.107301	-1.2745929956436157	2
688027	2055	2.252307	2.683027505874634	2
905990	1529	3.452894	3.8271617889404297	2
907312	2039	2.999017	2.813509941101074	2
1240159	1802	5.060269	3.740973711013794	2
687506	1016	1.959096	2.2262139320373535	2
907172	1023	4.058711	2.9431891441345215	2
905938	2361	4.851988	2.4044065475463867	2
753547	2499	10.365462	4.182441234588623	2
1290730	1598	4.457398	4.06668758392334	2
1240162	1268	5.506612	3.9103312492370605	2
924187	2000	5.290596	2.941835641860962	2
1330950	1034	-5.494508	1.8772450685501099	2
910903	2037	5.223689	3.9999289512634277	2
905940	1862	-0.917678	0.6299207806587219	2
1240212	1073	3.688757	3.439810037612915	2
1331032	1779	0.596165	2.117570400238037	2
1287706	1018	5.661229	4.1368231773376465	2
905972	1806	5.432286	2.753811836242676	2
724825	1708	-2.32161	1.0759598016738892	2
688031	2111	2.349863	3.5884146690368652	2
949179	1080	-1.780969	-2.970179319381714	2
1503366	1054	4.66914	2.118790626525879	2
753563	1584	2.435915	2.2570295333862305	2
687995	1191	-4.402542	1.4097832441329956	2
907321	1940	3.35489	4.078111171722412	2
908130	1018	5.685277	4.020631790161133	2
905944	1778	4.477981	2.697722911834717	2
1299081	1828	4.032466	3.133894920349121	2
1330972	1560	2.434439	2.646602153778076	2
1290806	1873	0.292311	2.5849432945251465	2
687562	1808	-1.538333	2.8860361576080322	2
1330972	1441	-0.270549	2.646602153778076	2
906875	1372	1.536369	2.233806610107422	2
949090	1054	4.418224	2.239866256713867	2
907792	1086	0.750267	1.7060805559158325	2
910781	1598	3.122877	4.018374919891357	2
907285	1250	3.92695	3.955702781677246	2
909784	2002	6.388401	3.133894920349121	2
908151	1052	0.768592	1.6406749486923218	2
907057	1847	-0.161466	2.938021421432495	2
910922	1191	-4.632313	0.9352713227272034	2
1240159	1046	3.254112	2.2116429805755615	2
1290908	1584	2.365272	2.851655960083008	2
687816	1062	4.619456	2.909712791442871	2
907320	1250	2.49017	3.2229747772216797	2
905983	1910	3.631938	2.054051637649536	2
910569	2109	1.935307	4.050343036651611	2
753538	1776	4.431914	2.648756504058838	2
753622	1031	-2.511745	1.7531369924545288	2
905991	1909	2.712415	2.2214150428771973	2
1240204	2107	4.109221	2.507449150085449	2
924189	1129	3.86656	2.5876870155334473	2
1240168	1051	0.75489	-1.7092422246932983	2
1331048	1734	1.966552	2.4061574935913086	2
905955	1713	2.533637	2.070115804672241	2
687590	1804	6.221001	3.1605587005615234	2
906828	1068	-0.502246	2.607959032058716	2
687800	1054	5.328035	2.116157293319702	2
905956	1622	4.56313	4.1240410804748535	2
688086	1013	2.208509	2.9206624031066895	2
1240127	2177	3.031041	3.9587807655334473	2
687590	1199	4.407335	4.306536674499512	2
909719	1025	5.376411	4.155185699462891	2
908125	1916	5.448601	3.6111559867858887	2
907791	1372	3.293631	2.5151126384735107	2
753615	1582	3.665009	2.2570295333862305	2
907318	1012	2.1903	2.84202241897583	2
907282	1375	5.535723	3.048384666442871	2
687804	1249	2.588184	3.661564826965332	2
905964	2157	4.64885	2.7211170196533203	2
949175	1016	1.811843	2.5876870155334473	2
924244	1630	2.050777	3.516233205795288	2
1295740	1830	1.373235	1.7590357065200806	2
906844	1915	2.161913	2.3141212463378906	2
907788	1804	2.698687	3.194685935974121	2
749712	2000	5.168223	2.913207530975342	2
753610	1449	4.324434	3.1780214309692383	2
753566	1866	4.42401	3.078817367553711	2
908443	1834	1.237252	3.113372802734375	2
908129	2149	2.981072	3.9587807655334473	2
687563	1817	-6.446311	3.079585313796997	2
753600	1012	3.181359	2.851655960083008	2
1298136	1832	5.836973	3.5969903469085693	2
908141	1043	4.553878	4.864177703857422	2
946382	1029	5.498552	3.0137343406677246	2
905990	1814	6.517643	2.8066084384918213	2
910710	2106	1.72357	2.1746890544891357	2
910851	1814	5.713345	2.761394500732422	2
1240212	1017	4.514266	3.6599698066711426	2
909252	1093	3.425873	2.0535173416137695	2
906862	1133	3.139765	4.539233207702637	2
909719	1738	3.255925	3.3055694103240967	2
907314	1179	-1.057632	1.103873372077942	2
910710	1927	4.513503	2.0951313972473145	2
687448	1083	3.709966	2.9431891441345215	2
998189	2360	6.103859	2.616093158721924	2
925348	1812	2.42683	3.1241564750671387	2
908150	1825	-0.719088	3.3104910850524902	2
908152	1866	2.751948	3.279252529144287	2
924187	1441	3.698923	2.58969783782959	2
909248	1732	5.820238	3.3620195388793945	2
910568	2157	4.204835	4.194363594055176	2
910933	1598	3.118248	4.12204647064209	2
1660036	1782	5.319624	3.7952945232391357	2
908463	1918	3.684791	2.697722911834717	2
905962	2110	4.245218	3.845776319503784	2
905976	1928	4.271794	3.6433165073394775	2
753533	1786	3.189201	3.1532034873962402	2
688010	1918	4.472643	2.646602153778076	2
949094	1845	-0.690417	3.1605587005615234	2
946370	2111	4.983589	4.0034027099609375	2
907046	1777	4.370172	3.5037951469421387	2
910704	1511	-1.465033	3.5126121044158936	2
1298222	1089	5.407072	2.3662829399108887	2
905958	1093	3.906745	2.0535173416137695	2
1290455	1809	-1.332423	1.2207422256469727	2
906801	2159	5.05875	3.889436721801758	2
910947	1093	3.305478	1.1812986135482788	2
1298365	1926	0.34514	2.721095561981201	2
909721	1854	6.997787	4.095922946929932	2
910853	1093	4.062244	3.4696383476257324	2
1503367	1564	-0.063454	3.2887825965881348	2
909736	1016	3.088119	2.6052446365356445	2
713880	1911	-5.510786	3.470853567123413	2
753541	1786	1.747787	2.6020138263702393	2
905944	1733	1.368114	3.516233205795288	2
905951	1561	2.682567	2.2353105545043945	2
906814	1626	2.143111	3.6433165073394775	2
907170	1449	4.464765	3.1052169799804688	2
910704	1718	3.41672	3.5037951469421387	2
905957	1237	4.691622	3.889436721801758	2
687820	1922	4.196268	2.7149462699890137	2
1299081	1052	4.096894	1.7891415357589722	2
753533	1854	4.092284	4.142582893371582	2
910694	1630	4.449151	3.584991931915283	2
909749	1849	1.238878	1.8423978090286255	2
908475	1025	4.421537	4.095922946929932	2
1298529	1020	6.291711	1.0041346549987793	2
905982	1375	5.708701	2.8860361576080322	2
1298365	1941	-2.178171	2.2214150428771973	2
753618	1832	3.489601	2.581782341003418	2
908472	1259	4.213532	4.1654052734375	2
1299075	1915	3.374014	2.881899356842041	2
909744	1250	1.5249	2.839108943939209	2
949173	1043	2.280352	5.1675496101379395	2
905968	2109	0.480568	4.129279613494873	2
910932	1708	-0.074648	1.7891415357589722	2
946360	1054	5.158922	2.239866256713867	2
908447	2171	-1.971746	0.4795899987220764	2
1298351	1047	3.894745	4.6889190673828125	2
909745	1817	-5.242256	3.079585313796997	2
908468	1627	3.411709	3.555546283721924	2
907271	1852	6.040591	3.377328872680664	2
1298350	1998	5.940311	3.753312587738037	2
909757	1840	4.002503	2.8077285289764404	2
907792	2362	6.576526	2.616093158721924	2
949171	1053	3.043019	2.5876870155334473	2
949172	1042	4.900037	5.1675496101379395	2
910780	2048	-3.438512	-2.970179319381714	2
910698	2171	2.500989	3.610637903213501	2
910936	1780	4.44846	2.668419361114502	2
910943	2110	6.225007	3.9889473915100098	2
910910	2046	5.55439	1.6406749486923218	2
946370	1854	5.917856	4.12204647064209	2
1247873	1834	0.443921	2.9135682582855225	2
909251	1624	0.604965	2.1016054153442383	2
753569	2359	5.418679	3.7173619270324707	2
1247873	1828	5.571362	2.9135682582855225	2
910689	1091	3.335795	2.8779397010803223	2
1240201	1997	5.244168	2.6268937587738037	2
1503365	1564	1.27557	3.2887825965881348	2
688006	1911	-5.507893	3.470853567123413	2
906693	1057	-1.55395	3.361886978149414	2
687777	1023	4.60656	2.7149462699890137	2
949173	1085	0.295215	3.1052169799804688	2
1327766	1826	1.634266	2.213979959487915	2
1240154	1915	2.7554	2.972954273223877	2
687506	2362	4.584084	2.2262139320373535	2
906869	1085	2.761769	3.34263277053833	2
753569	1622	3.916906	4.012042045593262	2
724825	1026	-0.936398	0.5719234943389893	2
909773	1940	3.598378	3.1990175247192383	2
907282	1849	0.780072	1.6690382957458496	2
905933	2106	2.894316	2.721095561981201	2
1298357	1811	-1.713933	3.2533488273620605	2
1299064	2109	3.449266	4.078111171722412	2
753578	1559	-1.539844	0.9352713227272034	2
1240193	1049	3.174343	2.3959603309631348	2
717431	2048	-3.667305	-2.970179319381714	2
1298226	1799	2.643047	3.236353874206543	2
907172	1017	4.509697	4.1368231773376465	2
907271	2359	6.225752	3.377328872680664	2
910546	2111	5.093206	4.537511825561523	2
749717	1712	-3.258046	3.569796562194824	2
910850	1808	1.31806	2.8310160636901855	2
1240168	2112	1.702175	3.1605587005615234	2
909781	1032	5.026332	1.8825585842132568	2
1240193	1932	1.173122	2.7489142417907715	2
908476	2112	3.586519	2.9135682582855225	2
906791	1179	2.412203	2.116157293319702	2
1330993	2096	3.327709	3.549377202987671	2
925347	2110	4.278561	4.493520736694336	2
724872	1786	2.603153	2.3959603309631348	2
907045	1060	3.666876	3.8130083084106445	2
924238	1062	0.70583	3.2377376556396484	2
911905	1631	5.537404	3.628584384918213	2
905940	1089	3.664723	1.0890562534332275	2
909703	1043	4.19935	3.2871789932250977	2
1299052	1854	4.197382	3.9103312492370605	2
1298151	2154	1.609601	4.10689115524292	2
688023	1814	5.275197	2.1638376712799072	2
908462	1016	-0.033897	3.8972933292388916	2
909721	1052	4.878344	2.116157293319702	2
1290906	1005	4.447555	3.5126121044158936	2
753540	1199	5.480054	4.359055042266846	2
688006	1804	6.472716	2.683027505874634	2
907058	2107	4.690846	2.7378549575805664	2
1240206	1080	-5.962846	-1.898469090461731	2
905952	1922	1.685872	1.1845141649246216	2
1298475	1912	3.784245	3.361886978149414	2
1240197	1631	4.404992	3.628584384918213	2
713880	1912	1.91711	2.646602153778076	2
1299062	1617	1.240241	1.409805417060852	2
949153	1564	2.376245	2.166667938232422	2
687816	1834	0.210839	2.9135682582855225	2
910910	1032	1.022805	2.3141212463378906	2
908146	1088	0.291068	1.132905125617981	2
1299050	1936	2.685586	2.6020138263702393	2
906801	1720	-2.404628	1.749346137046814	2
925347	1046	6.028206	2.534057855606079	2
735784	1050	3.880852	-1.707284927368164	2
1298475	1378	1.257662	3.1241564750671387	2
687820	1928	6.973729	3.7664871215820312	2
713885	1029	5.987537	2.3959603309631348	2
908483	1922	2.024916	2.3959603309631348	2
910920	1866	1.898388	3.2693450450897217	2
1524418	2039	2.900336	3.2961812019348145	2
907312	1047	2.507417	4.586554527282715	2
906839	1634	5.116105	5.086784839630127	2
1240122	1924	4.241555	2.507449150085449	2
905978	1175	3.492102	4.096872329711914	2
1298365	1779	1.634955	3.628584384918213	2
1330947	1720	-2.78214	0.8280930519104004	2
910781	1827	0.356883	2.941835641860962	2
907286	1928	5.81499	4.087435245513916	2
724869	1043	6.481394	5.947466850280762	2
1290455	1003	-3.549858	1.2207422256469727	2
907789	1401	0.701608	0.45473283529281616	2
908126	2359	4.327043	2.2086181640625	2
753600	1043	5.905901	5.441000938415527	2
1503362	1068	-0.140598	2.333080768585205	2
1503370	1811	-3.991464	3.753312587738037	2
905942	1598	1.785579	4.095922946929932	2
946372	1029	5.304019	2.750433921813965	2
907317	1034	-2.653148	2.591092348098755	2
687514	1845	3.518254	2.4957966804504395	2
1298169	2047	4.405403	3.568311929702759	2
910943	1013	4.455584	3.6751670837402344	2
724859	1927	5.588748	3.516233205795288	2
1240181	2039	2.939028	1.814821720123291	2
908150	1852	4.705193	3.899423122406006	2
908448	1049	3.567965	1.9121357202529907	2
753620	1401	3.268164	1.103873372077942	2
1480361	1576	3.316282	4.129279613494873	2
910853	2046	4.345833	1.7891415357589722	2
907790	1012	0.42055	2.7428555488586426	2
909251	1268	4.037935	2.6255273818969727	2
906875	2113	2.024967	2.581782341003418	2
907286	1038	4.481635	4.537511825561523	2
909749	1806	6.734536	2.3703155517578125	2
907173	1849	-0.790941	1.7963426113128662	2
1240179	2109	2.088077	3.760927438735962	2
908481	1036	4.593579	3.48543119430542	2
909250	1025	6.170839	4.142582893371582	2
907312	2498	7.791776	4.574333190917969	2
1331036	1835	0.549983	2.215794563293457	2
1298537	1025	4.836775	4.095922946929932	2
735784	1811	-1.460379	3.865682363510132	2
1290769	1013	4.338089	3.453667163848877	2
687820	1050	5.021287	-1.1844135522842407	2
910904	1909	2.886214	1.9990273714065552	2
724834	1091	2.928243	3.077766180038452	2
907321	1810	-2.338838	2.3662829399108887	2
1247871	1449	4.395701	2.3024070262908936	2
753621	1054	5.526197	2.118790626525879	2
907317	1093	2.562175	2.675436496734619	2
910922	1918	3.335645	2.553262948989868	2
906865	1910	2.534709	2.0869579315185547	2
909751	1249	3.051531	3.7952945232391357	2
908146	2360	4.601524	1.4991623163223267	2
1480364	1004	-1.665703	-1.8832275867462158	2
946356	1019	1.664783	3.2229747772216797	2
949093	2112	4.569557	2.913207530975342	2
906851	1918	1.701919	2.2353105545043945	2
1298348	1050	3.002958	-1.1844135522842407	2
1290725	1997	2.444539	1.9990273714065552	2
688006	1057	-0.142332	2.646602153778076	2
724868	1816	4.448972	4.344573974609375	2
1331038	1843	-2.773258	1.5098601579666138	2
687815	2148	1.034855	3.113372802734375	2
905990	1054	5.88658	2.239866256713867	2
688015	1618	3.279229	4.182441234588623	2
909748	1854	5.798418	4.050343036651611	2
905983	1932	3.650707	3.739241123199463	2
910922	2157	3.585232	4.0594892501831055	2
753618	1826	2.685011	2.581782341003418	2
907173	2109	5.300819	4.0104475021362305	2
753577	1494	-2.173529	3.4018349647521973	2
908141	1549	4.070671	2.280390739440918	2
1240181	1816	3.826607	3.3988823890686035	2
908442	1561	-1.382521	2.616093158721924	2
1331050	2107	3.803742	1.7806261777877808	2
907042	1507	4.542201	3.220362663269043	2
924244	1237	4.772896	4.075870990753174	2
908440	1024	-0.47957	3.1052169799804688	2
1330972	1032	1.462188	2.7111568450927734	2
1509073	1785	3.500152	3.9400243759155273	2
753589	1003	-0.867832	2.1638376712799072	2
1503371	1375	5.804373	2.3662829399108887	2
722066	1830	3.076776	2.9135682582855225	2
907276	1782	6.524446	3.2533488273620605	2
688031	1061	4.239576	3.48543119430542	2
909713	2148	0.522756	3.133894920349121	2
909770	1716	5.469828	3.34263277053833	2
724873	1931	5.370314	4.750152587890625	2
1240159	1560	3.409565	2.6052446365356445	2
1298359	1734	2.214741	3.865682363510132	2
907277	1799	4.258817	2.3024070262908936	2
924100	1782	5.139826	3.5405170917510986	2
917486	1909	1.832501	2.1274752616882324	2
753532	1627	3.207401	3.7601001262664795	2
906817	2171	5.258694	2.675436496734619	2
907792	1023	4.980815	2.5911865234375	2
925338	1133	4.903616	4.539233207702637	2
1298537	1375	7.161933	2.753811836242676	2
949088	1046	-2.063643	0.3342989683151245	2
910922	1004	-4.024655	-0.30017757415771484	2
1659823	1620	5.805749	3.690894603729248	2
909753	1131	3.007558	4.632562637329102	2
753535	1060	2.986039	2.849091053009033	2
910780	2055	0.282441	2.581782341003418	2
910926	1007	-6.547814	-2.162954330444336	2
907063	1194	5.296713	1.7934978008270264	2
909723	1922	5.97593	2.9431891441345215	2
910691	1843	-0.413072	3.1255762577056885	2
907786	1553	3.322885	2.697722911834717	2
907286	1843	-0.053019	3.1241564750671387	2
998184	1057	-4.299441	1.4991623163223267	2
753548	1050	1.317398	-2.8736371994018555	2
909249	1507	3.032393	2.7314016819000244	2
753566	1054	5.944121	1.813833236694336	2
908151	1586	3.722338	3.0240345001220703	2
753582	1168	3.930468	2.7111568450927734	2
907282	1558	4.771031	2.743971586227417	2
1298226	1088	1.814627	2.697299003601074	2
1240145	1068	0.233008	2.280517578125	2
924111	1733	0.886852	2.668419361114502	2
905977	1268	6.244345	4.1240410804748535	2
909740	1826	3.766865	2.8077285289764404	2
1480367	2044	5.253745	2.8066084384918213	2
1240199	2149	6.244783	4.077867031097412	2
1298476	2043	6.895404	4.537511825561523	2
1297446	1372	0.925259	2.166667938232422	2
907068	1401	2.161553	1.4013646841049194	2
930301	1936	3.93362	2.9431891441345215	2
907319	1593	4.707977	2.84202241897583	2
998189	1927	6.182738	3.596062183380127	2
909747	1813	7.241335	2.523937225341797	2
909260	1578	3.87137	1.132905125617981	2
1298358	1622	4.976583	3.705052375793457	2
910926	2170	4.012234	3.0793731212615967	2
909753	1714	1.92791	3.2566332817077637	2
753574	1830	2.183052	3.0053164958953857	2
905962	2113	4.779266	2.8077285289764404	2
908124	1018	5.548453	4.1368231773376465	2
1240190	1786	2.405665	2.7149462699890137	2
688031	2003	4.46918	2.683027505874634	2
1331032	1199	3.499685	3.3625669479370117	2
905960	1913	4.468732	5.625459671020508	2
724839	1372	0.746635	3.026733160018921	2
1524414	1026	-0.998197	0.9352713227272034	2
905964	1618	2.96748	3.451406478881836	2
1503362	1911	-5.282162	3.865682363510132	2
1299081	1054	2.917932	1.7891415357589722	2
905942	2109	4.60654	4.095922946929932	2
1503361	1561	2.057794	2.5899085998535156	2
753610	1996	4.435611	1.409805417060852	2
1503368	1463	5.504286	2.591092348098755	2
924238	1706	-0.749781	3.9551236629486084	2
1480359	1997	1.551709	2.2214150428771973	2
924108	1828	4.004474	2.8077285289764404	2
1297438	1626	0.084792	3.3640084266662598	2
949174	2148	1.373764	2.581782341003418	2
909706	1007	-0.983728	-0.7059563994407654	2
998184	2045	3.794609	1.4991623163223267	2
907272	2145	-1.099765	1.7590357065200806	2
924244	1809	0.375642	2.753811836242676	2
1674021	1839	4.24301	2.8077285289764404	2
907311	1618	1.094803	3.7906670570373535	2
753583	1089	6.326077	2.6981444358825684	2
713885	1047	4.743087	4.244688987731934	2
910935	1013	1.333108	1.9903990030288696	2
724878	1019	4.805672	3.516233205795288	2
1322212	1009	5.336795	3.470853567123413	2
925338	1049	4.152312	3.0137343406677246	2
1240181	1131	3.193254	3.726468563079834	2
687505	1200	2.485342	3.9453442096710205	2
1503364	1051	3.50905	-1.6282838582992554	2
907300	1708	-1.881979	0.398354172706604	2
905960	1816	5.5808	4.191214084625244	2
687995	1930	0.466964	3.5884146690368652	2
907173	2172	3.243762	3.788099765777588	2
924239	1631	1.546149	2.7314016819000244	2
1240196	1814	6.812847	2.6981444358825684	2
753538	1912	3.330394	2.507449150085449	2
907789	2173	3.644327	2.1016054153442383	2
1659818	1916	-1.450879	2.7314016819000244	2
717431	1259	0.320734	2.869762420654297	2
946382	1017	4.145148	4.027103900909424	2
687800	1785	5.740276	3.753312587738037	2
688026	1912	1.879281	2.646602153778076	2
905933	1091	2.631941	3.1756300926208496	2
908461	2044	3.901854	3.3303589820861816	2
908443	1378	5.696947	2.697299003601074	2
1240218	2177	3.579604	4.493520736694336	2
1503366	2110	4.98326	3.830857753753662	2
907071	1835	4.823442	2.938021421432495	2
907281	1780	4.1709	2.7314016819000244	2
909248	1576	3.345835	3.7309465408325195	2
1659928	1915	0.466794	1.9915763139724731	2
907045	2177	0.682729	3.889436721801758	2
908455	2498	8.092878	5.167561054229736	2
1298352	1372	-2.236927	3.2729296684265137	2
753583	1720	2.116763	1.9990273714065552	2
1240157	2360	3.661787	2.6052446365356445	2
713880	1782	4.643486	3.470853567123413	2
949178	1149	0.254103	1.5056358575820923	2
905938	1911	-5.0212	2.034363269805908	2
924188	1080	-0.981524	-1.8433990478515625	2
1299075	1830	3.631072	3.194685935974121	2
749709	1096	4.155691	0.20928750932216644	2
909719	2499	9.23866	5.509791851043701	2
910905	1091	1.4762	2.8779397010803223	2
905956	1037	3.848075	3.6111559867858887	2
924106	1006	-1.790931	3.569796562194824	2
949179	1200	3.361766	3.3988823890686035	2
908455	1014	1.786215	2.9047436714172363	2
909907	1038	4.992081	4.027103900909424	2
946372	1080	-4.926521	-1.7092422246932983	2
724873	1563	5.888767	4.075870990753174	2
910700	1808	2.806129	2.523937225341797	2
1298537	1175	3.249946	4.1654052734375	2
909715	1557	3.789912	0.8280930519104004	2
998184	2172	0.145151	2.1016054153442383	2
908465	1783	6.539388	3.753312587738037	2
946370	1048	5.399391	4.0034027099609375	2
910952	2171	2.359278	3.610637903213501	2
907065	1776	5.041659	3.078817367553711	2
687995	1059	2.334223	2.646602153778076	2
1298353	1037	3.181831	3.488511085510254	2
1298226	2110	5.288341	3.8368799686431885	2
905981	1507	2.90512	3.41040301322937	2
909728	1060	-0.409351	3.243833303451538	2
908447	1584	3.641017	1.814821720123291	2
1331033	1940	2.664552	3.1990175247192383	2
946355	1378	3.496268	2.3662829399108887	2
1503363	1630	3.525723	3.2229747772216797	2
905986	1086	0.715884	1.6912659406661987	2
907278	1559	-1.551331	0.01650451123714447	2
949094	1563	6.3419	3.9889473915100098	2
687586	1712	-3.182251	3.8187804222106934	2
1240209	1808	0.711292	3.3303589820861816	2
1659819	1048	2.741537	2.0923094749450684	2
910935	1057	-3.7481	1.7806261777877808	2
906804	1847	3.528058	2.939345359802246	2
1299052	1734	1.565336	3.503140926361084	2
905960	1047	5.666631	4.539233207702637	2
905952	2172	1.77723	2.1016054153442383	2
905983	1175	4.916289	4.0034027099609375	2
910781	2038	4.19369	3.9587807655334473	2
905978	1037	3.188642	3.41040301322937	2
905949	1714	0.574302	2.909712791442871	2
753592	1855	4.044789	2.909712791442871	2
909736	1050	2.645914	-2.4496164321899414	2
910931	1080	-5.497767	-1.1844135522842407	2
909721	1915	4.335876	2.172034502029419	2
907057	1200	2.652925	4.462334632873535	2
1503364	1014	3.833455	2.9047436714172363	2
909702	1006	-3.929483	2.2472901344299316	2
753551	1817	-6.23855	2.404646396636963	2
753532	1563	5.358473	3.7601001262664795	2
910911	2113	3.234428	2.8874645233154297	2
1303900	1581	2.652496	3.988419532775879	2
909253	1058	1.193207	2.4044065475463867	2
688031	1847	2.70669	2.683027505874634	2
910951	1780	4.46745	2.0951313972473145	2
909904	1613	6.456727	4.537511825561523	2
908448	1023	2.679547	1.9121357202529907	2
1240224	1179	1.548066	1.775168538093567	2
906875	1730	1.49133	2.622612953186035	2
687448	1930	2.454095	4.1368231773376465	2
1480367	2169	2.80515	2.721095561981201	2
724868	1716	4.881566	3.516233205795288	2
910545	1933	1.948703	0.01650451123714447	2
1327765	1634	3.591802	3.3675434589385986	2
908123	1007	-5.435892	0.20928750932216644	2
687980	1782	3.561098	3.470853567123413	2
906807	1190	-5.58265	1.5098601579666138	2
753562	1560	0.955921	2.507449150085449	2
910851	1736	3.201662	3.2729296684265137	2
687980	1072	4.615811	3.470853567123413	2
1298533	2038	4.948439	4.493520736694336	2
910934	1375	3.386584	1.5098601579666138	2
907067	1086	-0.360033	1.7891415357589722	2
908152	1824	1.972608	3.3104910850524902	2
753547	1820	0.769452	2.683027505874634	2
908461	1783	6.375445	3.2533488273620605	2
924100	1933	6.451965	2.8382248878479004	2
908481	1007	-3.207487	-2.5270118713378906	2
1240187	1059	-1.349188	2.697722911834717	2
908443	2045	3.784868	2.520026922225952	2
749717	1594	3.371523	2.2353105545043945	2
687586	1618	4.785282	5.086784839630127	2
906868	2106	1.819633	2.25681209564209	2
946358	1927	3.759405	2.3024070262908936	2
687980	2096	2.728326	3.48543119430542	2
910920	1836	4.640246	3.350266456604004	2
1331037	1632	1.312848	0.3342989683151245	2
930299	2159	6.340919	4.194363594055176	2
1240185	1924	3.575492	2.697722911834717	2
1240226	1563	5.836011	3.9999289512634277	2
906763	1812	2.305534	1.132905125617981	2
1240155	2040	1.582191	2.8035545349121094	2
1298222	1632	3.920775	2.118790626525879	2
1290922	1780	5.898417	3.5037951469421387	2
908121	1922	3.251811	3.0137343406677246	2
753548	1088	-0.112949	1.2207422256469727	2
907792	1816	4.631448	4.164222717285156	2
946370	1034	-3.943156	2.750433921813965	2
1298347	1004	0.185147	-1.1844135522842407	2
687819	1909	2.724761	2.280517578125	2
907042	1558	3.660442	2.743971586227417	2
1330931	1062	2.367008	1.2715928554534912	2
1298134	1179	-0.109153	1.4013646841049194	2
909753	2499	10.332593	4.722807884216309	2
753535	1512	5.956292	2.6981444358825684	2
1330942	1776	4.034149	2.3052291870117188	2
753576	1998	5.841511	3.865682363510132	2
949154	1088	2.786476	2.520289897918701	2
1240204	1054	3.54127	1.6116344928741455	2
1503371	2171	5.233032	2.675436496734619	2
909744	1836	1.809405	2.255171298980713	2
909728	1998	5.7485	3.7173619270324707	2
713869	1036	5.129899	2.909712791442871	2
753555	1014	0.44925	3.2887825965881348	2
688021	1734	7.397055	3.470853567123413	2
749717	1083	4.500161	3.0137343406677246	2
724870	1036	6.013684	3.287982702255249	2
946377	1091	1.727034	3.739241123199463	2
905941	1845	5.542979	3.113372802734375	2
906817	1808	2.1677	2.3662829399108887	2
910924	1494	-4.261624	3.3303589820861816	2
906868	1832	4.031893	2.8170011043548584	2
910937	1563	4.882532	3.555546283721924	2
1330931	1093	3.06428	0.6128799319267273	2
949172	1594	1.488298	2.5876870155334473	2
753569	2055	1.041957	3.113372802734375	2
1240129	1179	1.595136	2.239866256713867	2
1240122	1630	5.721386	2.668419361114502	2
905989	1918	5.468847	2.616093158721924	2
906817	1776	5.490821	2.697589874267578	2
753581	1372	-1.421688	2.070115804672241	2
1659823	1815	4.933335	3.7952945232391357	2
1503366	1042	5.025528	5.380987167358398	2
906837	1560	2.197827	2.507449150085449	2
906875	1738	3.331735	0.4795899987220764	2
924188	1559	-1.968758	1.4046494960784912	2
910935	1580	3.603742	1.8751798868179321	2
905977	1088	4.682987	2.8510518074035645	2
1298151	1854	4.973922	4.155185699462891	2
1240158	1833	1.933103	2.938021421432495	2
688026	1054	4.272973	1.7406905889511108	2
1240209	1730	1.829664	2.8644187450408936	2
909750	1928	3.860806	3.5994858741760254	2
909778	1005	3.317903	3.5126121044158936	2
910781	1563	5.622007	3.9587807655334473	2
1509073	2111	3.006325	4.096872329711914	2
688026	1918	2.400643	2.646602153778076	2
1298365	1855	6.125061	3.2566332817077637	2
1298357	1706	1.386273	3.5619447231292725	2
713869	1190	3.051052	2.753811836242676	2
1331032	1625	3.057497	1.8751798868179321	2
1240146	1019	-0.147197	3.516233205795288	2
946372	1030	5.036015	4.0034027099609375	2
687455	2170	2.710239	3.0793731212615967	2
910545	1529	-1.422629	2.034363269805908	2
687514	1089	2.782148	2.520289897918701	2
753555	1067	5.090967	2.118790626525879	2
724825	1084	-5.301259	1.6484423875808716	2
753547	1011	0.035285	1.409805417060852	2
906842	1013	1.946214	1.9903990030288696	2
1240174	1026	-0.850809	1.1820834875106812	2
910921	1712	-2.863268	3.5465664863586426	2
1659817	2107	3.951292	1.6484423875808716	2
909250	1839	4.960571	3.350266456604004	2
1298533	1047	5.931038	5.59160041809082	2
687506	2044	2.570777	2.520289897918701	2
909755	1866	4.016279	2.817746162414551	2
906696	2439	9.910329	4.053401947021484	2
687807	1038	3.41519	4.1654052734375	2
749717	1618	5.217012	5.625459671020508	2
1480371	1593	3.083429	2.8635544776916504	2
1303911	1494	-0.395771	3.5126121044158936	2
1240153	1091	3.558589	3.4696383476257324	2
909746	1635	6.18288	3.7952945232391357	2
924240	1839	3.754305	2.913207530975342	2
907317	1191	-5.558754	1.7531369924545288	2
1298222	1733	3.275938	3.2229747772216797	2
753556	1918	1.607596	2.520026922225952	2
910079	1131	4.11037	5.062485694885254	2
1659929	1529	3.252897	3.7952945232391357	2
1479987	1816	5.006758	4.287851333618164	2
1330984	1922	2.727715	1.7934978008270264	2
1330973	1936	4.461987	2.3959603309631348	2
907270	1734	1.042125	3.0755558013916016	2
906826	1029	7.464957	3.0137343406677246	2
1240190	1627	3.617841	4.075870990753174	2
905946	1048	5.198676	4.027103900909424	2
907068	1736	2.728106	3.026733160018921	2
722046	1007	-6.92488	-1.1844135522842407	2
1298538	1632	2.735671	1.8132261037826538	2
910544	2149	-1.888637	2.5460023880004883	2
753623	1813	6.7711	2.3662829399108887	2
687514	1838	3.634206	2.4957966804504395	2
687794	1854	3.345927	4.095922946929932	2
1480358	1061	5.718549	3.2566332817077637	2
907789	1057	-1.775131	1.4991623163223267	2
908150	1010	4.298507	3.213534116744995	2
906833	1401	1.660866	1.2747539281845093	2
722045	1018	6.005597	4.1654052734375	2
1331036	2111	0.592012	2.0923094749450684	2
688018	1627	4.444102	3.555546283721924	2
1240167	1626	1.352863	3.686946153640747	2
1240189	1060	1.36932	3.48543119430542	2
753614	2438	10.830053	3.865682363510132	2
910399	1510	2.88715	3.077766180038452	2
909975	1067	6.117382	1.8700733184814453	2
908126	2172	-0.630695	2.060913324356079	2
905945	1919	1.164546	2.3141212463378906	2
908126	1042	5.05999	3.805521011352539	2
910851	1563	4.828726	3.9804372787475586	2
907321	1373	4.53087	3.2887825965881348	2
1240142	1012	1.438983	2.962693691253662	2
909743	1813	0.742134	1.132905125617981	2
907058	1549	5.184515	2.668095588684082	2
907272	1042	4.497953	3.2871789932250977	2
910692	1510	2.168275	2.7489142417907715	2
910947	2360	3.027708	2.4044065475463867	2
688058	2359	6.310906	3.899423122406006	2
688011	1734	3.548941	3.470853567123413	2
910924	1052	4.228647	1.5576940774917603	2
724868	1083	1.580265	2.7149462699890137	2
905980	1052	6.267358	1.775168538093567	2
905952	1827	0.922361	1.7590357065200806	2
753558	1593	2.975822	3.2961812019348145	2
907289	1050	1.529183	-2.0583245754241943	2
1303900	1401	5.483319	1.6406749486923218	2
907173	1560	4.176264	3.8972933292388916	2
687561	2439	9.637241	3.8187804222106934	2
687506	1847	5.881662	2.4957966804504395	2
1503366	1819	-2.958097	-1.707284927368164	2
749714	1581	2.66575	3.988419532775879	2
925347	1840	3.545353	3.5969903469085693	2
1290769	1996	5.049678	2.1274752616882324	2
1240157	2359	5.29716	3.740973711013794	2
1295741	1783	4.448362	2.6318557262420654	2
905944	2170	3.521546	2.697722911834717	2
1290722	2107	5.34416	3.468116283416748	2
749713	1194	5.793501	3.0137343406677246	2
687514	1529	2.506743	3.439810037612915	2
724828	1824	1.83231	2.581782341003418	2
908450	1924	3.905043	2.25681209564209	2
910694	1632	4.613002	1.6912659406661987	2
688087	1372	-1.245947	2.233806610107422	2
905961	1020	5.473289	1.3585931062698364	2
753616	2003	4.069515	2.581782341003418	2
910554	1190	-0.531914	2.523937225341797	2
907061	1840	0.21251	2.8874645233154297	2
905962	1576	4.007764	4.050343036651611	2
909737	1816	4.604355	4.462334632873535	2
1524414	1931	5.08972	4.523359298706055	2
906804	1250	0.838907	3.488511085510254	2
905936	2044	2.482759	2.523937225341797	2
909755	1005	4.2585	2.523937225341797	2
1298358	1916	2.271392	3.34263277053833	2
688058	1778	4.947628	3.8972933292388916	2
1480371	1803	3.270206	3.05387020111084	2
910936	1017	4.791196	3.881478786468506	2
908470	1016	3.091375	3.8972933292388916	2
1659818	1019	1.097155	2.7314016819000244	2
946370	1133	4.71403	4.667421340942383	2
924244	1175	4.161754	4.1654052734375	2
1330941	1168	2.466128	2.3141212463378906	2
1660036	1559	1.794006	1.3585931062698364	2
907173	1375	7.436257	2.6257238388061523	2
688011	1811	-1.428833	3.470853567123413	2
688015	1200	1.861147	3.8336448669433594	2
1290724	1580	5.674361	3.374044418334961	2
910927	1939	1.39623	1.749346137046814	2
906824	1581	2.131917	3.4520089626312256	2
910952	1200	2.517729	4.323368072509766	2
905976	1996	4.647317	2.0869579315185547	2
910937	2040	0.753334	2.3959603309631348	2
753621	1910	1.88511	2.333080768585205	2
753556	1054	4.999406	1.8132261037826538	2
910544	2047	1.682783	1.2715928554534912	2
910861	1372	2.237259	2.5014781951904297	2
908440	1720	0.942126	1.5056358575820923	2
924111	1913	4.776494	4.975743293762207	2
910944	1834	-0.69879	1.7590357065200806	2
1331032	1032	0.802572	1.4749804735183716	2
906834	1086	-4.136668	1.2747539281845093	2
1330941	1018	5.996139	4.027103900909424	2
753588	1561	0.415259	2.646602153778076	2
910851	1581	3.425077	3.6239638328552246	2
687457	1613	4.70664	3.981985092163086	2
1331033	1626	-1.443362	1.8751798868179321	2
1524417	1018	4.840514	4.096872329711914	2
909735	1804	3.984653	2.941835641860962	2
1327769	1561	2.550518	1.7806261777877808	2
906863	1581	2.147841	3.374044418334961	2
906693	2148	3.992593	3.5969903469085693	2
687448	1820	5.335771	3.133894920349121	2
924106	1019	2.645655	3.5037951469421387	2
946363	1023	3.261381	1.763422966003418	2
907055	1829	1.289005	2.872493028640747	2
753621	1738	1.05586	2.675436496734619	2
910943	2156	3.837469	3.8187804222106934	2
906818	1584	3.778335	3.096682071685791	2
1479987	1916	3.352595	3.628584384918213	2
906797	1812	3.448131	2.3703155517578125	2
753616	1630	4.219721	3.1052169799804688	2
908458	1780	5.635474	3.596062183380127	2
905978	1585	3.709534	3.2961812019348145	2
753576	1806	7.185855	2.3662829399108887	2
1290769	2159	6.567713	3.845776319503784	2
687563	1739	0.705433	3.584991931915283	2
1331038	1004	-4.052276	-2.932379722595215	2
910947	1576	1.064268	3.1552822589874268	2
1479988	1786	2.836906	2.7032346725463867	2
910688	1019	0.213489	2.1789026260375977	2
906746	1931	5.618233	4.667421340942383	2
1240155	2038	3.180044	3.6576647758483887	2
946368	2044	2.802258	2.8860361576080322	2
907287	2109	1.680575	4.050343036651611	2
1240129	2113	3.58421	3.05387020111084	2
1509074	2044	5.888596	3.4018349647521973	2
1298222	1825	1.591909	3.0053164958953857	2
917486	2045	5.688745	2.616093158721924	2
687997	1733	4.130236	3.1780214309692383	2
687562	1051	1.991484	-1.7092422246932983	2
909761	1019	4.025327	3.596062183380127	2
907272	1091	1.536063	2.0535173416137695	2
907300	1021	-0.151555	1.9121357202529907	2
906833	1832	3.140162	2.8575167655944824	2
908150	1629	4.131121	1.655740737915039	2
909744	2159	3.145881	3.0207693576812744	2
949094	1908	4.646901	3.25826358795166	2
909698	1635	3.995882	3.7952945232391357	2
1240226	1939	4.374248	2.0869579315185547	2
907170	1830	1.072506	2.581782341003418	2
910910	2112	2.893517	2.913207530975342	2
908462	1563	7.224709	3.818448543548584	2
907272	2107	3.777726	1.4991623163223267	2
906812	1047	5.205326	4.539233207702637	2
1240178	1799	4.485888	3.8574295043945312	2
910926	1940	2.997869	4.06668758392334	2
1479995	1036	3.236512	3.2566332817077637	2
1330995	1594	2.375795	1.7806261777877808	2
910924	1583	2.957355	3.6576647758483887	2
907173	1088	3.122168	2.6257238388061523	2
910936	1718	3.328581	2.668419361114502	2
688013	1785	5.065333	3.470853567123413	2
1240159	1131	7.070521	5.064802169799805	2
924240	1578	4.590481	3.5126121044158936	2
906869	1925	4.610573	3.8614487648010254	2
910944	1626	1.02895	2.1016054153442383	2
753556	1583	3.204493	3.8368799686431885	2
753548	1593	0.622771	1.8167321681976318	2
910911	1057	-0.52472	2.507449150085449	2
910691	1734	2.019532	3.738980293273926	2
907285	1829	3.228796	3.5969903469085693	2
1298357	1585	4.897533	2.9382340908050537	2
909771	1799	3.973688	2.1789026260375977	2
1330931	1463	3.031486	1.296135425567627	2
1240146	1930	2.288013	4.1654052734375	2
1240178	1089	6.579511	2.8424081802368164	2
908452	1941	-6.363156	1.6690382957458496	2
1480358	1079	-2.231671	3.628584384918213	2
910918	1024	-2.303037	2.117570400238037	2
687800	1917	2.65814	4.1654052734375	2
1524414	2177	2.662499	4.0594892501831055	2
749715	1083	2.793651	3.0137343406677246	2
687983	1060	3.532084	3.48543119430542	2
908457	1712	-0.00159	3.7952945232391357	2
1298219	1734	2.086721	3.661564826965332	2
908130	1059	2.765683	2.58969783782959	2
908120	1939	0.985296	1.749346137046814	2
907281	1268	3.44068	3.0195505619049072	2
905945	1022	2.696661	1.6406749486923218	2
1298226	2438	9.144917	3.7173619270324707	2
910701	1912	3.226278	2.507449150085449	2
909697	1936	2.210203	2.8035545349121094	2
905986	1058	2.187625	2.68074893951416	2
1298529	1931	5.691298	4.665868759155273	2
687819	1029	6.184483	2.7149462699890137	2
1240123	1463	3.396584	2.5911865234375	2
1298216	1613	5.078081	4.537511825561523	2
909727	2040	1.265177	2.9431891441345215	2
1240143	1069	3.387792	2.745581865310669	2
687506	1080	-2.867343	-1.7121942043304443	2
909747	1996	6.284138	2.1274752616882324	2
1240200	1930	1.235172	4.051674842834473	2
1659817	1924	1.304464	1.6484423875808716	2
687812	1811	-2.617683	3.753312587738037	2
909974	1003	-1.500611	3.4018349647521973	2
946356	1834	2.508752	3.0053164958953857	2
907274	1917	2.180856	2.0923094749450684	2
909755	1047	6.164361	4.506333351135254	2
1297438	1558	1.900118	2.7111568450927734	2
910853	1826	1.993829	3.133894920349121	2
687821	1930	1.930581	4.1654052734375	2
905939	1622	4.510892	4.050343036651611	2
753621	1047	6.312806	5.062485694885254	2
910710	1738	-1.895877	0.6128799319267273	2
908458	1916	1.986487	3.596062183380127	2
907278	1080	-1.998686	-2.8736371994018555	2
906795	2113	3.325092	3.5196585655212402	2
753600	1067	5.858488	2.116157293319702	2
909703	2499	9.682484	2.8584418296813965	2
910931	1924	3.1734	2.697722911834717	2
1331050	1941	-5.298779	1.0336698293685913	2
906863	1730	3.013091	2.648756504058838	2
753576	2499	11.588236	5.154528617858887	2
687980	1928	4.844594	3.3640084266662598	2
724874	1049	4.611839	2.7149462699890137	2
905979	1005	4.165547	3.4018349647521973	2
1298167	1932	1.778264	3.651789665222168	2
1298157	1634	4.958753	5.625459671020508	2
1327766	1817	-4.84124	2.2570295333862305	2
906855	1714	2.080475	1.2715928554534912	2
909905	1811	-2.945209	3.8187804222106934	2
722046	1615	3.923114	2.697722911834717	2
909725	1042	6.255441	4.720883846282959	2
1240219	1785	7.001561	4.103055477142334	2
905955	1378	5.85886	2.8510518074035645	2
688026	1564	5.21189	3.48543119430542	2
717431	2439	7.391621	3.762688159942627	2
907063	1239	1.308525	2.4061574935913086	2
906746	1915	2.813586	2.5455331802368164	2
907062	1177	5.485545	3.881478786468506	2
687802	1817	-2.981679	2.851655960083008	2
687505	2039	2.080575	2.515397071838379	2
1299062	1922	5.115485	2.3959603309631348	2
907062	1003	-3.110903	2.6981444358825684	2
687505	1622	3.197901	3.760927438735962	2
753558	1785	6.332691	3.9400243759155273	2
910933	1059	0.431793	2.68074893951416	2
946368	1008	3.081324	2.8860361576080322	2
910689	2106	5.339717	2.616093158721924	2
910850	1047	3.053546	5.064802169799805	2
1297449	1812	1.031386	1.5098601579666138	2
905940	1180	-2.299463	0.8288886547088623	2
753535	1177	4.511701	3.881478786468506	2
1298537	1785	5.602605	3.753312587738037	2
1298537	1512	5.405418	2.753811836242676	2
687448	1909	2.203167	2.0869579315185547	2
1290725	1054	3.940975	1.6116344928741455	2
687459	1919	2.756258	2.7189836502075195	2
749717	1732	5.764346	3.569796562194824	2
1240226	1804	7.677084	3.133894920349121	2
688025	1615	4.503819	2.646602153778076	2
906863	1831	2.913356	2.8874645233154297	2
906839	2037	4.608832	3.9889473915100098	2
907270	1049	1.621012	1.955635905265808	2
1298350	2046	4.012273	2.116157293319702	2
753585	1839	4.435998	3.350266456604004	2
925338	1913	5.615818	5.625459671020508	2
910692	1021	3.268741	2.3959603309631348	2
1240182	1375	7.074682	2.1638376712799072	2
753624	1843	-1.042581	3.1241564750671387	2
909743	1050	1.378018	-2.861358642578125	2
907792	1012	1.841004	2.7428555488586426	2
906833	1780	5.176119	3.249107837677002	2
910698	1563	5.6609	4.0594892501831055	2
907317	1560	2.281701	2.5899085998535156	2
905955	2359	5.450564	3.5465664863586426	2
1331033	1827	1.652009	2.215794563293457	2
1240167	2112	1.742596	3.0053164958953857	2
753540	1512	5.627763	2.761394500732422	2
906795	2171	2.959764	3.651789665222168	2
908473	1828	5.25508	2.9135682582855225	2
906817	1089	4.747566	2.3662829399108887	2
909774	1919	2.123578	2.564387559890747	2
909704	1250	0.523648	3.541130542755127	2
909257	1168	2.565789	2.6193008422851562	2
910688	1029	4.65596	1.9121357202529907	2
1240155	1932	2.948367	3.562347412109375	2
1298151	1782	5.463211	3.740973711013794	2
925340	1635	5.941971	3.2533488273620605	2
688086	1047	4.032112	3.726468563079834	2
905981	1912	1.150164	2.553262948989868	2
907321	1862	-1.5063	1.7531369924545288	2
909774	1733	3.177367	3.488511085510254	2
924107	1714	0.8132	3.026733160018921	2
946353	1249	4.353584	3.865682363510132	2
724878	1626	4.263853	3.7664871215820312	2
924238	1630	2.671689	3.8574295043945312	2
908126	1924	5.132124	2.1746890544891357	2
906812	1634	3.561062	5.625459671020508	2
909755	1819	1.152261	-2.0583245754241943	2
910698	1718	4.04078	3.41040301322937	2
910861	1873	0.616031	1.7806261777877808	2
908476	1782	5.647427	3.753312587738037	2
907289	1079	2.273326	3.596062183380127	2
909249	1940	3.760262	3.0195505619049072	2
1298169	1836	3.541161	3.350266456604004	2
908476	1072	5.922018	3.753312587738037	2
1298216	1810	1.842014	3.1241564750671387	2
907794	2158	5.042026	3.845776319503784	2
1240157	2047	0.789182	3.0748398303985596	2
907045	1019	2.627972	3.5037951469421387	2
1297446	2362	3.431733	1.4991623163223267	2
908455	1582	3.230392	2.9382340908050537	2
949154	1022	-0.169062	1.4013646841049194	2
724870	2047	1.532237	3.287982702255249	2
909698	1620	4.606612	3.690894603729248	2
910927	2000	5.49246	2.913207530975342	2
907067	1815	5.156658	3.5465664863586426	2
749717	1072	4.688475	3.569796562194824	2
905940	1583	2.867898	2.5460023880004883	2
753548	1808	-2.788589	1.2207422256469727	2
908141	2145	-2.417607	2.1323397159576416	2
1503371	1598	2.857964	4.078111171722412	2
1503362	1811	-2.750862	3.865682363510132	2
1303900	1632	3.974621	1.6406749486923218	2
753581	1557	5.553967	2.0869579315185547	2
910079	1621	4.171339	2.84202241897583	2
753608	1778	3.173505	2.697722911834717	2
753565	1559	-2.169629	1.4097832441329956	2
907286	1177	5.039602	4.537511825561523	2
906877	1401	3.605945	0.45473283529281616	2
908146	1936	2.212331	1.1845141649246216	2
753552	1043	5.768313	4.718310356140137	2
1330982	1564	1.690937	2.5014781951904297	2
724866	1084	-0.376391	2.697722911834717	2
687777	1916	4.985442	3.516233205795288	2
905972	1053	5.572864	2.697722911834717	2
905978	2096	3.2747	3.568311929702759	2
905986	2498	8.046059	5.086784839630127	2
1299062	1089	6.423569	2.1638376712799072	2
753534	1625	4.09421	3.6239638328552246	2
753588	1011	-1.763926	1.409805417060852	2
1331033	1854	2.347741	3.1990175247192383	2
1659929	1911	-3.767339	3.7952945232391357	2
753615	1813	5.860967	1.895606279373169	2
910698	1058	-0.399417	2.553262948989868	2
905957	1936	3.520403	3.0137343406677246	2
1503367	1940	3.810872	4.078111171722412	2
908118	1057	-2.034336	2.5876870155334473	2
1298226	1021	3.350874	2.6136720180511475	2
1290725	1931	4.746524	4.665868759155273	2
1330947	1824	0.586435	2.1323397159576416	2
1240222	2040	0.76702	2.7032346725463867	2
906821	1085	3.363649	3.955702781677246	2
1660036	1779	0.680452	3.596062183380127	2
909748	1927	5.474508	3.596062183380127	2
753577	1918	2.563654	2.553262948989868	2
910932	2173	5.376452	3.6433165073394775	2
906830	1732	5.640081	3.5465664863586426	2
1298359	1799	1.587232	3.2229747772216797	2
907789	1003	-1.800191	1.132905125617981	2
1503369	1853	5.119599	2.851655960083008	2
908449	1494	0.838487	3.048384666442871	2
687459	1620	5.939251	3.6551101207733154	2
910853	1073	6.50544	3.5465664863586426	2
1524416	1708	-1.35379	1.775168538093567	2
724873	1073	4.501158	3.753312587738037	2
1524415	1622	4.674237	4.142582893371582	2
905974	2002	4.657938	3.133894920349121	2
907051	1013	4.008183	3.6092615127563477	2
905971	1428	3.554459	3.7952945232391357	2
688027	2361	4.980821	2.646602153778076	2
907062	2110	5.000254	3.7601001262664795	2
908455	1829	0.979762	2.872493028640747	2
910079	1085	2.33254	3.2229747772216797	2
1660035	1917	4.450707	3.8058555126190186	2
1299078	1013	4.292137	3.5655570030212402	2
930301	1033	5.105053	3.5465664863586426	2
906812	1026	-2.46805	1.3622361421585083	2
1297449	1820	2.684237	2.215794563293457	2
910781	2057	4.527275	2.941835641860962	2
909781	1709	2.625638	1.775168538093567	2
908472	1494	-0.918078	2.753811836242676	2
1290908	1614	2.3799	3.516233205795288	2
925340	1925	5.404707	3.8614487648010254	2
753541	1052	1.904372	1.6116344928741455	2
946355	1933	2.902453	1.7531369924545288	2
1660034	2109	3.478701	4.050343036651611	2
1298216	1738	2.366886	3.7718801498413086	2
1297439	1931	3.883855	4.244688987731934	2
687816	1553	1.625119	2.697722911834717	2
1240185	1086	-1.643399	2.116157293319702	2
906798	1026	-1.38509	1.5096567869186401	2
909726	1634	6.006831	4.535634994506836	2
1299081	1809	1.463785	2.8510518074035645	2
907055	2171	0.055259	3.562347412109375	2
1298357	1932	6.151826	3.562347412109375	2
1659818	2157	4.108091	2.7211170196533203	2
907799	1052	1.15715	0.3342989683151245	2
1331032	2112	1.506402	2.215794563293457	2
909747	1372	-2.338853	2.135859727859497	2
905952	1919	1.407799	2.1140711307525635	2
1240127	1020	6.164632	1.1820834875106812	2
905958	1557	4.808248	0.6846939325332642	2
924111	1373	3.080287	2.849091053009033	2
1247871	1073	2.163407	2.2472901344299316	2
753624	1816	4.562852	4.841119289398193	2
1240127	1023	4.596608	2.6355409622192383	2
1509073	1712	-3.143926	3.9400243759155273	2
905958	1046	0.611448	0.45473283529281616	2
906790	1068	-0.422141	1.9780827760696411	2
906851	1738	2.726739	3.6259360313415527	2
909737	2172	3.268957	3.8140106201171875	2
907281	1011	-2.239692	0.8703082203865051	2
1240167	1059	0.36862	2.5899085998535156	2
1480358	1008	3.08342	2.8066084384918213	2
906877	1190	-3.352497	1.132905125617981	2
749711	1925	4.243549	4.191214084625244	2
946360	1131	6.79304	4.632562637329102	2
905976	1629	6.013205	1.7019423246383667	2
1240198	2173	4.025588	3.6935064792633057	2
907787	1373	1.753266	2.166667938232422	2
1331048	1940	3.515758	3.1990175247192383	2
906808	1034	-1.172965	2.3959603309631348	2
1240198	1614	4.414759	3.628584384918213	2
905978	1494	-1.201639	3.4018349647521973	2
909702	1058	-0.7951	1.4991623163223267	2
687802	1778	5.467653	2.697722911834717	2
905937	2037	3.307205	3.845776319503784	2
924187	1091	2.257789	3.7345223426818848	2
1503363	1559	-1.929036	1.7531369924545288	2
906808	2106	5.592303	2.646602153778076	2
906834	1713	1.831194	3.458805799484253	2
1509074	1019	3.339803	3.41040301322937	2
1659928	1033	4.26033	3.7952945232391357	2
907788	1620	5.344501	3.9580533504486084	2
688025	1626	-2.408945	3.3640084266662598	2
1299062	2047	1.721177	3.48543119430542	2
910927	1511	-2.716356	3.5126121044158936	2
924188	2175	6.382331	3.7120630741119385	2
1240127	1494	-1.700009	3.1255762577056885	2
1240192	1019	3.659107	3.1780214309692383	2
908481	1025	6.250993	3.7532272338867188	2
907788	1803	4.120549	3.194685935974121	2
905939	1808	-0.213606	2.523937225341797	2
905957	1817	-6.588443	3.0240345001220703	2
687799	1919	-0.701592	2.172034502029419	2
687985	2045	3.585751	2.646602153778076	2
910079	1375	7.900852	2.3662829399108887	2
905957	1826	3.602275	2.913207530975342	2
910546	1927	4.787522	3.955702781677246	2
909755	1004	-1.08113	-2.0583245754241943	2
910931	1177	3.724048	4.1654052734375	2
910781	1557	5.112092	1.6688364744186401	2
909194	1925	5.459006	3.8336448669433594	2
1240122	2040	2.419173	2.6020138263702393	2
1290922	1091	1.060358	3.6259360313415527	2
946360	1824	3.524764	3.05387020111084	2
1298156	1038	2.65817	3.881478786468506	2
905967	1786	3.246532	2.7149462699890137	2
1240183	1563	6.715266	3.8368799686431885	2
1479995	1625	5.22031	3.6935064792633057	2
907272	1594	1.78012	1.4991623163223267	2
753554	1927	5.297243	3.236353874206543	2
905984	1839	3.934034	2.8170011043548584	2
905956	1249	4.144551	3.5465664863586426	2
1330973	1004	-1.851192	-2.5270118713378906	2
1298167	1085	1.627996	3.8574295043945312	2
753552	1014	1.980198	3.225806713104248	2
946366	2096	3.51408	3.25826358795166	2
909260	1131	1.811774	2.397254228591919	2
908148	1997	2.516979	0.8280930519104004	2
1298353	1179	0.803095	1.8700733184814453	2
1240179	1042	5.082604	4.420827865600586	2
906763	1830	0.866798	1.7590357065200806	2
924240	2362	3.626178	2.2353105545043945	2
905981	1529	2.407962	3.9400243759155273	2
906801	1250	4.693932	3.5037951469421387	2
949175	1073	2.205126	3.762688159942627	2
1659818	1940	2.118634	3.0195505619049072	2
909698	1375	6.0663	2.523937225341797	2
908147	1778	0.784409	1.4991623163223267	2
1298348	1813	6.214805	2.753811836242676	2
906862	1008	-1.005354	3.5126121044158936	2
924151	1625	5.215377	3.9551236629486084	2
687457	1512	5.860779	2.3703155517578125	2
906844	1013	0.348671	3.4888601303100586	2
909904	1624	5.344534	4.087435245513916	2
907320	1598	4.011507	4.078111171722412	2
1298475	1372	-2.022564	3.287982702255249	2
1240189	1849	-1.04546	1.409805417060852	2
949178	1802	2.963936	3.762688159942627	2
906765	2498	6.479854	3.451406478881836	2
911905	1019	4.380334	3.628584384918213	2
753573	1441	1.700879	2.5899085998535156	2
909784	1873	1.616316	2.7378549575805664	2
713869	2110	4.460149	4.075870990753174	2
1524417	1052	2.013764	1.775168538093567	2
905958	1023	2.834849	1.1845141649246216	2
1290905	1621	5.264093	3.0240345001220703	2
908475	1939	1.778578	2.280517578125	2
688015	1511	-0.859988	2.1638376712799072	2
1240159	1180	-2.779359	2.2116429805755615	2
687562	1824	2.890366	3.1605587005615234	2
909774	2003	6.440075	2.939345359802246	2
1660035	1833	0.158817	2.8077285289764404	2
1290806	1940	3.95087	3.705052375793457	2
1330995	1734	1.919684	2.4061574935913086	2
906696	1854	3.041687	4.30507755279541	2
946382	1819	-2.415844	0.20928750932216644	2
687588	1046	3.615473	1.6912659406661987	2
1330983	1048	4.101344	2.544976234436035	2
909907	1825	1.111777	2.913207530975342	2
1298226	1618	3.688712	5.346398830413818	2
909781	2048	2.190489	-0.30017757415771484	2
907274	2096	2.507434	2.5014781951904297	2
909726	1011	3.260281	2.0869579315185547	2
906793	1911	-6.248087	3.5465664863586426	2
906871	2000	4.766403	2.8170011043548584	2
687561	1918	1.914032	2.68074893951416	2
908152	1086	3.509434	1.7413514852523804	2
909748	1843	0.514886	2.523937225341797	2
909703	1926	0.563075	1.4991623163223267	2
906868	2055	0.445172	2.8170011043548584	2
907062	1847	3.738665	2.8874645233154297	2
1298357	1047	5.279488	4.528519153594971	2
1298365	1011	4.367464	2.2214150428771973	2
1240169	2170	4.47542	2.68074893951416	2
1480374	1930	0.388497	4.051674842834473	2
687983	1816	4.101347	3.8336448669433594	2
908145	2002	5.609858	2.8170011043548584	2
1330972	2046	1.933864	1.7406905889511108	2
687820	1133	3.519466	4.750152587890625	2
905985	1031	-1.968981	1.2630271911621094	2
924188	2173	6.375928	3.5994858741760254	2
1327771	2040	-2.468591	1.296135425567627	2
906835	2048	-1.638143	-1.7092422246932983	2
908465	1930	1.323566	4.1654052734375	2
1290905	1820	4.674211	2.913207530975342	2
905939	1046	1.410233	1.7060805559158325	2
907269	1922	1.387015	1.955635905265808	2
909774	1809	0.531132	2.761394500732422	2
907789	1620	4.831879	2.1016054153442383	2
1298350	1813	5.717699	2.753811836242676	2
905948	1023	2.778392	3.1532034873962402	2
1240196	1062	4.526156	2.849091053009033	2
688011	1042	3.476624	4.332846641540527	2
910548	1782	5.469397	3.8271617889404297	2
1303901	1085	2.55917	3.1780214309692383	2
1240123	1622	4.989149	4.050343036651611	2
907272	1581	0.553926	2.1016054153442383	2
905933	1024	1.967486	3.628584384918213	2
946377	2171	0.921534	3.739241123199463	2
909774	1783	5.164596	3.661564826965332	2
1240182	1915	3.972237	2.7111568450927734	2
909194	1019	3.350888	3.1780214309692383	2
910930	1549	3.501389	1.4749804735183716	2
905951	1618	5.452855	5.625459671020508	2
905990	1057	-1.259657	2.721095561981201	2
906832	1816	4.548435	3.3625669479370117	2
1298475	1375	8.663916	3.1241564750671387	2
1298537	1736	5.461204	2.909712791442871	2
1290455	1835	1.810355	2.1323397159576416	2
1298359	2170	4.628654	2.5899085998535156	2
1240201	1736	2.953669	3.287982702255249	2
907055	1131	6.041114	4.528519153594971	2
905985	1057	-2.526632	2.68074893951416	2
910900	1910	3.184518	2.280517578125	2
1479988	1813	3.352069	2.8066084384918213	2
905974	1084	-2.68913	2.7378549575805664	2
924111	2039	3.335864	2.854109764099121	2
724868	1068	0.713761	2.280517578125	2
906795	1250	3.492313	3.8574295043945312	2
909729	1915	3.149625	2.5455331802368164	2
1298216	1558	3.096516	3.1061043739318848	2
925340	1804	2.420725	2.872493028640747	2
688025	1563	5.105902	3.555546283721924	2
753620	1778	4.247764	2.5876870155334473	2
907788	2010	2.575798	3.194685935974121	2
946356	1585	4.645921	2.84202241897583	2
753564	1494	-2.401925	2.1638376712799072	2
1330972	1580	5.270741	3.3640084266662598	2
946360	1778	4.778214	2.721095561981201	2
1240212	1804	3.369066	2.4957966804504395	2
905968	1268	2.784044	4.129279613494873	2
1330982	1046	-0.686581	0.3342989683151245	2
906795	1916	3.809366	3.8574295043945312	2
1298223	1915	1.545234	1.7307419776916504	2
905954	1916	2.48986	3.6111559867858887	2
924107	1618	1.91923	4.202487945556641	2
906830	1043	6.175811	4.720883846282959	2
687800	1627	4.358552	4.075870990753174	2
753582	1375	5.508553	2.1638376712799072	2
1659823	1811	-2.211324	3.7952945232391357	2
1303897	1558	5.783404	1.4749804735183716	2
907053	1072	4.041586	2.034363269805908	2
906805	1033	4.932372	3.753312587738037	2
905961	2157	5.180847	3.845776319503784	2
753574	1025	6.435072	4.078111171722412	2
687588	2438	10.31991	3.8187804222106934	2
908148	2048	-4.615924	-2.8736371994018555	2
910554	1561	2.005195	2.616093158721924	2
713878	1855	4.623654	3.48543119430542	2
905971	2177	1.95006	3.845776319503784	2
907291	1828	3.931693	2.8077285289764404	2
753584	1936	3.157222	2.5483317375183105	2
687800	1713	5.320114	2.909712791442871	2
724839	1038	4.795724	3.6599698066711426	2
949179	2044	2.707818	1.2985414266586304	2
924102	1849	-0.579678	2.607959032058716	2
907270	1086	-4.668505	1.5528115034103394	2
688086	1847	4.952953	2.581782341003418	2
1298529	1179	1.672931	1.6116344928741455	2
1524418	1168	3.008628	1.8825585842132568	2
1295741	2010	1.373878	2.213979959487915	2
1240179	2000	4.925368	2.4957966804504395	2
1297446	1927	4.035412	2.3024070262908936	2
753566	1634	4.029871	4.574333190917969	2
930297	1810	3.994678	2.520289897918701	2
1331037	1029	3.377134	1.7934978008270264	2
907314	1917	-0.164509	2.869762420654297	2
908122	2158	1.967572	3.889436721801758	2
917486	1080	-1.206341	-2.0583245754241943	2
1480359	1020	5.48527	1.789281964302063	2
906828	1239	1.581578	4.053401947021484	2
1297446	2003	4.2344	1.7590357065200806	2
1240190	1086	-3.591096	2.116157293319702	2
724878	1803	4.707441	2.9135682582855225	2
1298526	1635	6.434604	4.103055477142334	2
906824	1047	5.646048	4.289580345153809	2
907300	2106	1.723262	2.4044065475463867	2
1240181	1441	1.715257	2.5876870155334473	2
907173	1175	3.638229	3.8617348670959473	2
905944	1054	4.416259	2.116157293319702	2
909712	1635	5.215307	3.8187804222106934	2
906804	1855	3.036342	3.2729296684265137	2
908150	1733	3.782673	3.4567697048187256	2
946356	1776	4.431218	2.697589874267578	2
1240161	1512	4.880735	2.6981444358825684	2
908460	1073	7.39932	3.753312587738037	2
906824	2498	7.816373	4.202487945556641	2
907061	1811	-4.285574	3.503140926361084	2
910687	1785	4.190611	2.2472901344299316	2
906808	1089	4.12195	2.1638376712799072	2
930083	2148	2.140084	3.5196585655212402	2
687995	1051	-0.722817	-2.5270118713378906	2
905982	1913	4.561496	5.086784839630127	2
1240185	2000	5.21355	2.9135682582855225	2
724859	1932	3.321148	3.077766180038452	2
905952	1054	0.986147	0.45473283529281616	2
909778	2037	5.663573	3.889436721801758	2
753547	2156	4.732833	3.470853567123413	2
1240178	1088	2.812932	2.8424081802368164	2
753620	1003	-4.359837	1.2985414266586304	2
910926	1840	0.551852	2.971677780151367	2
908128	2177	2.026785	3.9999289512634277	2
906763	1779	0.415257	2.3024070262908936	2
907790	1013	3.740719	3.453667163848877	2
909713	1069	3.788303	3.1960597038269043	2
924240	1190	4.002734	3.5126121044158936	2
909740	1621	4.452988	2.7428555488586426	2
1299070	1060	2.050913	3.2566332817077637	2
909725	2003	5.952041	3.133894920349121	2
687448	1912	3.902541	2.7378549575805664	2
905977	1378	6.103242	2.8510518074035645	2
1240168	1912	2.813397	2.68074893951416	2
910700	1249	3.510454	3.7952945232391357	2
1330931	1373	2.783927	1.2715928554534912	2
910689	2159	7.702126	3.845776319503784	2
909751	1909	2.014109	2.1274752616882324	2
906804	1713	0.039787	3.2729296684265137	2
910702	1839	5.646287	3.5969903469085693	2
910546	2038	5.433715	4.493520736694336	2
1331050	1080	-5.385512	-2.932379722595215	2
1240123	1529	2.326501	3.7952945232391357	2
946372	1057	-2.577936	2.68074893951416	2
910694	1779	1.572469	3.584991931915283	2
1295741	1931	2.343603	3.126178503036499	2
1503370	1810	-0.947997	2.753811836242676	2
724859	1632	4.424214	2.116157293319702	2
753612	1034	-1.295559	1.8772450685501099	2
1290455	1062	-1.90745	2.3389196395874023	2
753549	1179	2.075857	1.6912659406661987	2
1240192	1815	5.485177	3.470853567123413	2
910904	2010	5.722006	2.8874645233154297	2
908460	1821	5.315744	2.9135682582855225	2
908455	1720	6.597221	1.9780827760696411	2
949178	2039	2.997898	1.814821720123291	2
909719	1940	2.895135	4.155185699462891	2
1240178	1855	7.374055	3.2377376556396484	2
909260	2037	3.214127	2.3474271297454834	2
687459	1910	2.028127	1.8423978090286255	2
724839	1052	5.940009	1.4013646841049194	2
1298151	2173	4.007545	3.8140106201171875	2
946363	1052	1.065079	1.103873372077942	2
906696	1058	0.966085	3.468116283416748	2
753535	1011	-0.035808	1.9990273714065552	2
1299050	1999	2.563864	2.8874645233154297	2
1330947	1510	2.78738	1.1812986135482788	2
909753	1559	0.195148	1.789281964302063	2
907067	1812	1.568784	2.8510518074035645	2
1298352	1073	6.86095	3.661564826965332	2
925347	1068	1.144934	2.6268937587738037	2
910934	1811	-3.668135	2.4061574935913086	2
1479995	1615	5.34474	2.721095561981201	2
907285	1716	6.407962	3.955702781677246	2
909721	1058	2.103432	2.697722911834717	2
909905	1062	3.788895	3.25826358795166	2
924102	1817	-5.240174	3.494215965270996	2
1290722	1782	3.841759	4.053401947021484	2
753595	1624	4.343578	4.087435245513916	2
1331036	1019	-0.928263	2.117570400238037	2
908442	1799	-0.298896	3.596062183380127	2
910903	1563	4.409032	3.9999289512634277	2
1327769	1441	1.004808	1.7806261777877808	2
905979	1023	3.56227	3.1532034873962402	2
687514	1013	3.768572	3.027557849884033	2
753559	1029	3.61156	2.591092348098755	2
687590	1428	5.970937	3.8187804222106934	2
724828	1060	-1.280367	2.233806610107422	2
907790	1014	0.061322	2.135859727859497	2
905964	1734	2.130133	2.6318557262420654	2
1503371	1175	3.835803	3.9986047744750977	2
1299062	1808	1.167522	2.1638376712799072	2
907286	1378	4.053968	3.1241564750671387	2
753563	1629	4.354638	0.5719234943389893	2
1503363	2037	3.989276	3.830857753753662	2
907274	2149	0.270746	2.270603656768799	2
907066	1052	5.104863	1.813833236694336	2
971777	2044	3.136556	2.8510518074035645	2
905984	2111	2.752364	3.7710063457489014	2
753594	2439	8.762717	3.470853567123413	2
908125	1016	2.489603	2.7378549575805664	2
910948	2113	5.243246	2.913207530975342	2
906790	1913	5.075033	5.167561054229736	2
906875	1449	5.560328	3.1052169799804688	2
1330947	2107	2.299457	2.4044065475463867	2
1290922	1583	3.21532	3.889436721801758	2
910698	1581	2.845985	3.8164844512939453	2
910850	1631	4.533719	3.4033703804016113	2
1240220	1635	6.061076	3.9400243759155273	2
688018	1268	5.229448	3.7532272338867188	2
713880	1004	-5.105577	-2.5270118713378906	2
753582	1594	3.486755	2.646602153778076	2
909745	1809	1.629769	2.8860361576080322	2
906869	1843	-0.418313	3.3303589820861816	2
907068	1259	0.991206	3.6599698066711426	2
906795	1803	7.043274	3.5196585655212402	2
1331037	1050	1.570003	-2.932379722595215	2
907278	1933	3.078316	0.01650451123714447	2
924107	1873	-0.391108	2.2262139320373535	2
909781	1051	4.905086	-0.30017757415771484	2
1240197	1732	1.426372	3.8271617889404297	2
910926	1583	2.646609	3.968846082687378	2
907799	1932	1.880732	2.3998351097106934	2
908475	1629	6.656364	1.8064781427383423	2
908152	1085	1.648623	3.4567697048187256	2
1240212	1613	4.675232	3.6599698066711426	2
905984	2148	1.102584	2.8170011043548584	2
910549	2149	1.757157	3.830857753753662	2
753589	1622	4.417078	3.7532272338867188	2
905989	1010	3.069888	1.9915763139724731	2
907065	1586	5.043896	2.813509941101074	2
1299059	1815	6.301966	3.503140926361084	2
688013	1463	3.765783	2.3959603309631348	2
906835	1093	6.737843	3.739241123199463	2
1330950	1635	4.807507	2.6318557262420654	2
1330983	1615	4.248744	2.4044065475463867	2
907311	2011	1.403832	2.2086181640625	2
753623	1733	2.503967	3.2229747772216797	2
906844	1005	1.540395	3.5126121044158936	2
909698	1777	4.635857	3.596062183380127	2
910931	1853	3.444454	2.851655960083008	2
909744	1632	2.271759	1.00819993019104	2
907295	1131	6.349172	4.244688987731934	2
907313	1931	4.8389	4.667421340942383	2
908147	1199	1.871317	2.558478832244873	2
907795	1401	0.995047	1.7060805559158325	2
907042	1014	1.453648	3.4696903228759766	2
749717	1563	6.449048	3.889436721801758	2
908480	1043	4.139048	4.332846641540527	2
687812	1810	1.662152	2.753811836242676	2
907057	1808	-1.030759	2.8310160636901855	2
753552	1239	3.056784	3.7987728118896484	2
909751	1373	6.009099	2.135859727859497	2
688013	1237	5.0886	3.555546283721924	2
907169	1585	4.49019	3.096682071685791	2
1298357	1023	5.577771	2.8035545349121094	2
946370	1997	5.021386	2.054051637649536	2
910079	1268	4.05545	4.078111171722412	2
906843	1835	2.711284	2.4957966804504395	2
905948	1778	2.206891	2.553262948989868	2
749714	2107	5.94141	2.2353105545043945	2
909781	1061	6.965147	3.568311929702759	2
1298529	2171	4.03947	2.912374973297119	2
1290797	1378	2.489744	3.1241564750671387	2
1240183	2170	6.245278	2.520026922225952	2
908123	1043	5.299888	5.576766014099121	2
908450	1029	7.007428	2.549812078475952	2
910920	1038	1.552073	4.096872329711914	2
1331035	1032	1.216188	1.4749804735183716	2
1330982	2040	0.593979	1.7934978008270264	2
1298226	1996	3.616545	2.0532467365264893	2
749714	1712	1.06818	3.569796562194824	2
1479987	1839	2.915936	3.05387020111084	2
1660036	1714	3.542045	2.135859727859497	2
905982	1016	-0.672626	2.68074893951416	2
909715	1191	-5.478279	0.01650451123714447	2
906835	1811	-1.602416	3.8187804222106934	2
906835	2111	5.651556	4.0034027099609375	2
1240193	2002	3.341549	2.683027505874634	2
924244	1909	1.251307	2.280517578125	2
908443	1830	1.528617	3.113372802734375	2
946363	1249	1.186383	3.762688159942627	2
687596	1048	5.21063	4.1472601890563965	2
1322213	2173	3.637321	3.6239638328552246	2
688058	1058	1.401759	3.8972933292388916	2
906877	2149	0.522704	2.3474271297454834	2
713878	1852	5.583333	3.470853567123413	2
724839	1821	5.05859	2.4957966804504395	2
909737	1925	5.694325	4.462334632873535	2
753581	1617	3.567604	2.0869579315185547	2
909907	1058	2.639197	2.2353105545043945	2
688011	1463	3.615547	2.3959603309631348	2
905934	1089	6.916469	4.27961540222168	2
946355	1776	4.969403	2.697589874267578	2
905940	1576	1.848746	2.6891794204711914	2
687819	2000	5.768044	2.9135682582855225	2
906696	1051	1.173405	-0.02386052906513214	2
909257	2043	4.998785	4.051674842834473	2
1331048	1239	0.229974	2.4061574935913086	2
1503367	1830	2.51204	3.0053164958953857	2
946377	2109	4.400511	4.12204647064209	2
1503370	1708	-1.997803	2.116157293319702	2
1240172	1561	2.957502	2.2353105545043945	2
1331036	1853	3.117415	2.3395698070526123	2
907278	1802	3.293426	2.034363269805908	2
1503361	1776	4.534819	2.697589874267578	2
907173	1003	-2.257954	2.6257238388061523	2
924189	1618	4.524077	5.087475776672363	2
907045	1621	4.94188	3.0240345001220703	2
906835	1912	3.570187	2.68074893951416	2
925338	1908	3.886164	3.8130083084106445	2
907321	1803	3.11498	3.0053164958953857	2
908151	1621	4.813332	3.0240345001220703	2
924108	1053	2.861987	2.616093158721924	2
907789	1378	3.303464	1.132905125617981	2
906872	1930	0.924241	2.869762420654297	2
749716	1179	2.993254	1.6406749486923218	2
910544	1819	-4.303266	-3.368896484375	2
1330942	1053	4.846012	1.9344286918640137	3
946355	1799	0.902954	3.650714874267578	3
1240146	2154	3.955236	4.092986106872559	3
906863	1047	4.835304	4.515768527984619	3
909194	1096	1.076073	-2.1812541484832764	3
910903	1463	2.464256	2.9736201763153076	3
1330985	1029	4.552961	2.1713569164276123	3
909748	1908	0.689961	1.879390001296997	3
753563	1928	2.356773	2.593231439590454	3
1298365	1059	-1.282569	3.1008098125457764	3
905985	1037	2.686248	3.4289369583129883	3
1480367	1928	5.769901	3.5468266010284424	3
949174	1013	4.19635	2.9320411682128906	3
1298160	1926	0.029959	2.586899518966675	3
905944	1839	4.409143	3.4439241886138916	3
906812	1622	5.111985	3.861842632293701	3
687997	1585	5.173356	3.0995395183563232	3
907786	1031	-2.672178	2.2517340183258057	3
1327775	2107	4.373637	1.773900032043457	3
753538	2360	5.475152	2.39206862449646	3
1503365	1091	3.247345	3.390338659286499	3
909697	1073	3.690133	3.5153443813323975	3
753576	1810	5.16318	3.1123757362365723	3
906812	1553	1.784375	2.5478057861328125	3
1298362	1012	1.944743	3.1391212940216064	3
907067	1814	6.137883	2.764786958694458	3
910947	1927	3.581919	1.8732450008392334	3
910924	2157	3.96728	3.621155023574829	3
905990	1849	-0.314447	2.2480719089508057	3
905982	1613	5.52155	3.7309176921844482	3
910944	1553	2.423476	1.815112829208374	3
753582	1023	3.349125	2.9053924083709717	3
910691	1529	-0.022585	3.942657232284546	3
1240198	1844	5.319791	3.295156240463257	3
906693	1510	3.916373	3.6065406799316406	3
949174	1032	2.345257	2.8949882984161377	3
925338	1782	5.289037	3.7948226928710938	3
753579	1373	5.152403	0.7945478558540344	3
909905	1827	0.453858	3.232287645339966	3
905936	2145	-0.209565	3.0012221336364746	3
906863	1706	1.68725	3.233584403991699	3
910932	2044	4.06314	2.764786958694458	3
907320	1068	-0.409907	2.4518589973449707	3
1299050	1918	3.23015	2.39206862449646	3
909773	2171	4.338684	1.6258745193481445	3
1240185	1259	2.310579	4.0970964431762695	3
1327765	1627	0.96065	2.3053300380706787	3
924239	1808	1.108363	2.0833332538604736	3
905975	1917	1.035922	3.6818580627441406	3
1240174	1810	1.927399	3.1907222270965576	3
908144	1050	2.837782	-1.933624267578125	3
908457	1614	3.227958	3.4928300380706787	3
687448	2057	8.714188	3.1318180561065674	3
908447	1630	4.891215	3.296910524368286	3
1240196	1836	3.063954	3.077766180038452	3
924188	1192	3.436063	3.394960641860962	3
753566	1049	3.962425	2.6163811683654785	3
1295740	1826	0.108018	2.0559418201446533	3
905947	1593	3.478082	3.4673590660095215	3
907280	1584	2.091346	2.1249186992645264	3
905946	1925	2.570747	4.013336181640625	3
1298358	1061	5.666325	2.5464375019073486	3
688023	1378	3.161083	2.8975179195404053	3
924244	1268	5.23973	4.112739086151123	3
906824	1933	5.695366	1.3210642337799072	3
687983	1199	3.346423	3.900832414627075	3
909781	1734	5.941221	3.948214292526245	3
688058	1866	2.440199	3.5003740787506104	3
724868	2362	3.844273	2.979809045791626	3
1240179	1939	3.578386	2.095402479171753	3
910688	1061	4.206279	2.1917030811309814	3
688058	2045	6.186459	3.317819356918335	3
909718	1621	5.597229	2.9319589138031006	3
905955	1839	4.052041	3.1318180561065674	3
906832	1089	1.148081	1.3068394660949707	3
687596	1168	4.558511	2.5682694911956787	3
687800	1913	4.087554	5.1572957038879395	3
971777	1564	-0.331737	0.7945478558540344	3
687816	1833	0.23491	3.4439241886138916	3
687995	2000	4.937535	3.048983335494995	3
1298365	1010	3.439181	2.8036954402923584	3
910549	1720	5.996869	2.4518589973449707	3
906830	1085	3.348694	3.549037218093872	3
910567	1915	2.384347	2.8949882984161377	3
1299064	1927	5.016707	3.650714874267578	3
1240122	1060	1.089055	2.9493038654327393	3
909704	1912	2.519326	3.153470516204834	3
906851	1618	2.496529	4.972575664520264	3
906868	1812	0.962197	3.101485013961792	3
909251	1084	-3.426613	1.815112829208374	3
1303911	1192	3.084574	3.287597894668579	3
687563	1811	-4.103471	3.71911358833313	3
909735	1813	5.792797	3.1907222270965576	3
908483	1810	1.987848	2.8975179195404053	3
909743	1615	5.225641	1.815112829208374	3
688023	1925	3.275432	3.900832414627075	3
1240153	2002	3.924731	3.1318180561065674	3
753575	1131	6.001204	4.904855251312256	3
907312	1844	2.732641	3.0373966693878174	3
905956	2043	5.44416	3.6818580627441406	3
1240192	1996	3.468272	2.1313323974609375	3
1298358	1840	4.930562	3.113291025161743	3
1240223	1819	-0.166485	-1.598930835723877	3
1290798	1847	6.769993	3.1811368465423584	3
1298357	1560	4.572819	2.562983751296997	3
1240121	1839	2.635124	3.077766180038452	3
906746	1932	4.442961	3.364363431930542	3
909737	1930	1.177471	4.103108882904053	3
1524417	1909	2.582503	2.3864758014678955	3
910932	1584	3.123235	3.100454807281494	3
753555	1019	1.730594	3.650714874267578	3
687505	1598	1.990869	3.809084415435791	3
910951	1018	4.460031	2.4912188053131104	3
1240153	1463	4.5294	2.9736201763153076	3
753555	1853	3.598315	3.521056890487671	3
949093	1025	8.910063	3.861842632293701	3
907794	2113	1.935414	3.0012221336364746	3
910554	1584	3.174369	2.9319589138031006	3
1674021	1997	4.284745	2.3419995307922363	3
1240185	1030	5.552212	4.0970964431762695	3
907051	1559	1.47491	1.6012959480285645	3
908480	1618	3.715457	4.3389105796813965	3
1524416	1259	4.401754	4.009965896606445	3
1240153	1820	1.471528	3.1318180561065674	3
1240189	1428	3.505011	3.622793674468994	3
1298160	1250	5.227858	3.549037218093872	3
1240172	1783	5.471507	3.7948226928710938	3
909744	2145	-1.697172	2.4263410568237305	3
907055	1732	3.538292	3.5153443813323975	3
910932	2000	5.183221	3.1318180561065674	3
1330973	2096	5.140115	3.824564218521118	3
1240196	2359	6.300869	3.5329840183258057	3
907786	1013	3.409266	3.787991523742676	3
724868	1576	2.707056	4.112739086151123	3
905956	1852	4.559522	3.4496207237243652	3
909257	1021	2.932656	2.9754085540771484	3
688011	1061	4.785775	3.824564218521118	3
906855	1494	-5.914795	1.736147165298462	3
724868	2110	4.979803	4.092986106872559	3
1240201	2438	9.918996	4.054972171783447	3
924107	1915	-0.423315	3.0287694931030273	3
908480	2174	2.535757	3.622793674468994	3
905949	2040	0.407413	3.1557958126068115	3
1660034	1706	1.559224	3.372789144515991	3
909738	1085	4.260863	3.644739866256714	3
753612	1022	2.093091	1.562936782836914	3
908452	1549	3.568355	3.4923691749572754	3
905990	2439	9.700029	3.9355409145355225	3
753534	1549	6.030347	2.5682694911956787	3
1503369	1016	0.840734	2.979809045791626	3
1240172	1441	2.805136	2.5478057861328125	3
722046	1005	2.843003	3.302168607711792	3
949177	1997	-0.692352	2.0708887577056885	3
924100	1019	3.906033	3.373354196548462	3
1299062	1820	6.26207	3.048983335494995	3
1240181	1494	-5.272601	1.9078476428985596	3
1479995	1622	5.575721	4.02444314956665	3
1480359	1922	1.907365	2.9754085540771484	3
749713	1593	-0.32945	3.23032546043396	3
1290722	1816	4.952654	4.293628692626953	3
905959	1824	3.050788	3.295156240463257	3
946353	1042	5.178278	5.131811141967773	3
724828	1802	4.543563	3.803497552871704	3
909703	1378	1.058926	1.7644636631011963	3
1298151	1259	4.022697	4.103108882904053	3
909762	1926	-0.277731	1.815112829208374	3
1298169	1557	4.47266	2.3864758014678955	3
909248	1780	5.502619	3.286874771118164	3
1290455	1927	3.191853	1.8732450008392334	3
1240167	1802	4.032903	4.099790096282959	3
907321	1915	1.795249	2.605193614959717	3
1331048	1802	3.487607	2.3856852054595947	3
1240222	1083	3.001589	2.9754085540771484	3
1299064	1549	1.313728	2.605193614959717	3
907285	1614	6.170999	3.839576482772827	3
949173	1067	4.957464	1.56345796585083	3
911905	1847	6.022251	3.295156240463257	3
907275	1580	3.686908	1.9743566513061523	3
1524417	1170	3.181658	1.1697752475738525	3
910903	1709	-3.340632	2.3024532794952393	3
906804	1560	0.103421	2.614567518234253	3
949170	1852	4.552845	3.803497552871704	3
910931	1084	-2.893475	2.979809045791626	3
724869	2047	1.645952	2.9555251598358154	3
910922	2158	2.707604	4.017548084259033	3
907048	1839	3.147415	3.1811368465423584	3
753579	1018	5.727361	3.6818580627441406	3
724866	1019	4.65085	3.796499490737915	3
753624	1017	3.361847	4.280787944793701	3
1298538	1925	5.919795	4.033168792724609	3
908125	1449	5.655937	3.549037218093872	3
753584	1057	-1.347691	3.153470516204834	3
1330972	1529	3.074294	3.622793674468994	3
905961	2172	2.233895	3.372789144515991	3
909751	1463	2.23684	2.781755208969116	3
906828	1927	5.405889	3.667330503463745	3
908450	1052	3.580588	2.2858731746673584	3
1503371	1068	2.073153	2.4518589973449707	3
906834	2055	0.423035	3.193774938583374	3
687798	1708	-0.793836	2.5608348846435547	3
1298526	1024	1.273413	3.839576482772827	3
910546	1776	4.897107	3.755258321762085	3
1322224	1373	2.301706	2.5464375019073486	3
1295740	1023	2.346196	1.893256425857544	3
1322213	1908	3.751127	2.795469045639038	3
1299070	1089	3.764945	3.488311529159546	3
909729	1706	3.105713	3.442678689956665	3
906817	1855	3.897091	3.2010767459869385	3
905934	1820	2.689376	3.373213529586792	3
907173	2000	4.510387	3.3649516105651855	3
1503368	2002	4.928219	3.484436273574829	3
688023	1564	2.421501	3.824564218521118	3
910933	1835	2.606474	3.232287645339966	3
907311	1931	3.452491	2.616344928741455	3
1331036	1585	3.075474	1.9591236114501953	3
949177	1199	2.052041	3.8176217079162598	3
907045	1620	4.241925	3.5775015354156494	3
749717	1006	2.023138	3.7948226928710938	3
907169	2003	5.382274	3.1318180561065674	3
1298348	2037	6.739793	4.092986106872559	3
909748	2047	0.759339	1.879390001296997	3
930298	1924	3.496524	2.4374077320098877	3
1331032	1061	4.332693	2.478580951690674	3
908461	1052	2.041636	2.311915636062622	3
949088	1849	-0.886373	0.8961858153343201	3
909755	1022	0.426701	2.154240846633911	3
1298349	1259	5.040627	3.5413100719451904	3
906814	2044	4.572901	2.764786958694458	3
908480	1237	5.315098	3.61293363571167	3
1298359	2112	3.094097	3.484436273574829	3
930301	1023	4.466143	2.9736201763153076	3
1298136	2439	10.958037	4.054972171783447	3
1240158	1057	-1.16671	3.1464312076568604	3
910781	1930	-0.882	3.991356611251831	3
910689	1053	7.282918	2.6044375896453857	3
909907	1248	0.894435	4.972575664520264	3
908470	1062	4.640088	3.4302523136138916	3
1331032	1782	4.129176	2.3856852054595947	3
1240178	1873	2.945071	3.1035234928131104	3
1240217	2154	2.313418	4.070211887359619	3
1503368	1428	2.845964	4.099790096282959	3
1660036	1449	5.276002	3.4928300380706787	3
907172	2037	5.392002	3.6680591106414795	3
1299081	1051	1.361609	-1.280214786529541	3
1298362	1088	2.690969	3.1290135383605957	3
924107	1561	-2.028241	2.4374077320098877	3
687802	1708	2.571355	2.5608348846435547	3
753621	1713	3.781873	3.2010767459869385	3
1299070	2157	5.149826	3.971200942993164	3
1480367	1168	3.422309	2.8036954402923584	3
905974	1029	5.395044	2.9736201763153076	3
1298222	1614	3.741156	3.650714874267578	3
753563	1819	-6.520718	-3.6437532901763916	3
907789	2000	3.276357	2.0559418201446533	3
906807	1032	0.358945	1.961944818496704	3
909745	1998	4.746853	3.71911358833313	3
1240192	1510	3.928719	3.0346310138702393	3
905982	1083	2.783121	3.1263182163238525	3
907795	1997	3.719962	2.3419995307922363	3
1298347	1827	1.087054	3.4439241886138916	3
1503362	2011	3.583094	4.099790096282959	3
908449	2048	0.157896	-1.933624267578125	3
924241	1441	1.356342	2.634075164794922	3
908123	1062	3.907006	3.66560435295105	3
908144	1999	4.75028	3.161801338195801	3
909907	1050	4.513331	-0.07105469703674316	3
1303897	1816	4.883688	3.02221417427063	3
908462	2148	2.595248	3.3649516105651855	3
909724	1594	1.686727	2.586899518966675	3
910781	1030	3.935403	3.991356611251831	3
908126	1631	1.466821	2.399898052215576	3
753575	1824	4.03832	3.484436273574829	3
910903	1553	2.128846	2.586899518966675	3
910544	1011	0.418295	1.6026568412780762	3
724868	2177	1.696713	4.092986106872559	3
724859	1615	6.067236	2.979809045791626	3
1240217	1032	1.256183	2.952035903930664	3
753532	1834	1.512149	3.077766180038452	3
905979	1026	0.927608	1.1697752475738525	3
1240193	1375	5.231474	2.8975179195404053	3
908125	1249	4.683475	3.4496207237243652	3
906837	1375	6.928058	3.1290135383605957	3
687787	2149	1.380072	3.7262918949127197	3
905960	1512	5.573717	3.2098729610443115	3
1503366	1936	1.712393	3.071171998977661	3
908483	1372	2.245788	3.824564218521118	3
910935	2096	0.830107	2.478580951690674	3
924111	1054	2.489035	2.1155760288238525	3
908458	1582	5.415963	2.9319589138031006	3
924240	1062	3.487113	3.66560435295105	3
905978	1709	-3.79868	2.3075428009033203	3
753616	1862	-1.934261	1.3564257621765137	3
909753	1873	2.539137	3.1008098125457764	3
1479987	1199	4.266084	4.303158283233643	3
905944	1560	3.930663	2.979809045791626	3
907788	2156	2.997811	3.5867087841033936	3
907053	2043	4.336057	2.3863911628723145	3
905990	1029	5.936386	2.9754085540771484	3
946355	1866	2.657862	3.6573874950408936	3
924102	1069	3.790553	3.6038243770599365	3
753533	2040	1.50154	3.293588399887085	3
907291	1830	2.468889	3.0012221336364746	3
908458	1809	1.759928	2.709398031234741	3
907058	1023	4.338455	2.9736201763153076	3
1298134	2106	4.744607	2.4374077320098877	3
905981	1799	1.69474	3.5736687183380127	3
749712	2360	4.036398	2.5478057861328125	3
905948	1815	5.641935	3.948214292526245	3
905985	1014	4.493468	3.3480453491210938	3
908151	1932	4.525574	3.2638299465179443	3
907285	2112	2.62499	3.563495397567749	3
1674021	1844	3.204651	3.0012221336364746	3
930297	1909	2.817716	2.095402479171753	3
924102	1620	4.939873	3.674499273300171	3
906813	1259	2.422547	3.6818580627441406	3
1240127	1576	3.506026	3.9765870571136475	3
1660036	1249	2.924954	3.6731984615325928	3
1298529	1047	5.621202	4.515768527984619	3
1295740	1578	4.297638	1.7644636631011963	3
909744	1614	2.825921	2.500908851623535	3
1298359	1080	-1.453724	-1.2221057415008545	3
910907	1053	5.116389	3.241546392440796	3
905933	1708	0.596186	2.6999499797821045	3
905962	1083	2.304073	2.781755208969116	3
908141	1820	3.349452	2.2642250061035156	3
1480374	1936	3.547585	2.9754085540771484	3
905951	1200	3.399102	4.013336181640625	3
1240219	2000	6.136438	3.563495397567749	3
753545	1048	3.870556	3.6818580627441406	3
1330972	1817	-5.332812	3.0995395183563232	3
906834	1180	-4.097211	2.2173550128936768	3
907791	1832	4.111502	2.1171939373016357	3
1331033	1085	1.549046	1.4962494373321533	3
910549	1200	2.537754	4.361339569091797	3
909713	1998	4.120599	3.4496207237243652	3
753573	1622	3.247276	4.103137016296387	3
688023	1853	4.356114	3.0995395183563232	3
687983	1079	3.946837	2.880985975265503	3
910924	1849	-0.746618	2.410754680633545	3
949170	1862	-1.78602	1.3564257621765137	3
905977	1931	6.463178	4.16465425491333	3
1331032	1576	2.22859	2.8006784915924072	3
713880	1777	4.992647	2.880985975265503	3
906825	1043	4.319649	4.783385753631592	3
1298169	1999	4.757703	3.424468755722046	3
1297446	1631	1.625897	2.416912078857422	3
1240201	1494	-3.174717	3.1546638011932373	3
1298347	1932	4.214811	3.532491445541382	3
1303897	1629	5.000316	-0.1833547055721283	3
924241	1810	1.541271	2.8975179195404053	3
687562	1635	3.723898	3.71911358833313	3
1240123	1621	4.942271	2.9319589138031006	3
905969	1046	3.269149	2.6999499797821045	3
1240169	1089	5.306695	3.1270029544830322	3
1290797	1843	-0.871013	3.1546638011932373	3
909250	1059	1.067525	2.7536847591400146	3
906805	1785	5.49534	4.067973613739014	3
1240130	1718	2.760735	3.549037218093872	3
687985	1021	1.553593	2.9053924083709717	3
1330983	1814	4.185146	1.7152533531188965	3
907313	1581	1.335866	3.442678689956665	3
907278	1586	4.261556	2.1249186992645264	3
909740	2177	3.713592	3.7441422939300537	3
949170	1069	4.013132	3.117027521133423	3
906871	1618	4.629093	3.5558083057403564	3
749713	1512	4.848167	3.2098729610443115	3
907313	1911	-4.649753	3.71911358833313	3
1298157	1813	6.265464	3.2098729610443115	3
909697	1713	3.514492	2.5464375019073486	3
1524419	1855	5.156605	3.499448537826538	3
753554	1131	5.95142	4.413818359375	3
1674021	1613	1.446274	3.706310749053955	3
910931	1072	4.625745	4.067973613739014	3
907272	2438	9.719647	2.458359956741333	3
1240146	1259	5.421492	4.0970964431762695	3
1240122	1733	2.284148	2.651975393295288	3
1331045	2172	2.158808	1.8888733386993408	3
909757	1853	3.940979	2.9319589138031006	3
907066	1054	5.137812	2.470022439956665	3
1330942	1375	5.150002	1.7152533531188965	3
1297446	1449	4.263855	2.416912078857422	3
910951	1778	3.267117	2.008542776107788	3
1322212	1194	1.980304	2.9053924083709717	3
907066	1716	5.715024	3.2594845294952393	3
1660036	1738	5.224106	2.4277472496032715	3
1330983	1712	-4.096844	2.307443857192993	3
910933	1817	-5.657451	3.258781671524048	3
908448	2096	2.365311	2.1917030811309814	3
1480374	1029	6.006172	2.9754085540771484	3
909745	1853	4.910498	3.258781671524048	3
1240199	1054	6.021243	2.6999499797821045	3
1298358	2170	6.288053	2.562983751296997	3
906830	2111	3.797302	3.6818580627441406	3
753541	1069	2.700886	3.203129291534424	3
687985	1003	-2.648304	2.8975179195404053	3
907063	2107	3.350318	1.1863830089569092	3
1240183	1428	6.402637	3.710660219192505	3
753616	1510	1.737706	1.1783027648925781	3
908462	1936	5.027113	3.145533561706543	3
907787	2359	4.648065	2.458359956741333	3
907051	1062	6.179948	3.4102301597595215	3
1240192	1845	2.989877	3.048983335494995	3
753558	1940	3.17187	4.01242208480835	3
925347	2109	3.745009	4.268308162689209	3
949172	1529	-0.446285	3.803497552871704	3
909248	1734	2.629317	3.804316520690918	3
910905	1813	6.125905	2.709398031234741	3
908465	1718	4.466953	3.796499490737915	3
907065	1372	1.247831	3.08166241645813	3
688011	2048	-2.204734	-2.1812541484832764	3
1240218	1038	5.075815	4.280787944793701	3
1240182	1026	3.828484	1.5304830074310303	3
687807	1051	3.155905	-0.7108925580978394	3
683667	1827	2.514223	3.193774938583374	3
998184	2359	3.533112	2.458359956741333	3
1331037	1911	-5.817861	2.3856852054595947	3
910780	2002	4.759105	2.842883825302124	3
910852	1030	4.549245	3.776050329208374	3
909735	1003	-2.201049	3.1907222270965576	3
910688	1810	-3.692654	1.7152533531188965	3
924187	1809	4.041864	3.1907222270965576	3
1331032	1803	6.291882	2.0605292320251465	3
724874	1032	1.72675	2.6902682781219482	3
1240220	1012	1.81341	3.4673590660095215	3
909718	2359	5.690884	3.6731984615325928	3
1298365	1736	6.401771	3.4560327529907227	3
724825	1043	4.39767	4.2897491455078125	3
910947	2148	-1.06403	2.2642250061035156	3
907320	1268	5.027889	4.103137016296387	3
1298365	1617	4.104512	2.2480719089508057	3
753566	1463	4.410824	2.6163811683654785	3
907169	2109	1.713466	3.8252155780792236	3
1240173	1932	1.46522	2.4277472496032715	3
1290725	1553	3.169937	2.39206862449646	3
753556	1917	0.075441	3.675549268722534	3
907058	1799	6.076837	3.549037218093872	3
906814	1778	4.280907	2.586899518966675	3
1240193	1372	2.407428	3.824564218521118	3
749714	1625	6.065092	3.5775015354156494	3
910933	1014	-0.691107	3.3480453491210938	3
687816	1557	3.722023	2.5316972732543945	3
1331035	1997	4.061977	0.8961858153343201	3
910947	2043	4.277872	2.3863911628723145	3
753621	1062	1.280171	3.2010767459869385	3
905957	1549	4.360058	2.5249929428100586	3
924108	2106	2.482735	2.6044375896453857	3
724825	1029	4.834558	2.0837695598602295	3
910904	2112	2.856663	3.077766180038452	3
909718	1048	6.697668	3.706310749053955	3
946353	1778	3.627612	2.889892101287842	3
753575	2113	4.376305	3.484436273574829	3
905946	1915	3.719637	2.5249929428100586	3
1330995	1512	4.678178	1.3068394660949707	3
1240121	1909	2.218214	2.1541147232055664	3
753623	1927	4.86957	3.650714874267578	3
688031	1862	-1.691736	1.5304830074310303	3
924151	1736	1.272451	3.0067832469940186	3
753589	1634	4.72601	4.3389105796813965	3
910704	1375	7.150543	3.2098729610443115	3
1240123	1006	3.188992	3.6731984615325928	3
1240181	1038	3.030358	3.2446839809417725	3
910935	1624	-0.757297	1.8888733386993408	3
907783	1933	4.522192	0.6849059462547302	3
724869	1852	4.93618	4.054972171783447	3
1330942	1593	1.882487	2.1249186992645264	3
909744	1372	-1.147701	2.7077367305755615	3
1240162	1996	2.742915	2.1541147232055664	3
753555	1005	2.680096	3.1123757362365723	3
909260	1428	3.204664	2.458359956741333	3
906862	1175	3.189337	3.776050329208374	3
753547	1175	4.361286	3.5413100719451904	3
1290724	1847	5.097526	3.077766180038452	3
1298226	1561	2.007971	2.6113274097442627	3
910568	2170	5.921219	3.1035234928131104	3
910904	2045	5.846795	2.39206862449646	3
910688	1025	4.822948	2.9713966846466064	3
905939	1866	2.200327	3.3265175819396973	3
1503370	1780	5.071067	3.796499490737915	3
905968	1033	5.308033	3.9355409145355225	3
753614	1038	3.690345	4.071401119232178	3
909748	1042	5.978023	4.861846446990967	3
907270	1802	3.332415	3.3187601566314697	3
753581	1014	0.252477	0.7945478558540344	3
1330931	1996	2.934461	1.6026568412780762	3
1303901	1023	3.842866	2.9053924083709717	3
908123	1069	2.921686	3.287597894668579	3
688014	1782	6.081087	3.622793674468994	3
909263	1036	5.39276	1.879390001296997	3
1303901	1510	3.257566	3.0346310138702393	3
1298222	1627	2.97979	4.042757511138916	3
1240219	1025	5.946531	4.268308162689209	3
1240199	1928	6.749163	3.5468266010284424	3
908460	2043	8.032728	4.0970964431762695	3
1659819	2172	-2.639731	1.8888733386993408	3
905986	1849	-1.145937	2.4163177013397217	3
1298136	1940	3.563592	4.268308162689209	3
687815	1835	6.036335	3.1768341064453125	3
753561	1004	-3.376531	-1.8986339569091797	3
906862	1067	4.182021	2.254864454269409	3
906832	1053	2.096728	1.1863830089569092	3
907319	1784	5.469119	3.484436273574829	3
753600	2002	5.772238	3.4439241886138916	3
1503366	1911	-4.681451	4.099790096282959	3
1240123	2048	-2.805649	-1.7151498794555664	3
1298157	1578	5.530888	3.2098729610443115	3
713878	1180	-1.904254	2.327098846435547	3
687798	1917	2.163401	4.0970964431762695	3
753561	1073	4.257329	3.5329840183258057	3
688006	1928	5.063994	3.419188976287842	3
905937	1079	0.744042	3.4928300380706787	3
908440	2173	2.078664	3.256404161453247	3
906869	1835	3.521534	3.113291025161743	3
930297	1373	5.77935	2.925762891769409	3
753534	1060	4.076168	2.795469045639038	3
907042	2040	-0.510092	2.9117581844329834	3
687815	1927	5.580157	3.245645761489868	3
905955	1561	5.10961	2.586899518966675	3
905956	2174	3.015583	3.4496207237243652	3
910951	1007	-5.469133	-2.762575387954712	3
1298160	1067	4.551266	2.3024532794952393	3
1503361	1783	4.546134	4.099790096282959	3
1330941	1512	5.812503	3.2098729610443115	3
905934	1507	5.820781	3.373354196548462	3
724868	1814	5.463057	3.302168607711792	3
1240224	2175	4.929951	4.01242208480835	3
713878	1200	3.003547	3.900832414627075	3
907071	1614	5.028708	3.644739866256714	3
753581	1931	5.200067	4.16465425491333	3
909757	1583	2.288389	3.7441422939300537	3
907051	1023	3.183539	3.119699716567993	3
687816	1827	0.958377	3.4439241886138916	3
905952	1088	0.103943	1.7644636631011963	3
907277	1847	1.167453	2.0559418201446533	3
1298352	1780	6.852416	3.238713026046753	3
910781	1510	4.187115	3.4081242084503174	3
909748	1237	5.162727	3.7441422939300537	3
905964	1563	3.347675	2.95228910446167	3
1322212	1005	1.52983	2.8975179195404053	3
1290725	1014	1.816287	2.9493038654327393	3
908449	1621	7.45043	3.2026824951171875	3
1290905	1029	6.928304	3.110705614089966	3
909263	1815	5.930773	3.6731984615325928	3
909771	1494	-3.943613	1.7152533531188965	3
753532	1580	5.492621	3.233584403991699	3
905972	1085	3.144574	3.796499490737915	3
905944	1578	4.682365	3.302168607711792	3
1299070	1003	-3.859736	3.488311529159546	3
1298357	1259	5.278476	3.5798394680023193	3
907300	1778	1.95336	1.9344286918640137	3
910933	1912	4.803126	2.57918643951416	3
1298357	1428	6.803575	3.5153443813323975	3
906870	1560	0.51845	1.9344286918640137	3
908152	1615	5.717732	3.317819356918335	3
749715	1049	4.215439	3.110705614089966	3
906835	1831	4.354272	3.232287645339966	3
905991	1618	3.0073	4.629425525665283	3
722046	1776	3.67046	3.618807554244995	3
1480361	2046	2.648465	2.6999499797821045	3
949171	2040	-0.192845	2.668461561203003	3
910567	2044	3.367724	1.9078476428985596	3
908152	1924	3.920693	3.317819356918335	3
1297439	1510	2.950498	3.0346310138702393	3
906844	1584	2.287512	3.23032546043396	3
724873	2148	-0.369548	3.4439241886138916	3
905967	1083	3.559695	3.1557958126068115	3
905947	1625	5.180452	3.6959917545318604	3
753556	1927	5.590299	3.245645761489868	3
905937	1372	0.352145	1.879390001296997	3
687448	1080	0.366876	-1.280214786529541	3
908151	1840	0.840315	3.1811368465423584	3
906851	1854	4.599505	3.861842632293701	3
909750	1999	4.826958	3.161801338195801	3
905939	1038	1.673109	3.706310749053955	3
1240218	2057	3.838658	3.563495397567749	3
1298537	1029	5.662663	3.1557958126068115	3
907066	2096	5.695906	3.08166241645813	3
1480371	1936	3.478365	2.9754085540771484	3
949153	1463	1.885382	1.893256425857544	3
907312	1563	5.457796	3.9018096923828125	3
687820	2107	7.275298	2.979809045791626	3
906813	2177	2.252435	3.6680591106414795	3
753555	1191	-5.033608	2.041718006134033	3
1322224	2000	2.85491	3.113291025161743	3
909194	1024	1.016321	2.880985975265503	3
910702	1463	6.919644	3.202533721923828	3
946355	1925	4.752228	4.361339569091797	3
1290769	1614	4.015164	3.4928300380706787	3
908449	1067	8.256278	2.2858731746673584	3
907172	1598	6.361362	3.8252155780792236	3
908447	1836	3.069043	2.842883825302124	3
1327771	1003	-4.475528	1.736147165298462	3
908128	1060	0.166728	0.7945478558540344	3
753583	1014	4.382913	2.9493038654327393	3
909725	1564	1.892849	0.7945478558540344	3
907270	1510	3.225364	1.3632903099060059	3
1303897	1582	4.325627	1.9591236114501953	3
910781	1927	3.712191	3.655221700668335	3
924239	1776	3.208944	2.6061770915985107	3
1327771	1826	1.02811	2.1520330905914307	3
1298351	2048	-4.53245	-1.126981496810913	3
908476	1829	0.057981	3.4439241886138916	3
909697	2173	4.956038	3.2713582515716553	3
907274	1030	3.332806	2.2246971130371094	3
910702	1777	8.20388	3.839576482772827	3
1503367	2170	5.587398	2.889892101287842	3
1290797	1190	-2.543222	3.1546638011932373	3
1240224	1026	4.355909	1.1697752475738525	3
749715	1827	0.807371	3.1811368465423584	3
1240174	1786	2.016603	3.119699716567993	3
687506	1617	1.936191	2.095402479171753	3
905974	2106	1.76716	2.586899518966675	3
909773	1133	2.855264	2.3512990474700928	3
687812	1718	5.050464	3.796499490737915	3
905970	2107	4.873673	2.979809045791626	3
906826	1849	0.347207	2.2638633251190186	3
909738	1624	6.302178	3.724255323410034	3
908145	1911	-4.935654	3.7427921295166016	3
910569	1061	4.233425	1.879390001296997	3
1298533	1017	4.653263	4.280787944793701	3
1298531	1732	3.528441	3.5329840183258057	3
907071	1011	0.908871	2.4913747310638428	3
753581	1129	3.422894	2.586899518966675	3
687588	1021	4.30149	3.1263182163238525	3
908147	1625	3.15374	2.2806544303894043	3
906801	1812	3.594776	3.2098729610443115	3
906875	1785	5.275737	3.803497552871704	3
1299050	1777	5.600031	2.651975393295288	3
1331037	1713	1.637008	2.478580951690674	3
909744	2362	3.733417	2.094822645187378	3
906851	1931	5.983037	4.496248245239258	3
907318	1629	5.076341	2.041718006134033	3
1298359	1821	4.497882	3.484436273574829	3
753574	1549	1.209762	2.605193614959717	3
1331036	1029	3.398812	2.054375410079956	3
749712	1529	3.130747	3.7948226928710938	3
1298358	1912	3.062098	2.562983751296997	3
753624	1827	-1.125457	3.563495397567749	3
946377	1062	4.31603	3.3480453491210938	3
905975	1780	4.063267	3.549037218093872	3
1503368	1449	5.507441	3.650714874267578	3
1480361	1129	4.244696	3.1008098125457764	3
1331037	2096	1.595089	2.478580951690674	3
753547	1048	4.189367	3.5413100719451904	3
946360	1043	5.13702	4.783385753631592	3
753620	2043	3.709321	3.2446839809417725	3
906851	1072	5.145026	3.7948226928710938	3
907071	1716	5.00501	3.644739866256714	3
1240167	1627	2.055636	4.042757511138916	3
907786	1911	-5.025025	4.067973613739014	3
1298526	1463	4.398216	3.202533721923828	3
753588	1511	-3.11455	2.8975179195404053	3
910926	1634	3.406795	4.307830333709717	3
722066	1777	5.53858	3.796499490737915	3
1298223	1812	2.687388	3.0939781665802	3
908470	1830	5.347737	3.3649516105651855	3
687821	2039	6.31707	3.479275941848755	3
946372	1179	-0.094135	2.2393996715545654	3
910702	1006	4.092375	4.054972171783447	3
687995	1908	2.913669	3.824564218521118	3
1298537	1012	2.786033	3.479275941848755	3
1295740	1237	4.601573	2.499844551086426	3
907058	1808	0.936109	2.764786958694458	3
908152	1069	3.27685	3.5003740787506104	3
722066	2011	4.608046	4.067973613739014	3
753608	1812	1.885704	3.302168607711792	3
909698	2112	1.725968	3.0012221336364746	3
910569	1839	3.801934	3.0012221336364746	3
908443	1634	4.515074	4.721358776092529	3
907170	1802	2.288605	3.803497552871704	3
906833	1844	3.421736	3.193774938583374	3
907286	1576	2.922886	4.268308162689209	3
949179	1930	-0.740485	3.2446839809417725	3
907790	1784	5.977491	3.0012221336364746	3
687812	1827	2.221075	3.4439241886138916	3
907320	1826	1.568203	3.484436273574829	3
1330993	2010	5.406947	3.373213529586792	3
907169	1716	5.353663	3.549037218093872	3
905981	1085	2.179753	3.5736687183380127	3
907276	1026	0.2492	1.9825756549835205	3
753614	1250	0.922434	3.650714874267578	3
909719	2055	0.990328	3.4100289344787598	3
1298134	1061	4.355751	2.925762891769409	3
906868	1909	2.520236	2.1386830806732178	3
925338	1714	5.356881	3.66560435295105	3
687794	1031	-2.218177	2.2517340183258057	3
905940	1625	5.03576	2.257256507873535	3
946360	1052	5.294667	2.6999499797821045	3
688025	2043	5.120326	3.5413100719451904	3
925346	1913	5.4462	5.1025872230529785	3
907789	1553	-0.792855	1.815112829208374	3
910687	1072	2.937719	2.458359956741333	3
910698	1047	4.359833	4.571120738983154	3
687455	2110	4.704753	3.9018096923828125	3
1299081	2002	5.651628	3.1318180561065674	3
1330991	1916	1.616498	1.8732450008392334	3
1240159	1854	4.609138	4.111778736114502	3
909248	1010	4.002527	2.9946444034576416	3
1240186	1576	3.476209	3.7862231731414795	3
1290908	1375	7.388819	3.302168607711792	3
1240159	1585	4.584286	3.428492784500122	3
905962	1829	0.885361	3.0012221336364746	3
909748	1019	2.896645	3.4928300380706787	3
925338	2172	3.927825	3.5775015354156494	3
1299062	1847	6.552142	3.048983335494995	3
907066	1024	2.275054	3.2594845294952393	3
1240122	1441	6.073097	2.39206862449646	3
907285	1010	4.83015	3.177534818649292	3
909713	1632	2.242189	2.3024532794952393	3
924107	1259	1.646145	3.519674301147461	3
907276	1016	3.957853	2.562983751296997	3
909251	1017	2.747058	2.345763683319092	3
909738	1849	0.174	2.4913747310638428	3
949179	1020	5.628148	1.3564257621765137	3
1298226	1428	5.748862	3.710660219192505	3
1298476	1052	8.050921	2.481887102127075	3
753592	1054	3.449682	2.5608348846435547	3
687995	1734	3.318182	3.622793674468994	3
907321	2174	2.120874	4.099790096282959	3
1298226	1593	2.378478	3.1092536449432373	3
949154	1050	3.599054	-1.9875295162200928	3
906805	1560	2.88659	2.979809045791626	3
1298475	1811	-2.805037	4.054972171783447	3
688006	1578	4.704411	2.8975179195404053	3
908144	1053	2.268972	2.5454328060150146	3
909907	1043	6.6821	4.870182514190674	3
713899	1815	5.909917	3.622793674468994	3
908461	1089	5.40912	2.9720427989959717	3
906763	1168	1.493071	2.4375720024108887	3
998189	1022	0.379303	2.154240846633911	3
1298167	1046	0.607693	2.494309902191162	3
1503365	1732	6.739198	4.099790096282959	3
1299052	1008	3.993506	3.1290135383605957	3
1660036	1824	2.225096	3.0012221336364746	3
688010	1996	2.332315	2.1313323974609375	3
1240190	2110	4.167017	4.092986106872559	3
924240	1373	4.629288	3.66560435295105	3
906843	1999	4.08531	2.883435010910034	3
910933	1844	4.368708	3.232287645339966	3
753548	1024	-1.788313	1.8732450008392334	3
688006	1563	5.0528	3.61293363571167	3
908458	1047	5.241769	4.365251064300537	3
949175	2175	3.526334	3.766216516494751	3
905976	1560	4.188751	2.586899518966675	3
909737	1557	4.646594	2.4913747310638428	3
906833	1529	-1.070888	3.804316520690918	3
1330973	1561	1.03546	2.634075164794922	3
753531	1926	0.022082	2.39206862449646	3
1240157	1908	2.630163	3.1375224590301514	3
753561	2170	0.977867	2.39206862449646	3
924107	1441	-0.345859	2.4374077320098877	3
924102	1783	6.358485	4.027547836303711	3
1298357	1061	5.044947	2.5464375019073486	3
1290905	1838	4.728287	3.1811368465423584	3
908457	2148	0.98794	3.0012221336364746	3
905957	1005	4.284615	3.2098729610443115	3
753592	1778	2.498079	2.979809045791626	3
905962	1816	5.472638	4.059093952178955	3
687807	1022	1.525758	2.5608348846435547	3
908470	1930	3.668451	4.000751972198486	3
910952	1149	-0.38657	2.3864758014678955	3
908139	1852	6.119457	3.5153443813323975	3
909974	1199	3.954489	4.260002613067627	3
949174	1059	-0.922023	2.6252429485321045	3
1322224	2046	-0.29349	2.311915636062622	3
949170	1560	1.863792	2.6252429485321045	3
749709	1051	4.215172	-0.07105469703674316	3
909697	1821	3.708776	3.113291025161743	3
910920	1627	3.129759	4.017548084259033	3
1240186	1932	4.503825	3.0346310138702393	3
908124	1051	4.044801	-1.280214786529541	3
713885	1924	0.527562	2.634075164794922	3
1299050	1736	3.12366	2.9493038654327393	3
910911	1029	6.038317	2.6736690998077393	3
753566	1378	4.08175	3.069403886795044	3
1330983	2106	3.371643	1.9344286918640137	3
753565	1835	4.970715	3.048983335494995	3
906793	1709	-3.176193	2.3024532794952393	3
905983	2498	6.523881	4.654751300811768	3
688031	1817	-5.280103	3.0995395183563232	3
1503367	2148	3.049866	3.484436273574829	3
724834	1012	2.599465	3.479275941848755	3
908460	2362	5.183926	2.979809045791626	3
1240174	1834	2.190927	3.362673282623291	3
753531	1507	4.821241	2.651975393295288	3
907067	1808	-0.67614	2.764786958694458	3
905976	1175	4.796973	3.6818580627441406	3
1240200	1618	5.143385	4.629425525665283	3
910853	1061	4.933199	0.7945478558540344	3
905949	1816	2.708919	4.407442569732666	3
1503364	1177	5.104157	3.5798394680023193	3
1331038	1190	-3.750312	1.3068394660949707	3
687455	1494	-4.357094	3.069403886795044	3
909736	1024	2.255444	3.644739866256714	3
724839	1630	4.087723	3.2927043437957764	3
753592	1079	-1.939573	3.796499490737915	3
908139	2112	3.338644	3.113291025161743	3
906790	1873	0.388024	2.562983751296997	3
906808	1512	4.220618	2.8975179195404053	3
910910	1007	-3.234357	-0.07105469703674316	3
907065	1017	4.685606	3.856886148452759	3
907057	1626	1.87567	3.724255323410034	3
905958	2498	6.093957	3.578411817550659	3
753589	1810	5.298834	2.8975179195404053	3
909719	1581	2.841054	3.724255323410034	3
687995	1022	1.026292	2.327098846435547	3
688086	1840	0.225765	2.842883825302124	3
910934	1560	0.224722	1.1863830089569092	3
930297	1030	4.158803	3.519674301147461	3
910545	1177	2.266721	2.3863911628723145	3
906870	1809	0.156399	1.7152533531188965	3
1240123	1586	3.343894	2.9319589138031006	3
907291	1852	5.596298	3.6731984615325928	3
907057	1997	3.794278	2.4913747310638428	3
909718	2107	5.690884	2.6044375896453857	3
1509074	1931	5.276992	4.571120738983154	3
910926	1593	2.781122	3.0811338424682617	3
1298365	1580	6.075062	3.5468266010284424	3
910921	1824	3.533976	3.1318180561065674	3
907071	1736	4.997491	3.1375224590301514	3
724866	1634	3.737119	5.1572957038879395	3
1240219	1913	4.521683	5.1025872230529785	3
687802	1998	7.365014	4.067973613739014	3
753579	1030	5.923228	3.6818580627441406	3
910922	2039	2.869966	3.4673590660095215	3
906869	1559	-2.189778	1.9825756549835205	3
910780	1012	0.645382	2.731313705444336	3
687505	1782	4.774907	3.783844232559204	3
930298	1069	3.532656	3.1176414489746094	3
910936	2011	4.970082	3.5329840183258057	3
908461	1635	5.394279	3.5153443813323975	3
1240181	1022	-1.280509	1.56345796585083	3
905968	1021	4.373988	2.9754085540771484	3
1524416	1024	-0.605323	3.5736687183380127	3
909725	1629	5.035205	1.909738302230835	3
924238	1840	0.57627	3.422306776046753	3
906801	1816	5.193209	4.013336181640625	3
930301	1083	2.444995	2.9736201763153076	3
906865	1930	0.592297	3.6818580627441406	3
909253	2149	-0.255823	2.4921891689300537	3
910569	2043	1.181882	3.706310749053955	3
1327765	1561	1.440896	1.1863830089569092	3
946356	1553	5.214943	2.889892101287842	3
1240178	1051	1.461018	-1.598930835723877	3
908448	1930	-0.836158	2.3863911628723145	3
753549	1853	5.232477	3.258781671524048	3
909784	1853	5.586121	3.100454807281494	3
907277	1782	3.696855	2.458359956741333	3
924240	1576	2.050292	3.861842632293701	3
907042	1854	4.173774	3.7447257041931152	3
753579	1250	4.97744	3.549037218093872	3
908123	1802	3.990319	3.7948226928710938	3
1240162	2106	2.848602	2.39206862449646	3
1290922	1811	-2.516905	3.7948226928710938	3
905980	1836	5.931893	3.424468755722046	3
908151	1054	1.962343	2.254864454269409	3
905933	2360	5.645376	3.1008098125457764	3
909718	2106	4.410578	2.6044375896453857	3
907794	1873	1.564897	2.6044375896453857	3
753573	1259	3.371041	4.071401119232178	3
722045	1194	6.175767	3.1557958126068115	3
753541	2111	3.857248	3.807734727859497	3
753588	1037	2.209406	2.880985975265503	3
1298356	1170	6.748444	1.5483155250549316	3
910850	1910	6.845705	2.4913747310638428	3
688010	1803	5.939679	3.048983335494995	3
753572	1852	4.552463	4.054972171783447	3
908122	1512	5.366668	3.2098729610443115	3
909260	1813	2.025908	1.7644636631011963	3
1503370	1813	5.504323	3.302168607711792	3
1331032	1785	4.891082	2.3856852054595947	3
1240153	1068	-0.135152	2.3960793018341064	3
905935	2157	4.762349	3.589073896408081	3
908123	1730	1.289045	3.287597894668579	3
1240200	1593	4.744193	3.2589197158813477	3
909773	1016	2.144377	1.1863830089569092	3
1240155	1922	2.401623	2.9504456520080566	3
1503363	1927	2.325523	3.650714874267578	3
906793	1052	3.146757	2.3024532794952393	3
906805	1529	2.38005	4.067973613739014	3
908468	1576	2.259911	3.7862231731414795	3
906875	1080	-2.82881	-2.139981508255005	3
907794	1084	-3.735718	2.6044375896453857	3
1331037	1017	2.924596	2.2246971130371094	3
908458	1783	5.873615	3.6731984615325928	3
1240127	1378	4.515044	3.1907222270965576	3
687777	1739	4.478934	3.796499490737915	3
753600	1062	4.381951	3.2035458087921143	3
907311	1024	-0.649892	2.399898052215576	3
1298359	1512	5.754453	3.1123757362365723	3
1240146	1179	0.628953	2.5608348846435547	3
1240222	1529	-1.580998	3.9355409145355225	3
724872	2037	3.344078	3.61293363571167	3
1298136	1618	3.267023	5.1025872230529785	3
753575	1713	4.600426	3.2010767459869385	3
909761	1838	3.837806	3.0012221336364746	3
1303900	2107	5.047966	2.5478057861328125	3
1240146	2044	3.320285	3.302168607711792	3
1331037	1779	-0.560321	1.4962494373321533	3
906842	1507	2.99059	1.4962494373321533	3
930299	1051	4.496912	-1.598930835723877	3
905989	1578	4.484986	2.709398031234741	3
907311	1847	-0.455371	2.1520330905914307	3
753558	1913	3.850124	5.115405559539795	3
909784	1821	3.680222	3.1318180561065674	3
908465	1005	4.233994	3.302168607711792	3
908121	1131	2.626083	4.496248245239258	3
1524416	1401	1.208195	2.3075428009033203	3
1479987	1034	-6.898388	2.9754085540771484	3
1480362	1057	-0.094808	3.1008098125457764	3
1330948	1626	-2.355153	1.9743566513061523	3
907278	1810	-0.725326	1.7152533531188965	3
753616	1799	5.953537	3.296910524368286	3
1290730	2109	1.838101	3.987755298614502	3
906765	1839	3.646979	2.1171939373016357	3
905960	1777	4.580433	3.440660238265991	3
907058	2154	2.857175	3.6680591106414795	3
906834	2044	2.131101	3.210927963256836	3
1503371	1083	3.516507	3.071171998977661	3
907057	1845	0.256015	3.4100289344787598	3
910701	1079	-0.864818	2.651975393295288	3
753564	1131	2.926227	4.116848945617676	3
905955	1048	4.995491	3.6818580627441406	3
1503367	1786	2.842099	3.071171998977661	3
687985	1190	-2.585257	2.8975179195404053	3
724870	2110	5.364054	4.21742582321167	3
907057	1924	4.536813	3.1464312076568604	3
910931	1003	-3.847341	3.302168607711792	3
907278	1782	4.806633	2.307443857192993	3
910922	1088	3.948045	3.4707372188568115	3
683667	1720	-0.964584	2.1790478229522705	3
1480359	1199	4.689361	4.303158283233643	3
907275	1632	0.555561	1.1022257804870605	3
1330995	1083	2.366294	2.054375410079956	3
910951	1062	2.544205	1.9871101379394531	3
724874	1909	3.074215	2.5316972732543945	3
753546	1922	5.040335	2.9736201763153076	3
753569	2043	5.967201	3.675549268722534	3
906875	1428	4.896804	3.803497552871704	3
905978	1011	2.645011	2.3864758014678955	3
910936	1826	2.978232	3.077766180038452	3
910853	1708	-1.202352	2.3024532794952393	3
1240168	1779	0.989696	3.4289369583129883	3
753563	1200	1.046838	3.506350040435791	3
1330982	1085	1.095542	1.4962494373321533	3
909719	1620	5.383266	3.724255323410034	3
753534	1561	3.076848	2.614567518234253	3
949174	1576	3.197364	3.766216516494751	3
925340	1915	3.996729	2.7591044902801514	3
924107	1375	5.84578	2.609182596206665	3
910850	1825	1.691553	3.4100289344787598	3
688058	1553	3.9677	3.317819356918335	3
1240161	1933	2.60466	0.7484955191612244	3
910569	1089	2.957257	2.709398031234741	3
1298358	1089	3.273311	2.9720427989959717	3
924111	1594	0.750657	2.39206862449646	3
753574	1131	7.389674	4.904855251312256	3
687563	1014	1.112694	3.3480453491210938	3
905971	1507	5.223619	3.4928300380706787	3
908472	1068	2.473321	2.5316972732543945	3
910941	2158	3.33579	3.657599687576294	3
1330960	1578	4.042571	1.7644636631011963	3
753531	2040	-0.070089	2.6736690998077393	3
910943	1052	4.827164	2.2393996715545654	3
909250	1052	4.749381	2.3075428009033203	3
1327769	2010	1.242393	2.0605292320251465	3
949179	1085	1.895773	3.296910524368286	3
1330972	1559	1.428979	1.5304830074310303	3
687563	1825	-0.986322	3.232287645339966	3
946370	1149	1.157474	2.4163177013397217	3
908122	1916	1.671585	3.440660238265991	3
971777	1008	2.106828	2.764786958694458	3
909712	1930	0.520081	3.7309176921844482	3
688015	1250	-0.376944	2.880985975265503	3
687995	1003	-4.366197	2.8975179195404053	3
910692	1149	1.015442	2.1313323974609375	3
1240158	1780	5.484978	3.644739866256714	3
1240223	2360	5.758077	3.1035234928131104	3
1299062	1806	7.088324	2.8975179195404053	3
907045	1786	0.954318	3.110705614089966	3
687457	1576	3.105181	3.987755298614502	3
949174	1578	4.075972	1.9078476428985596	3
924187	1401	4.828886	2.353640079498291	3
1290725	1511	-0.010705	3.1290135383605957	3
687562	1007	-4.551191	-0.43405163288116455	3
1240169	1738	4.502847	3.364363431930542	3
687588	1239	2.404135	3.71911358833313	3
1330950	1924	1.819567	1.773900032043457	3
907269	1825	-2.070856	2.6766488552093506	3
905963	1927	5.544975	3.5736687183380127	3
908130	2011	5.494459	3.942657232284546	3
909250	1941	-4.360666	2.3864758014678955	3
909706	1375	5.35881	2.764786958694458	3
998189	1093	4.865126	2.4277472496032715	3
688011	1915	2.690451	3.11641263961792	3
1240173	2109	2.115865	3.8693974018096924	3
946382	1830	1.248515	3.1811368465423584	3
1240223	1786	3.49103	3.1344408988952637	3
908120	1529	2.105892	3.7948226928710938	3
910931	1018	4.969443	4.0970964431762695	3
909194	2169	4.072316	2.634075164794922	3
905936	1441	1.875195	2.6044375896453857	3
1298537	1917	2.960076	4.0970964431762695	3
724870	1626	0.21416	3.8363454341888428	3
907058	1622	3.181238	3.8252155780792236	3
683667	1047	4.261777	4.20945405960083	3
906864	1581	3.88733	3.674499273300171	3
906843	1813	4.81485	2.609182596206665	3
753547	1020	4.908213	1.5304830074310303	3
1299050	1022	0.746801	2.1155760288238525	3
749710	1814	6.773508	3.2098729610443115	3
910904	1996	5.185362	2.1541147232055664	3
687983	1083	2.44818	2.9053924083709717	3
753589	1919	3.931584	3.11641263961792	3
1659818	1072	3.513826	2.7727644443511963	3
688013	2360	4.717664	2.634075164794922	3
910688	1089	2.005349	1.7152533531188965	3
905935	1833	3.771973	3.373213529586792	3
949173	1786	-0.484865	2.668461561203003	3
905975	2113	2.905432	3.1318180561065674	3
688023	1585	4.334859	3.0995395183563232	3
753600	1033	5.304424	4.067973613739014	3
905957	1060	1.423808	3.66560435295105	3
1240226	1941	-3.19699	2.3960793018341064	3
907170	1786	0.910059	2.668461561203003	3
906875	1624	4.574253	3.256404161453247	3
909905	1838	4.040024	3.232287645339966	3
1298365	1563	6.480293	3.971200942993164	3
1503367	2046	-0.8144	2.4426772594451904	3
907313	1428	5.785659	3.71911358833313	3
910853	1052	4.23532	2.3024532794952393	3
910943	2159	5.765335	3.7186453342437744	3
906843	1047	6.336642	4.419065952301025	3
1240121	1613	2.051627	3.807734727859497	3
1240129	2055	3.123918	3.295156240463257	3
1322213	1062	4.904624	2.795469045639038	3
1297447	1833	2.629252	2.1171939373016357	3
908148	1915	2.255811	2.3115122318267822	3
753538	1925	4.996642	4.134244441986084	3
924238	2055	0.254439	3.422306776046753	3
908457	1029	6.609351	2.781755208969116	3
1290798	2171	6.016075	3.2638299465179443	3
753566	1626	3.795642	3.3803513050079346	3
905950	1022	-2.380809	2.3075428009033203	3
905958	1629	2.390069	0.7922648191452026	3
906797	1010	3.356049	3.2444229125976562	3
910079	1529	0.795728	4.099790096282959	3
713885	1502	5.343612	3.900832414627075	3
910934	1581	-0.331329	1.8888733386993408	3
907057	1512	5.219763	3.3112740516662598	3
1480364	1817	-3.536987	3.2589197158813477	3
687794	1932	1.308827	3.532491445541382	3
687505	1586	4.688274	2.8322370052337646	3
749715	1011	0.036802	2.2638633251190186	3
925348	1817	-4.30446	3.6010167598724365	3
1295740	1131	2.249312	2.8501322269439697	3
1330941	1032	-2.284399	2.5249929428100586	3
1290905	2011	4.371732	3.7948226928710938	3
1659823	1780	5.850778	3.4928300380706787	3
907786	1050	0.920289	-0.7108925580978394	3
909904	1558	5.755863	3.177534818649292	3
907318	1779	0.314897	3.650714874267578	3
908124	1852	2.678691	3.4496207237243652	3
907068	1615	5.330286	2.4374077320098877	3
1298538	1586	4.448075	3.1092536449432373	3
946367	2096	2.308521	3.3480453491210938	3
909770	2362	4.878592	2.562983751296997	3
1290769	1809	2.960848	2.709398031234741	3
1330931	1029	4.098778	1.9151418209075928	3
909706	1079	4.256232	3.549037218093872	3
753552	1093	2.588333	2.9890925884246826	3
1247873	1259	3.055829	4.0970964431762695	3
909749	1038	4.807248	3.856886148452759	3
905951	1593	1.738102	3.23032546043396	3
946360	1780	5.978383	3.56227707862854	3
907170	1625	3.845465	3.256404161453247	3
1330950	1720	-4.122898	1.627385139465332	3
906864	1820	2.062326	3.422306776046753	3
687596	1912	2.215931	2.614567518234253	3
753573	1036	3.152347	3.2010767459869385	3
907270	1783	4.945954	3.3187601566314697	3
907051	2173	5.162506	3.659513473510742	3
1247871	1030	4.202532	2.345763683319092	3
907285	1925	6.21644	4.60554313659668	3
909249	1624	-0.037135	2.593231439590454	3
753575	1012	2.962801	3.521056890487671	3
906696	1494	-3.695934	3.3502204418182373	3
905974	1249	1.938478	3.4496207237243652	3
688021	1620	6.824079	3.419188976287842	3
908118	1564	3.850066	3.034029722213745	3
1331032	1736	1.949584	2.478580951690674	3
753532	1830	1.843492	3.077766180038452	3
1674021	2157	5.154173	3.7441422939300537	3
687448	1853	4.94597	3.100454807281494	3
753574	1449	7.387611	3.650714874267578	3
909718	1401	3.409637	2.154240846633911	3
1299050	1593	2.351729	3.1391212940216064	3
910933	1834	0.828178	3.232287645339966	3
1290797	1011	2.075579	2.613369941711426	3
1240173	1581	3.835219	3.372789144515991	3
1331055	1560	4.190524	2.634075164794922	3
905937	2002	6.197301	3.0012221336364746	3
909751	1593	3.034596	2.9319589138031006	3
906862	1017	3.525967	3.776050329208374	3
909975	1561	2.659087	2.614567518234253	3
909757	2047	2.22198	1.879390001296997	3
908122	1941	-4.824548	2.2638633251190186	3
1240178	1634	5.239634	4.938662528991699	3
753556	2170	4.519923	2.6113274097442627	3
909762	1786	1.491063	1.893256425857544	3
724828	1008	1.552008	1.9078476428985596	3
910932	1046	2.118456	2.3024532794952393	3
1303901	1927	4.970449	2.880985975265503	3
1298222	1073	6.232376	4.099790096282959	3
908121	1581	1.938435	3.5775015354156494	3
753608	1931	6.452257	4.873345375061035	3
909773	1802	2.632232	2.3856852054595947	3
1240169	1003	-0.295973	3.1270029544830322	3
909260	2360	4.169501	1.815112829208374	3
910079	1849	-0.067909	2.4518589973449707	3
753612	1852	5.732776	2.7727644443511963	3
1240217	1068	-0.581004	2.4913747310638428	3
910936	2154	3.382983	3.740797758102417	3
724839	1817	-3.038063	2.8322370052337646	3
908475	1008	-0.993821	3.302168607711792	3
1298169	1598	4.638119	4.01242208480835	3
1240154	1812	-0.389785	3.3502204418182373	3
910691	2048	-2.952409	-1.2297430038452148	3
910911	1635	5.773624	3.5329840183258057	3
908473	2038	5.223278	4.092986106872559	3
687815	1020	4.197579	1.705780029296875	3
905938	1924	2.421961	1.9344286918640137	3
906795	1776	4.889996	3.6038243770599365	3
1298169	1821	3.520325	3.424468755722046	3
908448	1016	0.285086	1.9344286918640137	3
909975	1030	5.812685	3.9187991619110107	3
910931	1023	3.630466	3.1557958126068115	3
907314	1026	1.994459	1.3564257621765137	3
910903	1046	1.117681	2.3024532794952393	3
910937	1069	3.205231	3.2630109786987305	3
687980	1930	0.228938	3.5413100719451904	3
1299062	1718	5.956869	2.880985975265503	3
1330941	1927	4.508285	3.440660238265991	3
1240172	1268	4.471655	3.861842632293701	3
905956	1778	4.451234	2.586899518966675	3
749711	1927	4.726067	3.440660238265991	3
907787	2158	1.014731	2.499844551086426	3
905983	1919	2.841872	2.80788254737854	3
1290455	1625	1.960619	1.9743566513061523	3
1298348	1783	6.332507	4.067973613739014	3
907285	1908	2.392493	2.9555251598358154	3
1247871	1059	-0.310414	1.815112829208374	3
908451	1191	-4.182256	0.29488590359687805	3
753600	2439	9.933906	4.067973613739014	3
910952	1912	0.256434	2.7536847591400146	3
905967	1708	-0.811707	2.5608348846435547	3
749712	1925	5.794724	4.013336181640625	3
1524414	1060	1.851255	3.499448537826538	3
1295740	1915	2.203446	2.4375720024108887	3
907285	1510	4.163945	3.6065406799316406	3
1290908	1237	5.105997	4.092986106872559	3
1299070	1812	2.484513	3.488311529159546	3
687562	1852	4.428182	3.71911358833313	3
906877	1494	-5.384301	1.7644636631011963	3
687800	1017	5.184707	4.0970964431762695	3
909738	1814	7.553809	3.3112740516662598	3
905948	1583	2.462519	4.017548084259033	3
909740	2109	3.362117	3.8693974018096924	3
946363	1034	-3.778078	2.668461561203003	3
909744	1089	2.850519	2.2373757362365723	3
1240222	1634	5.318493	4.629425525665283	3
905990	1802	4.351762	3.9355409145355225	3
909770	1786	3.183974	2.9504456520080566	3
906790	1010	2.697324	2.7591044902801514	3
1240226	1168	3.419958	3.076040029525757	3
1298350	1180	-2.456495	2.5608348846435547	3
908461	1560	0.349645	2.562983751296997	3
908145	1062	3.304536	3.617357015609741	3
1297447	1932	1.638293	1.747366189956665	3
753566	1862	-1.075761	2.0723423957824707	3
946359	1557	4.866383	2.2638633251190186	3
1295740	1714	2.919232	2.3762145042419434	3
688013	1191	-5.724795	1.5304830074310303	3
910951	2040	-2.371284	1.9151418209075928	3
1327766	1026	-0.344152	0.711873471736908	3
910937	1908	4.281388	3.824564218521118	3
724839	1059	2.810453	2.4374077320098877	3
905980	1706	0.480448	3.6959917545318604	3
1298160	1190	-0.196391	2.764786958694458	3
687985	1583	2.749189	3.61293363571167	3
688027	1080	-4.920125	-2.1812541484832764	3
906872	1014	1.419188	3.034029722213745	3
753569	1580	5.130526	3.320082902908325	3
1327773	1615	4.344217	1.1863830089569092	3
1503371	1560	3.086497	2.889892101287842	3
949153	1026	0.352571	0.7922648191452026	3
906863	2158	3.770295	3.740797758102417	3
906872	1401	4.743389	1.56345796585083	3
1240187	1847	-0.446677	3.4439241886138916	3
909748	1049	3.853463	2.781755208969116	3
1299080	1918	3.381605	2.586899518966675	3
910900	1507	4.813402	3.796499490737915	3
753581	1529	3.670932	3.4496207237243652	3
906875	1005	1.795832	1.9078476428985596	3
724866	1780	6.826548	3.796499490737915	3
753623	1593	1.757076	3.521056890487671	3
910780	1824	1.766491	2.842883825302124	3
905981	1557	5.213337	2.3864758014678955	3
909753	1580	6.405442	3.5468266010284424	3
1503366	2055	3.69487	3.484436273574829	3
724828	1557	3.615688	2.0708887577056885	3
910544	1025	3.212248	2.950932502746582	3
1299080	1190	-1.060876	2.764786958694458	3
906808	1373	5.789122	3.824564218521118	3
1298365	1237	6.678068	3.971200942993164	3
949178	1930	-1.228322	3.2446839809417725	3
687787	1833	2.035156	3.1768341064453125	3
998189	1862	-1.03386	1.7788481712341309	3
910944	1853	2.668525	1.9644510746002197	3
1298347	1831	3.598444	3.4439241886138916	3
924239	1086	-4.222187	1.562936782836914	3
906835	1783	7.507597	3.71911358833313	3
906693	1020	5.706905	2.4112045764923096	3
1240145	1047	5.164956	4.873345375061035	3
907051	1199	4.19236	4.283191204071045	3
753594	1003	-2.424571	2.8975179195404053	3
906842	1032	0.671661	1.961944818496704	3
749716	1029	5.168532	3.110705614089966	3
924240	1249	5.210487	3.7948226928710938	3
724825	1617	-0.853811	1.627385139465332	3
1327771	1844	2.367737	2.1520330905914307	3
1331045	1088	1.530555	1.3068394660949707	3
909746	1631	5.678798	3.4928300380706787	3
753569	1819	2.482721	-1.2992968559265137	3
908125	1834	2.467579	3.1318180561065674	3
688026	1080	-3.097479	-2.1812541484832764	3
908442	1024	-0.717675	3.4928300380706787	3
1503371	1825	-1.237317	3.484436273574829	3
906821	1401	2.391832	2.481887102127075	3
1330984	1052	0.714189	0.5305613875389099	3
906818	1580	4.070964	3.3530056476593018	3
687802	1559	0.247183	2.2517340183258057	3
1290922	1733	2.7345	3.440660238265991	3
924250	1919	0.972761	2.7591044902801514	3
753533	2043	5.542461	4.009965896606445	3
908150	1179	0.839316	2.600973129272461	3
907062	2003	5.533166	3.077766180038452	3
924106	1059	-2.051496	2.5478057861328125	3
906696	1829	3.422148	3.422306776046753	3
1240193	2045	3.370841	2.634075164794922	3
753579	1061	5.372258	0.7945478558540344	3
905954	1268	4.339349	3.8252155780792236	3
1240186	1449	5.734115	2.880985975265503	3
905962	1916	5.087682	3.4928300380706787	3
946353	1809	0.602392	3.1123757362365723	3
1330931	1032	1.278999	2.324089765548706	3
907287	1824	3.592255	3.0012221336364746	3
907274	1784	5.3698	2.0605292320251465	3
907289	1853	2.984046	2.9319589138031006	3
1330942	1576	2.754384	2.9713966846466064	3
1330995	1806	2.447027	1.3068394660949707	3
687448	1401	4.519751	2.3024532794952393	3
909719	1080	-3.661307	-1.6619460582733154	3
949088	1096	-1.290552	-3.4001128673553467	3
906834	1237	3.501175	3.785804033279419	3
910934	2003	4.545193	2.0605292320251465	3
908129	1922	2.470572	3.119699716567993	3
909774	2106	3.588481	2.614567518234253	3
1503370	1922	1.293267	3.1557958126068115	3
1509074	2172	4.343805	3.6959917545318604	3
1330993	1998	5.227636	3.5867087841033936	3
908120	2043	6.756875	3.776050329208374	3
907045	1999	2.746073	3.1811368465423584	3
909709	2111	5.666683	3.807734727859497	3
906871	1062	4.761572	3.617357015609741	3
749714	1085	4.041312	3.440660238265991	3
946353	1583	2.907781	4.042757511138916	3
724878	1079	2.83153	3.796499490737915	3
687980	1720	2.908466	2.1313323974609375	3
925338	1073	3.488838	3.7948226928710938	3
925340	1010	4.692637	2.7591044902801514	3
910549	1259	2.220934	4.071401119232178	3
949154	1564	1.992897	2.925762891769409	3
905980	1083	5.944886	3.293588399887085	3
910687	1512	4.498884	1.7644636631011963	3
906801	1083	4.540035	3.110705614089966	3
905964	1175	2.859008	2.701117992401123	3
753583	1780	6.170355	2.651975393295288	3
1327773	1614	2.42061	1.4962494373321533	3
925347	1827	2.52782	3.563495397567749	3
1503370	1583	3.276289	4.092986106872559	3
908146	1033	4.2485	2.458359956741333	3
949154	2174	2.659756	3.783844232559204	3
1298218	1941	-2.959584	2.613369941711426	3
907169	1022	1.009669	2.3024532794952393	3
908447	1034	-4.352348	2.668461561203003	3
909746	1072	5.517367	3.6731984615325928	3
688023	1915	2.251156	3.11641263961792	3
907277	1034	-4.253008	1.893256425857544	3
908463	1061	6.530167	3.2035458087921143	3
1303897	1626	5.703358	1.8888733386993408	3
1331037	2043	3.68114	2.2246971130371094	3
753551	1069	3.997421	3.2630109786987305	3
753547	1017	3.484266	3.5413100719451904	3
946360	1093	4.825657	3.221855878829956	3
925340	1559	-1.907201	1.9825756549835205	3
1298529	2170	5.13117	2.39206862449646	3
906763	2106	3.096044	1.815112829208374	3
910548	2157	5.136871	3.971200942993164	3
1298365	1635	6.049053	3.9355409145355225	3
909248	1585	4.618956	3.2012593746185303	3
907173	1250	0.024184	3.555816411972046	3
753548	1237	3.79349	2.4921891689300537	3
753554	1084	-1.956293	2.6113274097442627	3
909718	1718	4.985161	3.4928300380706787	3
1298348	1030	4.51168	4.0970964431762695	3
910935	1043	4.335133	3.537466287612915	3
911905	1739	5.924718	3.56227707862854	3
909252	1023	1.862286	1.893256425857544	3
687448	1831	5.461808	3.1318180561065674	3
724868	1052	2.491096	2.5608348846435547	3
905986	2149	0.804169	3.7186453342437744	3
1299078	1086	0.771776	2.3024532794952393	3
909774	1827	1.990208	3.2184653282165527	3
1660036	1093	4.818778	2.4277472496032715	3
1659823	1032	0.642267	2.67289662361145	3
1298167	1916	2.18332	3.667330503463745	3
687985	1079	3.040542	2.880985975265503	3
908139	1583	3.616307	3.621155023574829	3
909774	1494	-5.811514	3.194873571395874	3
724834	1811	-0.652008	4.067973613739014	3
909770	1922	4.437046	2.9504456520080566	3
905964	1831	3.157401	2.1171939373016357	3
930083	1839	5.634011	3.422306776046753	3
907790	1003	-3.043928	2.709398031234741	3
1674021	2048	-4.6622	-1.7151498794555664	3
687819	2498	8.355546	5.1572957038879395	3
1503371	1706	3.10175	3.791395425796509	3
908139	1634	3.927683	4.903197765350342	3
909263	1930	0.919877	3.706310749053955	3
687448	2040	1.095208	2.9736201763153076	3
1660035	1080	-0.788096	-1.7151498794555664	3
905969	1558	3.93533	2.8036954402923584	3
910554	2158	4.190948	3.7441422939300537	3
1298167	1023	3.026971	3.1344408988952637	3
1240168	1023	3.410246	3.1263182163238525	3
1479987	1873	1.212378	3.1008098125457764	3
946358	1093	4.72376	1.2974586486816406	3
908451	1449	4.343281	1.8732450008392334	3
908150	1712	-1.357584	3.9769351482391357	3
687505	1248	-5.521244	4.661792278289795	3
906820	1629	4.777287	1.3564257621765137	3
905949	1831	3.469616	3.4439241886138916	3
724839	2112	3.265685	2.883435010910034	3
910691	1586	4.269602	3.3534414768218994	3
907055	1005	3.197647	2.9720427989959717	3
1298526	1036	5.456817	2.9555251598358154	3
1331037	1913	3.363763	2.539158344268799	3
906792	1047	5.102993	4.16465425491333	3
724874	1030	6.650383	4.0970964431762695	3
910861	1849	-1.628249	0.8961858153343201	3
906765	1941	-5.324813	1.627385139465332	3
1298353	1168	4.090141	2.5682694911956787	3
1240125	1799	3.635815	3.549037218093872	3
1298222	1927	4.44158	3.650714874267578	3
687588	1936	1.466805	3.1263182163238525	3
909697	1586	3.189641	3.0882625579833984	3
909723	1996	5.898324	2.3960793018341064	3
753589	1840	5.780024	3.048983335494995	3
905972	1011	5.428273	2.5316972732543945	3
1299081	1624	2.870218	3.3530056476593018	3
910932	2361	3.993398	2.586899518966675	3
906808	1932	2.024874	3.0346310138702393	3
910850	1084	0.290925	3.1464312076568604	3
753576	1614	5.157212	3.650714874267578	3
909784	1059	-0.523237	2.586899518966675	3
909715	1913	2.948884	3.1745121479034424	3
906869	1830	3.168169	3.113291025161743	3
910545	1243	1.218649	2.307443857192993	3
909704	1022	-0.03275	2.470022439956665	3
946366	1022	0.896027	2.2393996715545654	3
905936	1237	5.075406	3.7441422939300537	3
1303897	1917	0.314215	2.2246971130371094	3
905959	1826	3.130392	3.295156240463257	3
910704	1559	-1.847079	1.7656006813049316	3
949090	1512	5.961025	3.488311529159546	3
753554	1581	1.678086	3.320082902908325	3
924240	1091	4.386501	3.2638299465179443	3
1330950	2038	1.325295	2.95228910446167	3
1330941	1913	3.581352	4.972575664520264	3
998189	1821	4.551284	3.0012221336364746	3
906863	1561	0.993182	2.39206862449646	3
907071	1091	2.448821	3.481539011001587	3
1303897	1932	4.271922	1.6258745193481445	3
909904	1083	4.036192	3.202533721923828	3
910911	1021	3.905169	2.6736690998077393	3
910569	1011	3.010412	2.3419995307922363	3
905958	1825	-0.306661	2.0559418201446533	3
909704	1936	3.067563	2.6163811683654785	3
907300	1940	2.729665	2.9713966846466064	3
908148	1932	0.557813	1.8495714664459229	3
1298362	1032	1.815666	2.4516146183013916	3
910947	1563	4.416003	2.4921891689300537	3
713878	1463	5.529624	2.9053924083709717	3
905984	1849	-1.447103	2.1386830806732178	3
910919	1007	-5.972264	-3.4001128673553467	3
909757	1615	6.037017	2.6044375896453857	3
905961	1026	-2.248012	1.7788481712341309	3
1240169	1510	4.453857	3.364363431930542	3
1298216	1034	-2.025893	3.202533721923828	3
909744	1820	3.959242	2.4263410568237305	3
910567	1613	0.500996	3.2446839809417725	3
1240201	2499	10.378344	5.1025872230529785	3
907066	1050	5.489629	-3.0320005416870117	3
905951	1925	5.809432	4.013336181640625	3
907278	1629	4.493889	0.29488590359687805	3
907058	1631	2.585616	3.549037218093872	3
1290724	1068	0.375891	2.1541147232055664	3
909771	1073	1.49454	2.307443857192993	3
1298219	1073	4.949616	3.7267134189605713	3
909749	1815	6.712711	3.798079252243042	3
910567	1852	3.552434	3.803497552871704	3
749709	1052	4.013818	2.254864454269409	3
1298146	2110	5.569971	4.070211887359619	3
908455	1709	-2.069918	2.311915636062622	3
749713	1375	7.328043	3.2098729610443115	3
909744	2047	-1.023258	2.7077367305755615	3
909721	1067	7.677342	2.5608348846435547	3
753615	1507	5.040799	2.4494969844818115	3
1240121	1079	0.687387	2.651975393295288	3
1298357	1939	7.147955	2.410754680633545	3
908139	1088	5.732172	2.9720427989959717	3
1330950	1832	3.603301	2.1171939373016357	3
905939	1998	4.495879	3.6731984615325928	3
907269	1782	3.713632	3.3187601566314697	3
905939	1831	3.743763	3.0012221336364746	3
1240189	1786	1.065142	2.9053924083709717	3
909713	1844	3.960229	3.1318180561065674	3
753552	1930	-0.708187	3.856886148452759	3
909263	1190	1.849566	2.709398031234741	3
910899	1170	3.333483	1.5304830074310303	3
1298357	1576	4.804842	3.7166645526885986	3
907789	2158	3.481163	2.499844551086426	3
687590	1776	4.239415	3.287329912185669	3
905952	1862	-2.59365	0.7922648191452026	3
907318	1510	3.770597	3.390338659286499	3
908476	1936	-2.995697	3.1557958126068115	3
906821	1046	3.396007	2.481887102127075	3
907055	1598	3.527117	3.7166645526885986	3
687997	1838	4.239024	3.048983335494995	3
1240218	1799	5.454893	3.839576482772827	3
1503363	1803	2.493651	3.484436273574829	3
908147	1855	2.72495	2.3762145042419434	3
1503363	1834	3.289605	3.484436273574829	3
753569	1584	2.649926	3.1092536449432373	3
909252	1086	-3.956019	1.435516595840454	3
907317	1003	-2.695714	3.1123757362365723	3
905951	1824	2.557263	3.1811368465423584	3
907282	1011	4.072339	2.1386830806732178	3
1298365	1089	3.632804	3.488311529159546	3
907055	2360	3.747451	2.562983751296997	3
925346	2011	5.623527	4.054972171783447	3
905986	1085	2.841343	3.4289369583129883	3
724869	1706	3.603636	3.8363454341888428	3
910932	2172	2.893157	3.3530056476593018	3
907170	1631	4.217034	3.296910524368286	3
1327768	1037	1.284808	1.4962494373321533	3
1240155	1828	4.386854	3.113291025161743	3
688013	1401	1.313154	2.327098846435547	3
1240157	1373	5.304151	3.1375224590301514	3
907792	1922	2.680124	2.781755208969116	3
753546	1736	-0.759128	0.7945478558540344	3
906763	1911	-6.100624	2.458359956741333	3
722046	1804	3.906565	3.4439241886138916	3
1240200	1839	4.965148	3.295156240463257	3
1503367	1918	3.437472	2.889892101287842	3
753554	1939	1.65095	2.2802205085754395	3
906808	1561	5.34737	2.634075164794922	3
949170	1913	3.601545	4.5008931159973145	3
907061	1373	4.109268	2.9493038654327393	3
905991	1997	3.638628	2.2480719089508057	3
1480374	1614	5.486483	3.56227707862854	3
907274	1782	5.241232	2.3856852054595947	3
906869	2157	4.278122	3.621155023574829	3
753572	1915	2.234158	3.177534818649292	3
910911	2107	4.786483	2.39206862449646	3
753565	1627	2.744179	3.61293363571167	3
908473	1030	5.427913	4.0970964431762695	3
907276	1634	4.534813	4.903197765350342	3
905954	1051	3.344787	-1.280214786529541	3
1240169	1799	4.467211	3.4289369583129883	3
753563	1053	2.666999	1.773900032043457	3
906763	1046	0.243053	1.435516595840454	3
909740	1780	8.2411	3.4928300380706787	3
908123	1849	-0.891514	2.2638633251190186	3
910952	1826	3.500098	3.424468755722046	3
910700	1598	3.892138	3.8693974018096924	3
1674021	1529	0.206153	3.6731984615325928	3
753555	1593	1.554787	3.521056890487671	3
907270	1067	4.941888	1.5694739818572998	3
1303900	1624	4.678221	3.5775015354156494	3
910899	1529	-0.830936	3.622793674468994	3
910704	1738	5.082964	3.2638299465179443	3
909260	1783	3.357871	2.458359956741333	3
907169	2047	3.094706	0.7945478558540344	3
687590	2002	5.905157	3.232287645339966	3
1240182	1007	-2.907387	-2.1812541484832764	3
908118	2175	2.962545	3.766216516494751	3
687807	1941	-4.166838	2.5316972732543945	3
909708	2112	0.569982	3.077766180038452	3
907051	2055	3.240954	3.362673282623291	3
907269	1847	2.035891	2.6766488552093506	3
1298352	2172	1.369512	3.4605700969696045	3
753592	1852	5.477685	4.067973613739014	3
753612	1449	5.7911	2.4494969844818115	3
1524419	1192	1.532492	3.520223379135132	3
905991	1048	4.774572	3.926697015762329	3
1331035	1096	1.654674	-3.4001128673553467	3
907318	1051	2.741344	-1.2221057415008545	3
906871	1507	5.100475	3.0377109050750732	3
753546	1624	6.169051	3.3530056476593018	3
907783	2055	0.174314	2.1520330905914307	3
907068	1911	-4.900193	3.783844232559204	3
1327775	1627	1.690778	2.95228910446167	3
1330973	1529	6.803187	3.622793674468994	3
1327773	1428	4.725134	2.3856852054595947	3
1298134	1811	-2.777355	3.783844232559204	3
687807	1933	5.417374	2.2517340183258057	3
753581	2175	5.193715	3.8252155780792236	3
753612	1806	2.915812	2.0833332538604736	3
1297449	1192	1.339271	2.5474040508270264	3
906798	1926	0.786415	3.153470516204834	3
1298359	1059	-0.70343	2.889892101287842	3
906869	1248	-5.020845	4.903197765350342	3
1298351	1199	4.32275	4.199921131134033	3
908461	1840	2.294997	3.113291025161743	3
905962	2360	6.819999	2.6044375896453857	3
909729	1250	1.726231	3.4289369583129883	3
753584	1093	4.263562	2.9890925884246826	3
1298356	1200	4.451944	4.199921131134033	3
908483	1248	-5.933474	4.3389105796813965	3
1298168	1058	1.220292	2.7536847591400146	3
946358	1038	0.588299	2.345763683319092	3
909260	1909	2.318984	1.6535778045654297	3
1330948	1634	3.767265	3.1745121479034424	3
909250	1815	7.089171	3.948214292526245	3
909263	1428	5.965761	3.6731984615325928	3
1240159	1529	0.969739	3.9990506172180176	3
1331045	1849	-0.95856	0.8961858153343201	3
753546	1051	4.368431	-1.280214786529541	3
753547	1050	0.521193	-2.1812541484832764	3
1298353	1012	2.70992	3.2272746562957764	3
1299064	1932	1.425503	3.390338659286499	3
1298218	1736	2.63236	2.9555251598358154	3
909748	2171	1.802501	2.4277472496032715	3
905948	1428	6.085232	3.948214292526245	3
1303901	1249	2.270077	3.622793674468994	3
910932	1931	5.021229	4.16465425491333	3
1330948	1029	4.593697	2.1713569164276123	3
925348	1706	1.565203	3.8363454341888428	3
907046	1778	-0.064534	2.5478057861328125	3
949090	2360	4.168648	3.1008098125457764	3
909724	1069	3.684397	3.273488998413086	3
910852	1778	1.724875	2.5478057861328125	3
907311	1832	2.508776	2.1520330905914307	3
1240157	2113	2.328601	3.4100289344787598	3
908483	1023	3.254602	2.9053924083709717	3
753532	2045	4.936815	2.39206862449646	3
907317	1018	5.266659	4.071401119232178	3
724872	1199	2.672048	3.900832414627075	3
909249	1088	1.929335	2.0833332538604736	3
946355	1928	4.640223	3.791395425796509	3
907312	1049	3.631496	2.6163811683654785	3
1480371	1373	4.979152	3.4560327529907227	3
749709	1625	5.293309	3.5775015354156494	3
1240222	1449	5.51468	3.56227707862854	3
1298219	1428	5.507543	3.7267134189605713	3
1290455	1250	-0.405748	1.8732450008392334	3
909774	1940	3.884196	3.9168598651885986	3
949174	2438	11.094296	3.803497552871704	3
908146	1034	-3.839253	1.893256425857544	3
909774	1558	4.625569	2.5682694911956787	3
687997	1239	3.827975	3.622793674468994	3
925347	2113	4.030314	3.563495397567749	3
905945	1011	1.834042	2.2638633251190186	3
906821	1060	1.399805	2.9555251598358154	3
753570	2171	1.023202	2.9266064167022705	3
1290769	2499	10.126011	4.570192813873291	3
910688	2106	2.010383	1.9344286918640137	3
1247873	1042	4.525779	5.174712657928467	3
906805	1005	4.264559	3.302168607711792	3
949153	1594	0.329257	1.815112829208374	3
910927	1578	4.818453	3.2098729610443115	3
1240168	1845	1.300892	3.232287645339966	3
907281	1624	-0.08123	2.593231439590454	3
949090	1030	6.006139	3.926697015762329	3
749711	1780	4.069375	3.440660238265991	3
687983	1828	2.969287	3.048983335494995	3
909726	1170	3.08969	1.909738302230835	3
910944	1617	-3.616067	1.6535778045654297	3
688058	1507	5.180634	3.555816411972046	3
909260	1803	5.457198	2.0559418201446533	3
1240199	1069	6.129419	3.3646957874298096	3
910920	1614	2.563516	3.5736687183380127	3
907312	1249	2.434877	3.798079252243042	3
1240179	1060	2.705858	2.925762891769409	3
907169	1849	-0.433345	2.3960793018341064	3
1298476	2360	7.761569	3.241546392440796	3
909251	1581	0.405118	2.2806544303894043	3
907289	1129	3.256092	2.6044375896453857	3
713880	1584	2.359733	3.0995395183563232	3
1480372	1814	6.43565	3.488311529159546	3
909725	1149	1.695498	2.3960793018341064	3
905980	1022	0.563274	2.3075428009033203	3
1240123	1821	2.786204	3.0012221336364746	3
907067	1268	4.845689	3.8252155780792236	3
910710	2158	2.134067	2.6968913078308105	3
1503361	1817	-5.729351	3.521056890487671	3
1240130	1808	-1.377225	2.764786958694458	3
1331055	1179	1.083646	2.327098846435547	3
949179	1933	3.297656	1.3564257621765137	3
687561	2044	3.324219	3.1270029544830322	3
908447	2045	5.231734	2.6252429485321045	3
905963	2043	5.485006	4.009965896606445	3
924187	2048	0.83753	-1.2297430038452148	3
907281	1830	1.834784	2.1171939373016357	3
905962	1005	3.43572	2.709398031234741	3
910781	1199	4.940425	4.283191204071045	3
1331032	1030	5.041887	2.2246971130371094	3
1303911	1060	3.144597	3.66560435295105	3
910916	2499	9.033314	4.620380878448486	3
908455	1268	4.425858	3.7166645526885986	3
1240154	1634	3.000886	4.938662528991699	3
724839	1838	4.946459	2.883435010910034	3
906795	1016	0.963329	3.1035234928131104	3
1240219	1930	4.27208	4.280787944793701	3
905964	1585	2.751778	2.1333348751068115	3
907172	1086	-0.973986	2.3024532794952393	3
910920	1732	4.634396	3.948214292526245	3
753624	1007	-4.637177	-0.9829345345497131	3
910544	1708	-2.270211	1.375196933746338	3
971777	1025	5.4786	3.8252155780792236	3
1240127	2096	4.901605	3.4102301597595215	3
753573	1054	4.223816	2.4426772594451904	3
946359	1061	5.514725	3.66560435295105	3
907270	1058	0.038741	2.3153862953186035	3
1327765	1909	1.549068	0.8961858153343201	3
1240209	1049	1.9721	2.9504456520080566	3
910935	1036	2.179337	2.478580951690674	3
1240201	1998	4.398431	4.054972171783447	3
1331032	1557	4.396741	0.8961858153343201	3
949178	1833	2.455557	2.842883825302124	3
753610	1736	3.926904	3.824564218521118	3
905937	1060	1.125932	1.879390001296997	3
908449	1913	6.559188	3.5558083057403564	3
924108	1068	1.585381	2.3419995307922363	3
908146	2043	2.794269	2.345763683319092	3
946382	1617	0.749665	2.2638633251190186	3
905954	1909	2.895829	2.3960793018341064	3
1240198	1930	1.228758	3.926697015762329	3
930298	1529	1.748421	3.783844232559204	3
1299052	1093	6.098565	2.9266064167022705	3
1327773	2159	1.535229	2.3053300380706787	3
1240186	1847	6.550155	3.048983335494995	3
724870	1806	4.587662	3.1546638011932373	3
753623	1835	3.697994	3.484436273574829	3
1330964	1175	4.738467	3.5413100719451904	3
924241	1586	5.538007	3.0995395183563232	3
753612	1598	3.249146	3.3659517765045166	3
753585	2439	10.099336	3.948214292526245	3
1290769	1061	5.39757	1.879390001296997	3
907318	1084	-2.437697	2.889892101287842	3
906812	1057	-1.817811	2.5478057861328125	3
1240219	1630	5.546531	3.839576482772827	3
907048	1200	2.810038	4.013336181640625	3
909725	1924	3.906352	2.586899518966675	3
910850	1250	3.650017	3.644739866256714	3
1290722	1029	5.645877	3.1344408988952637	3
1298216	2439	10.089925	4.054972171783447	3
924244	2107	5.558772	2.979809045791626	3
753569	1017	4.187999	3.675549268722534	3
907312	2037	4.784373	3.9018096923828125	3
753594	1048	4.363043	3.5413100719451904	3
1290908	1620	4.858787	3.8020036220550537	3
909698	2048	-5.268938	-1.7151498794555664	3
753549	1016	-0.338929	2.57918643951416	3
905941	1706	2.385064	3.320082902908325	3
907318	2362	3.913906	2.889892101287842	3
1240204	1072	3.183523	3.5329840183258057	3
1240169	1018	5.514226	3.7309176921844482	3
906835	1813	5.913531	3.1270029544830322	3
1240154	1529	-1.1376	4.027547836303711	3
907045	1088	4.086671	3.2098729610443115	3
906872	2110	5.895719	3.657599687576294	3
753572	1091	3.173217	3.6065406799316406	3
909729	1917	2.636876	3.7309176921844482	3
906872	1927	6.108001	3.296910524368286	3
724839	2111	6.816028	3.519674301147461	3
753555	1866	2.051108	3.6573874950408936	3
1240174	1072	4.249171	3.942657232284546	3
905958	1786	2.178886	1.893256425857544	3
925348	1709	-0.797442	2.481887102127075	3
908443	1052	4.952957	2.2342309951782227	3
909250	2148	2.286401	3.424468755722046	3
908125	1428	5.663068	3.4496207237243652	3
907272	1916	1.935738	2.416912078857422	3
909907	2362	6.540642	2.5478057861328125	3
910922	1553	3.669198	2.7536847591400146	3
910918	1852	3.37752	2.3856852054595947	3
1298136	1080	-3.617642	-0.9829345345497131	3
753624	2438	10.291769	4.054972171783447	3
753533	1248	1.606106	5.115405559539795	3
908463	1821	4.953342	3.4439241886138916	3
909736	1912	1.847361	3.1464312076568604	3
909738	1038	5.697473	4.103108882904053	3
909761	2107	5.523144	2.6044375896453857	3
908141	1730	0.78681	2.4840877056121826	3
1240201	1817	-4.796783	3.6010167598724365	3
1240222	2177	1.807501	3.971200942993164	3
1290797	1812	3.32005	3.1546638011932373	3
906869	1821	3.739614	3.113291025161743	3
906868	1614	4.378168	3.0377109050750732	3
924111	1060	-0.093222	2.9493038654327393	3
724870	2096	2.423339	2.9555251598358154	3
1290922	1180	-0.995404	2.254864454269409	3
949093	1378	6.482086	3.2098729610443115	3
924239	1576	0.569921	3.3659517765045166	3
909728	1373	2.75834	2.9605352878570557	3
908465	1378	5.640359	3.302168607711792	3
910920	1088	2.944632	3.4707372188568115	3
909904	1626	5.284701	3.8363454341888428	3
1298157	1585	3.408685	3.23032546043396	3
906804	1840	1.092389	3.2184653282165527	3
713878	1817	-6.147011	3.0995395183563232	3
1479988	2113	2.480558	3.295156240463257	3
908129	1739	1.952175	3.655221700668335	3
949172	1913	4.394206	4.5008931159973145	3
925338	1239	2.655365	3.7948226928710938	3
907046	1808	1.163306	3.2098729610443115	3
687568	1237	5.804319	3.7186453342437744	3
1290455	2172	-2.026956	1.9743566513061523	3
910951	1025	4.457909	2.950932502746582	3
907286	1558	3.095127	3.177534818649292	3
753620	1634	4.754099	4.5008931159973145	3
724834	2106	5.187237	2.979809045791626	3
1290455	1199	2.364886	3.1648740768432617	3
930083	1738	4.243235	3.4596760272979736	3
687800	1048	5.66278	4.0970964431762695	3
688006	1583	3.051509	3.61293363571167	3
910079	1033	5.67539	4.099790096282959	3
910698	1847	2.461437	3.424468755722046	3
907792	1738	3.131079	2.4277472496032715	3
1290769	1734	3.171581	3.6731984615325928	3
910952	2112	2.311674	3.424468755722046	3
910548	1054	4.85137	2.6999499797821045	3
1330931	2154	1.404292	2.6968913078308105	3
1298146	1720	6.308492	2.4913747310638428	3
907276	1635	6.098595	3.5153443813323975	3
688058	1068	1.84685	2.55149245262146	3
905989	1510	4.620308	2.4277472496032715	3
910781	1849	-3.041701	2.4523725509643555	3
910934	1084	-6.238818	1.1863830089569092	3
909194	1627	3.101624	3.61293363571167	3
909904	1580	6.390173	3.8363454341888428	3
924189	1915	2.925202	2.8949882984161377	3
909975	1057	1.441216	2.614567518234253	3
722066	1852	5.426078	4.067973613739014	3
905985	1375	6.189135	3.1270029544830322	3
753574	1718	5.898918	3.650714874267578	3
753592	1372	-0.179289	3.2035458087921143	3
1240201	1625	4.770845	3.8363454341888428	3
905945	1778	1.656994	2.5478057861328125	3
1659929	2174	2.355607	3.6731984615325928	3
1295741	1585	3.520984	2.1333348751068115	3
1240169	1441	4.263081	2.57918643951416	3
1524416	1175	4.944695	4.009965896606445	3
930299	2362	3.459473	3.1035234928131104	3
1240153	1149	1.73599	2.3960793018341064	3
688023	1909	1.035729	2.1313323974609375	3
908128	1067	5.592307	2.3024532794952393	3
906863	1586	3.824795	3.1391212940216064	3
1295741	1919	0.802429	2.963899612426758	3
1240179	1930	1.365148	3.519674301147461	3
1240181	1940	4.387336	3.766216516494751	3
906824	1839	2.856827	2.883435010910034	3
1240182	1372	4.439722	3.824564218521118	3
905944	1866	5.051883	3.618807554244995	3
906830	1866	3.84584	3.273488998413086	3
907269	1583	0.747747	3.332568407058716	3
1298226	1802	3.184001	3.710660219192505	3
909253	2010	3.955133	2.2642250061035156	3
1331037	1853	2.684024	1.9591236114501953	3
687777	2498	8.814048	5.1572957038879395	3
910899	1042	2.534702	4.425726890563965	3
906863	1058	1.172634	2.39206862449646	3
909974	1026	4.366463	1.1697752475738525	3
688021	1716	6.528224	2.880985975265503	3
924244	1930	1.466831	4.0970964431762695	3
949154	1873	1.148104	2.4374077320098877	3
724872	1372	1.445027	3.824564218521118	3
910943	1068	0.574812	2.4163177013397217	3
1659929	1932	2.663028	2.4277472496032715	3
1503363	1043	6.003517	5.131811141967773	3
687787	1613	4.684932	3.675549268722534	3
909704	1730	2.093027	3.355306625366211	3
1290769	2000	6.558608	3.0012221336364746	3
753574	1013	4.922786	3.7581803798675537	3
907320	1559	-2.922517	2.041718006134033	3
753624	1621	5.992239	3.6010167598724365	3
688086	1549	4.524216	2.8949882984161377	3
910919	1624	-0.843351	1.8888733386993408	3
925347	2361	5.692962	3.241546392440796	3
906877	2045	3.384824	1.815112829208374	3
749717	1827	1.219944	3.1811368465423584	3
909974	1177	4.206554	4.009965896606445	3
713899	2110	4.886281	3.61293363571167	3
713880	1738	0.111645	3.0346310138702393	3
908147	1732	2.415653	2.458359956741333	3
909263	1813	6.898764	2.709398031234741	3
906696	1576	2.566368	4.018235683441162	3
1298537	1586	2.955147	3.479275941848755	3
1247873	1057	-0.296665	2.979809045791626	3
907300	1401	0.220923	1.1022257804870605	3
910544	1449	3.577112	2.399898052215576	3
1524417	1031	-1.766591	1.1697752475738525	3
909729	1014	3.084825	3.3480453491210938	3
1298136	1259	5.021535	4.280787944793701	3
688021	1614	7.112702	2.880985975265503	3
908469	1017	3.948354	3.5413100719451904	3
905964	1941	-5.244109	1.627385139465332	3
1290730	1585	4.440914	3.0811338424682617	3
906864	1083	3.492239	3.1344408988952637	3
1240127	1916	0.843479	3.655221700668335	3
1240122	1821	3.335495	3.077766180038452	3
1330950	2109	1.913264	3.3659517765045166	3
1240217	1928	5.653284	3.724255323410034	3
687812	1716	5.770154	3.796499490737915	3
905977	1622	4.911748	3.8252155780792236	3
909709	1584	2.146231	3.1391212940216064	3
946356	1629	4.721896	2.041718006134033	3
1674021	1014	1.354148	1.879390001296997	3
1290769	1084	-2.632624	2.6044375896453857	3
753621	1029	6.269404	3.071171998977661	3
753582	2172	1.425775	3.419188976287842	3
1240197	1068	0.81697	2.2480719089508057	3
909719	2107	4.666333	3.1464312076568604	3
687562	1594	4.524764	2.57918643951416	3
907046	1853	5.048154	3.23032546043396	3
753556	1922	2.270159	2.769230365753174	3
1298350	1058	0.999387	2.979809045791626	3
910948	1919	3.168242	2.5249929428100586	3
905950	1714	3.335419	3.499448537826538	3
688011	1020	4.830777	1.5304830074310303	3
1240185	1812	1.127925	3.302168607711792	3
753576	1622	5.864064	4.103137016296387	3
1330948	1048	2.925453	2.3863911628723145	3
1524416	1373	5.924842	3.499448537826538	3
1480371	1053	2.721332	3.1008098125457764	3
753532	2111	4.074808	3.807734727859497	3
907277	1084	-3.774873	1.815112829208374	3
688031	1494	-4.426571	2.8975179195404053	3
907285	2048	-1.448696	-0.9829345345497131	3
910549	1067	5.943151	2.4426772594451904	3
1297438	1013	2.055311	3.0488548278808594	3
909704	1922	0.354397	2.6163811683654785	3
910920	1625	4.493342	3.6959917545318604	3
1297439	1042	4.865733	4.425726890563965	3
1331034	1613	0.792203	2.2246971130371094	3
909249	2170	2.148544	1.773900032043457	3
909735	1372	1.504733	3.4102301597595215	3
1298168	2106	1.532868	2.7536847591400146	3
998184	1824	2.309735	2.0559418201446533	3
1240200	1928	5.998751	3.5468266010284424	3
753535	1170	3.46354	0.7484955191612244	3
910930	1814	4.936775	1.3068394660949707	3
907282	1003	-1.107352	3.101485013961792	3
1331035	1617	1.363664	0.8961858153343201	3
1290922	1011	0.042182	2.2638633251190186	3
687448	1168	3.677954	3.076040029525757	3
906814	1855	5.019258	0.7945478558540344	3
753577	1799	0.657136	3.5736687183380127	3
924187	1941	-6.59829	2.4523725509643555	3
753616	1804	5.736757	2.842883825302124	3
713880	1179	-0.141453	2.327098846435547	3
1247871	1782	3.829364	2.458359956741333	3
688031	1839	3.700646	3.048983335494995	3
905961	1613	4.00058	3.706310749053955	3
1298219	1378	6.220584	3.194873571395874	3
906833	1086	-3.832075	2.2173550128936768	3
910781	2438	6.992364	3.942657232284546	3
1327769	1401	0.431129	0.5305613875389099	3
687448	1829	2.600726	3.1318180561065674	3
688026	1021	1.448727	2.9053924083709717	3
1240192	1928	4.903255	3.419188976287842	3
906843	2055	2.402514	2.883435010910034	3
906828	1059	-0.361937	3.1035234928131104	3
907289	1926	1.219226	2.6044375896453857	3
906843	1833	3.534574	2.883435010910034	3
1290922	1013	2.31789	3.2993547916412354	3
1297447	2173	3.561957	2.593231439590454	3
910900	1080	-2.995784	-0.7108925580978394	3
1298350	1847	1.437135	3.4439241886138916	3
910947	1259	-0.581342	2.3863911628723145	3
907313	1940	4.187713	3.7940192222595215	3
911905	1833	-0.052132	3.295156240463257	3
687800	1739	4.839049	3.796499490737915	3
905959	2046	4.435165	2.6999499797821045	3
1299075	1021	3.607855	3.569511890411377	4
905983	1813	5.739601	2.7078659534454346	4
906808	1510	4.322924	2.87912654876709	4
925340	1011	6.066062	1.919613003730774	4
905970	1091	1.924088	3.252981185913086	4
907291	1714	3.536796	2.28025484085083	4
910935	1069	3.080891	2.7132458686828613	4
909248	1046	2.149696	2.0403072834014893	4
688031	1720	-1.084543	1.3011434078216553	4
1299078	1852	5.792124	3.4984376430511475	4
909725	1738	2.383123	3.1689414978027344	4
910852	2037	4.988969	4.424468040466309	4
906833	1824	2.729893	3.300771474838257	4
924102	1375	6.54309	2.75930118560791	4
687983	1003	-1.097768	2.4230358600616455	4
910544	1709	-4.802568	1.0222647190093994	4
753600	1629	5.308505	1.2377381324768066	4
749711	1614	5.364279	3.5333199501037598	4
1331045	1828	3.210337	2.202472686767578	4
1330985	1778	2.912793	1.6330819129943848	4
946356	1824	2.456695	3.2708334922790527	4
1330972	1931	3.438358	4.836955547332764	4
1659823	1828	4.395797	3.3056271076202393	4
1327769	1829	0.136364	2.202472686767578	4
753556	1625	4.026543	3.570753812789917	4
753532	1586	4.768625	3.1585772037506104	4
908442	1053	-0.044721	2.397237539291382	4
905962	1089	2.35551	2.200166702270508	4
753624	1086	2.172308	2.598853826522827	4
909904	1581	3.549057	4.260924339294434	4
713899	1036	5.239773	3.204909324645996	4
753579	1594	4.859811	2.3075993061065674	4
946360	2040	1.918207	3.2448976039886475	4
910936	2002	4.343506	3.0756194591522217	4
905969	1003	0.447038	2.9720821380615234	4
909713	1549	5.918291	2.404214382171631	4
687590	1449	5.952513	3.388434410095215	4
687995	1802	3.176212	3.7518210411071777	4
1240200	1073	5.15447	4.033230781555176	4
946353	1866	2.273228	3.3672382831573486	4
907287	1507	4.938814	3.651895523071289	4
1659823	1720	1.196863	1.9317412376403809	4
905963	1175	5.028386	4.705570220947266	4
910567	1080	-4.135784	-2.1390461921691895	4
1240193	1060	2.950426	3.204909324645996	4
905968	1634	3.929275	6.068190097808838	4
930297	1926	0.997301	2.268411636352539	4
907051	1855	3.886364	3.248748302459717	4
910900	2362	4.305672	2.710886001586914	4
907067	1778	1.831739	2.3075993061065674	4
906814	2055	2.808911	3.2636139392852783	4
925348	1776	6.283319	3.838027238845825	4
1298347	1825	1.458419	3.3439061641693115	4
753574	1919	0.00242	2.361443519592285	4
909778	1133	4.660149	5.680668354034424	4
907788	1051	4.079519	1.6599133014678955	4
1327775	1849	-1.265422	0.7709642052650452	4
1330960	1375	4.391495	1.5344901084899902	4
908483	1626	2.29077	3.6527042388916016	4
907788	1053	-1.630488	3.0461249351501465	4
753575	1714	6.114582	3.0529184341430664	4
1298347	1908	3.530476	3.2740345001220703	4
917486	1714	3.545888	2.28025484085083	4
910921	1834	2.29688	3.2636139392852783	4
906865	1840	3.414184	3.2636139392852783	4
906851	1810	4.231027	3.4894461631774902	4
1298222	2149	1.347109	4.250988960266113	4
1240173	1249	2.849865	3.7082109451293945	4
910903	1808	-1.608039	2.3067400455474854	4
907053	2046	0.553856	1.1432621479034424	4
906804	1013	1.170189	4.052878379821777	4
905986	1093	4.826103	3.438824415206909	4
906817	2039	5.011107	3.2278494834899902	4
753556	1085	2.723991	3.3415846824645996	4
910567	1025	5.909811	3.839197874069214	4
905940	1584	1.484029	1.843580722808838	4
688014	1820	3.616924	3.158592700958252	4
908150	1821	4.491217	3.613917827606201	4
906790	1175	3.419994	4.013622283935547	4
687592	1243	1.813105	3.9703474044799805	4
907051	1802	4.359963	4.091557025909424	4
907318	1067	4.661747	2.359886646270752	4
946360	1019	4.370314	3.725564956665039	4
906791	2169	4.914871	2.710886001586914	4
1290806	1042	5.811687	5.945068836212158	4
753566	1629	5.165572	0.8439854979515076	4
924239	1058	0.706577	1.3526480197906494	4
1240206	1933	4.800822	0.3570824861526489	4
1330941	2169	2.32765	2.392707347869873	4
1298359	2002	5.924183	3.2708334922790527	4
906818	1057	-0.907502	2.3075993061065674	4
905935	2000	5.264798	3.508370876312256	4
1298353	1507	4.20466	3.503042221069336	4
1298168	1007	-3.550029	0.5318819284439087	4
687799	1089	3.746632	2.909571647644043	4
1298359	1021	3.74382	3.1449060440063477	4
908451	1716	4.009159	1.8778080940246582	4
909773	1634	3.24898	3.770247459411621	4
1659928	1093	2.736584	3.1974496841430664	4
687590	1614	3.726715	3.388434410095215	4
905977	1625	6.165531	3.289625883102417	4
924250	2096	3.148791	2.68184757232666	4
1327773	2002	3.083842	2.202472686767578	4
907058	1706	2.281551	3.289625883102417	4
1290798	1019	4.059881	3.5333199501037598	4
924239	1133	2.668395	3.3682613372802734	4
910947	2171	-0.121592	1.8726121187210083	4
1327766	2055	1.020613	2.559868574142456	4
724859	1925	6.255408	5.180255889892578	4
753588	1036	3.671731	3.204909324645996	4
1240158	2498	8.137715	6.688973426818848	4
749709	2361	3.631874	2.392707347869873	4
1297446	1713	2.732274	2.1148738861083984	4
907048	1936	3.09819	3.506653070449829	4
905960	1785	4.122747	4.092325210571289	4
905968	1782	5.901033	4.033230781555176	4
909252	1615	3.219489	1.2222023010253906	4
905937	1830	2.251621	3.3056271076202393	4
910930	2145	-2.41783	2.202472686767578	4
909738	1190	3.05989	2.8079793453216553	4
687816	1924	3.531416	2.710886001586914	4
1480372	2003	6.353044	3.365154266357422	4
1240186	1786	1.934485	2.892836570739746	4
753565	1511	-0.00149	2.4230358600616455	4
908457	1999	2.673499	3.3056271076202393	4
925346	2112	1.627806	3.6629819869995117	4
687586	1582	4.792396	3.1719765663146973	4
907287	1561	-0.160113	2.397237539291382	4
1330948	1630	2.047705	1.8778080940246582	4
753594	1816	3.895527	4.084835529327393	4
905958	1630	4.360635	2.004491090774536	4
1298223	1928	4.189232	3.570753812789917	4
1503364	1428	2.398232	3.595797538757324	4
724839	1558	6.874694	2.460484266281128	4
949174	1069	3.303481	2.9777519702911377	4
724878	1828	5.589363	3.3439061641693115	4
1240157	1237	6.285524	4.666611194610596	4
907295	2046	3.764237	2.1069016456604004	4
1240187	1038	3.826405	4.918500900268555	4
753574	2145	-0.230264	3.2708334922790527	4
1290797	1180	-3.665758	2.598853826522827	4
905991	1736	4.697841	3.1431920528411865	4
907790	1004	-4.551854	-1.233743667602539	4
687457	1813	6.584448	2.4170141220092773	4
907314	1019	3.623903	2.929013967514038	4
909724	2175	4.49244	3.992034912109375	4
1240169	1908	3.527493	3.051549196243286	4
905949	1191	-4.819309	1.2377381324768066	4
1659929	1918	3.471267	2.397237539291382	4
907270	1378	0.170105	1.8511097431182861	4
906807	1009	3.890213	2.5525429248809814	4
910781	1627	2.742406	4.516384601593018	4
1299075	1561	0.964698	3.0461249351501465	4
1290806	2039	4.384232	3.308877944946289	4
1299080	1057	-2.209922	2.3075993061065674	4
687590	1911	-4.33297	3.9703474044799805	4
753575	1624	5.487872	3.979827880859375	4
908452	1635	5.785296	3.546370506286621	4
687802	2011	4.972896	4.252068042755127	4
909907	1563	6.154241	4.424468040466309	4
906808	1079	4.315929	3.2157793045043945	4
905967	1032	-2.912927	2.4874532222747803	4
1295741	1073	1.914026	2.801370620727539	4
687505	1510	3.962919	3.205580711364746	4
924238	2043	5.671129	4.383554935455322	4
717431	2171	-0.311344	1.7802644968032837	4
1330984	1192	1.718391	2.7132458686828613	4
1480371	2173	4.497226	4.028031349182129	4
909702	1941	-4.438366	0.683973491191864	4
905968	2159	3.654067	4.434192180633545	4
949172	1200	3.034798	3.9054741859436035	4
717431	1060	2.291233	2.278348922729492	4
910943	1718	4.775775	3.388434410095215	4
1240209	1713	1.802373	2.68184757232666	4
909702	1088	-0.323452	1.5344901084899902	4
907311	2003	4.021508	1.9438962936401367	4
909753	2156	3.476513	4.033230781555176	4
1298167	1862	-1.822393	1.3932925462722778	4
1240121	1998	4.502698	3.6494412422180176	4
1240183	1854	6.217047	4.185749053955078	4
753569	1712	-1.788223	4.081949234008789	4
906834	2159	2.173483	4.384140491485596	4
906805	2038	5.617044	4.805602550506592	4
1298531	1617	1.572912	1.845850944519043	4
909721	1581	4.395605	4.464597702026367	4
905979	1080	-1.539211	0.5318819284439087	4
905951	1831	4.319682	3.322263717651367	4
1298359	1820	2.637805	3.2708334922790527	4
946356	1057	-0.661285	2.413614273071289	4
924244	1632	4.059399	2.4926552772521973	4
946360	1091	2.708462	3.31821870803833	4
908128	1911	-3.136525	3.4984376430511475	4
906837	1069	3.143117	3.0323143005371094	4
910710	1564	1.068454	1.9473801851272583	4
688010	1814	5.054334	2.4230358600616455	4
687561	1927	5.213304	3.388434410095215	4
1240197	1827	-1.790585	3.365154266357422	4
907794	1915	4.302284	2.392925262451172	4
753532	2048	-8.085404	-1.0646018981933594	4
930298	1925	4.600224	4.228774547576904	4
906875	1776	4.323236	2.9777519702911377	4
910952	2158	3.143298	4.591845989227295	4
910944	1020	3.259905	-0.46634936332702637	4
907051	1708	2.591022	2.2880797386169434	4
905935	1026	-0.877902	2.888751983642578	4
949174	1908	4.499489	2.278348922729492	4
713899	1844	2.768649	3.158592700958252	4
753540	1919	0.268404	2.4745683670043945	4
908468	1086	-1.254305	2.1069016456604004	4
907062	1922	1.957686	3.0282933712005615	4
910933	1940	5.154082	4.155618190765381	4
907062	1918	2.806842	2.284221649169922	4
909256	1051	1.260567	-0.42384690046310425	4
749712	2038	3.581053	4.424468040466309	4
1290798	1618	5.81473	6.457843780517578	4
753579	1086	-1.782372	2.025374174118042	4
910567	2177	1.105962	3.8217036724090576	4
753615	1428	5.775688	2.801370620727539	4
949170	1129	4.59709	2.2326014041900635	4
1299070	1007	-5.068158	-1.2538721561431885	4
906865	1862	-2.402882	1.0185284614562988	4
753616	1019	2.955906	2.929013967514038	4
1240192	1507	5.71887	3.2157793045043945	4
907794	2439	9.842545	3.7082109451293945	4
753620	1849	-2.266442	1.3039770126342773	4
724828	1529	2.433812	3.511474847793579	4
753610	1829	0.53002	3.158592700958252	4
1240129	1049	4.379652	3.2448976039886475	4
909723	1919	3.890882	2.404214382171631	4
905969	1819	-1.695242	-1.2538721561431885	4
949153	1716	4.389458	2.004491090774536	4
1327768	1096	0.321961	-2.6249473094940186	4
906746	2039	2.695973	3.1719765663146973	4
753559	1030	4.372031	4.5683159828186035	4
908118	1549	3.860583	2.51884126663208	4
907274	1814	5.918505	1.5078850984573364	4
910944	1199	1.915882	2.637444019317627	4
909781	2439	10.598126	4.228138446807861	4
905939	2046	2.471257	1.9000998735427856	4
1240200	1828	4.087959	3.365154266357422	4
907065	1732	4.628052	3.8287317752838135	4
910947	2157	3.967936	2.402055025100708	4
908126	1634	2.559872	4.518453598022461	4
905952	2499	8.81707	3.446978807449341	4
909704	2047	0.982548	2.8512091636657715	4
724870	1618	4.379289	6.6566901206970215	4
1240222	1190	0.185741	2.9720821380615234	4
907066	1013	3.381493	3.5838470458984375	4
924244	1200	3.438648	5.180255889892578	4
1297446	1776	3.180385	2.3072237968444824	4
753620	1926	-0.113411	2.2326014041900635	4
1290798	1043	5.707208	6.4758076667785645	4
907169	1708	-0.09478	2.025374174118042	4
1298151	1852	5.68827	4.148919582366943	4
910689	1584	4.956661	3.2781481742858887	4
1298348	2110	6.486138	4.805602550506592	4
906801	1784	5.15541	3.322263717651367	4
687985	1013	2.006325	3.33195161819458	4
1290798	1005	5.344505	3.4894461631774902	4
908141	1634	1.947456	4.03757381439209	4
924188	1594	3.147468	2.0097246170043945	4
910920	1925	5.744021	5.015364170074463	4
909719	2113	2.926214	3.444298267364502	4
910781	1083	2.50152	3.180002212524414	4
908123	2106	2.222639	2.392707347869873	4
1524419	1237	5.578313	4.591845989227295	4
907275	1714	0.963908	2.2005271911621094	4
946367	2045	4.345026	2.2798004150390625	4
687983	1911	-5.219427	3.7518210411071777	4
1240190	1578	5.273137	2.909571647644043	4
907061	1047	4.973394	5.077462196350098	4
1480362	2055	3.116371	3.365154266357422	4
1240122	1831	4.306753	3.0756194591522217	4
906820	1011	0.964234	1.3039770126342773	4
906869	1084	-2.099574	2.4816641807556152	4
910924	2096	1.710709	2.68184757232666	4
1480364	1089	5.843325	2.9720821380615234	4
907318	1586	3.977723	3.2278494834899902	4
1503368	1622	4.256038	4.287784576416016	4
908465	1814	6.323725	2.909571647644043	4
1297449	1034	-3.781323	2.1963870525360107	4
908465	1003	-0.870575	2.909571647644043	4
1298353	1008	3.435652	2.792095899581909	4
753585	1844	4.647073	3.393845558166504	4
908148	2113	2.432756	2.034153461456299	4
1660034	1625	5.336181	3.63368558883667	4
909774	1179	0.310279	2.443699836730957	4
907320	1815	5.052678	4.0692243576049805	4
1327768	1911	-6.519705	2.5525429248809814	4
688014	1510	4.197732	2.87912654876709	4
908152	1910	0.484042	2.5170488357543945	4
1298218	1843	4.577457	2.6611759662628174	4
906791	1925	6.080159	5.180255889892578	4
905986	1191	-4.711105	0.8162275552749634	4
909727	1558	2.513459	2.404214382171631	4
1240145	2096	0.737244	3.2740345001220703	4
908450	2040	1.747707	2.9008352756500244	4
906837	1250	0.472012	2.861016273498535	4
910546	1819	-0.761966	-0.3055151104927063	4
910700	1594	1.838099	2.397237539291382	4
908130	1835	5.624257	3.3002185821533203	4
909256	2171	1.760245	3.4535672664642334	4
908123	1736	3.967243	3.5454659461975098	4
1479988	1739	3.960911	3.725564956665039	4
907795	1068	0.52263	1.9317412376403809	4
1298476	1598	7.379408	4.356522083282471	4
688010	1843	-0.778101	2.4230358600616455	4
906808	1025	5.754087	4.05094051361084	4
909745	1029	6.39953	3.119905471801758	4
688027	1913	5.055029	5.376380443572998	4
1240159	1816	5.90931	5.115384578704834	4
753573	2361	5.217831	2.413614273071289	4
910546	1559	-3.017783	1.7517824172973633	4
1290908	1168	4.151055	2.4874532222747803	4
910567	1931	5.18424	4.381565570831299	4
1240127	2159	4.227384	4.516384601593018	4
907169	1029	4.706974	3.198244571685791	4
1290922	1630	4.342062	3.5333199501037598	4
1503361	1847	4.235391	3.2708334922790527	4
910687	1940	2.86499	3.231241226196289	4
906842	1925	2.98002	3.230489730834961	4
998184	1819	-5.133914	-2.625708818435669	4
753531	1873	0.571099	2.284221649169922	4
909746	1709	0.808877	1.9000998735427856	4
909974	1023	4.478229	3.4911880493164062	4
909709	1825	-0.737411	3.0756194591522217	4
905942	1815	5.029191	4.252068042755127	4
907271	1836	3.8642	3.204988479614258	4
909728	1024	-0.932998	3.3415846824645996	4
908148	1026	-1.509739	-0.6024121046066284	4
908457	1635	6.340871	3.7082109451293945	4
1479988	1268	5.754927	4.274407863616943	4
909257	1190	-3.73483	2.9720821380615234	4
909721	1030	6.918725	4.918500900268555	4
949173	1190	3.770659	1.6519019603729248	4
924108	2359	5.518042	3.7082109451293945	4
687561	1559	-2.761736	0.8162275552749634	4
905961	1802	3.683642	3.7082109451293945	4
1290922	1830	3.391183	3.322263717651367	4
1240181	1018	4.355447	3.1668057441711426	4
1290922	1511	-0.887901	3.4894461631774902	4
1327766	1622	4.167772	3.316807746887207	4
1298160	1927	4.686816	3.622896671295166	4
1297439	1594	2.750967	2.4829540252685547	4
753575	1068	0.702744	2.0211896896362305	4
905971	1006	-0.477453	3.7082109451293945	4
905934	1821	5.229119	3.508370876312256	4
910568	1179	4.633133	2.3904523849487305	4
753547	2002	4.648651	3.158592700958252	4
909905	1557	5.124297	1.877748966217041	4
908463	2498	9.1334	6.758167743682861	4
907787	2040	-0.166586	1.9126243591308594	4
753565	1732	2.979797	3.7518210411071777	4
688025	2039	3.759544	2.9268038272857666	4
946369	1630	1.371832	3.181581974029541	4
687592	1873	1.648918	2.2798004150390625	4
906696	1784	5.606145	3.565725326538086	4
907270	1005	-0.148664	1.8511097431182861	4
1327769	1714	1.682197	2.2402610778808594	4
753578	1849	-0.776255	1.7418522834777832	4
1503366	1441	4.559489	2.413614273071289	4
713878	1802	3.202856	3.7518210411071777	4
1240167	1563	5.063487	4.250988960266113	4
907169	1824	2.121546	3.2636139392852783	4
753618	1910	1.358433	1.3039770126342773	4
910922	1939	4.566824	1.7418522834777832	4
907169	2438	7.829744	3.4984376430511475	4
906875	1021	1.783983	2.3989663124084473	4
949175	1924	3.495252	2.2326014041900635	4
909747	1180	1.414685	1.9000998735427856	4
905974	1732	5.367667	3.4984376430511475	4
753623	1268	5.029369	4.287784576416016	4
910926	1133	1.079565	5.103644847869873	4
1240193	2362	3.096477	2.4829540252685547	4
946353	1594	2.054338	2.413614273071289	4
998189	1634	5.771935	5.717518329620361	4
908150	1854	4.038611	4.33627986907959	4
905960	1131	2.939776	5.680668354034424	4
687794	2173	3.562691	4.464597702026367	4
924111	1005	1.769387	2.4968278408050537	4
909746	1024	1.926325	3.651895523071289	4
717431	2359	5.626772	3.511474847793579	4
1503362	2040	0.675201	3.1449060440063477	4
905934	1827	2.264576	3.508370876312256	4
1240162	2499	11.648485	5.7082343101501465	4
910926	1913	5.115297	5.776689052581787	4
946369	1916	0.751097	3.181581974029541	4
907055	1029	3.581428	3.31963849067688	4
753605	1046	1.037875	2.1069016456604004	4
908483	2106	3.316105	2.4829540252685547	4
687819	1018	5.386094	4.918500900268555	4
909256	1845	0.694637	3.322263717651367	4
1298226	1250	2.454618	3.3415846824645996	4
1298475	1038	4.112568	4.691140174865723	4
1479987	1824	1.939287	3.365154266357422	4
1327773	1814	5.134939	1.5078850984573364	4
908470	1919	4.143879	3.467881202697754	4
949178	1549	4.143972	2.51884126663208	4
906820	2045	5.46346	2.2326014041900635	4
905948	1046	3.992321	2.2764170169830322	4
910947	1023	2.414664	2.057188034057617	4
907269	1089	1.213046	1.8511097431182861	4
1659928	1512	5.068891	2.200166702270508	4
924100	1021	4.471958	3.569511890411377	4
1660034	1928	4.736854	3.63368558883667	4
909761	1372	-0.854892	2.28025484085083	4
946354	1510	2.836751	3.0872859954833984	4
908472	1023	4.104091	3.3465847969055176	4
1298134	1034	-2.328772	3.0380606651306152	4
1240226	1933	6.230988	1.0185284614562988	4
905972	1020	6.157868	1.2377381324768066	4
1240224	1050	2.790895	0.5318819284439087	4
910780	1080	-1.667986	-2.1390461921691895	4
1331037	2000	4.088152	2.202472686767578	4
1503362	2045	5.173853	2.413614273071289	4
753565	1996	3.017971	1.3011434078216553	4
1298222	1912	2.894447	2.413614273071289	4
946353	1624	4.223202	3.979827880859375	4
1247873	1510	4.573465	3.252981185913086	4
1330960	1593	0.345091	1.981486439704895	4
907171	1085	2.384246	3.622896671295166	4
687777	1584	2.626625	3.3201634883880615	4
905964	1810	-0.157747	2.103732109069824	4
1295740	1585	3.866955	1.981486439704895	4
949171	2002	4.751809	2.827939748764038	4
687455	1549	3.856017	2.74581241607666	4
1299059	2043	4.978598	4.079604625701904	4
1298476	2359	8.572871	4.1100335121154785	4
910700	1816	5.274111	4.365589618682861	4
908129	1631	3.801325	3.4851431846618652	4
1298475	1621	4.47251	3.560272216796875	4
1299078	1624	3.683143	3.289625883102417	4
722066	1940	3.189311	4.5233941078186035	4
1524414	1510	5.727238	3.455435276031494	4
909256	1739	3.777942	3.5333199501037598	4
687985	1578	5.631535	2.4230358600616455	4
1240190	1873	0.246741	2.710886001586914	4
910948	1814	7.92007	3.4894461631774902	4
1290722	1013	4.035105	4.08236837387085	4
905941	2361	6.924991	2.3299765586853027	4
905933	1821	4.277281	3.365154266357422	4
1298146	1580	5.222959	4.316937446594238	4
907065	1634	5.37895	5.776689052581787	4
907287	1799	1.63504	3.651895523071289	4
905957	1709	-3.65193	2.6316041946411133	4
907319	1933	5.46006	0.8345988392829895	4
905967	1615	4.975919	2.710886001586914	4
753562	1928	4.256114	3.507209300994873	4
911905	1053	4.783909	2.6686148643493652	4
1659817	1925	5.066506	3.0327868461608887	4
687561	1180	-3.422577	2.305018901824951	4
909778	1086	0.216406	2.6316041946411133	4
1290922	1928	4.581593	4.250917911529541	4
906824	1088	1.389885	2.488220691680908	4
1240153	1373	-3.203613	1.6173574924468994	4
753547	1553	2.319618	2.4829540252685547	4
908463	1808	2.404842	2.909571647644043	4
724859	1834	2.640733	3.3439061641693115	4
925346	1054	4.738567	2.598853826522827	4
1240185	1776	4.751655	3.5443568229675293	4
908460	1006	4.527445	4.252068042755127	4
1524418	1622	5.072695	4.311347484588623	4
1240199	1067	8.283983	2.4103081226348877	4
908141	1924	3.140359	1.6330819129943848	4
917486	1014	1.151078	2.28025484085083	4
906868	2003	5.102446	3.204988479614258	4
905949	1852	4.538945	4.252068042755127	4
1240187	1019	4.363088	3.614959716796875	4
907285	1578	6.207438	2.6611759662628174	4
687506	1782	3.361463	3.829171895980835	4
910399	2174	2.432182	4.252068042755127	4
946353	1133	4.800508	5.621311664581299	4
930297	1091	2.985093	3.205580711364746	4
1480374	1024	-0.369747	3.725564956665039	4
687815	1512	4.947215	2.5322046279907227	4
906820	2499	9.356527	5.505429744720459	4
909721	1996	7.127205	2.1395325660705566	4
924244	1917	2.220481	4.918500900268555	4
1503363	1928	2.401973	3.979827880859375	4
749713	1007	-3.618968	-0.42384690046310425	4
687514	1268	4.556046	4.019260406494141	4
753592	1939	4.649205	2.1395325660705566	4
1298531	1940	3.742075	4.023776054382324	4
906793	1853	4.073102	3.235182762145996	4
908461	1709	-1.864783	2.067199945449829	4
1503362	1072	5.818503	4.0692243576049805	4
909728	1825	-0.152531	3.3397185802459717	4
910903	1739	2.381726	3.622896671295166	4
905991	1564	2.244996	3.1431920528411865	4
1240157	1915	2.880907	2.7469258308410645	4
905938	2438	10.181026	2.212486743927002	4
1298358	1927	6.064553	3.521653652191162	4
905984	1613	1.093046	3.7307536602020264	4
1299050	1033	5.986272	3.6494412422180176	4
688013	1083	2.568444	2.892836570739746	4
908457	1091	1.009672	3.1974496841430664	4
906793	1629	4.516266	1.0185284614562988	4
949176	2177	3.151359	3.8217036724090576	4
1290798	1824	3.287073	3.322263717651367	4
1240169	1941	-4.067489	1.877748966217041	4
1298537	1831	3.424846	3.3439061641693115	4
1240153	1932	2.09314	3.1689414978027344	4
910569	1580	3.997488	3.63368558883667	4
907173	2002	5.090933	3.613917827606201	4
1509074	1910	2.392902	1.7418522834777832	4
1240224	1042	5.438748	6.655476093292236	4
688013	1190	-3.164285	2.4230358600616455	4
687787	1049	2.864653	2.908647060394287	4
906828	1632	3.840128	2.3904523849487305	4
906798	1250	1.979051	3.430908679962158	4
907320	2040	1.031137	3.1449060440063477	4
908473	1720	6.876027	2.1395325660705566	4
1240123	1029	5.359763	3.152716636657715	4
925340	1873	1.112142	2.4816641807556152	4
910943	1930	0.874076	4.350480556488037	4
1290455	1913	4.236969	4.03757381439209	4
1240193	1239	0.354542	3.7518210411071777	4
909702	1939	2.296222	0.683973491191864	4
909250	1586	5.622112	3.328793525695801	4
905983	2047	2.795495	3.051549196243286	4
687997	2158	6.078675	4.038089752197266	4
910918	1014	4.094928	2.2402610778808594	4
909762	1039	4.160757	2.004491090774536	4
907042	1913	4.768193	4.430111408233643	4
909252	1915	2.245456	1.6727335453033447	4
907783	1199	2.519795	2.8937292098999023	4
906869	1175	4.871546	4.013622283935547	4
1503366	1809	0.997728	2.4934751987457275	4
1298347	1933	5.053534	1.2377381324768066	4
908483	1463	1.282223	2.892836570739746	4
909746	1829	3.105754	3.3056271076202393	4
1290725	1940	4.060882	4.023776054382324	4
1503369	1062	1.703832	3.2740345001220703	4
1290806	1912	1.1326	2.4816641807556152	4
1240127	1720	1.642578	1.8506845235824585	4
905972	1908	3.00784	3.2740345001220703	4
908458	2037	5.593533	4.064428806304932	4
946355	1549	0.791044	2.361443519592285	4
735784	2109	3.655757	4.287784576416016	4
909738	2499	10.101801	6.688973426818848	4
753577	1627	3.571454	4.591845989227295	4
1240197	2148	2.82876	3.365154266357422	4
907790	1580	5.227698	3.63368558883667	4
949172	1996	3.551802	1.3039770126342773	4
1298350	1549	1.026747	2.4874532222747803	4
1297449	1375	5.277593	1.5078850984573364	4
687804	1512	4.401042	2.792095899581909	4
908449	1924	7.151651	2.0097246170043945	4
906793	1631	2.344091	3.622896671295166	4
753592	1084	-1.366155	2.710886001586914	4
905950	1149	0.735725	1.7418522834777832	4
1299081	1023	2.493156	3.198244571685791	4
905961	1852	5.901344	3.7082109451293945	4
909725	1873	2.06378	2.3075993061065674	4
949178	1730	2.266994	2.9777519702911377	4
949171	1930	-0.557687	3.1668057441711426	4
946382	2055	1.714401	3.322263717651367	4
1240160	1175	4.164725	4.7366042137146	4
687807	1008	-1.410033	2.909571647644043	4
907281	1563	3.762919	2.6456451416015625	4
949153	1013	1.345635	1.5472218990325928	4
906825	2110	4.399038	4.434192180633545	4
910687	1191	-5.855805	-0.46634936332702637	4
908465	1782	6.717736	4.252068042755127	4
909761	1149	1.750558	1.9317412376403809	4
905952	2171	-0.080331	1.9886888265609741	4
910549	1025	4.855926	4.287784576416016	4
1298347	1083	3.522454	3.3465847969055176	4
906797	1062	3.962342	2.8512091636657715	4
905986	1931	6.298391	5.275831699371338	4
909257	1060	1.984045	3.1431920528411865	4
753566	1593	3.484613	3.2646121978759766	4
753610	1999	0.836839	3.158592700958252	4
1240192	1776	4.974439	3.234926223754883	4
908480	1008	2.141051	2.4230358600616455	4
1299075	1463	4.132639	3.569511890411377	4
753552	1149	0.655362	1.9240357875823975	4
910900	1049	5.821319	3.3465847969055176	4
907279	1829	4.606328	3.204988479614258	4
749712	1909	2.663474	2.081268310546875	4
687997	1131	3.301017	4.836955547332764	4
910852	1617	-1.958774	2.081268310546875	4
713878	1804	4.964135	3.158592700958252	4
906798	2010	5.198581	3.26226806640625	4
1240143	1005	4.2754	2.5322046279907227	4
907042	1820	-1.038784	3.204988479614258	4
1247871	1785	4.384405	2.363042116165161	4
909719	1177	4.156265	4.7366042137146	4
946366	2170	0.477461	2.2798004150390625	4
753546	1779	0.546605	3.622896671295166	4
906795	1844	3.26122	3.565725326538086	4
753623	1512	5.380548	2.4934751987457275	4
910079	1627	2.340682	4.250988960266113	4
905989	1778	0.939248	2.397237539291382	4
1659928	1806	3.455336	2.200166702270508	4
906792	1706	2.076123	3.289625883102417	4
946382	1910	2.671177	2.081268310546875	4
1503368	1833	3.207407	3.2708334922790527	4
1290908	1054	4.901529	2.4926552772521973	4
753577	1631	3.689935	3.293200969696045	4
1290769	1578	5.541627	2.200166702270508	4
1503365	1054	5.322458	2.359886646270752	4
1240168	1843	0.788012	2.7078659534454346	4
910704	1057	-1.646264	2.392707347869873	4
909784	1372	-1.74434	1.6173574924468994	4
909263	1248	-3.902214	5.717518329620361	4
1330942	1785	4.052343	2.212486743927002	4
910924	2145	-0.547798	3.2272822856903076	4
1298216	2110	5.58942	4.653029918670654	4
905976	2173	3.268056	3.289625883102417	4
1331048	1998	3.435585	2.5525429248809814	4
907286	1593	4.81943	3.560272216796875	4
907071	1714	4.475588	3.1112186908721924	4
753575	1734	4.202446	4.0692243576049805	4
910692	1558	4.015113	2.692986249923706	4
1298219	1809	3.894794	2.792095899581909	4
908462	1003	0.275257	3.414234161376953	4
1240217	1613	1.379382	4.7366042137146	4
909974	1620	7.048615	4.26540470123291	4
925348	1733	3.400307	3.9481513500213623	4
1503365	1915	2.530167	2.361443519592285	4
908476	1050	3.994467	-0.6633521318435669	4
687562	1778	2.135424	2.2798004150390625	4
908144	2043	5.881915	3.7307536602020264	4
1298146	1855	1.52854	3.1112186908721924	4
907275	1194	3.690411	2.057188034057617	4
905986	1580	6.020661	3.7581276893615723	4
946354	1926	0.522459	2.413614273071289	4
1659823	1713	3.387347	2.28025484085083	4
905970	1529	6.293811	4.252068042755127	4
1290908	1043	5.288561	6.737758159637451	4
910691	1802	4.405641	4.091557025909424	4
687563	1072	6.013548	3.9703474044799805	4
910934	1940	4.03653	3.2170770168304443	4
753594	2055	0.555732	3.158592700958252	4
722046	2000	4.075882	3.3439061641693115	4
905961	2112	3.334887	3.3056271076202393	4
1287706	1058	3.992473	2.3075993061065674	4
1503364	1494	-2.827491	2.6681456565856934	4
1240182	1250	3.245499	3.2157793045043945	4
910688	1581	1.908755	1.5727319717407227	4
909907	1036	5.373143	3.5454659461975098	4
687777	2003	3.900925	3.3439061641693115	4
687800	1779	2.11141	3.614959716796875	4
909726	1058	2.125018	2.3075993061065674	4
909250	1030	6.080793	4.705570220947266	4
910568	2171	5.951556	3.47348690032959	4
724872	1131	3.875096	4.836955547332764	4
905972	1017	4.539077	4.918500900268555	4
906817	1049	4.942202	3.1449060440063477	4
907067	1809	0.51266	2.3067400455474854	4
905978	1708	-1.204246	2.2764170169830322	4
1240123	1819	-2.863485	-1.233743667602539	4
905962	1627	4.157856	4.064428806304932	4
910694	1613	5.166939	4.350480556488037	4
910910	1050	4.831261	-0.42384690046310425	4
687596	1042	3.264811	6.205347537994385	4
909749	1557	5.685851	1.9240357875823975	4
910922	1778	4.492419	2.3129308223724365	4
908125	1507	4.964664	3.622896671295166	4
687505	1019	0.526103	3.432133197784424	4
1240167	1149	0.286761	2.0211896896362305	4
687816	1072	5.193463	4.252068042755127	4
908120	1862	-0.986441	1.1492245197296143	4
753576	1180	-1.015652	2.359886646270752	4
1659817	1190	0.434206	2.103732109069824	4
687985	1812	2.288276	2.4230358600616455	4
1240226	1786	2.785532	3.198244571685791	4
909762	1037	1.339484	2.004491090774536	4
1297447	1941	-5.326678	0.7709642052650452	4
905959	1828	4.782993	3.365154266357422	4
908461	1079	0.75047	3.521653652191162	4
906871	2172	-0.220007	3.560271739959717	4
753558	1033	5.155843	4.228138446807861	4
908125	1819	1.447502	-0.28148311376571655	4
1240183	1013	4.622399	3.506016254425049	4
1480364	1913	4.874146	6.068190097808838	4
909784	1578	8.125585	2.3067400455474854	4
688011	1529	4.729442	3.7518210411071777	4
753600	1820	3.520696	3.3439061641693115	4
1290725	1036	4.538391	2.611480236053467	4
910948	1062	4.616288	3.5454659461975098	4
909263	2037	4.154273	4.064428806304932	4
907792	1936	4.463349	3.152716636657715	4
907057	1909	2.767268	2.1373281478881836	4
1298357	1738	3.907896	3.252603530883789	4
753565	1191	-4.642603	0.860858142375946	4
1240198	1050	2.589343	-1.2538721561431885	4
1240154	1583	2.930291	4.362609386444092	4
909251	1047	3.262972	2.6105875968933105	4
930299	1093	4.742527	3.47348690032959	4
924244	1049	3.60049	3.3465847969055176	4
905971	1733	1.264439	3.651895523071289	4
1297438	1180	-3.671421	2.1069016456604004	4
688014	1023	3.573481	2.892836570739746	4
1524417	1613	0.56357	4.705570220947266	4
753576	1828	5.313138	3.2708334922790527	4
1240217	1824	3.263103	3.444298267364502	4
906834	1047	1.616278	5.576879978179932	4
907795	1585	3.286429	3.2781481742858887	4
753621	1827	-0.521414	3.2708334922790527	4
687997	1716	5.996474	3.2157793045043945	4
753616	1808	0.786426	1.6519019603729248	4
1240127	1507	4.805731	3.4851431846618652	4
1503361	1799	4.933899	3.394836902618408	4
909762	1131	1.957363	2.6105875968933105	4
1298476	1042	8.278055	6.6949896812438965	4
907269	1177	1.293443	2.6961236000061035	4
909753	2113	3.371872	3.365154266357422	4
910781	1708	-1.449765	2.2880797386169434	4
1247871	1811	-5.285431	2.363042116165161	4
909907	2499	9.997005	6.457843780517578	4
909728	1564	2.201759	2.8441641330718994	4
908145	2107	5.099361	2.0097246170043945	4
909703	1713	2.763893	2.1148738861083984	4
688014	1021	2.403286	2.892836570739746	4
687997	1997	5.148192	1.3011434078216553	4
909703	1624	2.45153	1.7890576124191284	4
909774	1631	4.08423	3.503042221069336	4
907289	1428	5.655056	3.7082109451293945	4
1290725	1062	4.900343	2.611480236053467	4
713885	1031	-2.534151	0.860858142375946	4
1297446	1630	2.817761	2.004491090774536	4
906797	1047	5.2131	5.103644847869873	4
906872	1720	6.499573	1.3039770126342773	4
908452	1564	3.045649	2.9575533866882324	4
908483	1777	3.398203	3.2157793045043945	4
908451	1734	1.765448	2.212486743927002	4
1240198	1736	6.249848	3.1431920528411865	4
1240172	2037	6.314839	4.424468040466309	4
1303911	1622	4.756065	4.360616683959961	4
905979	1834	3.666394	3.393845558166504	4
905948	1008	3.363224	2.793527126312256	4
753559	1620	4.77329	3.979827880859375	4
1503362	1629	5.738275	0.8345988392829895	4
688031	1375	5.452486	2.4230358600616455	4
1298169	2043	5.920544	4.705570220947266	4
1660034	1375	6.724218	2.200166702270508	4
905958	2113	1.359932	2.020475387573242	4
688010	2158	2.169941	4.038089752197266	4
907281	2145	-2.322203	2.559868574142456	4
907058	1026	0.068124	1.0185284614562988	4
910704	2157	5.267279	4.424468040466309	4
917486	1259	5.121282	3.9890646934509277	4
998189	2173	3.724079	3.63368558883667	4
1240218	1080	-1.072509	-0.3055151104927063	4
1240179	1086	-2.230692	2.1172032356262207	4
1240217	1621	2.889437	3.415163278579712	4
946355	1730	2.381384	3.3672382831573486	4
909744	1553	4.194362	1.906524658203125	4
1240153	1175	4.227587	3.7143383026123047	4
1503363	1828	4.350825	3.2708334922790527	4
909774	1847	3.328719	3.278592586517334	4
908129	1510	5.308863	3.310244560241699	4
1240185	1997	3.312409	2.1395325660705566	4
908472	1060	1.18911	3.2740345001220703	4
909263	1777	5.66994	3.651895523071289	4
910936	1799	1.434708	2.861016273498535	4
905955	1564	0.530616	1.6173574924468994	4
724834	1558	5.525735	2.4874532222747803	4
1240223	2010	6.956708	3.565725326538086	4
1330985	1026	-0.025843	-0.6024121046066284	4
910850	1847	3.27022	3.444298267364502	4
907053	1580	4.197939	1.5727319717407227	4
687586	1718	4.880732	3.388434410095215	4
924238	1060	-2.786462	3.1221909523010254	4
724869	1093	5.807901	3.4435176849365234	4
1330985	1624	1.001693	1.5727319717407227	4
1298226	1811	-0.822372	4.081949234008789	4
907321	2172	3.078014	3.979827880859375	4
1298531	1821	2.675721	3.0756194591522217	4
908126	1615	5.113901	1.755178689956665	4
909248	1635	5.243507	4.013733386993408	4
907068	1618	3.745237	5.3388752937316895	4
687596	1924	3.720112	2.4885950088500977	4
910900	1004	-5.139823	-0.6633521318435669	4
907278	1034	-3.005189	2.057188034057617	4
753620	2439	9.175506	3.511474847793579	4
924189	1926	2.13219	2.2326014041900635	4
905959	1734	3.811252	4.033230781555176	4
1659818	1924	-0.920908	1.3526480197906494	4
1298151	1529	2.241628	4.148919582366943	4
910852	1997	3.704611	2.081268310546875	4
1299050	1836	0.562925	3.0756194591522217	4
906793	1250	1.405322	3.622896671295166	4
907311	1730	0.793032	2.63704776763916	4
687514	1191	-4.090652	0.7473547458648682	4
924187	1786	4.157572	3.180002212524414	4
753592	1630	2.472355	3.614959716796875	4
1290922	1558	1.070828	2.410154342651367	4
724828	1783	6.116515	3.511474847793579	4
687506	1815	4.414915	3.829171895980835	4
753582	2175	5.209621	4.05094051361084	4
753600	2438	10.992605	4.252068042755127	4
1331038	1625	4.228861	1.5496163368225098	4
713899	1048	5.530009	4.1036481857299805	4
1331048	2360	4.110183	1.0761585235595703	4
906798	1058	1.527161	3.0201892852783203	4
907320	1585	4.851986	3.2278494834899902	4
907055	2362	2.485238	2.4816641807556152	4
688010	1200	2.514969	4.084835529327393	4
1240182	2177	1.551542	4.038089752197266	4
909745	1014	3.41788	3.051549196243286	4
906868	1083	2.352462	2.9008352756500244	4
910924	1844	2.758847	3.2272822856903076	4
908128	1873	1.754688	2.3075993061065674	4
1503361	1046	1.619768	2.359886646270752	4
1240209	1375	5.775091	2.6681456565856934	4
949176	1617	4.884711	1.3039770126342773	4
688026	2173	5.204384	3.6527042388916016	4
688058	1817	-4.886897	3.5713162422180176	4
735784	1730	3.177143	3.3672382831573486	4
907286	2438	11.115307	4.1100335121154785	4
909974	1010	2.074488	2.3993966579437256	4
1331050	1375	3.987438	1.5078850984573364	4
910568	2159	4.871613	4.362609386444092	4
687448	1782	7.121301	3.4984376430511475	4
907065	2170	4.493156	3.0201892852783203	4
906812	1908	3.294631	3.5454659461975098	4
1240125	1019	4.06003	3.622896671295166	4
908129	1179	1.881997	2.2880797386169434	4
907300	1811	-2.993757	2.212486743927002	4
687812	1739	3.05361	3.614959716796875	4
1330941	1706	2.397314	4.250917911529541	4
949090	1375	6.873998	2.9720821380615234	4
688013	1844	2.624292	3.158592700958252	4
907791	1022	1.361081	1.5680367946624756	4
907783	1560	3.615696	1.755178689956665	4
906696	1559	-3.536157	1.3932925462722778	4
910947	1712	-5.104802	2.212486743927002	4
907274	1005	3.323548	1.5078850984573364	4
909697	1620	5.282254	3.6052379608154297	4
908455	1012	1.801698	3.308877944946289	4
753575	1050	2.872892	-1.0757884979248047	4
1503366	1582	4.839139	3.2278494834899902	4
687997	2107	6.132995	2.4829540252685547	4
909750	2037	4.301436	3.4363977909088135	4
753540	1622	3.762275	4.292574882507324	4
906843	1617	-0.0926	1.8158619403839111	4
908472	1560	5.192412	2.710886001586914	4
1295740	1627	2.112186	2.3385262489318848	4
1240186	1779	1.192335	3.2157793045043945	4
910900	1911	-4.885273	4.252068042755127	4
1240187	2111	3.611105	4.918500900268555	4
1247871	1549	4.03741	1.6727335453033447	4
905936	1809	1.866921	2.200166702270508	4
908443	2154	2.145607	3.8543715476989746	4
924100	1042	6.456464	6.048906326293945	4
1240186	1783	5.826525	3.7518210411071777	4
907169	2037	2.092315	3.5795159339904785	4
1240146	1199	4.131467	5.180255889892578	4
1290908	2361	5.880628	2.710886001586914	4
753546	1933	5.945742	1.0185284614562988	4
906795	1068	0.680834	2.157799005508423	4
906832	1010	-0.047939	1.6564446687698364	4
946354	1031	-2.795071	0.8345988392829895	4
930083	1777	7.487726	3.8074169158935547	4
1660034	1004	-3.988554	-1.233743667602539	4
908145	1149	-0.414193	1.5449494123458862	4
909263	1022	-0.551161	1.9000998735427856	4
907271	1576	3.843264	3.826887607574463	4
1290730	1060	0.761284	2.8512091636657715	4
924188	1627	2.625295	3.4363977909088135	4
1331037	2040	-0.142746	2.1963870525360107	4
688058	1093	4.45105	3.5399396419525146	4
907789	1940	2.584629	3.231241226196289	4
910702	1918	6.594721	3.4946112632751465	4
687812	2157	3.67401	4.805602550506592	4
949094	2010	4.925496	3.2557501792907715	4
906863	1507	5.103693	2.861016273498535	4
907051	1073	6.006608	4.091557025909424	4
1240193	1085	1.862929	3.2157793045043945	4
909749	1060	1.780283	2.8512091636657715	4
924239	1618	3.343465	3.785937547683716	4
1330950	1006	-0.102583	2.801370620727539	4
909724	1941	-4.106343	2.05844783782959	4
910549	1835	3.684726	3.2708334922790527	4
910941	1622	3.904733	3.839197874069214	4
749714	1029	6.361115	3.506653070449829	4
688011	1580	5.462187	3.6527042388916016	4
688010	1250	0.383827	3.2157793045043945	4
1297446	1175	2.324056	2.2509448528289795	4
910554	2173	4.699883	3.63368558883667	4
906877	2112	1.991211	2.020475387573242	4
909729	2159	3.751583	4.1249918937683105	4
1299052	1239	4.28811	3.6494412422180176	4
905986	1048	6.326886	4.350480556488037	4
1298475	1819	-2.642601	-0.3055151104927063	4
905971	2011	2.748155	3.7082109451293945	4
1503361	1558	3.238829	2.361443519592285	4
908447	1783	5.484066	3.511474847793579	4
905933	1999	2.834837	3.365154266357422	4
908125	1401	3.111349	2.025374174118042	4
909746	1815	6.064633	3.7082109451293945	4
906763	1268	4.639084	3.231241226196289	4
910700	2361	5.586613	2.397237539291382	4
713899	1073	4.140097	3.7518210411071777	4
1240168	1003	-2.041106	2.7078659534454346	4
925338	1819	-1.680827	-0.42384690046310425	4
906801	1785	4.721233	4.092325210571289	4
910689	1873	4.502338	2.397237539291382	4
908443	1708	-0.80833	2.3183484077453613	4
1240178	1190	-0.823707	2.75930118560791	4
1240143	1910	-0.984158	2.122795581817627	4
910079	1025	3.487904	4.287784576416016	4
688011	1833	3.176337	3.158592700958252	4
1480360	1061	4.440399	3.1431920528411865	4
1298216	2003	5.858819	3.6629819869995117	4
909974	1862	-0.883631	0.05909663438796997	4
1330982	1558	2.34305	1.6564446687698364	4
910948	1023	3.467154	3.506653070449829	4
908480	1088	0.368818	2.4230358600616455	4
906820	1494	-5.365108	1.6519019603729248	4
909251	1083	0.540486	1.9126243591308594	4
1303900	1129	3.100266	2.392707347869873	4
1297446	1808	-3.047564	1.5344901084899902	4
906763	1149	-0.069999	0.683973491191864	4
753605	2173	4.994627	3.6527042388916016	4
908447	1919	1.449518	2.51884126663208	4
1240190	1017	5.203862	4.918500900268555	4
753615	1011	1.158952	0.7709642052650452	4
909250	2149	3.537742	4.591845989227295	4
946366	1630	2.772004	3.388434410095215	4
1330984	1061	3.238956	2.2402610778808594	4
1479988	1780	6.062575	3.725564956665039	4
909263	1779	1.990781	3.651895523071289	4
1330972	2172	2.648087	3.6527042388916016	4
909736	1926	-0.081178	2.9885945320129395	4
906795	2045	4.521513	3.4138782024383545	4
687799	2172	1.464095	4.464597702026367	4
1290798	2048	1.207031	-0.42384690046310425	4
910952	2011	3.560814	4.228138446807861	4
907790	1083	0.968015	3.152716636657715	4
753556	2173	2.61945	3.570753812789917	4
910701	1625	5.443289	3.507209300994873	4
1480360	1925	5.539998	4.640902519226074	4
906693	2039	2.477156	3.560272216796875	4
724869	1839	4.174202	3.6629819869995117	4
753532	2110	3.653532	3.96885347366333	4
906839	1038	3.136337	4.350480556488037	4
906862	1718	3.422573	3.5333199501037598	4
907270	1839	3.740147	2.5619237422943115	4
907295	1549	5.653696	2.692986249923706	4
907289	1025	3.278369	4.068656921386719	4
910900	1511	-1.921649	2.909571647644043	4
907278	1250	0.42001	1.8778080940246582	4
1240222	1048	4.759044	4.467545986175537	4
909757	2110	4.796441	4.064428806304932	4
1240219	1713	5.506397	2.920642375946045	4
906795	1940	5.557188	4.260168552398682	4
909740	1996	5.063675	1.9317412376403809	4
753583	1067	4.450755	2.155517101287842	4
1240121	1080	-5.735724	-1.0646018981933594	4
753564	1053	1.676158	2.4829540252685547	4
910937	2110	3.527913	4.038089752197266	4
908443	1931	5.375712	4.951961994171143	4
724870	1933	5.507781	1.7517824172973633	4
1330982	1618	3.781925	3.770247459411621	4
1290769	1804	1.932884	3.3056271076202393	4
687787	1811	-1.206808	4.081949234008789	4
908124	1037	2.782354	3.622896671295166	4
907068	2055	3.718655	3.232738971710205	4
753589	1052	5.388906	2.1069016456604004	4
910861	1061	4.217885	2.2402610778808594	4
1330995	1494	-5.423809	1.5078850984573364	4
907048	1086	1.466323	2.6316041946411133	4
1330960	1620	3.851709	1.7890576124191284	4
905938	1559	-3.320771	-0.6024121046066284	4
909263	2002	5.826982	3.3056271076202393	4
905969	1581	2.038423	4.028031349182129	4
907046	1058	0.504018	2.392707347869873	4
906868	1782	5.642083	3.546370506286621	4
1240153	1563	5.758747	3.5795159339904785	4
1240160	1085	2.800832	3.6141574382781982	4
905946	1627	3.131365	4.424468040466309	4
1240162	1738	1.643223	2.97977876663208	4
905945	2145	1.46685	3.322263717651367	4
1303901	1129	2.822156	2.4829540252685547	4
1480362	1016	1.510007	2.6686148643493652	4
905979	1826	4.307058	3.393845558166504	4
1240198	1621	5.67859	3.2640419006347656	4
1327771	2359	3.100867	2.6580402851104736	4
1298168	1191	-5.389263	0.05909663438796997	4
1240130	1072	3.578072	3.4984376430511475	4
908463	2177	3.841632	4.805602550506592	4
1331037	1024	-2.687099	1.8052171468734741	4
910781	1718	3.362419	3.4851431846618652	4
713869	1032	2.481304	2.4874532222747803	4
908473	1718	5.229324	3.614959716796875	4
1331050	1049	2.675888	2.1963870525360107	4
1240181	1010	1.996779	2.51884126663208	4
1330973	2040	1.747606	2.892836570739746	4
924187	1026	2.150866	0.6125267744064331	4
908123	1441	0.86226	2.392707347869873	4
687820	1375	8.558528	2.909571647644043	4
907055	1239	0.336992	3.595797538757324	4
749716	1622	2.5765	4.360616683959961	4
687980	1806	4.797183	2.4230358600616455	4
1240204	1237	3.403641	3.96885347366333	4
909744	1918	4.00596	1.906524658203125	4
1330985	1806	3.74876	1.449768304824829	4
908455	1080	-2.76193	-0.6331771612167358	4
1503368	1714	5.508977	3.0529184341430664	4
1295741	1023	2.445693	2.4444127082824707	4
905946	2037	5.202495	4.424468040466309	4
907173	1853	3.400685	3.5713162422180176	4
910932	1598	4.069361	3.992034912109375	4
753564	1373	4.168759	3.204909324645996	4
924244	1832	4.561146	3.3439061641693115	4
906763	1564	2.538807	2.1148738861083984	4
910927	1629	4.244005	1.1492245197296143	4
909712	1031	-4.853037	0.8162275552749634	4
1240153	1808	-0.0692	2.3067400455474854	4
1298151	1561	3.03406	2.9885945320129395	4
1298365	1618	3.433374	6.068190097808838	4
910922	1586	4.832822	3.328793525695801	4
1290797	2361	4.279754	3.4946112632751465	4
910694	1072	6.505047	3.9703474044799805	4
909702	2149	0.032988	2.3385262489318848	4
909907	1062	6.82773	3.5454659461975098	4
910931	2174	2.102963	4.252068042755127	4
687596	1911	-4.702348	4.017280101776123	4
907795	1714	0.742375	2.28025484085083	4
1240169	1239	3.834773	3.9703474044799805	4
906842	1175	1.972547	2.2898123264312744	4
753612	1927	5.275016	2.6203854084014893	4
1480371	1561	1.745667	2.6686148643493652	4
1524414	1249	3.037511	4.228138446807861	4
1659818	1249	1.791653	2.801370620727539	4
1298351	1852	4.524939	4.017280101776123	4
1298526	1068	0.486031	2.258676052093506	4
910852	1709	-2.376835	2.6316041946411133	4
907312	1911	-6.543029	3.8287317752838135	4
1298134	1559	-0.542218	0.7473547458648682	4
1331037	1819	-5.943989	-2.6249473094940186	4
907787	1799	4.340946	2.004491090774536	4
907173	1926	1.215695	3.7224361896514893	4
687506	1051	2.033595	-1.1062736511230469	4
724872	1593	1.191306	2.9268038272857666	4
753555	1777	4.425378	3.394836902618408	4
907295	1512	5.220402	2.4230358600616455	4
906801	1576	1.668159	4.360616683959961	4
906869	1940	3.224657	4.001857280731201	4
908472	2055	3.718716	3.3439061641693115	4
924240	1734	2.516537	4.092325210571289	4
906851	1058	-0.298013	2.392707347869873	4
1240196	1862	-1.670153	0.3570824861526489	4
687506	2158	4.197901	3.9188320636749268	4
908150	1915	2.855091	3.467881202697754	4
909725	1862	-0.835261	1.0185284614562988	4
909697	1558	5.827916	2.4279379844665527	4
906818	1632	4.193205	2.025374174118042	4
1659929	2039	2.889611	3.2781481742858887	4
905948	1199	2.318697	5.015364170074463	4
930297	1718	3.778166	3.432133197784424	4
907295	1268	4.685237	4.05094051361084	4
908460	1629	7.187725	1.2377381324768066	4
909260	1632	3.134089	0.8921270370483398	4
688086	1816	4.764163	3.9054741859436035	4
910918	1494	-4.861151	1.5078850984573364	4
1240161	1048	4.647189	4.079604625701904	4
910781	1047	4.164645	5.813642978668213	4
909249	1816	3.926582	3.0327868461608887	4
1240226	1006	0.935988	3.4984376430511475	4
907066	2149	4.252741	4.154959678649902	4
688031	2046	1.944838	2.1069016456604004	4
906818	2106	2.37701	2.3075993061065674	4
1298219	1557	5.115564	2.0925943851470947	4
1290806	1200	0.607485	4.347537517547607	4
1509074	2096	2.975843	3.4390926361083984	4
908150	1249	4.165651	4.148445129394531	4
1240219	1844	6.638649	3.6629819869995117	4
1299078	1175	3.556746	3.7143383026123047	4
905946	2045	5.367185	2.392707347869873	4
724872	1373	4.156325	3.204909324645996	4
753620	1924	3.241851	2.2326014041900635	4
1240169	2003	6.075908	3.2557501792907715	4
1298538	2106	0.349151	2.3299765586853027	4
907799	1624	1.641273	1.5496163368225098	4
910936	1072	3.363916	3.6494412422180176	4
909706	1786	5.743449	3.198244571685791	4
910702	1024	3.553047	3.9481513500213623	4
906843	1014	3.246311	2.738616943359375	4
908465	1620	5.969081	4.464597702026367	4
687821	1912	6.437746	2.710886001586914	4
1299052	2055	3.287192	3.0756194591522217	4
1509073	1706	2.275658	4.26540470123291	4
909248	1561	4.215578	2.1897037029266357	4
1240217	1584	1.462631	3.415163278579712	4
909719	1925	5.079397	5.115384578704834	4
906791	1249	4.044214	4.252068042755127	4
909748	1831	3.380863	3.3056271076202393	4
907286	2055	2.708587	3.6629819869995117	4
906839	1020	5.701998	0.8162275552749634	4
1480359	1786	2.778845	3.2448976039886475	4
1240173	1998	5.186257	3.7082109451293945	4
909748	1175	4.159415	3.9890646934509277	4
687997	1006	4.550287	3.7518210411071777	4
1247873	1809	2.361241	2.909571647644043	4
946367	1088	5.132751	2.7078659534454346	4
749710	1819	-0.52555	-0.42384690046310425	4
1240185	1058	0.243177	2.710886001586914	4
688021	1033	6.231218	3.7518210411071777	4
910918	1008	1.602698	1.5078850984573364	4
924241	1733	2.548969	3.2157793045043945	4
906837	1824	3.039482	3.0756194591522217	4
905948	1617	6.146941	1.7418522834777832	4
1330931	1030	3.522839	2.376477003097534	4
909735	1036	3.035986	3.248748302459717	4
909729	1709	-2.675985	2.305018901824951	4
905935	1199	5.145536	4.605029582977295	4
909905	2106	2.273073	2.2798004150390625	4
1330985	1012	-0.451791	2.0049195289611816	4
909256	1866	2.127852	3.434905529022217	4
1240170	2109	2.406353	4.155618190765381	4
1240187	1012	2.460554	3.3201634883880615	4
1327771	1008	-4.513988	1.2905256748199463	4
905974	1510	4.07907	3.1689414978027344	4
907271	1581	1.711549	3.560271739959717	4
906843	1827	0.585509	3.232738971710205	4
907295	2158	5.771155	4.038089752197266	4
1240142	1739	2.038048	3.3415846824645996	4
908130	1004	-3.321165	-1.0987745523452759	4
906872	2003	6.323786	2.827939748764038	4
687980	1190	-1.667695	2.4230358600616455	4
907173	2157	6.101052	4.394720554351807	4
910549	1052	6.091484	2.359886646270752	4
1299080	1873	0.627156	2.3075993061065674	4
1297439	1038	4.125854	4.1036481857299805	4
909713	1919	3.693609	2.404214382171631	4
1240217	1022	-0.20238	2.4256412982940674	4
924102	1840	2.54817	3.565725326538086	4
908451	1630	3.308881	1.8778080940246582	4
1331033	1915	1.668261	1.6564446687698364	4
925338	1732	-0.010073	4.092325210571289	4
906807	1630	2.98737	1.8052171468734741	4
924108	1030	4.542984	3.9890646934509277	4
908470	1840	6.288295	3.613917827606201	4
908148	1919	0.549762	2.1100687980651855	4
1240193	1549	4.505031	2.692986249923706	4
688087	2362	3.827667	2.2326014041900635	4
908463	1091	2.197668	3.252981185913086	4
908135	1053	2.833398	2.2326014041900635	4
909706	2039	3.014622	3.235182762145996	4
905945	2113	2.772648	3.322263717651367	4
724869	1827	0.620577	3.6629819869995117	4
909725	1625	5.059629	3.289625883102417	4
687777	1836	3.197002	3.3439061641693115	4
910947	1853	2.956544	2.0049195289611816	4
753578	1058	1.185259	2.3129308223724365	4
753534	1849	-0.352078	2.0925943851470947	4
905984	1558	2.459709	2.7732605934143066	4
749712	1924	1.670712	2.392707347869873	4
1295740	1806	2.813936	1.5344901084899902	4
1295740	1926	1.911467	1.2222023010253906	4
1330931	1832	1.957003	1.9438962936401367	4
946359	1259	6.508458	4.6712212562561035	4
906871	1998	3.089452	3.546370506286621	4
1298350	2113	3.347439	3.3439061641693115	4
909757	1564	1.099024	2.28025484085083	4
910781	1825	-0.103949	3.3002185821533203	4
907790	1922	1.319057	3.152716636657715	4
911905	1507	7.289125	3.725564956665039	4
910689	1034	1.838971	3.152716636657715	4
909728	2039	4.253473	3.092982053756714	4
910916	1051	-1.894215	-1.0646018981933594	4
909713	1199	5.095358	4.1572489738464355	4
910079	1561	0.412331	2.413614273071289	4
1659929	1175	4.25687	3.9890646934509277	4
1330942	1706	1.777918	1.5727319717407227	4
906837	1809	1.59128	2.4968278408050537	4
724869	1586	4.92535	3.560272216796875	4
724878	1614	6.650703	3.614959716796875	4
905970	1564	1.835754	3.2740345001220703	4
1240185	1786	2.447475	3.3465847969055176	4
905968	1024	-0.550663	3.725564956665039	4
910548	1549	4.356803	2.7009613513946533	4
1509073	1626	2.655307	4.26540470123291	4
909747	1622	5.988953	4.068656921386719	4
1330972	1910	-0.634681	1.3011434078216553	4
949176	1058	1.59995	2.2326014041900635	4
906843	1940	3.237895	4.019260406494141	4
909697	1085	2.563337	3.521653652191162	4
906843	1561	1.465924	2.268411636352539	4
946377	1564	4.299603	3.051549196243286	4
907286	1912	3.708165	3.4946112632751465	4
1479987	1732	4.568079	4.033230781555176	4
905951	2158	3.500286	4.424468040466309	4
909784	1034	-2.181466	3.198244571685791	4
1298160	1862	-1.376471	1.0185284614562988	4
946353	1615	5.594791	2.413614273071289	4
906696	1529	-0.051679	4.033924102783203	4
906828	1564	2.03834	3.1221909523010254	4
907274	1088	1.907661	1.5078850984573364	4
910899	2175	5.663109	4.05094051361084	4
1290724	2043	4.336799	4.079604625701904	4
907320	1629	4.327877	0.8345988392829895	4
917486	1584	3.577146	3.2781481742858887	4
908462	1004	-5.547894	1.576101303100586	4
753615	1038	4.418225	2.6867945194244385	4
905975	1635	5.467694	3.4984376430511475	4
1659928	2037	4.110609	4.064428806304932	4
907790	1177	4.816862	3.9890646934509277	4
753554	1617	3.775862	2.122795581817627	4
906834	1510	2.386212	3.2688353061676025	4
906868	1919	3.414391	2.7732605934143066	4
753559	2175	4.935644	4.287784576416016	4
910948	1930	0.625149	4.6712212562561035	4
908447	1933	4.473872	0.06276500225067139	4
1240174	1911	-4.403463	4.091557025909424	4
910567	2171	1.509864	1.7802644968032837	4
908451	1042	4.960509	5.011277198791504	4
910921	1854	5.126457	3.992034912109375	4
908120	1026	-0.388068	1.1492245197296143	4
910911	1512	5.726808	2.4968278408050537	4
908129	1559	-1.226229	0.6125267744064331	4
1327775	2000	3.893465	2.559868574142456	4
688006	1625	5.375986	3.6527042388916016	4
687798	2111	3.403712	4.918500900268555	4
910700	2003	6.587588	3.3056271076202393	4
906813	1131	5.283515	4.455912113189697	4
908440	1997	1.551953	1.3039770126342773	4
906825	1192	1.450713	3.529456853866577	4
909249	1401	0.507727	1.5680367946624756	4
905960	2111	3.541615	4.6712212562561035	4
1240223	1909	3.614123	2.157799005508423	4
722045	1507	4.225163	3.614959716796875	4
910710	1563	4.103896	2.7644598484039307	4
905971	1378	4.241124	2.200166702270508	4
909194	2170	2.292015	2.4829540252685547	4
909708	1558	1.84906	2.2382235527038574	4
908144	2113	3.738739	3.204988479614258	4
910918	2048	-5.869267	-2.6249473094940186	4
909740	1843	1.338656	2.200166702270508	4
753622	1018	4.88738	4.5683159828186035	4
905986	2057	6.587445	3.2557501792907715	4
1480367	1250	0.539582	3.725564956665039	4
753584	1149	0.331089	1.9240357875823975	4
1327766	1806	4.123034	2.103732109069824	4
1240181	1930	-1.046954	3.1668057441711426	4
1299059	2362	4.882051	2.284221649169922	4
949171	1583	2.521927	3.8217036724090576	4
908139	1720	4.940966	1.919613003730774	4
1303897	2046	0.982496	0.7976174354553223	4
1480359	1625	4.174786	4.028031349182129	4
1330991	1259	1.46636	2.2604074478149414	4
907068	1828	4.279182	3.232738971710205	4
749715	2046	3.922888	2.6316041946411133	4
1509074	1053	0.793367	2.3129308223724365	4
687563	2107	5.795873	2.2798004150390625	4
905977	1873	1.94503	2.3075993061065674	4
905951	1011	1.113677	2.081268310546875	4
1322224	1032	1.096907	2.4279379844665527	4
906842	1428	2.88113	2.5525429248809814	4
1524418	1085	3.166606	3.293200969696045	4
687787	1820	1.897601	3.3397185802459717	4
906746	1011	4.547536	1.877748966217041	4
905972	1510	6.154192	3.252981185913086	4
1240217	1618	3.764336	6.688973426818848	4
906746	1940	4.955206	4.155618190765381	4
688031	1003	-2.797081	2.4230358600616455	4
1240190	1709	-2.982173	2.4926552772521973	4
907280	2112	1.400562	2.034153461456299	4
946382	1018	4.731821	4.6712212562561035	4
1330950	1830	2.506097	2.559868574142456	4
687802	1786	4.068397	3.3465847969055176	4
906868	1785	5.472445	3.546370506286621	4
1509073	1249	2.326632	4.228138446807861	4
713878	1845	-2.193591	3.158592700958252	4
910936	1634	4.348612	5.7082343101501465	4
688018	1441	6.178841	2.4829540252685547	4
1331055	1038	4.260345	4.1036481857299805	4
1240169	1806	6.291594	2.7078659534454346	4
910567	1560	3.703773	2.2326014041900635	4
1480362	1815	5.560744	4.033230781555176	4
909260	1998	3.905479	2.363042116165161	4
907173	1936	3.788806	3.7621347904205322	4
1298168	1594	2.317284	2.3129308223724365	4
909974	1057	-0.565836	2.3129308223724365	4
1240189	1622	3.06843	4.05094051361084	4
1298353	2175	5.725779	4.292574882507324	4
905938	2011	3.228514	2.212486743927002	4
908469	2171	1.209066	2.87912654876709	4
909718	1428	5.445389	3.7082109451293945	4
1240209	1549	2.017082	2.4279379844665527	4
724874	1016	3.121013	2.710886001586914	4
1240186	1557	5.067208	1.3011434078216553	4
1659928	1179	-0.377996	1.9000998735427856	4
1298134	1713	3.01858	2.738616943359375	4
753565	1131	4.573878	4.836955547332764	4
907311	1909	1.208494	0.8829841613769531	4
924240	1149	0.933639	2.081268310546875	4
906863	1583	2.19768	3.96885347366333	4
687798	2156	4.082274	4.252068042755127	4
907786	1067	5.211839	2.4926552772521973	4
909709	1372	-0.163582	2.611480236053467	4
749712	2359	4.908895	4.092325210571289	4
687802	1713	4.027054	3.2740345001220703	4
1327775	1022	-0.124199	1.5680367946624756	4
753552	1190	-4.388401	2.4170141220092773	4
910850	1926	1.98288	2.9885945320129395	4
908468	2171	1.611325	2.87912654876709	4
1503361	1708	-1.071683	2.359886646270752	4
910931	1237	5.14534	4.805602550506592	4
905939	1940	4.315384	4.068656921386719	4
1524416	2010	5.037209	3.393845558166504	4
687586	1168	3.806306	2.4546284675598145	4
1480358	1622	6.170657	4.274407863616943	4
1503363	1847	0.121266	3.2708334922790527	4
906830	1248	0.952991	5.061434268951416	4
907783	1038	2.768097	2.376477003097534	4
753595	1510	5.701317	3.4435176849365234	4
908443	1712	-4.197431	4.081949234008789	4
753615	1708	-0.515816	1.5680367946624756	4
909904	1038	7.163961	4.691140174865723	4
1240127	1713	4.886214	3.248748302459717	4
949173	1200	1.436123	3.9054741859436035	4
1303911	1559	-2.077672	1.1492245197296143	4
905936	2111	5.184086	3.9890646934509277	4
909905	1581	1.849523	3.7581276893615723	4
946355	1088	4.529861	2.4934751987457275	4
908465	1025	6.034631	4.5233941078186035	4
1327766	2170	2.580663	1.3526480197906494	4
905935	1248	-4.413142	6.089156627655029	4
925348	1810	2.809101	2.6611759662628174	4
1240192	1720	3.40111	1.3011434078216553	4
924100	2047	2.90916	3.2781989574432373	4
1298358	1191	-1.7845	0.6007419228553772	4
1299062	1580	5.087598	3.6527042388916016	4
753534	1558	2.47837	2.4745683670043945	4
905974	2173	3.681976	3.289625883102417	4
1330948	1067	3.503226	1.1432621479034424	4
1240179	1069	3.793603	3.2857117652893066	4
946355	2047	3.798	3.0529184341430664	4
687459	2038	5.608038	4.154959678649902	4
1303897	1821	3.26392	2.202472686767578	4
753594	1919	2.176117	2.692986249923706	4
906839	1866	3.497649	3.3072304725646973	4
909708	1593	1.473723	3.1585772037506104	4
1240129	1030	5.390366	4.467545986175537	4
1331035	1008	2.064859	1.5078850984573364	4
688011	1928	5.086156	3.6527042388916016	4
1299070	1032	2.178089	2.7009613513946533	4
1330941	1131	3.011588	5.680668354034424	4
687588	1809	0.953932	2.7078659534454346	4
906839	1049	2.84761	3.119905471801758	4
906797	2096	3.85373	2.8512091636657715	4
908122	1032	1.31167	2.410154342651367	4
906696	1021	4.623257	3.6232380867004395	4
910922	1996	4.918547	1.7418522834777832	4
910943	1559	-1.442319	0.8162275552749634	4
910904	1630	3.631245	2.861016273498535	4
753552	1580	5.761899	3.744784116744995	4
1524417	1563	5.249827	4.591845989227295	4
910544	1621	4.16246	1.843580722808838	4
1660035	1004	-1.743355	-1.233743667602539	4
908141	1621	2.130907	2.0049195289611816	4
906793	1564	-0.905645	1.6173574924468994	4
910692	1052	5.657908	2.1069016456604004	4
687800	1050	5.770306	-0.6633521318435669	4
1298218	1814	6.337534	2.6611759662628174	4
1299081	1621	4.4225	3.235182762145996	4
946359	1043	5.966433	6.4758076667785645	4
688010	1004	-4.358418	-1.985670804977417	4
908129	2361	5.683741	2.3705854415893555	4
906763	2109	1.276229	3.231241226196289	4
1299075	1718	4.392899	3.8717219829559326	4
1480358	1634	5.383789	6.068190097808838	4
1331036	1732	3.256835	2.5525429248809814	4
1298157	1373	5.75924	3.5454659461975098	4
909744	1378	0.950796	1.691662073135376	4
908130	1918	4.675798	2.3705854415893555	4
905962	1708	-0.860881	1.9000998735427856	4
1503367	1558	4.029165	2.361443519592285	4
908483	1510	2.696238	2.87912654876709	4
910549	2439	9.842837	4.0692243576049805	4
949094	2360	5.754354	2.2798004150390625	4
906875	1853	5.057781	2.5018856525421143	4
1298358	1803	4.483687	3.2272822856903076	4
905981	1598	4.890145	4.311347484588623	4
930298	1239	2.748504	3.829171895980835	4
753623	2037	5.670606	4.250988960266113	4
753541	2157	5.113003	3.96885347366333	4
905975	1832	4.399944	3.2636139392852783	4
907799	1008	1.451671	1.5078850984573364	4
1331036	1582	2.966918	2.238771438598633	4
753578	1933	2.389009	0.05909663438796997	4
906877	2040	0.631557	1.9126243591308594	4
1480371	1821	3.851195	3.365154266357422	4
905950	1930	-0.015485	4.705570220947266	4
905934	1029	6.655865	3.569511890411377	4
1674021	1049	3.469702	3.152716636657715	4
905938	2156	0.918406	2.212486743927002	4
1330931	1732	4.471344	2.6580402851104736	4
908141	1910	-2.71949	0.6172566413879395	4
905971	1005	2.931956	2.200166702270508	4
908121	1069	3.153338	3.434905529022217	4
910936	1779	1.177709	2.861016273498535	4
1240160	1624	4.378973	4.316937446594238	4
1303900	1016	0.888269	2.392707347869873	4
1331048	1511	-3.819138	1.5078850984573364	4
1240209	2438	7.222789	3.595797538757324	4
905954	2043	4.82418	3.7143383026123047	4
1331045	1808	-2.273039	1.5078850984573364	4
909746	1913	4.926126	5.717518329620361	4
1303901	1852	4.369057	3.7518210411071777	4
722066	1583	2.613746	4.805602550506592	4
1298475	1915	2.822703	3.4299001693725586	4
908451	1621	4.885626	2.0049195289611816	4
946353	1038	3.974506	4.5683159828186035	4
1327775	1237	4.04497	2.6456451416015625	4
909248	1847	6.627174	3.300771474838257	4
1480371	1810	0.504836	2.9720821380615234	4
1297439	1133	3.522588	4.836955547332764	4
949175	1557	4.673149	1.3039770126342773	4
909757	1730	3.326273	3.3617899417877197	4
1299059	1529	-0.485941	3.6494412422180176	4
1330964	1511	-0.446477	2.4230358600616455	4
910944	1713	2.334708	2.1148738861083984	4
910930	1084	-3.161521	1.0761585235595703	4
1240162	1833	4.069196	3.0756194591522217	4
1298350	2037	3.80381	4.805602550506592	4
687816	1849	-0.69731	2.1395325660705566	4
1509073	1713	3.471963	3.4390926361083984	4
907300	1038	2.369006	2.2604074478149414	4
1240179	1783	4.906451	3.829171895980835	4
749711	1030	4.992838	4.6712212562561035	4
749709	1778	0.296546	2.392707347869873	4
906797	1561	2.343106	3.0201892852783203	4
909704	2055	2.629276	3.26226806640625	4
906862	2109	1.54099	4.360616683959961	4
1298157	1932	4.410072	3.4535672664642334	4
905956	1083	4.134849	3.198244571685791	4
1298219	1824	2.696665	3.278592586517334	4
688086	1928	5.157427	2.8772432804107666	4
907285	1086	2.472593	2.598853826522827	4
949176	1009	5.970871	3.511474847793579	4
1240197	1072	5.881189	4.033230781555176	4
753574	2057	7.017504	3.2708334922790527	4
906820	2438	10.629426	3.511474847793579	4
906805	1932	1.551329	3.252981185913086	4
906864	1812	3.309676	2.75930118560791	4
946353	1047	5.478192	5.621311664581299	4
1240201	1375	6.056579	2.6611759662628174	4
753608	1720	7.399613	2.1395325660705566	4
949171	1836	2.55865	2.827939748764038	4
907281	1831	2.659608	2.559868574142456	4
910691	1940	5.181622	4.290170669555664	4
909718	1004	-5.672442	-1.233743667602539	4
909715	1032	0.721088	2.1100687980651855	4
906817	1529	4.128031	4.0692243576049805	4
753600	1621	3.865929	3.3201634883880615	4
910691	2112	1.595081	3.3002185821533203	4
910687	1019	0.993897	2.004491090774536	4
753588	1024	-0.510435	3.2157793045043945	4
1480371	1511	-2.312039	2.9720821380615234	4
1330948	1191	-5.445009	-0.6024121046066284	4
1330993	1996	4.826512	2.7677745819091797	4
905956	1780	5.935089	3.622896671295166	4
1240129	2170	2.842907	2.6686148643493652	4
687995	2047	3.28906	3.204909324645996	4
925347	1996	5.774377	2.258676052093506	4
909975	1799	5.61854	3.503042221069336	4
906872	1047	2.878715	4.381565570831299	4
724866	1237	5.780576	4.805602550506592	4
907794	1062	1.263838	2.28025484085083	4
687816	1716	5.880683	3.614959716796875	4
909708	1913	5.590157	5.7082343101501465	4
1299062	1809	1.354889	2.4230358600616455	4
1503366	2109	3.067717	4.287784576416016	4
910934	1832	3.257999	2.202472686767578	4
907792	1804	-0.98998	3.3056271076202393	4
908125	1844	3.196349	3.2636139392852783	4
1240223	1734	2.787424	4.033924102783203	4
1240187	1634	4.493265	6.758167743682861	4
910933	1924	5.710908	2.2798004150390625	4
906871	1560	3.451099	2.0097246170043945	4
908135	1024	-1.246057	2.929013967514038	4
1240201	1059	0.002418	3.4946112632751465	4
909738	1852	6.5158	4.148919582366943	4
908443	2499	10.815499	5.5445756912231445	4
908447	1998	5.255088	3.511474847793579	4
908135	1052	1.117013	1.5399963855743408	4
908121	1026	-3.11997	1.1492245197296143	4
909718	1237	5.494778	4.064428806304932	4
1331050	1034	-3.758167	2.1963870525360107	4
949093	2039	5.839127	3.2562131881713867	4
1330983	1843	-2.049843	1.449768304824829	4
906791	1511	-1.645609	2.909571647644043	4
1299064	2055	2.951812	3.2708334922790527	4
907169	1068	-0.802905	2.05844783782959	4
1303900	1849	-0.714955	2.081268310546875	4
724866	1048	4.403288	4.918500900268555	4
909728	1738	2.587039	2.939957618713379	4
910900	1786	3.097344	3.3465847969055176	4
908139	1018	5.957819	4.013622283935547	4
905968	1046	1.715173	2.4103081226348877	4
910937	1088	-0.838153	2.4230358600616455	4
1298168	1084	-3.034625	2.3129308223724365	4
909904	1248	-5.131561	6.6566901206970215	4
1331034	2169	1.221406	1.0761585235595703	4
905949	1626	1.100481	4.464597702026367	4
1299075	1734	3.064811	3.929706335067749	4
909250	1635	6.388484	4.228138446807861	4
713878	2043	5.593582	4.1036481857299805	4
907278	1838	3.758413	2.034153461456299	4
905977	1012	1.669317	3.235182762145996	4
1240224	1922	2.309102	3.4911880493164062	4
910861	1250	-0.333709	1.8052171468734741	4
909750	1089	3.344444	2.7799506187438965	4
1240181	1915	2.144556	2.51884126663208	4
713878	1825	-0.834559	3.158592700958252	4
910704	1621	3.738279	3.2562131881713867	4
909251	1614	2.463256	2.004491090774536	4
946368	1578	5.373647	2.7078659534454346	4
735784	2362	5.677913	2.413614273071289	4
909718	1003	-5.232523	2.200166702270508	4
906834	1043	4.606745	6.397519588470459	4
910399	2177	1.91428	4.805602550506592	4
1480359	1019	1.408796	3.725564956665039	4
724839	1561	4.973653	2.268411636352539	4
1331048	1576	2.00262	3.2170770168304443	4
907173	1249	4.780945	4.148445129394531	4
749717	1826	2.425654	3.322263717651367	4
908148	1089	1.637133	1.449768304824829	4
687590	1180	-2.602771	2.305018901824951	4
909721	1441	0.666721	2.710886001586914	4
753624	1061	3.684573	2.920642375946045	4
907269	1614	2.06669	2.315744400024414	4
907313	1529	2.615385	3.9703474044799805	4
687514	1042	5.273793	5.492762088775635	4
749716	1578	5.700907	3.4894461631774902	4
753564	1029	4.026833	2.892836570739746	4
907061	1908	2.018793	2.611480236053467	4
910688	2359	3.864766	2.212486743927002	4
1303897	1529	-1.670791	2.5525429248809814	4
905982	2171	2.805476	3.438824415206909	4
753574	1714	2.816208	3.0529184341430664	4
1524419	1026	1.879271	0.05909663438796997	4
1240154	1086	-4.138258	2.3904523849487305	4
909724	1927	5.141927	3.622896671295166	4
687798	1817	-5.068906	3.3201634883880615	4
1240198	1777	5.186112	3.725564956665039	4
905978	1558	2.926999	2.3993966579437256	4
924238	1925	4.006706	4.742605686187744	4
909745	1583	3.928429	4.1249918937683105	4
1479988	2498	7.261861	6.068190097808838	4
949173	1057	-2.942651	2.2326014041900635	4
946359	1058	1.231268	2.392707347869873	4
1298537	2156	4.86914	4.252068042755127	4
688031	1029	3.409824	2.892836570739746	4
753600	1004	1.051848	-0.6633521318435669	4
753595	1026	3.838035	1.7517824172973633	4
1240219	1613	5.561777	4.691140174865723	4
687586	1817	-5.506032	3.1719765663146973	4
907788	1177	3.530881	4.404123783111572	4
753618	2499	8.748272	5.505429744720459	4
753538	1022	-0.351661	2.155517101287842	4
909713	1372	-5.997511	1.6173574924468994	4
907269	1557	4.742194	0.9032251834869385	4
909721	2148	1.397567	3.3439061641693115	4
905937	1018	6.074471	3.9890646934509277	4
1298151	1733	-0.86485	3.6141574382781982	4
906864	2159	3.293665	4.362609386444092	4
724872	1091	2.530811	2.87912654876709	4
925347	1926	1.534815	3.4946112632751465	4
687985	1006	0.891482	3.7518210411071777	4
906833	1614	3.408261	3.508932590484619	4
905948	1802	4.480729	4.228138446807861	4
1240146	1812	2.311668	2.909571647644043	4
907169	1441	2.383663	2.3075993061065674	4
1240200	2044	4.673368	2.9720821380615234	4
1240169	1583	3.447429	4.1249918937683105	4
688010	1804	5.518751	3.158592700958252	4
910943	1996	4.340037	1.877748966217041	4
909762	1096	-0.970305	-2.625708818435669	4
908125	1060	-0.05401	1.6173574924468994	4
905983	1931	5.839718	5.275831699371338	4
906868	1017	4.267752	3.7307536602020264	4
946358	1598	3.437022	3.231241226196289	4
909749	1067	5.751981	2.112079620361328	4
925340	1618	5.072336	5.942099571228027	4
1240201	2038	4.867169	4.653029918670654	4
724825	1908	1.993826	2.3576388359069824	4
749709	1613	4.214165	4.6712212562561035	4
906792	1819	-6.26833	-0.28148311376571655	4
1298533	1093	4.673161	3.4435176849365234	4
687798	1843	-1.923449	2.909571647644043	4
909252	1802	2.534707	2.363042116165161	4
908128	1088	4.456958	2.3067400455474854	4
724874	2109	2.996928	4.5233941078186035	4
911905	1013	6.017882	4.0320563316345215	4
909744	1831	4.067755	2.300105094909668	4
1247871	2112	1.252544	2.020475387573242	4
1297447	1083	2.216546	2.4444127082824707	4
753620	1560	4.059671	2.2326014041900635	4
910911	1915	1.886156	2.2382235527038574	4
924151	1016	2.793509	3.4138782024383545	4
909745	1862	-1.828069	0.8162275552749634	4
753621	1131	6.618764	5.621311664581299	4
1503367	1739	5.419587	3.394836902618408	4
1330985	1720	2.734095	0.6172566413879395	4
907272	2113	2.197348	2.020475387573242	4
1659929	1131	4.170592	5.069189548492432	4
909263	2106	3.635049	2.397237539291382	4
906830	1129	3.970805	2.3075993061065674	4
1503371	1061	3.894504	3.0529184341430664	4
1298169	1918	3.362198	2.3129308223724365	4
907051	1093	4.797817	3.310244560241699	4
1240130	1847	3.926949	3.2636139392852783	4
905939	1096	0.939518	-1.233743667602539	4
910701	1023	3.752779	3.0282933712005615	4
1290725	1916	3.57686	2.861016273498535	4
909771	1014	1.608029	2.2005271911621094	4
949176	1924	4.625019	2.2326014041900635	4
1330950	1916	1.326995	2.6203854084014893	4
908124	2174	2.133452	3.4984376430511475	4
753584	1237	5.839123	4.154959678649902	4
1240155	1832	4.401548	3.2272822856903076	4
1298533	1922	2.110539	3.722790241241455	4
905961	1583	2.83551	4.064428806304932	4
1240123	1013	3.56458	3.5939793586730957	4
907783	1918	4.522192	1.755178689956665	4
949177	1843	-2.766351	1.6519019603729248	4
1240168	1776	4.256165	3.3072304725646973	4
1240127	2170	3.770375	2.3705854415893555	4
688010	1832	2.828427	3.158592700958252	4
907311	2106	2.00579	1.755178689956665	4
906814	1919	2.668243	2.404214382171631	4
907279	1268	3.844677	3.826887607574463	4
1298476	2010	7.524636	3.6629819869995117	4
905983	2044	2.316273	2.7078659534454346	4
906763	1941	-4.989348	0.683973491191864	4
1298169	1021	3.441096	3.4911880493164062	4
687980	1449	3.421474	3.2157793045043945	4
910691	1838	2.695003	3.3002185821533203	4
1479987	1561	1.467353	2.6686148643493652	4
1331037	1047	2.728575	3.0108423233032227	4
946369	1854	2.7138	3.826887607574463	4
910079	1622	5.274596	4.287784576416016	4
724825	1549	4.937139	2.169969320297241	4
753595	1853	3.601724	3.560272216796875	4
907271	1808	1.840215	2.7799506187438965	4
907790	2173	4.518827	3.63368558883667	4
910567	1375	3.799521	1.6519019603729248	4
949179	1786	2.79574	2.3989663124084473	4
687800	1089	5.786479	2.909571647644043	4
1290798	1808	4.274808	3.4894461631774902	4
908463	1738	5.583427	3.252981185913086	4
1240200	2159	3.709225	4.434192180633545	4
907790	1175	3.43632	3.9890646934509277	4
1298216	1073	3.870801	4.1100335121154785	4
753559	2109	3.302674	4.287784576416016	4
924188	1625	5.566808	3.560271739959717	4
910544	1712	-4.842315	2.6580402851104736	4
908144	1933	5.797154	0.4745776653289795	4
906793	1614	3.290812	3.622896671295166	4
949171	2038	4.244972	3.8217036724090576	4
1240168	1067	4.36517	2.305018901824951	4
909740	1802	6.588817	3.7082109451293945	4
905955	1375	6.896531	2.3067400455474854	4
910944	1915	2.381145	1.6727335453033447	4
909738	1739	4.56243	3.6141574382781982	4
906855	1917	0.592636	2.376477003097534	4
1659928	1191	-4.140937	0.6196379065513611	4
1240170	1059	-0.85783	2.2798004150390625	4
1287706	1862	-1.181598	1.0185284614562988	4
910926	1239	0.477233	3.8287317752838135	4
1480362	1720	3.422514	1.8792295455932617	4
906872	1620	6.363749	2.8772432804107666	4
1331036	1802	2.158387	2.5525429248809814	4
1240127	2157	5.420956	4.516384601593018	4
1240174	1200	3.067051	4.947756290435791	4
910781	1512	4.641553	2.652965784072876	4
687562	1079	-1.182148	3.388434410095215	4
908130	1919	2.030872	2.6019864082336426	4
906870	2157	2.401255	2.402055025100708	4
1240197	1855	5.808807	3.1431920528411865	4
1240159	1200	4.3322	5.115384578704834	4
910941	1580	4.727276	2.8772432804107666	4
687800	2172	3.441007	4.464597702026367	4
1240209	1925	3.575517	4.347537517547607	4
1330995	2173	2.084944	1.5496163368225098	4
688026	2044	4.008222	2.4230358600616455	4
1479988	2172	2.553138	4.028031349182129	4
908450	1016	2.011638	2.0097246170043945	4
907045	1561	3.232572	2.392707347869873	4
753554	2046	4.316612	2.3183484077453613	4
910899	1919	1.604252	2.692986249923706	4
687505	1732	1.143909	3.829171895980835	4
1240181	1932	-1.060046	1.7802644968032837	4
1480361	1855	2.951317	3.1431920528411865	4
907046	1617	1.375429	2.081268310546875	4
905977	1799	6.043915	3.622896671295166	4
724866	1997	4.968461	2.1395325660705566	4
909974	2048	1.592149	0.5318819284439087	4
753558	1580	5.605691	4.26540470123291	4
907792	1998	5.262141	3.7082109451293945	4
998184	1085	1.546797	2.004491090774536	4
687980	1913	5.102432	5.376380443572998	4
909753	1626	1.938934	4.028031349182129	4
1240158	1010	4.467017	2.7469258308410645	4
906839	1621	5.37021	3.1719765663146973	4
910899	1908	2.878333	3.204909324645996	4
909904	1594	3.272793	3.4946112632751465	4
1240190	1614	4.559313	3.614959716796875	4
906793	1576	3.855324	3.992034912109375	4
687800	2037	6.972267	4.805602550506592	4
906871	1023	3.34908	2.9008352756500244	4
971777	2173	3.878991	3.289625883102417	4
1331038	1507	4.03521	1.8052171468734741	4
1240201	1177	4.994991	4.691140174865723	4
907319	1057	-0.855802	2.413614273071289	4
910548	1012	2.351168	3.2640419006347656	4
687816	1810	-1.163625	2.909571647644043	4
907272	1834	1.149842	2.020475387573242	4
1298353	1022	1.27617	2.443699836730957	4
1303901	1625	4.829209	3.6527042388916016	4
1298348	1033	6.500522	4.252068042755127	4
909743	1828	3.924459	2.020475387573242	4
688021	1237	6.915624	4.038089752197266	4
687505	2109	2.498234	4.019260406494141	4
753589	1553	3.799902	2.4829540252685547	4
906797	1563	4.707851	4.154959678649902	4
909719	2360	5.357985	2.9885945320129395	4
946368	1782	5.47643	3.9703474044799805	4
949174	1010	3.94073	2.51884126663208	4
909725	2439	8.237409	3.4984376430511475	4
1299050	1917	4.539593	4.079604625701904	4
687802	1091	3.404533	3.252981185913086	4
909975	2172	1.655996	4.0425214767456055	4
905959	1930	2.062487	4.467545986175537	4
713899	1998	4.917441	3.7518210411071777	4
907068	1089	5.313493	2.488220691680908	4
1240192	2112	1.386742	3.158592700958252	4
688087	1013	3.733783	2.7594361305236816	4
753608	1936	3.932765	3.3465847969055176	4
905942	1931	5.564707	5.982245922088623	4
910780	1091	0.053726	1.7802644968032837	4
1660035	1815	6.752235	3.7082109451293945	4
1322224	1912	0.673374	2.4816641807556152	4
687980	1855	3.523635	3.204909324645996	4
907286	1712	-3.143983	4.1100335121154785	4
910927	2159	3.934017	4.424468040466309	4
907068	1821	3.871223	3.232738971710205	4
1303900	1268	4.410878	4.360616683959961	4
1240179	2112	1.471321	3.232738971710205	4
724868	1635	3.907319	4.252068042755127	4
1503365	1617	4.962562	2.0211896896362305	4
907274	1507	5.374502	1.8052171468734741	4
688021	1803	7.356721	3.158592700958252	4
905935	1926	3.027334	3.0461249351501465	4
909725	1831	3.865553	3.2636139392852783	4
1330931	1813	3.090623	1.2905256748199463	4
909774	1706	1.649579	4.0425214767456055	4
907269	1915	3.019815	2.1754417419433594	4
908455	1622	4.942918	4.001857280731201	4
1298222	1777	5.449171	3.394836902618408	4
924188	1620	6.025607	3.560271739959717	4
946369	1918	0.768696	2.0097246170043945	4
924100	1586	5.610372	3.473860263824463	4
687455	1080	-3.57048	-1.5114047527313232	4
1480364	1835	6.506035	3.365154266357422	4
910932	1915	3.165763	2.404214382171631	4
905990	1999	4.093702	3.365154266357422	4
724872	1779	0.493491	3.2157793045043945	4
1322212	1614	4.197636	3.2157793045043945	4
907311	1507	3.609384	2.1235642433166504	4
906790	2173	3.514909	3.6052379608154297	4
908125	2360	5.073492	2.3075993061065674	4
909781	2113	4.596124	3.393845558166504	4
1240142	1917	0.253518	4.0659613609313965	4
753562	1718	3.693208	2.861016273498535	4
907791	1168	4.952908	2.169969320297241	4
906837	2172	0.373393	3.507209300994873	4
907173	1061	5.555898	3.589742422103882	4
753581	1133	4.366667	4.455912113189697	4
907291	1510	4.177586	3.1974496841430664	4
908129	1734	2.915005	4.091557025909424	4
906834	1833	0.007451	3.300771474838257	4
907271	1033	4.437987	3.546370506286621	4
909748	1620	5.953598	3.63368558883667	4
1503366	2173	4.053857	3.979827880859375	4
909735	1006	1.116337	4.091557025909424	4
1298349	1200	3.077136	4.084835529327393	4
907058	1829	2.412756	3.2636139392852783	4
753608	1996	4.727014	2.1395325660705566	4
905940	2000	4.821706	1.9438962936401367	4
753623	1563	6.305812	4.250988960266113	4
906818	1831	3.344302	3.2636139392852783	4
908448	1059	-0.875923	1.6330819129943848	4
910930	1998	3.439893	2.5525429248809814	4
906817	1712	-1.698131	4.0692243576049805	4
1331035	1058	0.033119	1.0761585235595703	4
949179	2111	4.778335	3.1668057441711426	4
909715	1786	2.978446	2.057188034057617	4
906801	1249	3.132986	4.092325210571289	4
907270	1799	2.707733	2.315744400024414	4
907789	1068	-0.413349	0.683973491191864	4
724870	1834	2.83686	3.6629819869995117	4
724868	1933	5.052895	1.2377381324768066	4
909761	2037	5.804597	4.064428806304932	4
924241	1239	2.243145	3.7518210411071777	4
1659929	1910	3.782447	1.9317412376403809	4
753583	1576	3.039982	4.023776054382324	4
687592	1862	-0.731464	0.8162275552749634	4
910079	1560	2.739459	2.413614273071289	4
1674021	1057	-1.33373	2.397237539291382	4
925338	1010	4.086141	2.410154342651367	4
907055	1549	4.012172	2.4279379844665527	4
1240173	1919	1.954236	2.392925262451172	4
905948	1529	1.181966	4.228138446807861	4
1240183	1005	5.445691	2.5322046279907227	4
1331033	1785	3.50538	2.5525429248809814	4
1330942	2038	3.669558	2.402055025100708	4
907317	1032	0.721572	2.361443519592285	4
906869	2148	1.265529	3.2272822856903076	4
924151	1048	4.528897	4.383554935455322	4
1659823	1712	-3.724845	3.7082109451293945	4
907795	1839	3.437417	3.3056271076202393	4
905981	1853	4.380263	3.328793525695801	4
910922	2438	10.268617	4.228138446807861	4
907314	2173	3.953164	2.8772432804107666	4
1524416	1177	3.756981	4.705570220947266	4
905942	1049	5.113054	3.3465847969055176	4
687588	2171	2.451474	3.438824415206909	4
905939	1057	-1.420425	2.397237539291382	4
724868	1931	4.413704	5.982245922088623	4
688014	1802	4.360585	3.7518210411071777	4
909904	2154	3.363829	4.653029918670654	4
906804	1630	2.038767	3.503042221069336	4
687459	2359	6.312738	3.8287317752838135	4
1298218	1016	4.175778	3.4946112632751465	4
910899	1043	4.195581	5.423068523406982	4
1240192	1843	2.047188	2.4230358600616455	4
753589	1020	6.338336	0.860858142375946	4
908150	1862	-0.791074	2.7279114723205566	4
909729	1845	0.767312	3.2557501792907715	4
908120	2156	4.300789	4.092325210571289	4
906833	1553	3.489967	2.1897037029266357	4
1330973	1068	1.541814	1.3011434078216553	4
687563	1199	2.746491	4.538337230682373	4
908475	1622	5.319825	4.5233941078186035	4
907170	1237	3.305065	3.8217036724090576	4
1480364	1583	2.140789	4.434192180633545	4
906696	2362	3.65731	3.4138782024383545	4
905963	1912	2.546106	2.3129308223724365	4
905962	1776	6.325366	3.3617899417877197	4
909715	1259	3.125432	2.2604074478149414	4
1298538	2055	1.385809	3.3397185802459717	4
906868	1584	2.905437	3.0272440910339355	4
1240155	1558	3.877603	2.4279379844665527	4
687983	1026	2.006825	0.860858142375946	4
906790	1583	1.786072	4.079615116119385	4
1287706	1067	3.280996	2.025374174118042	4
1298359	1026	-1.067407	0.8345988392829895	4
687568	1131	6.969215	5.275831699371338	4
930297	1583	2.052715	3.9188320636749268	4
907788	1627	2.179288	4.38341760635376	4
1290908	1557	5.564783	2.1395325660705566	4
1240183	1939	1.3669	2.122795581817627	4
753614	1054	2.73343	2.359886646270752	4
905949	1059	-2.504726	2.710886001586914	4
910899	2169	5.599093	2.4829540252685547	4
683667	1908	2.886493	3.033888578414917	4
1240218	1250	4.511195	3.9481513500213623	4
949177	1830	2.655395	2.827939748764038	4
907042	2109	0.573104	3.826887607574463	4
905977	1010	4.24903	2.404214382171631	4
1660036	2109	4.500837	4.068656921386719	4
1298531	1917	2.61982	4.079604625701904	4
1659928	1088	2.179678	2.200166702270508	4
905983	1511	-1.394352	2.7078659534454346	4
1240159	1708	0.343243	2.4256412982940674	4
1503367	1782	3.377225	4.0692243576049805	4
909263	1631	3.864291	3.651895523071289	4
907055	1912	-1.62497	2.4816641807556152	4
1298359	1634	4.22175	6.314469337463379	4
907287	1580	3.646977	3.63368558883667	4
753534	1912	2.5795	2.4885950088500977	4
1240130	1048	3.590507	3.7143383026123047	4
688021	1922	3.731569	2.892836570739746	4
1660036	1019	3.144623	3.651895523071289	4
753563	1912	1.946348	1.3526480197906494	4
687802	2106	4.446645	2.710886001586914	4
910911	2039	3.02548	3.1585772037506104	4
909727	1025	5.827523	3.992034912109375	4
907066	1736	6.061547	2.8512091636657715	4
905976	2113	3.316097	3.2636139392852783	4
971777	1916	2.690094	3.622896671295166	4
924244	1912	1.053936	2.710886001586914	4
906824	1730	0.752019	3.2857117652893066	4
753588	1179	-0.164202	2.1069016456604004	4
910704	1073	2.798046	4.092325210571289	4
1297438	1079	3.421657	3.2157793045043945	4
1331038	1828	2.74046	2.202472686767578	4
907169	1079	4.204445	3.622896671295166	4
908458	2171	-2.314945	3.1974496841430664	4
753541	1022	0.421432	2.155517101287842	4
1659819	1930	-0.396401	2.2898123264312744	4
1298359	1025	5.931404	4.287784576416016	4
749716	1007	-3.141216	-0.42384690046310425	4
910943	1072	4.677349	3.9703474044799805	4
946353	1022	-0.082927	2.359886646270752	4
1298136	1873	1.723851	3.4946112632751465	4
1327769	1049	2.803006	2.1963870525360107	4
906844	1629	3.527123	1.5151275396347046	5
909757	1019	3.587636	3.8452587127685547	5
749717	1180	-1.994283	1.6976737976074219	5
907269	1020	3.294092	0.835109531879425	5
1503368	1910	2.134899	2.463813066482544	5
1240219	1043	5.161648	5.94365930557251	5
753623	1931	6.337571	6.172168254852295	5
924151	1815	4.944978	4.205230236053467	5
909708	2113	2.513355	3.104200839996338	5
924107	2047	2.095497	3.0299301147460938	5
906863	1191	-4.587928	1.5262054204940796	5
753551	1067	5.217806	1.7521315813064575	5
909719	1038	4.805047	4.170284748077393	5
909712	1933	5.199474	1.782073974609375	5
724870	1922	3.335837	3.547712564468384	5
907295	1019	4.093084	3.491189956665039	5
713869	1708	0.457478	2.226173162460327	5
1503363	1085	2.507168	3.865436553955078	5
1330960	1563	3.27538	2.3197426795959473	5
753574	1918	4.114347	3.246272325515747	5
907042	1838	3.625082	2.6174843311309814	5
907318	1783	5.109882	4.315290927886963	5
1299078	1738	0.941746	2.9492926597595215	5
1480362	1830	2.465141	3.392810821533203	5
908150	1614	3.733553	4.0150532722473145	5
910850	2000	5.553902	3.4451422691345215	5
1331033	1627	0.652847	2.528177499771118	5
753624	1091	2.436461	3.8685030937194824	5
687561	2039	3.260933	3.429107427597046	5
1509073	1783	5.321003	4.098013877868652	5
687980	1133	3.379393	4.940700531005859	5
905971	1133	3.959496	5.69138765335083	5
910079	2040	0.652541	3.201223134994507	5
688006	1630	4.281336	3.491189956665039	5
1240212	1080	-1.923011	-2.15183687210083	5
910948	1149	0.202072	1.9635406732559204	5
1240122	1032	2.12656	2.1502716541290283	5
687562	2159	3.625213	4.470582962036133	5
910921	1634	4.497937	5.0216264724731445	5
688023	1919	1.710193	2.1342825889587402	5
906824	1007	-5.018627	-2.15183687210083	5
1322212	1180	-0.336821	1.7521315813064575	5
907791	1014	5.033209	2.6511943340301514	5
906791	1086	-0.255786	2.226173162460327	5
1659928	1852	4.587148	3.8414664268493652	5
908455	1836	2.047255	3.135331153869629	5
753588	1799	3.423806	3.491189956665039	5
1298169	1191	-5.147102	2.0632054805755615	5
908452	1067	4.676492	1.580181360244751	5
908124	1047	3.332723	4.69898796081543	5
1298151	1012	0.320842	3.421985626220703	5
909745	1786	1.954125	3.2787232398986816	5
907795	1625	5.328376	3.8800106048583984	5
907276	1834	3.529169	3.135331153869629	5
905990	1175	4.750367	4.223339557647705	5
1331035	1926	0.544863	1.8350348472595215	5
909250	1776	4.712911	3.2824056148529053	5
910948	1375	7.666837	2.2526443004608154	5
910079	1911	-3.794264	4.315290927886963	5
910702	1058	3.368172	3.5025906562805176	5
1240142	1049	2.471536	2.93892765045166	5
905942	1852	5.150564	4.544013023376465	5
905933	1843	0.812172	2.433016777038574	5
907320	1372	0.950167	3.2624893188476562	5
1330947	1813	1.410068	1.4806945323944092	5
1327769	1845	-3.815566	1.9445241689682007	5
906832	1007	-5.681748	-3.5485920906066895	5
905933	1560	4.515613	3.119619369506836	5
1298348	1004	1.114897	-2.0651445388793945	5
1240159	1378	6.154419	2.529221296310425	5
905949	1561	0.843233	3.266674041748047	5
909725	1813	4.186311	1.896087408065796	5
1299050	1778	2.355882	2.8630449771881104	5
905963	1862	-1.656885	2.0632054805755615	5
907068	2438	10.287059	3.6905174255371094	5
1290798	1200	2.928318	4.0860748291015625	5
749714	1838	4.866247	2.9582324028015137	5
906821	1059	-1.186954	3.5025906562805176	5
908461	1190	1.034651	2.3081777095794678	5
1299062	1712	-0.478958	3.539236068725586	5
907058	1709	-2.879888	1.6602449417114258	5
749716	1061	4.506444	3.169917583465576	5
1327775	2360	4.993384	1.828274130821228	5
907062	2096	4.780305	2.803372383117676	5
753622	1084	-2.370416	3.246272325515747	5
909781	1806	7.980339	2.5210533142089844	5
908443	1088	3.400741	2.203493595123291	5
1240186	1578	5.94008	1.8581644296646118	5
753614	2110	4.493233	4.443288326263428	5
753584	1782	5.855318	3.800452709197998	5
753582	1564	4.517154	2.921827554702759	5
1298169	1564	4.796013	3.211143970489502	5
925347	1373	6.550716	3.171330451965332	5
687448	1023	4.347487	2.6138477325439453	5
1503363	1008	-2.199214	2.3752193450927734	5
909771	1618	3.007796	3.6733014583587646	5
907786	1061	4.562609	3.5573313236236572	5
688087	1598	5.19364	3.624180555343628	5
905961	1928	4.871323	3.8800106048583984	5
946355	1632	4.592083	2.2566213607788086	5
907286	1733	2.755043	4.281041145324707	5
687798	1720	-0.61135	2.4624171257019043	5
907067	2106	-0.147249	2.6074299812316895	5
910704	1828	3.996831	2.9582324028015137	5
910916	1177	3.473125	4.031818866729736	5
909726	1131	3.171953	4.69898796081543	5
687457	1808	0.331187	2.144805908203125	5
1503364	1023	2.406111	2.9085514545440674	5
907042	1036	2.346405	2.4577364921569824	5
906844	2010	1.580693	2.9582324028015137	5
1299059	2000	5.866528	3.104200839996338	5
908473	1016	1.803173	3.266674041748047	5
1480358	1088	2.627038	2.433016777038574	5
909728	1917	2.956181	3.9007248878479004	5
753551	1580	5.342006	3.473145008087158	5
753610	1510	3.14369	2.6951355934143066	5
909736	1709	-3.584379	2.28341007232666	5
908150	2159	3.209236	4.431698322296143	5
1240183	1598	4.680792	4.203624248504639	5
1298526	1924	4.311891	3.5025906562805176	5
1298476	1068	2.244579	2.7858874797821045	5
910687	1200	1.912387	2.5956733226776123	5
909750	1007	-5.413454	-2.2893781661987305	5
722058	1549	4.238961	2.5088276863098145	5
906820	1803	5.997318	2.445629119873047	5
1240142	1819	-6.022348	-1.4918078184127808	5
909781	1815	8.020501	4.098013877868652	5
910943	1494	-3.163349	2.8366575241088867	5
909248	2106	2.384562	2.8220272064208984	5
910936	2158	3.190794	4.148311138153076	5
753554	1716	4.40262	3.7967607975006104	5
907066	2002	6.070305	3.143522262573242	5
909698	1510	4.431695	3.0919175148010254	5
687995	1866	2.331547	2.92107892036438	5
924111	1738	0.579182	3.2207417488098145	5
1299062	1998	4.279644	3.539236068725586	5
753564	1003	-2.067312	1.8581644296646118	5
1240219	1816	5.790771	4.996898651123047	5
1240222	1088	3.134233	2.433016777038574	5
1659928	1817	-6.617621	2.9182422161102295	5
906868	1441	1.578873	2.318079710006714	5
1298533	1375	7.704984	2.8112778663635254	5
910941	1926	1.741374	2.541733503341675	5
906826	1618	6.261697	5.396927356719971	5
908146	1919	0.991465	1.4872007369995117	5
906863	1814	6.116986	2.2809972763061523	5
753610	1053	2.663633	2.6487197875976562	5
1298134	1507	4.503789	3.5076241493225098	5
1298222	1621	4.573866	3.4811959266662598	5
906863	1006	1.191594	3.7783727645874023	5
909774	1583	3.025075	4.200907230377197	5
908462	1924	3.136547	3.4229824542999268	5
910951	2111	1.843314	2.5688161849975586	5
905949	1190	-3.595637	2.6652607917785645	5
1327768	1917	0.346627	2.333479881286621	5
949172	1047	2.030289	4.2856645584106445	5
910941	1922	1.207813	2.166874647140503	5
1240190	1928	5.709654	4.545168399810791	5
753573	2171	2.048299	3.484208822250366	5
907046	1631	1.663468	3.642875909805298	5
1509073	1855	4.854634	3.211143970489502	5
1659819	1855	0.69115	2.33487606048584	5
1327765	1635	4.643015	2.4004812240600586	5
1297446	1034	-3.991609	1.5383082628250122	5
906807	1512	4.253825	1.5080031156539917	5
910567	2039	3.419511	2.2909297943115234	5
908126	1191	-5.374204	0.8852705359458923	5
908122	1053	-0.187575	2.6754326820373535	5
909249	1583	1.642318	2.935316562652588	5
687800	1006	5.064784	4.544013023376465	5
906839	1048	6.068407	4.31357479095459	5
909713	2439	9.76397	3.5563888549804688	5
906875	1739	4.645136	3.3174471855163574	5
1240173	1441	0.694082	2.8012800216674805	5
949174	1093	3.220087	1.7744876146316528	5
905941	1180	1.971691	1.906459927558899	5
910927	1021	2.510649	2.771711826324463	5
724870	1091	2.024653	3.8685030937194824	5
909743	1834	2.672676	1.6909798383712769	5
905972	1621	5.395539	3.622842311859131	5
907051	1908	3.784569	3.366124153137207	5
1524416	1585	4.863286	3.1452908515930176	5
905976	1003	-3.455492	1.896087408065796	5
909773	1932	1.857344	1.8612796068191528	5
1298167	1072	3.958236	4.205230236053467	5
1298356	1018	6.579567	4.078691005706787	5
1298358	1620	5.849515	3.819159507751465	5
753556	1131	4.090585	5.6644062995910645	5
753600	1463	4.055332	3.362457752227783	5
910694	1830	3.490343	3.4852514266967773	5
909907	1996	6.198303	1.9635406732559204	5
1240145	1378	-0.244131	2.6652607917785645	5
924106	2438	10.57027	3.7121212482452393	5
909750	1510	4.951778	2.554288148880005	5
906868	1060	3.447954	2.4577364921569824	5
908460	1048	8.20795	4.416317939758301	5
1240200	1175	5.113315	4.223339557647705	5
1298222	1529	1.776045	4.315290927886963	5
946359	1922	3.301875	2.771711826324463	5
683667	1776	4.139822	3.0615415573120117	5
1298537	1916	2.496152	4.087240695953369	5
906797	1088	-0.018816	2.144805908203125	5
753584	2359	5.85471	3.800452709197998	5
1480372	1560	3.783784	3.119619369506836	5
753584	1268	4.368444	4.107228755950928	5
946377	1018	4.611005	4.31357479095459	5
1298215	2169	2.938018	2.8630449771881104	5
905946	1025	4.3709	3.9258103370666504	5
909904	1529	0.21074	4.466136455535889	5
753569	1627	3.413055	4.052145481109619	5
906763	1026	1.190188	0.9389545321464539	5
905958	1844	5.671088	1.6909798383712769	5
687787	1804	6.887067	3.2580862045288086	5
910934	1824	2.059012	1.9445241689682007	5
1331035	1909	0.705222	1.499385952949524	5
909749	1779	0.810486	3.751228094100952	5
908448	1862	-1.128922	0.8476790189743042	5
1298352	1835	6.80187	3.3683061599731445	5
1290908	1716	5.140325	4.087240695953369	5
724869	1832	5.013468	3.855534315109253	5
908461	1507	5.937387	3.690521478652954	5
1240187	2499	10.733226	6.61700439453125	5
749714	1783	5.447064	3.7121212482452393	5
946367	1494	-0.727019	2.8366575241088867	5
905944	1830	3.200153	3.5702404975891113	5
722066	1908	2.996963	3.5573313236236572	5
1240121	1030	5.367252	4.031818866729736	5
910780	1058	0.966068	2.541733503341675	5
907062	1582	4.606521	3.0377516746520996	5
909726	1248	-2.35396	5.0216264724731445	5
906865	2010	1.893628	2.9761157035827637	5
687596	1085	2.654657	3.922499895095825	5
906797	1073	5.702251	3.800452709197998	5
688086	2172	2.676801	2.7726664543151855	5
753594	1836	2.251319	2.847196578979492	5
1240186	1560	4.741524	2.6487197875976562	5
753608	1624	4.242682	4.545168399810791	5
907274	2170	2.423359	1.8350348472595215	5
909256	1820	0.944155	2.9582324028015137	5
753618	1706	2.749013	2.7726664543151855	5
908460	1598	6.580095	4.545877933502197	5
753554	1034	-1.979701	2.93892765045166	5
1330950	2498	6.256805	3.936673879623413	5
905962	1843	-0.575084	1.872052788734436	5
906862	1463	2.857274	2.771711826324463	5
908463	1401	5.173306	2.226173162460327	5
735784	1073	5.357449	4.315290927886963	5
906875	1821	4.260135	2.445629119873047	5
1524416	2362	4.491633	2.8865232467651367	5
906818	1038	4.268684	3.7063591480255127	5
753547	1844	2.515263	2.847196578979492	5
910921	1629	5.069106	1.4921320676803589	5
910933	2172	5.102088	4.2294602394104	5
1298136	1706	2.002448	4.571923732757568	5
753547	1375	5.932723	1.8581644296646118	5
724878	1635	6.666946	4.544013023376465	5
909751	1912	1.335276	2.8012800216674805	5
1240168	1802	4.004169	4.080358028411865	5
688023	1808	-1.226113	1.8581644296646118	5
906839	2106	2.307321	3.1989386081695557	5
906793	1840	-0.198408	2.9761157035827637	5
753618	1862	-2.639666	0.9447037577629089	5
905984	1853	4.602625	2.4470181465148926	5
687985	1620	5.07203	3.473145008087158	5
1240223	1998	6.020489	4.205230236053467	5
1290908	1080	-1.664591	-2.0651445388793945	5
907295	2000	5.742913	2.847196578979492	5
1240187	2040	0.064255	3.362457752227783	5
908442	1507	5.654909	3.8452587127685547	5
949172	1940	3.912006	3.624180555343628	5
907795	1593	1.351785	2.9182422161102295	5
688011	1922	3.761261	2.461672782897949	5
971777	1909	1.6779	1.9577656984329224	5
905942	1845	3.013294	3.5702404975891113	5
909713	1817	-5.812035	2.7265400886535645	5
688027	1511	-0.744103	1.8581644296646118	5
687983	1038	3.381592	3.5616726875305176	5
688013	1373	3.772659	2.921827554702759	5
910951	1594	1.239065	2.1514852046966553	5
909256	1925	3.869419	4.0860748291015625	5
1331032	1008	-4.270901	1.5080031156539917	5
1480364	1168	-1.022925	2.472791910171509	5
1303900	1620	5.473355	3.7803754806518555	5
1298359	2000	5.32058	3.506815195083618	5
1503361	1042	5.474661	5.875452518463135	5
753532	1925	4.937066	4.391119003295898	5
910926	1072	2.921834	3.800452709197998	5
910916	1844	3.009642	3.104200839996338	5
905964	1631	1.747245	2.5480868816375732	5
907170	1091	4.211066	1.7744876146316528	5
946366	2169	3.130717	3.1989386081695557	5
906875	2043	4.918458	2.6103456020355225	5
924244	2111	4.312154	4.416317939758301	5
925347	1372	3.064466	3.171330451965332	5
907314	1449	5.21578	3.3174471855163574	5
905940	1831	3.615659	1.986422061920166	5
910691	1617	0.486203	2.470120429992676	5
1298216	1784	5.980037	3.855534315109253	5
1240218	2170	6.829401	3.5025906562805176	5
907065	1560	3.406205	2.9565486907958984	5
909974	1739	6.005159	3.6256940364837646	5
1298538	2171	1.751788	3.201571464538574	5
687798	1630	4.705209	4.087240695953369	5
1330995	1529	0.675072	2.4004812240600586	5
908146	1036	3.92373	2.057060718536377	5
907300	1804	4.672493	1.8407208919525146	5
1331034	1024	-2.940482	2.326256275177002	5
909774	1581	3.759434	4.031383037567139	5
910079	2439	9.652184	4.315290927886963	5
753563	1557	4.376398	1.5485583543777466	5
1331038	1080	-2.703831	-3.5485920906066895	5
908122	1563	4.49932	3.8621044158935547	5
687800	1042	6.007284	6.361026287078857	5
906839	1739	1.864009	4.0624918937683105	5
1503367	1580	4.327909	4.211406230926514	5
909778	1557	4.286925	1.9635406732559204	5
905963	1625	4.197126	3.9539175033569336	5
1240153	2010	3.185452	2.9761157035827637	5
910943	2046	2.351543	2.2963693141937256	5
753548	2158	3.108692	2.687224864959717	5
1290908	1804	5.619251	3.5702404975891113	5
909907	1808	5.49548	2.2526443004608154	5
907046	1005	5.020682	2.2526443004608154	5
1290908	1029	6.179551	3.362457752227783	5
910905	1912	0.571254	2.8012800216674805	5
1298351	1621	4.433938	3.2701287269592285	5
910937	2107	3.506017	2.6487197875976562	5
908460	1072	7.158464	4.544013023376465	5
1299080	1626	3.724974	3.6428160667419434	5
930083	1931	7.602899	5.702607154846191	5
908483	1712	-5.883778	3.539236068725586	5
1330993	2112	1.295232	3.406259059906006	5
906798	1915	3.336708	2.244309425354004	5
908150	1803	6.963533	3.626288890838623	5
1240127	1004	-0.715093	-1.4539703130722046	5
907063	1091	2.836638	1.8612796068191528	5
908122	1734	2.371351	3.7121212482452393	5
905981	1237	5.512972	4.211331844329834	5
1331055	2110	4.931876	3.719071626663208	5
1240200	1093	5.265975	3.4151315689086914	5
1290455	2359	3.737565	2.288191795349121	5
907275	1783	4.301815	2.288191795349121	5
924100	1375	7.826816	3.0846667289733887	5
909770	2043	5.274632	3.8282036781311035	5
688021	1629	5.760993	1.1799393892288208	5
930083	1061	7.506052	2.886263370513916	5
753549	1249	4.021307	4.080358028411865	5
910780	1084	-0.974839	2.541733503341675	5
909704	1072	4.119121	3.800452709197998	5
908472	1018	4.851589	4.416317939758301	5
687505	1810	-0.997762	2.1369705200195312	5
910554	2170	4.147777	2.8012800216674805	5
910554	1378	2.15057	1.872052788734436	5
1298357	1933	7.106705	1.5324968099594116	5
1298218	1060	-0.223798	3.171330451965332	5
910704	1936	2.678942	2.771711826324463	5
753540	1054	3.889413	2.1509313583374023	5
909250	1563	6.401571	4.211331844329834	5
1524414	1191	-4.700092	2.0632054805755615	5
1660035	1706	2.062374	3.8800106048583984	5
1509074	2046	4.107699	2.007488250732422	5
910932	2360	5.556014	2.6074299812316895	5
905936	1706	0.092036	3.8800106048583984	5
907791	1030	5.476149	2.701334238052368	5
910900	1815	4.667939	4.544013023376465	5
1240157	2109	2.89037	4.26116418838501	5
905948	1777	4.915778	3.6256940364837646	5
687590	1845	1.920752	3.4852514266967773	5
906832	1940	2.927818	2.750826358795166	5
909697	1830	1.019771	3.135331153869629	5
907057	1013	3.947324	3.8938686847686768	5
908152	2360	5.337527	3.4229824542999268	5
905991	1782	4.303754	4.089199542999268	5
946366	1042	4.670847	5.579911708831787	5
908460	2156	4.972955	4.544013023376465	5
907053	1830	2.003655	1.8407208919525146	5
907783	1086	-4.219008	1.4419527053833008	5
907051	1835	5.372356	3.428556442260742	5
906851	1051	3.113413	-1.472649335861206	5
749711	1580	5.330372	3.7803754806518555	5
905990	1576	3.438034	4.310243129730225	5
1240179	1268	3.365113	3.9534199237823486	5
906696	2048	-2.447965	-0.07159718126058578	5
688015	1017	2.882058	3.5616726875305176	5
1479987	1933	3.827043	1.751617193222046	5
905944	1025	5.306635	4.545877933502197	5
687802	1785	5.615086	4.544013023376465	5
749715	1732	0.452968	3.7121212482452393	5
910698	1598	4.191076	3.9902961254119873	5
1298365	1057	-1.17014	3.119619369506836	5
1240168	2038	4.056979	4.470582962036133	5
907046	2169	3.554627	2.6754326820373535	5
1297447	1510	2.158837	1.9520682096481323	5
910921	1830	2.871402	2.9761157035827637	5
905982	1916	2.76651	4.0624918937683105	5
909713	1924	4.337691	2.6074299812316895	5
1298475	1576	4.72949	4.6558918952941895	5
925338	1821	3.947054	2.9582324028015137	5
1290797	1614	3.862788	4.281041145324707	5
1327775	1586	3.720394	1.8463164567947388	5
907278	1175	2.984062	2.2834250926971436	5
905985	1179	0.990826	2.2963693141937256	5
905983	1996	3.107729	2.5635852813720703	5
688010	1088	2.472795	1.8581644296646118	5
905952	2096	2.326483	2.057060718536377	5
910941	1372	2.721215	1.9890903234481812	5
724873	2045	5.932843	3.266674041748047	5
905944	1049	3.734936	3.362457752227783	5
1240159	1634	4.838742	6.081070899963379	5
907055	1626	2.991734	3.819159507751465	5
1297447	2156	2.736204	2.505061149597168	5
909703	1061	3.782081	2.057060718536377	5
908475	1734	2.591505	4.544013023376465	5
688023	2096	3.71911	2.921827554702759	5
998184	1622	2.786101	2.598842144012451	5
1240212	1029	5.759275	2.627796173095703	5
907277	1812	1.989096	1.3610031604766846	5
688086	1819	-4.449877	-3.2000741958618164	5
907066	1248	-3.383561	5.606150150299072	5
753566	1839	3.066896	3.143522262573242	5
1240197	1259	4.046558	4.223339557647705	5
1298216	1069	4.476433	3.920159339904785	5
909904	1511	0.852846	2.8112778663635254	5
924250	1034	-2.106415	2.9085514545440674	5
910850	1598	3.505829	4.26116418838501	5
909708	1029	5.623496	2.8167531490325928	5
905946	1629	4.429633	1.5151275396347046	5
1330993	1917	0.844788	4.310740947723389	5
1299080	1844	6.399883	2.9761157035827637	5
909974	1849	1.003932	2.2476634979248047	5
910569	1826	3.596396	3.1126322746276855	5
905959	2010	6.83866	3.392810821533203	5
946360	1635	5.014235	4.089199542999268	5
906837	1086	-3.023779	1.9652944803237915	5
906830	1838	4.25049	2.9761157035827637	5
905971	2039	2.955057	2.9182422161102295	5
908447	1738	-0.954106	1.7744876146316528	5
907061	1779	0.052558	3.715364933013916	5
930297	1626	2.365117	3.625777006149292	5
907169	1738	4.269694	2.9492926597595215	5
998189	1738	2.422499	3.0919175148010254	5
906828	1200	2.43277	4.611509799957275	5
1298358	1011	-0.279454	2.2679214477539062	5
1509073	1932	2.747801	3.3399362564086914	5
905951	1073	4.978355	3.7121212482452393	5
1480360	1578	6.550531	2.433016777038574	5
909735	2055	-0.352502	3.428556442260742	5
1524419	1053	3.100509	2.8865232467651367	5
910545	1564	3.222732	2.1113052368164062	5
909904	1778	5.596308	3.5025906562805176	5
909736	1862	-1.249479	1.9165207147598267	5
724869	1930	1.706278	4.581672191619873	5
907280	1047	4.829835	3.5238752365112305	5
1674021	1180	-2.869949	1.6874122619628906	5
753614	1079	-1.529676	3.865436553955078	5
753620	1834	1.538466	2.445629119873047	5
910931	1031	-3.458466	2.1936962604522705	5
1298146	1023	4.404585	3.2037527561187744	5
1247871	1816	4.078738	2.5956733226776123	5
1330942	1059	-0.523865	1.8869404792785645	5
910927	1733	2.194134	3.642875909805298	5
906824	1817	-5.951602	2.8799045085906982	5
907062	1830	2.990192	3.104200839996338	5
1299052	1930	-0.824308	4.031818866729736	5
917486	1908	2.540387	2.2037487030029297	5
753541	1021	1.663447	2.8167531490325928	5
688058	2438	10.942552	4.292281627655029	5
1298151	1825	0.139551	3.4451422691345215	5
1240143	1866	3.733285	3.3113512992858887	5
907320	1564	2.536291	3.2624893188476562	5
1298146	1507	4.789275	3.9425811767578125	5
1240122	1079	1.087229	3.715364933013916	5
909747	1058	1.984239	2.8012800216674805	5
1298168	2156	3.105714	4.098013877868652	5
1240143	1927	5.893339	3.7967607975006104	5
908129	1180	-2.082622	2.1390857696533203	5
910921	1051	1.286199	-1.1688381433486938	5
949178	1237	4.334877	3.4993948936462402	5
753565	1373	4.537585	2.921827554702759	5
735784	1032	1.753126	2.48957896232605	5
907048	1912	0.386391	2.6754326820373535	5
749715	1932	1.736533	3.0304243564605713	5
908455	1855	5.639378	2.7168140411376953	5
909715	1007	-5.401659	-3.616058349609375	5
724834	1268	6.385335	4.545877933502197	5
909706	1248	0.131451	5.0216264724731445	5
907061	1909	3.015492	2.245285749435425	5
753549	1067	4.378633	2.2963693141937256	5
1659823	1830	2.150722	3.1126322746276855	5
724834	1738	3.550823	3.6826353073120117	5
1503371	2011	4.719382	4.315290927886963	5
908455	1062	3.032719	2.7168140411376953	5
753540	1194	5.23196	3.088170051574707	5
908150	1832	4.011658	3.626288890838623	5
905964	1714	3.441004	2.6511943340301514	5
753588	1912	1.25955	2.6487197875976562	5
687777	2002	4.553462	3.5702404975891113	5
910692	2110	4.524181	3.719071626663208	5
1660035	1060	0.170437	2.2037487030029297	5
906872	1802	4.680211	3.155611038208008	5
905935	1813	6.441462	3.0846667289733887	5
1659819	1916	0.308442	2.326256275177002	5
688014	1190	3.18807	1.8581644296646118	5
906804	2048	-5.10182	-0.7790747880935669	5
924244	2171	1.529596	3.6826353073120117	5
687799	1563	5.782739	4.7063307762146	5
753608	2175	5.415866	4.545877933502197	5
949153	1042	4.656142	3.7999751567840576	5
905990	1494	-2.87259	2.433016777038574	5
907321	1023	3.363427	3.201223134994507	5
753584	1838	3.906154	3.143522262573242	5
907795	2173	4.401931	3.8800106048583984	5
753563	1083	-0.072465	1.725685477256775	5
1327766	1512	4.573353	1.6184709072113037	5
910546	2048	-3.503239	-1.0159245729446411	5
909735	1582	3.94783	3.2808079719543457	5
687995	1917	2.640153	3.5616726875305176	5
906872	1817	-4.130762	2.2909297943115234	5
910951	1598	2.966792	3.0438783168792725	5
905961	2438	10.786201	3.8414664268493652	5
687983	1052	5.777513	1.7521315813064575	5
1240157	1613	2.424591	4.170284748077393	5
1240162	1038	4.542114	4.031818866729736	5
1503362	1632	3.367572	2.2566213607788086	5
1331032	1835	2.747489	1.9445241689682007	5
909774	2039	3.840922	3.2701287269592285	5
905947	1557	5.628425	2.2476634979248047	5
909708	1088	-0.112104	2.2809972763061523	5
910924	1780	4.965622	3.690521478652954	5
753600	2000	4.578517	3.5702404975891113	5
687821	1615	6.325023	3.266674041748047	5
909745	1828	4.567384	3.4852514266967773	5
908465	2002	6.548696	3.5702404975891113	5
1503368	1034	-0.743331	3.201223134994507	5
1524419	1561	2.126185	2.8865232467651367	5
1240153	1847	3.007613	2.9761157035827637	5
909745	1780	6.293596	4.0624918937683105	5
1330991	1072	4.973735	2.288191795349121	5
753621	2145	-0.666551	3.506815195083618	5
907783	1615	4.284772	2.1514852046966553	5
713878	1093	3.754696	2.6951355934143066	5
908124	1911	-5.398937	3.5563888549804688	5
908455	1824	3.233074	3.135331153869629	5
1240200	2170	6.332773	3.119619369506836	5
905938	1560	2.203961	1.8869404792785645	5
905938	1494	-5.91224	1.4806945323944092	5
924108	1999	3.4366	3.1126322746276855	5
909745	1149	2.48715	2.5635852813720703	5
905945	1784	5.241481	2.9582324028015137	5
753623	1564	2.993402	3.2624893188476562	5
909778	1014	0.978738	3.169917583465576	5
909755	1581	3.975096	3.8800106048583984	5
749717	1862	-1.890344	1.5151275396347046	5
1240167	1177	3.591112	4.151772975921631	5
905934	1067	6.612709	2.394500970840454	5
907277	1804	5.347347	1.6909798383712769	5
1290730	1854	5.423505	4.107228755950928	5
905945	1816	2.412515	4.0860748291015625	5
1330948	1096	-1.818949	-3.616058349609375	5
906862	1778	-1.808351	2.6754326820373535	5
998184	1004	-6.632786	-3.214083671569824	5
1299050	2362	4.816798	2.8630449771881104	5
905986	1932	2.996068	3.6921234130859375	5
905972	2055	2.96876	3.5702404975891113	5
687455	1827	-0.528773	3.143522262573242	5
1298157	1827	1.883523	2.9582324028015137	5
1298216	1819	0.388223	-1.0159245729446411	5
687563	1089	2.265004	2.8366575241088867	5
1480362	1017	4.520319	4.223339557647705	5
724872	1635	3.825882	3.539236068725586	5
1240178	1194	6.258523	3.3932087421417236	5
907318	2156	3.286096	4.315290927886963	5
905942	1449	5.315879	4.087240695953369	5
909748	1018	5.505799	3.9285178184509277	5
1330942	1613	4.544975	2.2834250926971436	5
906839	1024	0.367078	4.0624918937683105	5
906791	1618	4.226397	6.61700439453125	5
1247873	1777	5.551767	4.087240695953369	5
949088	1243	1.927544	2.4004812240600586	5
905985	1052	2.221625	2.2963693141937256	5
946369	1512	5.662047	1.7333887815475464	5
907048	1784	5.354362	2.9582324028015137	5
1295740	2044	3.006173	1.3610031604766846	5
753540	1022	-0.478683	2.1509313583374023	5
909715	1598	2.417187	2.6583666801452637	5
1240181	1079	2.378045	3.3174471855163574	5
687983	1049	2.564664	2.461672782897949	5
909762	1594	1.230775	1.781529426574707	5
1524414	1179	0.443317	2.007488250732422	5
909771	1051	2.724759	-3.616058349609375	5
1240186	1086	2.684989	1.7521315813064575	5
713885	1913	4.71782	5.189586639404297	5
1240142	1580	5.569337	3.964597702026367	5
1503365	1739	5.402948	3.865436553955078	5
1503369	1613	4.081456	4.416317939758301	5
1240193	2044	1.741304	1.8581644296646118	5
905983	1873	1.578008	3.1989386081695557	5
1240172	2038	5.636924	3.8621044158935547	5
909719	1010	3.885721	2.582125186920166	5
753584	1828	4.282671	3.143522262573242	5
909253	2112	2.394633	1.8407208919525146	5
907068	1593	0.671316	2.8799045085906982	5
910911	1708	0.653265	1.9652944803237915	5
908458	1939	5.298773	2.0547733306884766	5
1240218	1820	3.712273	3.855534315109253	5
753564	1931	3.755809	4.940700531005859	5
1240158	1054	3.787854	2.28341007232666	5
910698	1873	-0.335239	2.8865232467651367	5
930297	1021	3.338165	2.627796173095703	5
906817	1016	2.590119	3.246272325515747	5
909762	1614	3.43423	2.3703665733337402	5
907286	1831	4.171679	3.855534315109253	5
1299078	1847	5.023931	2.9761157035827637	5
909747	2112	4.959811	3.1126322746276855	5
1298526	2157	6.796866	4.758423805236816	5
688011	1177	5.4811	3.5616726875305176	5
906837	1625	3.769606	3.829042911529541	5
1298349	1023	3.441992	2.461672782897949	5
910704	2038	4.443878	3.8621044158935547	5
907277	1372	0.576508	2.057060718536377	5
1298357	1853	6.321615	3.0178041458129883	5
1659823	1706	2.677473	3.8800106048583984	5
911905	1785	7.839776	4.089199542999268	5
1298169	1016	2.039698	2.8865232467651367	5
924238	1149	0.656898	2.5412755012512207	5
908470	1191	-1.689569	2.173715829849243	5
753577	1046	3.935753	2.007488250732422	5
910947	1131	2.987914	3.5238752365112305	5
910399	1268	2.294147	4.545877933502197	5
1240154	1821	2.459996	3.576819658279419	5
1240160	1133	4.757337	5.8598952293396	5
909735	1069	2.522121	3.4792585372924805	5
1240187	2106	1.666729	3.266674041748047	5
1524416	1168	3.346877	2.2653589248657227	5
907789	1585	3.919116	1.5966109037399292	5
910710	1049	1.518634	1.771323561668396	5
905939	1928	3.320209	3.8800106048583984	5
909729	1033	5.941696	4.080358028411865	5
971777	1549	4.24752	1.9881154298782349	5
924244	1013	3.757095	4.337094783782959	5
753583	1847	2.498652	3.104200839996338	5
909773	1025	4.132889	2.750826358795166	5
924107	2003	4.286042	2.9533395767211914	5
906863	1463	4.085677	2.8167531490325928	5
905989	1494	-3.180342	1.872052788734436	5
1240183	1810	4.917821	2.203493595123291	5
1240154	1006	-0.845075	4.205230236053467	5
905939	1053	1.687354	2.8012800216674805	5
717431	1511	-0.709131	1.1383318901062012	5
909745	1012	2.765761	3.429107427597046	5
910922	2110	3.932711	4.211331844329834	5
1240226	1815	6.772519	3.5563888549804688	5
687983	1738	0.433863	2.6951355934143066	5
906837	1559	-2.664757	1.5262054204940796	5
910952	1021	3.040667	3.007181406021118	5
905979	1847	7.22231	3.2454633712768555	5
753581	1012	2.653505	2.7265400886535645	5
753579	1634	4.848316	5.0216264724731445	5
908120	2149	3.606906	3.8621044158935547	5
688023	1733	1.531085	3.491189956665039	5
905962	1053	5.918964	2.8012800216674805	5
1331038	2172	0.140319	1.962259292602539	5
1298352	2040	6.174582	3.088170051574707	5
907055	1784	4.985101	3.135331153869629	5
1509073	1022	0.286786	2.007488250732422	5
905948	2107	5.495978	2.8865232467651367	5
909747	1594	6.130406	2.8012800216674805	5
1240127	1803	5.904994	3.428556442260742	5
1298358	2037	6.435269	3.9886441230773926	5
688021	1010	3.506452	2.1342825889587402	5
1290806	2046	4.060756	1.9561119079589844	5
753554	1933	2.926508	1.67134690284729	5
906696	1024	0.605497	4.032323837280273	5
905957	1825	-2.063068	2.9582324028015137	5
1331032	1733	0.683375	2.326256275177002	5
753612	1560	3.290718	1.828274130821228	5
687980	2156	4.237952	3.539236068725586	5
1298347	1021	3.772878	3.362457752227783	5
906839	1006	4.098011	4.080358028411865	5
909725	1026	-1.957916	1.4921320676803589	5
906865	1927	4.686691	3.7170915603637695	5
753596	2110	3.189021	3.909158229827881	5
905944	2145	-1.146465	3.5702404975891113	5
905935	1375	7.211022	3.0846667289733887	5
924108	2037	4.230686	4.144792079925537	5
907783	1133	2.285634	3.6578383445739746	5
1298533	1021	3.623088	3.547712564468384	5
906851	1564	3.468546	3.169917583465576	5
1290922	1836	4.391986	2.9582324028015137	5
1299050	1815	6.268514	3.7783727645874023	5
1290725	2045	4.507991	2.8630449771881104	5
753541	1067	4.838466	1.9652944803237915	5
905934	1019	3.639218	4.267537593841553	5
909745	1033	5.451045	4.080358028411865	5
907276	1624	5.144245	3.819159507751465	5
1330985	1032	1.069399	1.6041100025177002	5
905950	1449	6.01797	3.6256940364837646	5
1240130	1170	1.976119	1.4921320676803589	5
1524418	1576	4.033739	3.9902961254119873	5
905941	1933	7.615286	1.67134690284729	5
1240179	2113	2.354073	2.9533395767211914	5
908483	1053	2.166497	2.6487197875976562	5
910548	2106	4.385504	3.119619369506836	5
925338	1862	-1.251659	1.5151275396347046	5
907061	1913	5.41215	5.630306243896484	5
906797	1831	3.788348	3.143522262573242	5
753562	2055	0.721727	3.104200839996338	5
910567	1634	5.332375	4.98872709274292	5
1298136	1051	1.212643	-1.0159245729446411	5
724838	1022	1.281674	1.984239935874939	5
753588	1928	4.499642	3.473145008087158	5
687448	1494	-2.788938	1.896087408065796	5
1480372	1576	3.852629	4.310243129730225	5
906818	1922	2.316863	2.6138477325439453	5
1240162	1058	-0.205557	2.8630449771881104	5
1330960	1069	2.619189	1.7258658409118652	5
905949	1785	4.3199	4.544013023376465	5
905951	2107	6.092387	2.6754326820373535	5
906818	1085	2.820317	3.7170915603637695	5
905959	1931	6.977471	5.602162837982178	5
908473	2043	6.974476	4.416317939758301	5
1298350	2154	3.670091	4.7063307762146	5
1330948	1036	1.835544	2.1113052368164062	5
946366	1096	1.056991	-1.7949318885803223	5
1524414	1009	5.219077	4.098013877868652	5
910850	1034	-0.309555	3.2037527561187744	5
753621	1200	3.277771	4.720362186431885	5
907270	2173	2.29967	2.3358287811279297	5
1240179	1010	3.04005	1.9445427656173706	5
687812	1038	3.311474	4.416317939758301	5
1240168	2439	8.2695	4.080358028411865	5
1479987	2043	4.902178	4.223339557647705	5
724878	2112	3.89894	3.5702404975891113	5
1295740	1847	1.653838	1.6909798383712769	5
909761	1941	-1.774109	2.0547733306884766	5
753558	1631	3.042787	3.6256940364837646	5
910701	1200	3.326693	4.391119003295898	5
905977	1584	3.193748	2.7265400886535645	5
908476	1930	0.790049	4.416317939758301	5
906862	2002	4.732294	2.9582324028015137	5
724825	2156	1.333827	2.505061149597168	5
907048	1593	0.41034	2.799687623977661	5
905956	1847	5.339336	2.9761157035827637	5
910930	2172	-1.266765	1.962259292602539	5
909708	1922	0.953624	2.8167531490325928	5
753600	1783	5.581034	4.544013023376465	5
909974	1011	2.751642	2.2476634979248047	5
1659928	1836	1.355075	3.1126322746276855	5
909761	2000	5.716666	3.1126322746276855	5
908126	1997	0.474091	1.5664708614349365	5
907065	1052	6.718405	1.984239935874939	5
906818	2177	3.069405	3.909158229827881	5
924151	1930	0.452988	4.03527307510376	5
1503363	1048	5.182221	4.151772975921631	5
908465	1809	1.113791	2.6652607917785645	5
1298526	1622	5.483804	4.6558918952941895	5
909781	2157	6.525121	4.211331844329834	5
909697	1093	5.321902	3.163022756576538	5
907272	1922	1.231014	1.5383082628250122	5
722066	2498	8.035996	6.61700439453125	5
906791	1033	3.889265	4.544013023376465	5
1240181	2048	-2.593358	-3.2000741958618164	5
1298358	1855	4.470438	2.7168140411376953	5
1299064	1049	2.74676	3.201223134994507	5
687807	1924	4.349021	3.266674041748047	5
909747	1706	1.068533	3.8800106048583984	5
1480371	1594	3.140733	3.119619369506836	5
907065	1073	5.788002	3.800452709197998	5
1327768	1054	2.221841	1.39628005027771	5
1299052	1630	3.1791	3.715364933013916	5
1503363	1854	5.518741	4.296748638153076	5
908139	1057	1.146935	2.886509656906128	5
930083	1928	6.75837	4.224433898925781	5
946368	2045	5.707748	3.1989386081695557	5
1298222	2113	2.69988	3.506815195083618	5
1240217	1780	3.647918	3.9425811767578125	5
909702	2112	0.885558	1.6909798383712769	5
907062	1853	0.174071	3.0377516746520996	5
1330983	2159	1.609053	2.687224864959717	5
946363	1919	0.402605	2.012768030166626	5
1322213	2170	2.538465	3.1519775390625	5
909706	1034	-1.405092	2.6138477325439453	5
907312	1933	3.0304	1.4419769048690796	5
907295	1799	5.844772	3.491189956665039	5
909708	1732	3.988635	3.7783727645874023	5
909708	1811	-3.929599	3.7783727645874023	5
1503370	1020	5.419756	2.1936962604522705	5
1503367	1847	4.29852	3.506815195083618	5
905957	2002	5.375349	2.9582324028015137	5
905978	2169	2.093852	2.8865232467651367	5
906791	1052	3.802721	2.226173162460327	5
905976	2045	3.822589	2.6074299812316895	5
1298356	1549	4.138555	2.4406638145446777	5
910926	1852	5.06869	3.800452709197998	5
687800	1918	2.269348	3.266674041748047	5
687448	1441	3.043966	2.6074299812316895	5
905954	1918	2.404182	2.6074299812316895	5
724828	2113	2.81008	2.445629119873047	5
908130	1829	0.76541	3.428556442260742	5
1299078	2156	0.956839	3.5563888549804688	5
1524416	1782	5.914308	4.098013877868652	5
906862	1918	-2.261588	2.6754326820373535	5
949175	1250	0.1384	3.3174471855163574	5
753612	1046	4.337431	1.4643619060516357	5
753548	1911	-7.154468	2.288191795349121	5
908120	1918	2.305221	2.6754326820373535	5
753569	1922	3.896636	2.93892765045166	5
907320	1785	5.904037	4.315290927886963	5
906790	1624	1.97808	3.819159507751465	5
907790	1998	5.491073	3.8414664268493652	5
1509073	1057	-1.083265	2.8865232467651367	5
1297449	1007	-7.204825	-3.5485920906066895	5
687787	1494	-3.567192	2.203493595123291	5
1298356	1013	6.694109	3.7182745933532715	5
753594	1576	1.611771	4.067280292510986	5
910079	2039	3.858649	3.4811959266662598	5
907170	2055	-0.50993	2.445629119873047	5
910933	1625	2.958535	4.2294602394104	5
910853	2156	1.975314	3.5563888549804688	5
1503367	1199	5.258026	4.720362186431885	5
1330984	1799	2.632028	2.326256275177002	5
1331045	2438	9.866345	2.4004812240600586	5
724838	1930	0.036754	4.063666820526123	5
949174	1057	-1.451189	2.541733503341675	5
905989	1557	5.693402	2.0547733306884766	5
688058	1720	6.071719	2.5247902870178223	5
1240157	1720	5.4774	2.531243085861206	5
906871	1191	-5.365133	1.508609652519226	5
909719	1004	-4.962714	-2.1420419216156006	5
1240179	1180	-3.487968	1.753981590270996	5
1327765	1268	3.13788	2.750826358795166	5
907311	1559	-4.051062	0.8852705359458923	5
1298168	1059	1.039187	2.8865232467651367	5
907312	1560	4.818079	2.9565486907958984	5
907277	2044	1.49151	1.3610031604766846	5
907319	1067	5.515617	2.2566213607788086	5
1240182	1131	5.593123	4.940700531005859	5
909905	1916	1.985869	4.0624918937683105	5
907285	1730	2.566668	3.920159339904785	5
687804	1170	4.042578	1.9414256811141968	5
753540	1029	4.611228	3.088170051574707	5
909784	1250	3.638637	3.7170915603637695	5
1240172	2499	11.304055	5.396927356719971	5
906870	1084	-1.754071	1.8869404792785645	5
905954	1029	5.887647	2.6138477325439453	5
687807	2360	6.116205	3.266674041748047	5
906830	1812	3.102519	1.896087408065796	5
910927	1624	5.607572	3.7803754806518555	5
1503367	1168	3.761755	2.48957896232605	5
1480364	1936	2.346748	3.0523695945739746	5
910899	1069	2.873561	2.92107892036438	5
910698	1006	-0.230918	4.098013877868652	5
905945	2045	4.864372	2.6754326820373535	5
907287	1011	1.927774	2.0547733306884766	5
910907	2145	2.955557	3.855534315109253	5
1298216	1557	5.693913	2.7858874797821045	5
917486	1585	4.908999	2.9182422161102295	5
1240193	1598	3.900927	4.067280292510986	5
749713	1786	3.451291	2.771711826324463	5
688021	1088	4.80234	1.8581644296646118	5
1674021	1802	4.742368	3.8414664268493652	5
906746	1810	0.09748	2.8366575241088867	5
925338	1940	3.565018	3.9258103370666504	5
906837	1836	4.063994	3.104200839996338	5
907791	1926	0.686367	1.828274130821228	5
1503371	1810	1.492041	2.3752193450927734	5
910850	1924	6.538846	3.244521141052246	5
1298358	1048	4.939322	3.8282036781311035	5
906805	1051	3.291497	-2.0651445388793945	5
1290730	1634	5.283431	5.606150150299072	5
1240189	2037	3.771745	3.719071626663208	5
724868	1996	3.968824	2.4624171257019043	5
905952	1720	1.657391	1.4455960988998413	5
906865	1834	1.8903	2.9761157035827637	5
910554	2154	1.713318	4.144792079925537	5
907062	2000	5.452306	3.104200839996338	5
909252	1012	-0.126507	1.5966109037399292	5
1240159	1930	2.128824	4.170284748077393	5
906792	1026	1.122619	1.4921320676803589	5
908475	2145	-0.875668	3.5702404975891113	5
1240123	1068	0.32775	2.0547733306884766	5
907280	1069	2.526622	1.8666599988937378	5
907063	1909	2.919395	1.499385952949524	5
946367	1909	2.533022	2.5635852813720703	5
908141	1918	2.224789	1.8869404792785645	5
1298348	1584	2.490913	3.622842311859131	5
925338	1808	0.938487	2.2526443004608154	5
753614	1019	0.654151	3.865436553955078	5
753575	2148	2.062293	3.506815195083618	5
1240197	1713	5.691178	2.9263739585876465	5
1331045	1072	3.622679	2.4004812240600586	5
907287	1614	2.91105	3.8452587127685547	5
906812	2107	5.2572	2.6754326820373535	5
1480358	1014	-0.052202	2.9263739585876465	5
909774	1820	2.084813	3.3683061599731445	5
910546	2158	5.829807	4.758423805236816	5
906832	1598	3.736273	2.750826358795166	5
1330983	1811	-2.994985	2.288191795349121	5
906844	1033	3.216009	3.7121212482452393	5
905949	2039	3.164578	3.622842311859131	5
1330947	1922	1.348834	1.651021122932434	5
713899	1372	2.147274	2.921827554702759	5
907795	1048	4.09025	3.9285178184509277	5
908460	1449	7.213746	4.087240695953369	5
909753	1598	4.779924	4.310243129730225	5
909248	1930	-0.021764	3.8217060565948486	5
687812	1401	3.465602	2.226173162460327	5
946382	2000	4.685801	2.9582324028015137	5
906843	1783	5.664323	3.6905174255371094	5
749717	1051	3.808842	-1.472649335861206	5
1330931	1625	3.462435	2.344844341278076	5
1240158	1820	1.517316	3.4451422691345215	5
749709	1025	5.254734	3.9258103370666504	5
905933	1062	4.515086	2.9263739585876465	5
688031	1008	-3.250759	1.8581644296646118	5
753564	1200	2.091025	3.912339448928833	5
949171	1006	-1.10539	3.155611038208008	5
908135	1014	2.192082	1.9890903234481812	5
1240123	1849	-0.254675	2.0547733306884766	5
905934	1091	4.065254	3.7199511528015137	5
909749	1629	5.629042	1.4419769048690796	5
946368	2170	2.180869	3.1989386081695557	5
1298538	1936	3.062695	2.93892765045166	5
713869	1778	4.942773	3.266674041748047	5
908129	2109	2.41669	4.294723033905029	5
910698	1250	1.256005	3.6256940364837646	5
906812	2043	2.570125	3.75423002243042	5
1298531	1621	3.847385	3.0377516746520996	5
909737	1833	2.267066	3.4451422691345215	5
1327775	2359	4.362963	2.505061149597168	5
1524416	1049	2.868224	3.007181406021118	5
713880	2361	4.935382	2.6487197875976562	5
1524415	1037	1.068438	3.6256940364837646	5
906797	1917	2.08499	4.063666820526123	5
907058	1593	2.786403	2.7265400886535645	5
910905	2110	5.125921	4.144792079925537	5
909248	1563	6.197167	3.8243355751037598	5
753600	1835	4.949191	3.5702404975891113	5
909771	1927	3.190594	2.039642810821533	5
1298348	1627	3.480752	4.7063307762146	5
909781	2040	2.898527	3.007181406021118	5
724839	1068	0.931268	2.086998462677002	5
907270	1048	2.767828	2.5369362831115723	5
1674021	1813	5.445495	1.872052788734436	5
906851	1062	5.873983	3.169917583465576	5
924102	1932	2.473848	3.528473138809204	5
946359	1510	5.365037	3.0304243564605713	5
998189	1259	1.86108	3.9285178184509277	5
910900	1549	4.092227	2.5088276863098145	5
1331048	1034	-3.820974	1.669472336769104	5
905940	1021	-0.146463	1.771323561668396	5
749710	1821	4.038186	2.9582324028015137	5
1290769	1558	4.968676	1.9919428825378418	5
907057	1057	-0.619583	3.244521141052246	5
906765	1810	-2.706159	1.6184709072113037	5
1327773	1582	3.325442	1.787847876548767	5
910930	2046	0.090821	1.39628005027771	5
722045	2174	3.177085	4.544013023376465	5
946372	1129	2.832881	3.1989386081695557	5
753551	1814	6.040377	1.8581644296646118	5
909907	1012	3.636889	2.799687623977661	5
1298215	1019	1.878366	3.715364933013916	5
688025	1997	2.712033	1.9364581108093262	5
753582	1079	3.600863	3.491189956665039	5
909712	1614	5.355699	4.0624918937683105	5
724869	1782	6.540401	4.466136455535889	5
1331050	1024	-1.690499	2.326256275177002	5
905935	1024	0.778363	4.267537593841553	5
724878	1047	5.178008	6.558268070220947	5
713899	1614	3.542916	3.491189956665039	5
907789	1025	5.14995	2.598842144012451	5
687787	1855	4.644773	3.005885124206543	5
905964	1927	4.428702	2.5480868816375732	5
1330985	1936	0.792785	1.651021122932434	5
753558	1559	0.487475	2.0632054805755615	5
724873	2359	6.409636	4.544013023376465	5
910904	1716	5.594177	3.715364933013916	5
910701	1042	4.735256	5.228368759155273	5
1503368	1624	5.509719	4.211406230926514	5
1503363	1449	5.990522	3.865436553955078	5
949088	1091	1.704622	1.8612796068191528	5
907792	1911	-3.275242	3.8414664268493652	5
909697	2110	5.11743	3.9886441230773926	5
1327765	1053	0.671442	1.8350348472595215	5
924239	1810	1.003205	1.6184709072113037	5
925338	1836	3.062237	2.9582324028015137	5
753618	1804	5.79119	2.445629119873047	5
917486	1091	2.063221	3.0919175148010254	5
907269	1375	2.694926	1.2509593963623047	5
1290908	1564	2.677564	3.5573313236236572	5
1503367	2157	4.269983	4.443288326263428	5
724873	1005	3.519833	2.6652607917785645	5
906795	1511	-0.324765	2.4018514156341553	5
909774	1047	6.502542	5.046929836273193	5
910688	1782	4.549058	2.288191795349121	5
909698	1249	1.927309	3.8414664268493652	5
1298537	1048	5.295027	4.416317939758301	5
722046	1030	3.988901	4.416317939758301	5
1297447	1918	3.571938	1.828274130821228	5
907171	1036	2.334228	1.7998614311218262	5
906804	1838	3.157789	3.3683061599731445	5
1240179	1913	3.834737	5.420337677001953	5
906832	1013	0.260748	1.8356194496154785	5
907270	1629	2.823816	0.835109531879425	5
724874	1553	3.930972	3.266674041748047	5
905951	1069	4.625346	3.0132761001586914	5
1298350	1622	4.147842	4.545877933502197	5
688026	1026	3.007432	1.1799393892288208	5
1298362	1192	2.339323	3.214418888092041	5
905937	2361	4.404332	2.8012800216674805	5
906791	1373	4.42524	3.5573313236236572	5
910936	1815	5.554165	3.7783727645874023	5
905942	1939	1.909866	2.4624171257019043	5
1331037	1782	2.722163	2.4004812240600586	5
930083	1632	6.671617	2.199998140335083	5
1330964	1996	4.40913	1.9364581108093262	5
905958	2055	-0.633869	1.6909798383712769	5
924106	2044	1.63206	2.2526443004608154	5
907282	1079	1.794362	3.2570343017578125	5
1298358	1049	4.491291	2.9085514545440674	5
910936	1580	3.382154	3.829042911529541	5
907057	1024	-0.104186	3.9425811767578125	5
909194	1931	4.940481	4.940700531005859	5
749711	1046	4.234644	1.6976737976074219	5
908139	1829	1.343515	3.135331153869629	5
688006	1998	5.376049	3.539236068725586	5
910700	1720	4.777145	2.0547733306884766	5
906813	1926	1.347617	2.6074299812316895	5
1524416	1558	1.850994	2.2653589248657227	5
908122	2010	3.01658	2.9582324028015137	5
910919	1924	1.970682	1.8350348472595215	5
753578	1086	-0.971487	2.007488250732422	5
924238	1799	4.164113	4.032323837280273	5
724839	1259	2.564484	3.8061089515686035	5
1240168	1580	4.229258	4.2294602394104	5
907173	1062	3.426112	3.79775333404541	5
1290769	1713	1.489349	2.2037487030029297	5
687980	1618	3.842475	5.189586639404297	5
1240158	1736	4.415651	2.927046537399292	5
909904	1826	4.629817	3.855534315109253	5
753541	1372	0.522724	2.803372383117676	5
906792	2145	-1.098657	2.9761157035827637	5
910544	1250	-0.390638	2.6995558738708496	5
687457	1782	5.228873	3.800452709197998	5
1503363	1936	3.448986	3.201223134994507	5
1299070	1939	1.867931	2.264683485031128	5
911905	1043	7.780457	5.511995315551758	5
946370	1259	3.32091	4.31357479095459	5
905971	1239	0.58983	3.8414664268493652	5
908126	1635	4.453004	2.743398666381836	5
909727	1021	5.811945	2.6138477325439453	5
753531	1014	-0.018815	2.803372383117676	5
1298218	1918	4.349258	3.5025906562805176	5
1240127	1582	2.550275	3.2808079719543457	5
907312	1824	2.550293	3.143522262573242	5
1503368	1510	4.274508	3.484208822250366	5
906826	1812	5.676148	2.2526443004608154	5
909781	2499	12.714725	5.86440372467041	5
906843	2439	8.844925	3.6905174255371094	5
909248	1030	5.936235	3.8217060565948486	5
909698	1709	-2.060273	1.6874122619628906	5
713869	1825	-0.556964	3.5702404975891113	5
908141	2048	-5.662614	-3.616058349609375	5
753592	1713	1.978515	3.5573313236236572	5
1240218	1085	3.063845	4.281041145324707	5
1290798	1593	1.05097	2.799687623977661	5
1298222	1845	2.076418	3.506815195083618	5
753610	1845	-0.078632	2.847196578979492	5
753573	1199	3.997554	4.720362186431885	5
724859	2096	-0.059798	3.5573313236236572	5
1298134	1050	2.338243	-2.15183687210083	5
905936	1133	3.457576	5.69138765335083	5
905946	1738	2.993506	3.0304243564605713	5
910546	2044	4.856984	2.8112778663635254	5
1503371	1032	-3.306853	2.48957896232605	5
1330950	2359	3.887155	2.505061149597168	5
687995	1827	-2.797533	2.847196578979492	5
1298222	2498	5.728138	6.321417331695557	5
687455	1927	4.972066	3.751228094100952	5
910943	1840	4.464328	3.4852514266967773	5
1331036	2044	0.732403	1.5080031156539917	5
949153	1557	4.42385	1.4455960988998413	5
1295740	1583	2.255757	2.3197426795959473	5
907791	1620	5.823764	2.2822654247283936	5
907057	1849	-0.781131	2.531243085861206	5
910569	2173	4.366682	3.8800106048583984	5
753566	1930	2.188029	4.063666820526123	5
908480	1630	3.284988	3.491189956665039	5
949090	1069	2.807941	3.525730609893799	5
687995	2113	2.0751	2.847196578979492	5
946366	2043	5.393588	4.31357479095459	5
1509073	1069	3.941063	3.2824056148529053	5
909762	1057	-3.427413	1.781529426574707	5
1330947	1854	2.455536	2.6583666801452637	5
949153	1924	2.596083	1.781529426574707	5
1240206	1630	3.321777	3.715364933013916	5
910919	1019	0.673184	2.326256275177002	5
905954	1629	5.221813	1.4921320676803589	5
910701	1510	4.755792	3.2207417488098145	5
1287706	1918	5.225675	2.6074299812316895	5
687505	1786	2.561679	2.627796173095703	5
949172	1043	5.361614	5.060187816619873	5
1290908	1838	3.727766	3.5702404975891113	5
687794	1200	3.164287	5.079089164733887	5
687588	1029	6.533577	3.2787232398986816	5
687980	2170	0.021908	2.6487197875976562	5
909751	1933	3.665451	1.3620418310165405	5
909251	1557	4.005221	1.4455960988998413	5
687592	2110	3.440921	4.470582962036133	5
907287	1560	2.170832	2.8012800216674805	5
753594	1441	2.502872	2.6487197875976562	5
1298157	1011	1.520923	1.9635406732559204	5
910921	2106	1.475985	2.6074299812316895	5
905934	1812	2.246142	3.0846667289733887	5
907799	1997	2.341487	1.499385952949524	5
1240198	2107	6.11686	3.119619369506836	5
722045	1621	4.232647	3.622842311859131	5
1330960	1372	0.315642	2.057060718536377	5
688031	1584	1.447166	2.647300958633423	5
906805	1817	-5.393064	3.622842311859131	5
1240220	1194	4.949143	3.007181406021118	5
1240146	1908	5.020681	3.5573313236236572	5
1240200	1428	6.60242	4.089199542999268	5
1240145	1838	2.545319	3.5702404975891113	5
753616	1919	1.71795	2.012768030166626	5
906832	1088	0.547462	1.5080031156539917	5
1524417	1037	2.798306	3.6256940364837646	5
1287706	1061	0.783082	1.7998614311218262	5
687815	1578	5.209367	2.203493595123291	5
905976	1059	-1.627079	2.6074299812316895	5
909248	1777	5.934357	3.6151204109191895	5
753541	1803	3.641865	3.104200839996338	5
907061	1585	3.915207	3.0377516746520996	5
753585	1191	-4.6108	2.0632054805755615	5
688086	1019	0.717372	3.3174471855163574	5
1503363	2362	5.129366	3.246272325515747	5
925347	1049	4.482297	3.547712564468384	5
906877	2359	4.847787	2.1511447429656982	5
1290725	2107	4.278487	2.8630449771881104	5
905977	1050	3.724953	-1.1688381433486938	5
1503368	2360	4.233503	3.246272325515747	5
909709	1553	2.093587	2.8630449771881104	5
910852	1585	4.116985	2.799687623977661	5
907787	2173	2.447087	1.7757508754730225	5
1330995	1819	-2.880829	-3.5485920906066895	5
910941	1925	5.11223	3.4702727794647217	5
687568	1718	4.664111	4.0624918937683105	5
724866	1047	6.640623	6.558268070220947	5
688027	1200	2.981798	3.912339448928833	5
713899	1733	2.800189	3.491189956665039	5
907281	1849	-1.871934	1.5485583543777466	5
905942	1835	5.106759	3.5702404975891113	5
906872	1029	6.486425	2.166874647140503	5
908442	1030	5.741739	3.9285178184509277	5
1240143	1810	1.928932	2.203493595123291	5
906817	1933	6.769597	2.0442776679992676	5
753558	1819	1.858732	0.08531037718057632	5
753558	1838	3.904213	3.2454633712768555	5
905940	2043	5.120689	2.5688161849975586	5
905960	1776	3.874568	3.0132761001586914	5
909740	1561	3.204693	2.8012800216674805	5
688031	1529	-0.135982	3.539236068725586	5
946366	2048	-1.585544	-1.7949318885803223	5
909718	1239	0.457577	3.8414664268493652	5
925347	1930	3.47773	4.581672191619873	5
1298223	1060	2.133528	3.005885124206543	5
909709	1581	1.383175	3.829042911529541	5
1297438	1083	2.108307	2.461672782897949	5
907783	1030	3.142342	2.5688161849975586	5
1298215	2174	2.096569	3.7783727645874023	5
917486	1583	3.073791	4.144792079925537	5
908458	1083	1.201659	2.917372226715088	5
910688	2499	9.49953	3.6733014583587646	5
1331048	1622	3.309129	2.750826358795166	5
1299052	1806	5.590554	2.2809972763061523	5
724834	1072	6.039151	4.544013023376465	5
907795	2145	-1.456291	3.1126322746276855	5
910918	1057	-2.515277	1.8350348472595215	5
753600	1808	2.74861	2.6652607917785645	5
908152	1827	1.271212	3.626288890838623	5
907794	1912	0.884624	2.8012800216674805	5
753615	1057	-0.118074	1.828274130821228	5
905935	1048	4.653893	4.310740947723389	5
908469	1026	-0.062282	1.1799393892288208	5
1240169	1786	1.871757	3.2787232398986816	5
1240173	1239	0.387544	3.8414664268493652	5
1330984	1010	2.557808	1.5837465524673462	5
687586	1080	-4.077726	-1.7949318885803223	5
753546	1617	6.533209	1.9577656984329224	5
906826	2106	4.592095	2.6754326820373535	5
905959	1910	4.79082	2.264683485031128	5
1240212	1615	5.109903	2.6960232257843018	5
1330985	1626	-1.011234	1.8486906290054321	5
924238	1927	4.976889	4.032323837280273	5
724839	1708	3.202047	1.753981590270996	5
909781	1553	4.670101	2.8865232467651367	5
909698	2173	3.158502	3.8800106048583984	5
1509073	1806	4.837411	2.5210533142089844	5
688010	1239	1.949008	3.539236068725586	5
753545	1626	1.635771	3.6428160667419434	5
1298351	1561	0.264244	3.1519775390625	5
909748	1739	4.555792	3.8452587127685547	5
1240189	1582	3.34746	2.647300958633423	5
909729	1838	3.95851	3.4852514266967773	5
906765	1564	2.421442	2.6511943340301514	5
908144	1038	4.723044	3.3151187896728516	5
1330984	2169	3.063936	1.8350348472595215	5
909735	2048	-5.119237	-1.4539703130722046	5
949178	1559	-1.37199	0.9447037577629089	5
946360	2047	2.552628	2.9263739585876465	5
753610	1622	4.103916	4.067280292510986	5
906812	1916	1.607427	3.642875909805298	5
946366	1510	5.229994	3.6921234130859375	5
1299050	1799	0.546737	3.715364933013916	5
909252	1821	2.883187	1.6909798383712769	5
753565	1510	2.475734	2.6951355934143066	5
724869	1549	3.952465	2.924410820007324	5
1240199	1922	3.835577	3.0523695945739746	5
1330993	1058	1.036599	3.2206764221191406	5
688023	1852	5.224882	3.539236068725586	5
907789	1580	4.257618	1.7757508754730225	5
687997	1714	5.973145	2.921827554702759	5
910918	1058	1.769748	1.8350348472595215	5
924241	1563	6.60466	3.719071626663208	5
753618	1005	1.291896	1.1383318901062012	5
688015	1046	0.377069	1.7521315813064575	5
906837	1494	-4.316902	2.2809972763061523	5
687455	2037	4.663622	4.276264667510986	5
925348	1917	4.895535	4.581672191619873	5
1524414	2175	2.839369	3.9902961254119873	5
906842	1512	2.956065	1.5080031156539917	5
753574	1706	2.556646	4.211406230926514	5
906792	1629	4.634028	1.4921320676803589	5
909748	2000	5.934416	3.1126322746276855	5
724868	1718	3.074359	4.087240695953369	5
909753	1190	1.788952	2.433016777038574	5
909774	1626	3.412091	4.031383037567139	5
906812	1828	3.361304	2.9582324028015137	5
910916	1268	4.668826	4.069736003875732	5
908152	1933	5.74255	2.173715829849243	5
946372	1936	3.021175	3.2787232398986816	5
906763	1845	-2.659643	1.6909798383712769	5
1295740	1025	3.916416	2.598842144012451	5
724825	1809	-1.303897	1.6184709072113037	5
909781	1053	4.708934	2.8865232467651367	5
1330982	1621	1.644438	1.787847876548767	5
905941	1011	4.993336	2.1724393367767334	5
1240198	1782	5.592711	4.089199542999268	5
1327769	2038	1.67051	2.528177499771118	5
909725	1919	2.99331	1.9881154298782349	5
905945	1733	2.535272	3.642875909805298	5
909249	1052	2.663629	1.4643619060516357	5
753564	1073	3.135175	3.539236068725586	5
907270	1924	2.806638	2.1934380531311035	5
1299070	1720	2.287073	2.264683485031128	5
910694	2172	2.668085	4.2294602394104	5
930083	1828	4.715701	3.576819658279419	5
909748	1024	1.829665	3.8452587127685547	5
908126	1018	5.079556	2.5688161849975586	5
724873	1038	3.958478	4.416317939758301	5
1297446	2044	1.770998	1.3610031604766846	5
1240162	1799	0.617482	3.715364933013916	5
909761	1826	4.286091	3.1126322746276855	5
906862	2499	8.397579	5.396927356719971	5
906818	1808	0.0418	1.896087408065796	5
1503371	2000	4.899977	3.506815195083618	5
909718	1033	4.473871	3.8414664268493652	5
910694	1578	4.950244	2.8366575241088867	5
724825	1034	-5.186998	1.725685477256775	5
905933	1054	5.640135	2.1210169792175293	5
753612	1930	1.852128	2.701334238052368	5
753538	1058	1.242402	2.8630449771881104	5
1503368	2046	3.763565	2.2566213607788086	5
949171	2361	4.864601	2.541733503341675	5
908463	1941	-5.458932	2.4624171257019043	5
905989	1023	0.071748	2.917372226715088	5
749711	1829	0.965272	2.9582324028015137	5
1298219	1832	3.590848	3.3683061599731445	5
688014	1849	0.144033	1.9364581108093262	5
907300	1911	-5.450001	2.288191795349121	5
724859	1709	-0.596553	2.226173162460327	5
1240226	1632	3.622928	1.6602449417114258	5
909975	1632	4.935803	2.1509313583374023	5
907045	1909	2.878985	1.9635406732559204	5
909761	1558	2.640765	1.9919428825378418	5
924100	2038	4.057466	4.357003688812256	5
1297438	1003	-2.785057	1.8581644296646118	5
906797	1080	-1.860671	-3.174288511276245	5
1503362	2110	4.606817	4.443288326263428	5
753548	1578	3.772654	1.4806945323944092	5
906832	1021	3.188367	1.669472336769104	5
907300	1862	-1.241591	0.8476790189743042	5
909263	1803	3.347955	3.1126322746276855	5
949178	1006	-0.457781	3.155611038208008	5
906795	2157	5.487765	4.459352016448975	5
688086	2040	-0.143912	2.166874647140503	5
1240189	1511	-2.396558	1.8581644296646118	5
1330942	1928	3.789667	1.8486906290054321	5
1295741	1927	3.125408	2.5480868816375732	5
1298168	2046	5.186835	2.007488250732422	5
753622	1058	1.28361	3.246272325515747	5
908476	1827	1.080353	3.5702404975891113	5
753582	1941	-5.771496	1.9364581108093262	5
910851	1940	4.562264	4.165427207946777	5
909737	1237	5.861145	4.331034183502197	5
909748	1249	5.025738	3.8414664268493652	5
1331032	1133	2.001	3.755824565887451	5
909740	1463	4.176175	2.917372226715088	5
908449	1093	7.453353	2.554288148880005	5
910688	1828	3.556779	1.8407208919525146	5
724866	1783	6.839908	4.544013023376465	5
1298351	1910	2.24683	2.4635841846466064	5
687506	2111	2.918808	3.8061089515686035	5
910919	1919	0.410851	1.5837465524673462	5
907071	1624	4.660686	4.180565357208252	5
749714	1632	3.998447	1.6976737976074219	5
1330942	1825	-1.615638	1.8407208919525146	5
905956	1785	5.814101	3.5563888549804688	5
909747	1553	4.166914	2.8012800216674805	5
753576	1836	4.430084	3.506815195083618	5
908139	1936	3.924808	2.9085514545440674	5
753612	1854	4.99403	3.0651845932006836	5
910544	1622	3.01086	3.0438783168792725	5
688087	1931	4.748465	4.2856645584106445	5
753531	1632	3.179918	1.9652944803237915	5
906818	1776	4.898212	3.006178140640259	5
1290724	1734	3.591705	3.7783727645874023	5
906869	1029	6.964219	2.9085514545440674	5
1659928	2359	5.409627	3.8414664268493652	5
1480358	1502	5.512009	4.60908842086792	5
688023	2048	-6.035419	-3.163015127182007	5
907045	1058	1.9322	2.6754326820373535	5
1659928	1017	3.887726	3.9285178184509277	5
949172	1560	0.07945	2.541733503341675	5
908458	1928	5.847344	3.8800106048583984	5
687997	1825	-0.569163	2.847196578979492	5
724872	1561	4.242544	2.6487197875976562	5
946368	1816	5.757854	4.563704013824463	5
713869	1927	5.104368	4.087240695953369	5
911905	1830	3.054355	3.392810821533203	5
946370	1008	3.962907	2.8366575241088867	5
905945	2044	4.076467	2.2526443004608154	5
687457	2359	5.389545	3.800452709197998	5
907045	2171	5.53666	3.0304243564605713	5
687506	1581	3.662139	3.625777006149292	5
1290905	1559	0.278554	1.5151275396347046	5
1298538	1828	4.193998	3.2580862045288086	5
1240217	1586	3.879849	3.421985626220703	5
907272	1010	1.821762	1.4872007369995117	5
906830	1005	2.185151	1.896087408065796	5
907280	1785	4.580808	2.288191795349121	5
753561	2010	2.172844	3.104200839996338	5
1240217	1018	5.664641	4.170284748077393	5
1509074	2170	3.405923	2.8865232467651367	5
688010	1829	0.450275	2.847196578979492	5
1298347	2048	0.433572	-2.0651445388793945	5
722066	2045	5.256612	3.266674041748047	5
907791	1558	3.200463	1.666870355606079	5
1660035	1862	-0.710341	1.3620418310165405	5
949154	1089	3.983697	2.1369705200195312	5
1298136	1025	5.946201	4.6558918952941895	5
1298216	2177	2.867746	4.758423805236816	5
1330983	1180	-4.039147	1.4060510396957397	5
1297449	1069	2.323481	1.9096767902374268	5
724839	1012	3.445894	2.8799045085906982	5
753615	1706	2.881656	2.2822654247283936	5
1298223	1776	4.816725	3.3113512992858887	5
753620	1004	-3.384949	-3.2000741958618164	5
753582	1799	4.615747	3.491189956665039	5
909743	2173	1.960674	1.7757508754730225	5
1240167	1777	5.64064	3.865436553955078	5
1298526	1826	3.494894	3.855534315109253	5
906844	1558	1.079038	2.0653460025787354	5
925338	1810	2.330516	2.2526443004608154	5
905952	1913	4.10127	3.7399134635925293	5
909725	1046	4.244297	1.6602449417114258	5
753624	2038	4.840307	4.758423805236816	5
905933	1007	-4.149574	-2.6936609745025635	5
687820	2037	6.951775	4.7063307762146	5
909738	1708	0.055757	2.28341007232666	5
753555	2055	0.32199	3.506815195083618	5
906862	1835	1.475404	2.9582324028015137	5
1331036	1053	-0.077316	1.8350348472595215	5
910930	1927	4.400051	2.326256275177002	5
908457	1042	5.896035	5.66598653793335	5
906814	1089	4.384876	1.896087408065796	5
724839	1873	3.006144	2.6960232257843018	5
1299081	1593	2.16381	2.7265400886535645	5
909703	1058	0.084606	1.781529426574707	5
925340	1561	2.312786	2.886509656906128	5
1298349	1069	3.234842	2.92107892036438	5
687505	2170	2.377033	2.6960232257843018	5
722066	1014	2.456771	3.5573313236236572	5
924240	1073	5.355025	3.7121212482452393	5
909755	1624	6.039411	3.8800106048583984	5
906798	1847	2.242791	3.143522262573242	5
1299078	1819	-3.627617	-1.1688381433486938	5
910904	1576	2.9434	4.069736003875732	5
907053	1836	1.450377	1.8407208919525146	5
930299	1999	3.035546	3.576819658279419	5
1297446	1068	0.429501	1.4455960988998413	5
1480372	2110	5.243344	4.421938419342041	5
949170	1549	4.904052	2.012768030166626	5
1524417	1529	0.183831	4.098013877868652	5
905968	1036	3.331728	2.9263739585876465	5
1240220	1853	4.451328	3.1452908515930176	5
1240220	1022	1.836345	2.007488250732422	5
906837	2046	3.574634	1.9652944803237915	5
1330931	1378	1.892971	1.3279694318771362	5
909252	1620	3.905893	1.7757508754730225	5
910916	1840	2.103751	3.104200839996338	5
949094	2145	-0.307191	3.4852514266967773	5
1298136	2011	4.96161	4.466136455535889	5
1330950	1838	3.605737	2.019118309020996	5
906818	1730	3.225882	3.006178140640259	5
910951	1819	-5.289094	-3.3290677070617676	5
753585	1237	5.573373	4.211331844329834	5
908124	1042	2.980855	4.8531036376953125	5
1298537	1997	4.955622	2.4624171257019043	5
1303897	1006	-1.94824	2.4004812240600586	5
687514	1578	4.904911	2.1369705200195312	5
924187	1191	-4.669062	1.9107381105422974	5
924107	1836	2.964111	2.9533395767211914	5
1330942	1149	0.766543	1.5375713109970093	5
1298219	1812	3.766463	2.3902945518493652	5
905967	1080	-1.60769	-2.0651445388793945	5
908483	1853	2.922504	2.647300958633423	5
687514	1825	0.016889	2.9533395767211914	5
1298538	1585	5.190599	3.099155902862549	5
907787	1133	2.67349	3.125092029571533	5
946367	1560	1.622777	3.1989386081695557	5
749713	1133	6.073943	5.075660705566406	5
910900	2172	4.995072	4.545168399810791	5
905990	1237	5.845159	4.421938419342041	5
1330942	1853	3.936717	1.6943734884262085	5
906820	1632	1.476318	1.4771654605865479	5
1290905	1843	5.433008	2.2526443004608154	5
910554	1828	3.338376	3.1126322746276855	5
687799	1259	3.002633	4.416317939758301	5
909725	1011	4.709452	1.9577656984329224	5
909778	1940	4.028161	3.9258103370666504	5
930299	1928	4.490462	4.224433898925781	5
1509074	1009	4.682838	4.098013877868652	5
724866	1939	3.229663	2.4624171257019043	5
687983	1919	1.807672	2.1342825889587402	5
909723	1237	6.104112	3.909158229827881	5
907274	1017	5.303239	2.333479881286621	5
1659929	1618	3.9659	5.757605075836182	5
909744	1738	3.19197	2.4817447662353516	5
907278	2106	3.798391	1.8869404792785645	5
949174	1586	4.596214	2.2909297943115234	5
1299050	1730	2.474053	3.214418888092041	5
908135	1916	2.596389	3.3174471855163574	5
1298348	1613	1.530395	4.416317939758301	5
1298151	2002	5.547083	3.4451422691345215	5
907790	2047	0.401448	2.2037487030029297	5
925340	1463	5.718176	2.9085514545440674	5
909761	1083	2.855621	2.917372226715088	5
724834	1782	5.890991	4.544013023376465	5
722046	1021	0.854348	3.362457752227783	5
687799	1917	0.05539	4.416317939758301	5
910932	1563	5.389642	3.909158229827881	5
906821	1613	3.086782	4.581672191619873	5
687800	1012	3.907111	3.622842311859131	5
907295	1080	-1.051835	-3.163015127182007	5
905986	1239	3.107353	4.080358028411865	5
949171	1739	1.073025	3.3174471855163574	5
688011	1634	5.071212	5.189586639404297	5
946353	1057	0.542067	3.246272325515747	5
905986	1583	3.444269	4.470582962036133	5
1503369	1083	1.468441	3.362457752227783	5
905989	1825	-1.484362	3.1126322746276855	5
949176	2043	5.213636	2.6103456020355225	5
688086	1441	1.15975	2.541733503341675	5
1503371	1030	2.840054	4.151772975921631	5
687799	2154	2.447825	4.7063307762146	5
753595	1038	4.165059	4.581672191619873	5
909774	2043	6.009923	4.078691005706787	5
907270	1821	2.403411	1.9897675514221191	5
909740	1073	4.125028	3.8414664268493652	5
905952	1916	1.832153	2.3703665733337402	5
906871	2149	1.573541	3.46451735496521	5
1240174	1180	-2.171582	2.1390857696533203	5
909735	1010	3.60043	2.482032060623169	5
909728	1932	2.810168	3.201571464538574	5
753589	1615	7.175503	2.6487197875976562	5
909713	1005	2.99347	1.896087408065796	5
753554	1635	5.292257	3.9477901458740234	5
906696	1813	5.407842	2.4018514156341553	5
1331034	1053	-1.026104	1.8350348472595215	5
907286	1007	-3.397813	-1.0159245729446411	5
905985	2177	2.837168	4.470582962036133	5
905961	1023	3.975855	2.917372226715088	5
930299	1598	6.247479	4.33826208114624	5
949177	1511	-2.799302	1.1383318901062012	5
908452	1908	4.160858	2.4577364921569824	5
909263	1069	5.181659	3.277268409729004	5
1659818	1718	2.071423	2.5480868816375732	5
909725	2010	2.122167	2.9761157035827637	5
1240168	1553	2.660564	3.1989386081695557	5
1330960	1083	0.56109	1.5383082628250122	5
1330948	1561	0.156375	1.8869404792785645	5
910952	1708	-1.5507	2.007488250732422	5
909771	1024	-0.424162	2.039642810821533	5
905962	1913	6.223872	5.757605075836182	5
905937	1053	2.234278	2.8012800216674805	5
1240154	1593	1.677921	3.504222869873047	5
906875	1777	5.558808	3.3174471855163574	5
687588	1999	4.810563	3.4852514266967773	5
1290905	1816	4.247284	4.0860748291015625	5
905970	1873	3.151519	3.266674041748047	5
753620	1463	2.687238	2.166874647140503	5
687802	1177	6.272056	4.416317939758301	5
749711	1873	1.717053	2.6754326820373535	5
722066	1924	4.621774	3.266674041748047	5
687588	2055	2.649001	3.4852514266967773	5
1240121	1559	-3.525662	1.5262054204940796	5
687506	1854	5.274665	3.9534199237823486	5
910689	1718	7.35215	3.8452587127685547	5
687588	2047	3.411905	3.1437668800354004	5
906798	1463	1.718156	2.818173408508301	5
909723	1021	3.447275	2.6138477325439453	5
749709	1008	-2.157521	2.2526443004608154	5
906808	1093	4.188699	2.6951355934143066	5
907279	1838	5.878567	2.6174843311309814	5
1330931	1175	2.460684	2.5688161849975586	5
753533	1635	5.554574	4.098013877868652	5
909907	1622	6.460248	3.9258103370666504	5
687457	1561	3.720041	2.9565486907958984	5
1299070	2046	3.758511	2.1210169792175293	5
910569	1618	3.195324	5.757605075836182	5
906855	1630	3.677208	2.6995558738708496	5
1330972	1067	4.838977	1.7521315813064575	5
688014	1558	4.843771	2.1342825889587402	5
1660035	1578	6.317439	1.872052788734436	5
906851	2113	2.181886	2.9582324028015137	5
1298347	1449	5.021885	4.087240695953369	5
687816	1919	3.072226	2.5088276863098145	5
688086	1576	2.249278	3.624180555343628	5
907058	2145	-0.710175	2.9761157035827637	5
910851	1594	3.702899	3.1519775390625	5
906793	1836	3.507765	2.9761157035827637	5
949094	1736	5.860882	3.1437668800354004	5
924151	1512	5.510022	2.4018514156341553	5
907062	1915	1.560377	2.1502716541290283	5
907271	1179	-0.148076	1.580181360244751	5
909729	1561	0.89089	3.1989386081695557	5
1298168	2170	2.666788	2.8865232467651367	5
910689	1811	-0.527215	3.8414664268493652	5
1240155	1730	2.25667	3.183337688446045	5
735784	2055	0.932037	3.506815195083618	5
909713	1940	4.570007	4.127503871917725	5
1240199	1909	3.129439	2.264683485031128	5
1331032	2172	-0.664866	1.962259292602539	5
949153	1507	4.470918	2.3703665733337402	5
1330995	1732	3.753415	2.4004812240600586	5
908465	1079	1.878491	4.087240695953369	5
1298168	1558	2.785912	2.2653589248657227	5
905990	1594	2.896395	3.119619369506836	5
753541	1828	3.506382	3.104200839996338	5
753620	2172	3.018563	2.7726664543151855	5
1240178	1168	4.240303	2.804924488067627	5
1298350	2106	0.09964	3.266674041748047	5
907057	1828	3.860724	3.4451422691345215	5
908144	1079	-0.96541	3.2570343017578125	5
905938	1833	1.779705	1.8407208919525146	5
909702	1378	2.502649	1.3610031604766846	5
909743	1852	5.462889	2.1511447429656982	5
1297439	1086	3.204328	1.7521315813064575	5
907279	1199	6.079881	3.855133056640625	5
1480362	1428	6.167753	4.089199542999268	5
1240155	1003	-0.478891	2.3081777095794678	5
907319	1012	1.85926	3.4811959266662598	5
753570	1067	4.971252	1.9652944803237915	5
910930	1016	-0.115578	1.8350348472595215	5
907173	1738	0.319933	3.614503860473633	5
1322212	1034	-3.715617	2.461672782897949	5
998189	1016	1.344078	2.8012800216674805	5
906812	1941	-6.149045	1.9635406732559204	5
1480367	1014	1.928817	2.9263739585876465	5
910900	1034	-2.055921	3.362457752227783	5
908476	1736	2.701844	3.5573313236236572	5
907042	2159	1.200568	3.46451735496521	5
1503370	2156	4.024702	4.544013023376465	5
909725	1779	1.682935	3.7170915603637695	5
908146	1799	2.928877	2.3703665733337402	5
906814	1732	3.358743	3.5563888549804688	5
905991	1019	2.705465	4.0211873054504395	5
1240190	1091	0.977759	3.6826353073120117	5
906875	1016	0.343675	2.541733503341675	5
1290769	1816	6.578469	4.710387706756592	5
1298134	1714	2.553973	3.0299301147460938	5
1290798	1428	-0.559587	3.7121212482452393	5
909744	2158	3.621601	3.7025811672210693	5
687563	2112	3.300961	3.4852514266967773	5
688006	1908	2.818646	2.921827554702759	5
909729	1067	5.360214	2.2963693141937256	5
753569	1852	5.38165	3.9477901458740234	5
906765	1093	3.382648	1.9520682096481323	5
687563	1086	-3.082204	2.2963693141937256	5
906862	1030	3.306398	3.75423002243042	5
910852	1932	2.857037	3.0304243564605713	5
910691	1832	3.58311	3.428556442260742	5
909748	1012	1.262086	2.9182422161102295	5
907281	1529	-0.252668	2.505061149597168	5
1659819	1069	3.224946	1.9096767902374268	5
906805	1629	4.56571	2.1936962604522705	5
905962	2154	3.932203	4.144792079925537	5
910941	1629	3.970387	0.9447037577629089	5
1298350	1373	5.128731	3.5573313236236572	5
907281	1091	0.450458	1.9520682096481323	5
907061	1830	2.37882	3.104200839996338	5
753569	2145	-0.387135	3.2580862045288086	5
1524416	1631	3.057681	3.6256940364837646	5
909747	1733	4.671859	3.8452587127685547	5
949178	1529	-2.726419	3.155611038208008	5
906696	1716	4.523228	4.032323837280273	5
906862	2055	2.758298	2.9582324028015137	5
909703	1557	4.27327	1.4455960988998413	5
753589	2173	6.204093	3.473145008087158	5
910935	1922	1.765843	1.669472336769104	5
946356	1813	0.364054	2.3752193450927734	5
906817	1835	3.96505	3.506815195083618	5
949153	1010	2.411396	1.4872007369995117	5
1480371	1834	1.877057	3.392810821533203	5
946355	1084	-5.086214	3.246272325515747	5
753532	1060	-0.895191	2.803372383117676	5
907173	1237	5.772258	4.431698322296143	5
905942	1086	-2.547753	2.226173162460327	5
905946	1732	1.183347	3.7121212482452393	5
906804	1033	4.17068	4.004908561706543	5
713885	1909	1.914419	1.9364581108093262	5
687820	1022	2.886222	2.226173162460327	5
907066	1529	3.291036	3.800452709197998	5
907279	2038	5.197986	3.46451735496521	5
909974	1812	3.279021	2.5210533142089844	5
908465	1918	3.966679	3.266674041748047	5
1240143	1624	3.999749	3.964597702026367	5
909761	1734	3.134057	3.8414664268493652	5
905935	1739	5.633442	4.267537593841553	5
753541	1010	1.369665	2.1502716541290283	5
1524419	1862	-0.88657	2.0632054805755615	5
909781	2156	3.323383	4.098013877868652	5
949154	1940	3.167409	3.9534199237823486	5
949154	1632	4.15037	1.753981590270996	5
909263	1855	6.402438	2.2037487030029297	5
688023	1594	3.722545	2.6487197875976562	5
946355	1836	-1.797937	3.506815195083618	5
753584	1815	6.394367	3.800452709197998	5
687562	1785	4.366733	4.080358028411865	5
1298351	1030	4.274259	4.078691005706787	5
1299059	1239	3.383192	3.7783727645874023	5
907786	1925	5.113283	5.079089164733887	5
910687	1919	1.827728	1.4872007369995117	5
910924	1190	-2.098646	2.3081777095794678	5
753592	1624	2.851286	4.545168399810791	5
910853	1023	3.634933	2.6138477325439453	5
905977	1912	3.030698	2.6074299812316895	5
905950	2002	5.754385	3.2454633712768555	5
688086	1813	4.612892	1.1383318901062012	5
908462	1010	5.123996	2.733760356903076	5
905977	1047	4.686175	4.69898796081543	5
1297446	1494	-6.231439	1.3610031604766846	5
910704	1583	2.675852	3.8621044158935547	5
909737	1854	5.631692	4.26116418838501	5
1660034	2145	0.620488	3.1126322746276855	5
1240123	1782	5.174075	3.8414664268493652	5
909697	1059	0.015239	2.886509656906128	5
910546	1507	5.616146	4.281041145324707	5
949171	1068	0.775574	1.6739860773086548	5
910554	1191	-4.077228	1.3620418310165405	5
1303911	1057	-2.152014	2.6754326820373535	5
1524416	1023	3.899088	3.007181406021118	5
687592	1060	1.966466	3.1437668800354004	5
753535	1084	0.351396	2.8630449771881104	5
925338	1507	5.457672	3.642875909805298	5
907061	1784	5.3541	3.104200839996338	5
688014	1008	3.5016	1.8581644296646118	5
713869	1777	6.223446	4.087240695953369	5
1240153	1730	2.795665	3.006178140640259	5
908151	1553	2.565818	2.6754326820373535	5
906696	2038	4.753134	4.459352016448975	5
905948	1042	5.185222	5.301340579986572	5
908451	1011	0.96587	1.5375713109970093	5
1298362	1038	1.581767	4.031818866729736	5
1240145	1463	2.866624	3.362457752227783	5
1298151	1179	0.431342	2.28341007232666	5
905969	1026	0.285953	1.751617193222046	5
949154	1560	1.165482	2.6960232257843018	5
924188	1168	6.029249	1.8163366317749023	5
753569	1019	3.923246	3.7967607975006104	5
1240199	2159	8.181564	4.421938419342041	5
753618	1825	-2.48826	2.445629119873047	5
1240197	1561	4.334418	3.119619369506836	5
908152	1919	1.416285	2.733760356903076	5
753538	1632	3.307277	1.9652944803237915	5
946353	1625	5.360595	4.211406230926514	5
1330948	1924	2.729527	1.8869404792785645	5
1299059	1631	3.936799	3.715364933013916	5
909713	1621	4.618166	2.7265400886535645	5
905980	1005	7.18755	2.5210533142089844	5
910700	1776	6.026548	3.277268409729004	5
749715	1808	-0.795139	2.2526443004608154	5
908472	2499	9.459352	6.61700439453125	5
946366	1052	2.926356	2.2963693141937256	5
909975	1034	-3.363938	3.088170051574707	5
909736	1815	6.689079	4.091982364654541	5
910781	1010	3.559833	2.482032060623169	5
1299059	2011	5.668201	3.7783727645874023	5
907042	1730	2.683126	2.6293935775756836	5
908123	1067	4.102835	1.6976737976074219	5
908130	2159	4.213957	4.3823018074035645	5
910781	1586	4.561472	3.2808079719543457	5
753575	1820	5.3603	3.506815195083618	5
1240222	1177	3.138465	4.223339557647705	5
753610	1713	1.155488	2.921827554702759	5
1331033	1021	1.131386	1.669472336769104	5
906824	1826	1.473057	2.9533395767211914	5
1298350	1428	4.666341	4.544013023376465	5
905940	1008	-2.950648	1.3279694318771362	5
908120	1179	2.447491	1.6976737976074219	5
906818	1449	5.153522	3.7170915603637695	5
1298215	1853	4.226697	3.0377516746520996	5
917486	1058	1.731351	2.8012800216674805	5
1240157	1826	2.682259	3.4451422691345215	5
909736	1924	2.828062	3.244521141052246	5
905969	2177	2.590674	4.421938419342041	5
1331038	1915	1.246185	1.5837465524673462	5
687514	1199	3.353511	4.285427093505859	5
909905	1709	-3.114182	2.2963693141937256	5
905944	2096	2.808637	3.5573313236236572	5
905951	1585	4.372207	2.799687623977661	5
1290806	2044	3.808562	2.3081777095794678	5
1295741	1083	0.817629	1.725685477256775	5
688058	2003	6.310906	3.626288890838623	5
910780	1190	0.290033	1.1383318901062012	5
1240127	1578	4.514287	2.593686103820801	5
906763	1557	3.756409	1.4455960988998413	5
905961	1062	-0.974343	2.2037487030029297	5
1659817	1918	1.708451	1.828274130821228	5
909727	1016	2.671213	2.6074299812316895	5
1299081	2498	6.759602	5.0216264724731445	5
1297446	1050	1.870881	-3.214083671569824	5
1299070	1786	1.416896	3.0523695945739746	5
753569	1059	0.383275	2.9909377098083496	5
906805	1019	2.732105	4.087240695953369	5
1240193	1133	2.923397	4.940700531005859	5
753531	1061	4.145632	2.803372383117676	5
907051	1804	3.737103	3.428556442260742	5
907071	1580	5.689195	4.180565357208252	5
1330941	1177	5.741111	3.75423002243042	5
753575	1816	6.271771	4.720362186431885	5
753552	1615	5.660138	2.9565486907958984	5
909252	1011	0.011598	1.4455960988998413	5
1330964	1067	5.057301	1.7521315813064575	5
946353	2011	5.556092	4.315290927886963	5
1298222	1834	1.847403	3.506815195083618	5
724825	1060	-1.190085	2.6511943340301514	5
905949	2048	-3.81144	-2.0651445388793945	5
998189	1049	4.849082	2.917372226715088	5
724873	1014	-0.042112	3.5573313236236572	5
949173	1512	4.486257	1.1383318901062012	5
687800	1003	0.133024	2.6652607917785645	5
905962	1243	1.97778	3.8414664268493652	5
753540	1047	4.148051	5.046929836273193	5
909248	1373	4.522034	2.8797049522399902	5
753554	1620	4.41858	3.964597702026367	5
753589	1131	3.839385	4.940700531005859	5
753576	2173	5.077103	4.211406230926514	5
1327766	1873	0.421798	1.828274130821228	5
949153	1838	2.009795	1.6909798383712769	5
906828	1804	6.21187	3.576819658279419	5
905947	1239	2.169416	4.098013877868652	5
908152	1828	3.792427	3.626288890838623	5
907278	2360	3.302605	1.8869404792785645	5
1290908	1919	0.963438	2.5088276863098145	5
908483	1866	1.443057	2.92107892036438	5
910781	1033	4.342865	4.091844081878662	5
910900	1131	5.016814	6.558268070220947	5
930083	1047	7.149442	5.702607154846191	5
1299062	1626	2.043591	3.473145008087158	5
1290908	2156	3.791614	4.544013023376465	5
1299069	1631	2.454753	3.690521478652954	5
909757	2170	2.0181	2.8012800216674805	5
724859	1866	2.901485	3.7171618938446045	5
905944	1043	5.334515	6.361026287078857	5
946360	1177	4.309029	4.223339557647705	5
753548	1738	-1.291302	1.792694091796875	5
906791	1615	6.413316	3.266674041748047	5
906872	1018	6.383345	2.6103456020355225	5
909725	2040	1.128068	2.6138477325439453	5
687562	2037	1.923494	4.470582962036133	5
907063	1940	4.373053	2.750826358795166	5
909726	1036	3.971989	1.7998614311218262	5
905967	1068	0.869211	2.4624171257019043	5
907321	2096	3.139042	3.2624893188476562	5
1503365	1549	2.321757	2.48957896232605	5
753592	1916	3.336933	4.087240695953369	5
713880	1919	1.000638	2.1342825889587402	5
1524416	1079	-1.79876	3.6256940364837646	5
688025	1739	1.318548	3.491189956665039	5
1330972	1177	0.526899	3.5616726875305176	5
909725	2048	-2.725124	-1.1688381433486938	5
907061	2158	3.808462	4.148311138153076	5
724873	1999	3.144097	3.5702404975891113	5
924239	2149	0.38852	2.935316562652588	5
753612	1635	5.730374	2.505061149597168	5
946369	1083	2.33471	2.188847541809082	5
1503364	1819	-5.236262	-1.461032509803772	5
909751	2046	3.146938	1.6874122619628906	5
1298219	2359	5.370847	4.004908561706543	5
1298357	1630	4.317017	3.690521478652954	5
910933	2439	9.853861	4.080358028411865	5
1240197	1630	5.999035	4.0211873054504395	5
949176	1578	5.874433	1.1383318901062012	5
1299078	1060	-0.17225	1.7998614311218262	5
905958	1819	3.41897	-3.214083671569824	5
946373	1512	6.432245	1.7333887815475464	5
910934	2038	4.076587	2.528177499771118	5
724834	1808	-0.151991	2.6652607917785645	5
908460	1998	7.701451	4.544013023376465	5
753589	1836	4.938202	2.847196578979492	5
753620	1854	5.188896	3.624180555343628	5
906824	2149	0.958886	3.960618257522583	5
906795	1783	6.326993	4.205230236053467	5
910554	1085	2.155903	3.8452587127685547	5
910780	1912	2.223829	2.541733503341675	5
1503369	1243	1.967871	4.544013023376465	5
905982	1625	5.068459	4.2294602394104	5
908450	1086	1.780847	1.580181360244751	5
1290722	1627	2.264993	4.459352016448975	5
1240199	1190	6.711783	2.433016777038574	5
1299052	1779	1.236772	3.715364933013916	5
907058	1827	2.03281	2.9761157035827637	5
753575	2011	5.024778	4.315290927886963	5
1480371	1820	3.252003	3.392810821533203	5
1298531	1017	5.064569	4.031818866729736	5
687804	2174	1.27464	4.004908561706543	5
907277	1706	-0.69062	1.7757508754730225	5
1290905	1783	6.89623	3.7121212482452393	5
905974	1835	2.292167	2.9761157035827637	5
905980	1928	6.427524	3.9539175033569336	5
1240146	1931	7.465605	6.558268070220947	5
1298350	2039	4.26824	3.622842311859131	5
1299081	1845	0.262606	2.9761157035827637	5
910935	1844	2.156425	1.9445241689682007	5
910927	1815	4.905403	3.7121212482452393	5
688025	1624	-0.963523	3.473145008087158	5
1290769	1080	0.090462	-1.756385087966919	5
908151	1811	-3.630473	3.7121212482452393	5
724834	1706	3.275218	4.545168399810791	5
909256	1843	-0.186587	2.2526443004608154	5
753533	1615	5.369582	2.8865232467651367	5
908150	1912	3.677951	3.4229824542999268	5
909907	1053	2.888257	2.6754326820373535	5
1298347	1617	1.915242	2.4624171257019043	5
910932	1250	2.875592	3.7170915603637695	5
1298531	1026	-0.885212	1.5262054204940796	5
906818	1635	6.044554	3.5563888549804688	5
1330973	2499	10.495638	5.189586639404297	5
925340	1622	5.232041	3.9699015617370605	5
908122	2048	-3.470203	-1.472649335861206	5
905969	1919	4.066338	2.472791910171509	5
924188	1047	3.271378	4.423934459686279	5
908146	1024	-2.172806	2.3703665733337402	5
1298359	1844	2.832472	3.506815195083618	5
909721	1585	5.691404	3.622842311859131	5
1290922	1843	0.375198	2.2526443004608154	5
724839	1736	5.730872	3.0299301147460938	5
749709	1069	2.554595	3.0132761001586914	5
749716	1560	3.315268	2.6754326820373535	5
1509074	1024	1.093775	3.6256940364837646	5
1480362	2145	0.121548	3.392810821533203	5
1240193	1913	3.587841	5.189586639404297	5
909974	1582	4.23574	3.1452908515930176	5
910850	1913	5.890831	6.081070899963379	5
1298134	1613	4.346487	3.8061089515686035	5
1298216	1449	5.620001	4.281041145324707	5
1479995	1578	5.685646	2.433016777038574	5
1480358	2045	5.98486	3.119619369506836	5
946356	1862	-0.8702	2.0442776679992676	5
1659929	1084	0.085479	2.8012800216674805	5
909252	1059	-0.172522	1.781529426574707	5
909740	1268	4.963771	4.158869743347168	5
1298533	1026	-0.881063	2.276752471923828	5
906834	1820	-0.860752	3.011465072631836	5
753581	1940	3.516288	4.127503871917725	5
907295	1626	4.185515	3.473145008087158	5
724870	1052	2.409739	2.4499971866607666	5
1240153	1911	-5.062994	3.5563888549804688	5
906855	1738	-1.052262	1.7085480690002441	5
908476	1708	-0.760288	2.226173162460327	5
909761	1933	4.615699	1.3620418310165405	5
906830	1194	5.031447	2.6138477325439453	5
906837	1080	-5.105203	-2.317485809326172	5
909698	1804	4.887591	3.1126322746276855	5
946367	1557	4.758353	2.5635852813720703	5
1524419	1038	2.453664	3.928061008453369	5
907276	1922	-0.323616	2.9085514545440674	5
713899	1716	4.272894	3.491189956665039	5
724828	1782	6.21235	3.155611038208008	5
907055	1802	2.860558	3.767397880554199	5
753575	1133	3.850293	6.172168254852295	5
753562	1940	4.788342	4.069736003875732	5
1303911	1917	2.164879	3.75423002243042	5
1290730	1020	5.419465	1.4419769048690796	5
949170	2046	1.281234	1.2823716402053833	6
753562	1060	1.752433	2.620058536529541	6
907274	1511	-2.020632	0.3998070955276489	6
753594	1821	2.999447	2.657341241836548	6
688014	1030	5.518352	3.5408682823181152	6
1503367	2000	5.381915	3.232438564300537	6
1660035	1821	4.608435	3.2934374809265137	6
1240167	1843	-1.974404	2.8837106227874756	6
687812	1025	5.049179	4.309717655181885	6
949178	1831	2.742593	2.8171212673187256	6
1297439	2439	9.849241	3.653761863708496	6
1480371	1706	4.395061	4.188608646392822	6
724859	1175	5.674242	4.362729549407959	6
909257	1029	5.154083	3.294358491897583	6
1240186	1559	0.757637	0.09135186672210693	6
1298351	1932	1.830368	3.2086212635040283	6
753572	1190	-3.240813	3.534425735473633	6
753552	1373	5.581379	2.6360716819763184	6
749715	1259	4.042185	4.150242328643799	6
906855	1372	-0.975435	1.5706654787063599	6
907277	1814	0.618804	0.7355707287788391	6
906818	1022	-0.948044	1.7631686925888062	6
905978	1449	5.662658	3.5775392055511475	6
1297447	1912	2.870525	1.1548246145248413	6
907289	1578	4.904907	2.407644510269165	6
906844	1734	0.976282	3.9733963012695312	6
724870	1630	4.989307	4.498342037200928	6
908141	1511	-3.003259	0.6885578036308289	6
946355	1054	4.759496	1.9051231145858765	6
1240154	2438	8.333842	4.336337089538574	6
1659928	1005	2.099701	2.407644510269165	6
908447	1716	5.225893	3.563076972961426	6
753561	2148	0.31367	3.1276330947875977	6
753575	1736	4.063279	2.872440814971924	6
688026	1043	5.325259	3.980654239654541	6
1240204	1941	-5.866676	1.7065316438674927	6
753589	1584	4.723389	2.490903615951538	6
909762	1129	2.121359	1.1894482374191284	6
1331034	1085	1.635518	1.3028477430343628	6
713899	1621	4.270153	2.490903615951538	6
907286	1629	5.372425	0.9279412627220154	6
1240170	1061	4.971862	2.9427762031555176	6
1298169	1054	4.346325	1.6981496810913086	6
1290908	1053	2.311985	3.106590747833252	6
1240162	2359	6.8501	3.7766566276550293	6
688086	1578	4.851086	1.7676090002059937	6
1240217	1716	3.074797	3.9194717407226562	6
1240185	1627	3.864029	4.391758441925049	6
909697	1712	-4.167959	3.847062587738037	6
905956	1050	2.604397	-0.8953312635421753	6
1331034	1576	1.314894	2.8548073768615723	6
909726	1079	4.079444	4.098745346069336	6
687590	1919	2.304401	2.8433425426483154	6
1298219	2106	3.641492	2.7954015731811523	6
909740	1029	8.075006	2.8879847526550293	6
909709	1559	-3.405496	0.2367018461227417	6
1240129	2154	3.691849	4.456474781036377	6
907318	1614	3.482602	3.636333703994751	6
1503368	1004	-0.100556	-1.3264836072921753	6
909718	1093	4.914366	3.247119426727295	6
910919	1401	-0.21228	-0.6920843720436096	6
906746	1072	5.79915	4.112310409545898	6
753563	1449	4.128714	2.3639185428619385	6
910935	1014	0.27874	2.0701382160186768	6
909257	1873	0.777084	3.307720422744751	6
910781	1004	-2.227445	-1.874273657798767	6
1524417	1926	0.612104	2.7348265647888184	6
905979	1830	2.522348	3.3199267387390137	6
687457	1034	-1.11484	3.0283567905426025	6
949177	1927	3.418295	3.563076972961426	6
908443	1093	5.395791	3.2831871509552	6
1290724	2156	3.049085	3.7766566276550293	6
905944	2154	1.746337	4.391758441925049	6
910937	2045	4.111289	2.440924882888794	6
1295740	1624	3.488567	1.6972700357437134	6
908129	1598	3.323608	4.0603227615356445	6
909728	1778	4.785169	2.8076281547546387	6
1331037	1826	0.496475	1.7667596340179443	6
688023	1089	3.249425	2.0835518836975098	6
910920	1712	-0.096155	4.090909957885742	6
949171	1873	-0.532867	2.5798287391662598	6
687448	1824	4.720098	3.5975182056427	6
906807	1093	3.005508	1.4363948106765747	6
1298169	1708	0.647997	1.6981496810913086	6
1298223	1632	4.421166	2.1742513179779053	6
907313	1816	5.755538	4.44429349899292	6
905948	2439	9.638452	4.090909957885742	6
908460	1730	4.289476	3.7960379123687744	6
907045	1784	5.254531	3.3306379318237305	6
910941	1190	-2.775162	1.7676090002059937	6
1327775	2439	8.911192	2.9627678394317627	6
924240	2169	0.071766	2.657006025314331	6
1297439	1372	2.931789	2.9070615768432617	6
753541	1996	3.757308	1.7065316438674927	6
909781	1621	7.252503	3.230405807495117	6
722046	1428	4.269108	4.36936616897583	6
907313	1849	-0.82849	1.3678786754608154	6
1240222	2037	4.857177	4.456474781036377	6
1659928	1007	-6.406372	-1.766171932220459	6
907271	2159	3.34035	3.876960039138794	6
1503370	1932	3.467866	3.4663307666778564	6
1298134	1853	1.684301	2.8753573894500732	6
1330950	1928	2.817843	2.1060190200805664	6
753548	2003	4.273778	1.7984226942062378	6
930301	1054	4.577963	1.7631686925888062	6
688015	1558	1.791554	2.687147617340088	6
905955	1617	1.911168	2.261204719543457	6
1240187	1006	-1.80907	4.36936616897583	6
907279	1784	7.168262	3.1770567893981934	6
1298226	1716	4.402784	3.8934855461120605	6
909719	1808	0.181101	2.9061667919158936	6
753549	1786	4.454442	3.2730531692504883	6
1298347	1018	4.423385	4.362729549407959	6
753565	1502	5.165279	3.9012222290039062	6
905941	1033	6.976079	4.063316345214844	6
949153	1083	0.603807	1.1109707355499268	6
687561	1594	3.473338	2.6856884956359863	6
908463	1814	6.105131	3.222266435623169	6
1330995	1046	0.134741	-0.6920843720436096	6
909975	1237	5.801637	4.125377655029297	6
1298168	2011	3.505657	4.090909957885742	6
687802	1068	0.798398	2.5667929649353027	6
753570	1249	1.928449	3.7766566276550293	6
1298476	1033	8.433241	4.6724724769592285	6
722066	1866	3.491228	3.7960379123687744	6
909253	1083	0.162138	1.2858490943908691	6
1240186	1826	3.932309	2.657341241836548	6
906818	1053	5.497836	2.841007947921753	6
687800	1817	-1.655737	3.351396083831787	6
724870	1622	5.27134	4.731927394866943	6
1480358	1191	-4.874806	1.2017152309417725	6
908125	1739	5.566395	4.098745346069336	6
713885	2111	3.720924	3.5408682823181152	6
909904	1593	5.373929	3.9639687538146973	6
1659929	2111	3.706996	4.119363307952881	6
687459	1372	2.663933	2.6360716819763184	6
905974	1840	0.374264	3.5975182056427	6
753610	1941	-5.713134	1.2423838376998901	6
907275	1553	1.423409	1.3958723545074463	6
906805	1022	0.455097	2.3285598754882812	6
949093	1030	7.41603	4.150242328643799	6
1503365	1004	-2.355634	-1.3264836072921753	6
688086	1038	2.795128	3.5701732635498047	6
753532	1051	0.909667	-1.9769665002822876	6
1331033	1583	0.465734	1.6740885972976685	6
905950	1372	-0.128959	3.1586713790893555	6
906797	1854	5.530041	4.222370624542236	6
687787	1179	-0.185532	2.1742513179779053	6
949094	1036	4.11975	2.9427762031555176	6
722066	1917	4.974553	4.362729549407959	6
688014	1047	5.825261	4.107259750366211	6
1240223	2159	4.350475	4.346242904663086	6
911905	1067	7.524489	2.478970527648926	6
905967	1372	-3.142186	3.0066447257995605	6
908483	1179	-0.104403	1.4557902812957764	6
905984	2048	-5.281105	-1.0901265144348145	6
1298537	1018	4.661761	4.362729549407959	6
909904	1085	3.307758	4.498342037200928	6
1290455	2046	1.363893	-0.4040062427520752	6
910934	1022	-2.511142	-0.6920843720436096	6
908465	1835	4.175732	3.604363203048706	6
905980	1149	3.082686	1.5061038732528687	6
910567	1507	2.538028	3.563076972961426	6
905946	1180	-1.209648	1.8481777906417847	6
906837	1024	-1.557049	3.3362631797790527	6
910548	1582	4.688307	3.470109701156616	6
687563	1013	3.76172	3.7375857830047607	6
909738	1786	4.141095	2.922276020050049	6
688015	1013	1.655409	2.916734218597412	6
908460	1560	6.240711	3.106590747833252	6
906837	1052	1.267521	1.9210835695266724	6
1331036	1006	-2.396057	2.3256020545959473	6
909736	1778	4.94917	3.041661500930786	6
905954	1039	4.831957	4.098745346069336	6
910943	2171	1.52605	3.6894145011901855	6
924106	2361	4.561053	2.657006025314331	6
724838	2043	5.689936	4.130783557891846	6
1659819	2039	3.236941	1.8019858598709106	6
905985	1561	2.417383	2.6856884956359863	6
753618	2149	0.435758	3.959300994873047	6
749717	1720	5.077374	1.502893090248108	6
924244	1845	1.892086	3.604363203048706	6
753610	1613	3.382973	3.5408682823181152	6
907319	2439	8.902567	4.0230231285095215	6
1240187	2011	3.672341	4.36936616897583	6
908468	1561	3.507504	2.440924882888794	6
906804	1180	-3.610819	1.6690905094146729	6
909727	1910	2.613732	2.261204719543457	6
907277	1585	3.564597	1.7695976495742798	6
907276	1512	6.279088	2.9349365234375	6
753624	1834	2.396162	4.195336818695068	6
753615	1061	3.25873	2.2031311988830566	6
910554	2157	4.282451	4.167223930358887	6
924240	1916	-0.442896	3.604570150375366	6
924244	1249	2.873855	4.36936616897583	6
687798	2145	2.082318	3.604363203048706	6
946368	1593	2.885718	3.2708349227905273	6
1480364	1782	5.420755	4.405490875244141	6
905935	1919	2.435581	3.2678308486938477	6
908465	1917	3.53897	4.362729549407959	6
949171	1200	1.860395	4.010251522064209	6
1298134	1046	1.806756	0.8803625702857971	6
924187	1626	1.376424	3.87459659576416	6
910689	1585	6.430711	3.193291187286377	6
907058	1780	4.636935	4.098745346069336	6
908473	1932	2.447208	3.4663307666778564	6
724825	2112	2.089809	1.8711833953857422	6
753538	1032	-0.565443	2.409578323364258	6
946373	1031	-1.105438	0.4849163591861725	6
924100	1584	3.46061	4.4263787269592285	6
910568	1511	0.021789	3.106520175933838	6
924239	1023	2.75184	1.0677608251571655	6
910935	1032	0.505509	1.4720791578292847	6
1298476	2149	3.727915	4.689543724060059	6
909748	1016	3.675888	2.6955912113189697	6
1240212	1026	0.611505	-0.4320203959941864	6
907045	2011	5.410666	3.9733963012695312	6
946366	1553	3.843888	2.6856884956359863	6
909704	1131	6.12435	4.538769721984863	6
905951	1613	2.601485	4.150242328643799	6
1322212	2170	3.904227	2.440924882888794	6
1240158	1578	4.612091	2.9061667919158936	6
910698	2112	2.716687	3.3199267387390137	6
909761	2039	2.87002	3.193291187286377	6
910710	1862	-1.685166	-1.415608286857605	6
906843	1004	-1.679955	-1.8400434255599976	6
1240185	2158	5.324427	4.391758441925049	6
687568	2038	5.576713	4.102324485778809	6
924111	1732	4.569403	3.7766566276550293	6
949154	1190	1.38309	2.2793238162994385	6
906825	2046	1.809679	2.478970527648926	6
724870	2360	5.508495	3.503617763519287	6
910691	1844	2.718264	3.1575050354003906	6
1659929	1049	5.555961	2.8879847526550293	6
924240	1053	-0.244607	2.657006025314331	6
971777	1073	2.704542	3.9754815101623535	6
910907	1023	4.081221	3.726755142211914	6
1240204	1089	1.074688	2.8372180461883545	6
905989	1736	6.137973	2.128058433532715	6
724878	2154	4.566604	4.391758441925049	6
905951	1845	2.612743	3.3306379318237305	6
907055	1866	1.526346	3.200366973876953	6
713880	2046	2.871309	1.4557902812957764	6
907275	1243	0.779108	2.2431411743164062	6
905991	1249	3.045425	4.405490875244141	6
946359	1177	5.094934	4.150242328643799	6
910546	1832	4.730946	4.195336818695068	6
925348	1249	4.901772	4.6724724769592285	6
1327765	1194	2.833842	1.0082926750183105	6
753578	1373	4.540538	3.1586713790893555	6
907787	2362	3.34368	1.1894482374191284	6
688025	2438	10.230078	3.653761863708496	6
908135	1549	3.818454	2.6799867153167725	6
1327769	1930	-0.084062	1.9477856159210205	6
910079	1059	1.527916	2.7200863361358643	6
910852	2043	5.548152	4.150242328643799	6
905960	1908	2.276382	3.479762077331543	6
1240204	1083	1.560226	2.7665090560913086	6
907287	1940	4.332759	4.237407684326172	6
906835	1046	5.485879	1.2367264032363892	6
749710	2037	4.402221	3.9951181411743164	6
906868	1033	5.651091	3.8926849365234375	6
1298531	1733	1.339667	3.3362631797790527	6
906818	1834	2.37987	3.5975182056427	6
749713	2010	3.613673	3.3306379318237305	6
907280	2002	4.865139	1.7984226942062378	6
753621	1618	4.862795	4.777759075164795	6
1330964	1051	0.018923	-2.677293062210083	6
908135	1079	1.53974	3.563076972961426	6
753562	1815	5.720743	3.7766566276550293	6
909703	1996	3.712172	-0.09795582294464111	6
1330931	1838	1.855959	1.8695257902145386	6
908450	1018	6.528036	3.9470038414001465	6
1298134	1824	2.375025	3.012697696685791	6
909778	1180	-1.985847	1.8481777906417847	6
907274	2156	2.511141	2.3256020545959473	6
1674021	1862	-1.468119	-0.2766963243484497	6
949172	1927	3.644381	3.563076972961426	6
1524416	1061	3.522346	3.1586713790893555	6
1299075	1919	3.019813	3.2678308486938477	6
909718	1824	1.908264	3.2934374809265137	6
909703	2048	-5.002259	-3.100857734680176	6
906835	1777	7.540457	3.8728854656219482	6
910930	1825	-2.220001	1.7667596340179443	6
905949	1080	-4.467824	-0.6691837906837463	6
1240193	2177	1.610307	3.6906323432922363	6
1303900	1059	0.079832	2.657006025314331	6
910907	1866	4.602494	4.27133321762085	6
1480362	1564	5.863786	3.080556869506836	6
1298356	1129	4.11252	2.7954015731811523	6
753623	1200	2.802242	4.353123664855957	6
949090	1917	1.122283	4.367557048797607	6
1480367	1512	5.485371	3.181858539581299	6
909773	1091	1.466617	1.4363948106765747	6
1503363	1133	4.669422	4.9292826652526855	6
1479988	1177	5.670103	4.367557048797607	6
1327768	1926	2.99889	0.6368265151977539	6
713899	1706	2.142727	3.4023282527923584	6
1327775	1776	3.913718	2.2045679092407227	6
1524414	1873	1.039407	2.7348265647888184	6
909713	2110	4.098814	4.076595306396484	6
687459	1067	6.151491	2.1242268085479736	6
1331034	1067	3.920682	-0.6920843720436096	6
1524418	1200	3.879449	4.360391139984131	6
910932	1578	5.768857	2.9891409873962402	6
687506	1017	4.023659	3.8535447120666504	6
906821	1847	1.289901	4.195336818695068	6
1298219	1813	5.367049	2.7146573066711426	6
906801	2360	4.464587	2.657006025314331	6
1240223	1581	3.050044	4.120044231414795	6
905990	1940	2.80992	4.3783392906188965	6
1240142	1738	-0.001447	3.2831871509552	6
753573	1808	1.921273	2.8837106227874756	6
1240189	1020	2.938728	0.09135186672210693	6
946359	1062	4.660769	3.479762077331543	6
946369	2170	1.321742	2.6407299041748047	6
906696	2361	3.292642	3.395935535430908	6
1503361	2111	3.229911	4.174007415771484	6
1327768	1018	4.069988	1.9477856159210205	6
909249	2106	0.210233	1.1548246145248413	6
1240185	1739	3.061914	4.0516357421875	6
753556	1051	1.073909	-0.9678694605827332	6
905933	1912	2.280619	3.307720422744751	6
908451	1563	5.208192	2.2379887104034424	6
908483	1614	1.871779	3.2550220489501953	6
907067	1804	5.775187	3.5975182056427	6
905991	2145	-0.803081	3.7116341590881348	6
907789	1048	3.323769	2.487563133239746	6
687798	2172	3.248044	4.146091461181641	6
724869	1843	0.728539	3.534425735473633	6
907269	1564	1.994879	1.7706421613693237	6
1240182	1191	-0.743371	0.09135186672210693	6
687985	1829	0.064	2.657341241836548	6
713899	1083	0.733104	2.2733335494995117	6
1240154	1714	0.693464	2.7770140171051025	6
906765	1004	-5.968084	-3.6581509113311768	6
906765	2002	4.852692	1.8711833953857422	6
907317	1373	4.94597	2.872440814971924	6
1298362	2110	3.034444	3.8251047134399414	6
907799	1023	2.375134	1.0082926750183105	6
905989	1922	2.34673	2.8879847526550293	6
905951	2113	4.126513	3.3306379318237305	6
910903	2360	5.228995	2.841007947921753	6
753574	1020	6.88826	0.13917893171310425	6
1240142	2037	3.140736	4.056637287139893	6
1503365	1036	6.911215	2.872440814971924	6
1660034	1803	4.972852	3.2934374809265137	6
910932	1926	0.780018	2.841007947921753	6
687798	1053	2.834511	3.106590747833252	6
749710	1549	2.116336	2.560255765914917	6
1290797	1006	0.386478	4.6724724769592285	6
908443	1714	2.704861	2.7355313301086426	6
1290908	1853	4.354851	3.351396083831787	6
907169	1919	1.934872	2.891267776489258	6
1240181	2171	-2.534338	2.2117838859558105	6
910704	1019	3.196855	3.604570150375366	6
1299052	1629	4.450838	0.2367018461227417	6
908152	1631	2.35528	3.920625925064087	6
908447	1549	5.612412	2.6799867153167725	6
1240153	1916	3.272171	4.098745346069336	6
1240226	2038	5.097672	4.076595306396484	6
905967	1030	3.860211	4.362729549407959	6
1503363	1062	5.229561	2.872440814971924	6
906821	2110	5.280995	4.689543724060059	6
907172	1936	3.906297	3.2480924129486084	6
753546	1585	5.257716	3.49916410446167	6
909757	1580	4.995454	3.8906028270721436	6
1659818	1828	2.396976	1.8711833953857422	6
946377	1512	4.501746	3.2584168910980225	6
909748	1998	5.369323	4.115164279937744	6
946353	2361	4.840442	2.7200863361358643	6
905958	1806	4.923245	0.7355707287788391	6
907795	1049	3.513854	2.8879847526550293	6
949171	1709	-2.514488	1.2823716402053833	6
687568	1583	3.900322	4.102324485778809	6
753594	1179	0.10428	1.4557902812957764	6
908147	2096	2.344266	2.0067005157470703	6
1503369	1564	1.507205	3.0066447257995605	6
1240226	1930	2.359	4.168215274810791	6
1480360	1021	3.761303	3.294358491897583	6
949178	1634	2.737572	5.072978496551514	6
1240201	1022	1.79922	2.490602493286133	6
909726	1911	-5.985198	3.9754815101623535	6
906842	2169	1.178141	0.6368265151977539	6
713899	1833	2.551126	2.657341241836548	6
753595	1919	2.749186	3.480461597442627	6
1247873	1030	6.914831	4.362729549407959	6
1240223	1441	3.11946	3.395935535430908	6
909747	2498	9.805334	4.839051723480225	6
753566	1815	6.504351	4.170873165130615	6
910780	1853	4.109348	2.5125489234924316	6
687787	1190	-0.895313	3.1294445991516113	6
1330942	1631	3.580229	1.7931609153747559	6
905970	1625	5.967222	4.146091461181641	6
1297439	1058	1.906906	2.440924882888794	6
724869	1168	2.586234	3.480461597442627	6
906821	1926	0.56244	3.503617763519287	6
1290905	1911	-2.477788	3.9733963012695312	6
910927	1373	3.824752	3.479762077331543	6
925340	1838	4.464664	3.0346882343292236	6
1331038	1022	-1.410371	-0.6920843720436096	6
909723	1083	2.293735	3.2480924129486084	6
905969	1268	5.054923	4.3783392906188965	6
1297449	1593	0.391741	1.8019858598709106	6
1240146	1373	6.478078	3.0066447257995605	6
1299052	1924	3.94122	2.561948299407959	6
907786	1060	1.676815	3.0066447257995605	6
946366	1088	0.688444	3.2584168910980225	6
910904	1621	5.456767	3.0951437950134277	6
753574	1008	-1.878746	2.8837106227874756	6
1298136	1827	-1.489014	4.195336818695068	6
907269	1808	-2.290898	1.011107325553894	6
753618	1175	2.161713	3.5701732635498047	6
1480364	1559	3.863504	1.2017152309417725	6
1331032	1529	0.518512	2.3256020545959473	6
908483	1091	3.421321	2.685046672821045	6
753555	1249	2.524113	4.0230231285095215	6
909253	1050	-1.11212	-3.305398464202881	6
905960	1815	6.267278	3.9733963012695312	6
910911	1930	1.161629	4.0575852394104	6
687448	1854	6.089143	4.290759563446045	6
753569	1558	4.156466	2.6120448112487793	6
1240122	2038	5.024847	3.8251047134399414	6
910904	1734	2.213372	3.7766566276550293	6
1298526	2106	4.540874	3.503617763519287	6
753541	1179	0.014948	1.9210835695266724	6
905983	1512	5.904179	3.2584168910980225	6
753615	2110	5.552305	2.82137393951416	6
910702	1936	6.401627	3.726755142211914	6
753570	1615	4.971715	2.561948299407959	6
687802	1820	5.576323	3.604363203048706	6
1297449	1129	2.62256	0.6368265151977539	6
753554	1584	1.698038	3.3643391132354736	6
1479988	1080	-2.33895	-1.52737557888031	6
924100	1248	-3.178948	4.304973602294922	6
924239	1778	1.098111	1.1548246145248413	6
909784	1008	2.894582	2.9891409873962402	6
1240201	1730	2.927198	4.27133321762085	6
1299050	1829	1.614049	3.1276330947875977	6
909738	1032	1.975419	2.8203535079956055	6
910919	1820	2.725041	1.7667596340179443	6
910948	2040	0.080664	3.473212718963623	6
930297	1059	0.310357	2.5012621879577637	6
687980	1441	3.757485	2.440924882888794	6
910691	2158	4.425868	4.088840484619141	6
687563	1553	3.922111	2.6856884956359863	6
907320	1827	-0.835676	3.232438564300537	6
905986	1925	5.687055	4.44429349899292	6
907274	1910	0.656069	-0.6912141442298889	6
687819	1058	1.880063	3.106590747833252	6
749714	1916	3.384742	3.604570150375366	6
1298168	1089	4.877631	3.277059555053711	6
909253	1512	4.608039	0.6885578036308289	6
1327769	1917	-0.167635	1.9477856159210205	6
905961	2096	0.263125	2.128058433532715	6
907790	1803	7.130943	3.2934374809265137	6
1247873	1037	3.384027	4.0516357421875	6
924239	1843	-0.119741	0.7297179102897644	6
688010	2439	9.390279	3.653761863708496	6
905951	1036	4.802432	3.479762077331543	6
906871	1817	-6.092535	3.0804803371429443	6
907795	2177	1.774821	4.167223930358887	6
906828	1190	-2.971591	3.106520175933838	6
905950	1021	2.816669	3.2633306980133057	6
909697	1718	3.950647	3.56831431388855	6
687586	1909	2.367434	1.3678786754608154	6
907792	1815	5.688813	4.115164279937744	6
930297	1529	1.779723	3.8541367053985596	6
753582	1083	0.831185	2.2733335494995117	6
1330982	1557	4.057408	-0.6912141442298889	6
753532	1815	5.32858	3.7766566276550293	6
1299081	1576	3.312916	4.290759563446045	6
946359	1830	3.68325	3.3306379318237305	6
907790	1029	5.971442	2.8879847526550293	6
1331034	1635	3.982511	2.3256020545959473	6
909781	1733	5.507943	3.5775392055511475	6
907787	1833	0.665609	1.7441558837890625	6
906807	1013	2.113786	0.861633837223053	6
907169	1618	5.361641	4.489650249481201	6
910933	1561	3.739063	2.6856884956359863	6
949088	2110	1.667402	1.6740885972976685	6
906877	1813	3.174314	0.7355707287788391	6
687588	1024	0.42108	3.8728854656219482	6
753618	1179	-1.972612	1.2823716402053833	6
910941	1507	4.906737	3.563076972961426	6
905959	1873	1.786264	3.307720422744751	6
946370	1911	-4.863058	4.112310409545898	6
1503368	1928	4.687716	3.81168270111084	6
713869	1005	5.837076	3.222266435623169	6
724834	1191	-3.51126	0.9464026093482971	6
1240192	2037	5.82286	3.6906323432922363	6
907317	1030	5.55133	4.174007415771484	6
1503363	1088	2.829411	2.8837106227874756	6
906842	1908	3.361137	2.0701382160186768	6
1330972	2359	3.645915	3.653761863708496	6
753577	2169	3.810066	2.7348265647888184	6
1524416	1047	3.581502	4.8148884773254395	6
910549	1866	2.593378	3.3258562088012695	6
907789	1919	1.14416	1.8025110960006714	6
1240179	1510	4.096025	3.115025520324707	6
905967	2043	4.837889	4.362729549407959	6
907271	1803	6.721216	3.1770567893981934	6
687794	1133	3.012633	5.10021448135376	6
909709	1091	2.678706	2.949488878250122	6
905977	1829	2.47548	3.5975182056427	6
753595	2044	6.001818	3.534425735473633	6
1299078	1820	1.017036	3.5975182056427	6
905968	1804	5.357314	3.7116341590881348	6
1240178	1007	-4.050462	-0.2981241047382355	6
1330947	1582	3.378604	1.8275820016860962	6
1331048	1627	2.331088	1.6740885972976685	6
905970	1928	6.191982	4.146091461181641	6
753584	1998	3.552744	4.170873165130615	6
907066	1057	1.513608	3.2075557708740234	6
1298168	1024	1.574829	3.5775392055511475	6
1240204	1199	4.864564	4.270618915557861	6
906817	1020	6.477892	0.13917893171310425	6
909721	2109	5.742636	4.309717655181885	6
907787	1834	0.271282	1.7441558837890625	6
1240197	1936	4.651586	3.294358491897583	6
908129	2039	5.193517	3.0090198516845703	6
946368	1373	5.760555	2.9427762031555176	6
906824	1029	5.737861	2.6543643474578857	6
687819	1006	4.37394	4.36936616897583	6
753585	1720	5.861214	1.5061038732528687	6
910710	1250	-0.986694	2.7249457836151123	6
949094	2439	9.089343	4.112310409545898	6
1240198	1563	6.109614	4.456474781036377	6
1240170	1997	4.95988	1.3678786754608154	6
724872	1778	3.88835	2.440924882888794	6
1331048	1838	3.387438	1.7667596340179443	6
907313	2045	6.046817	2.6856884956359863	6
1240143	1494	-4.046077	3.1294445991516113	6
1659823	1827	0.106058	3.2934374809265137	6
905974	1511	-2.601806	2.9891409873962402	6
905956	2044	4.634767	2.9891409873962402	6
1240172	1054	4.956269	1.8481777906417847	6
1298222	2154	2.112334	4.003047943115234	6
753559	1170	3.315315	0.13917893171310425	6
1240121	1630	2.869805	3.3362631797790527	6
905939	1004	-4.194482	-1.766171932220459	6
909747	1997	-0.771523	1.7748559713363647	6
924102	1067	6.310996	2.0241200923919678	6
1240182	1072	6.651021	3.653761863708496	6
930298	1057	-2.68393	2.5012621879577637	6
753556	2171	1.042707	3.2831871509552	6
1524415	1853	3.097529	3.230405807495117	6
753541	1580	5.074448	3.66142201423645	6
688006	1012	0.45597	2.490903615951538	6
753621	1036	5.345042	2.872440814971924	6
907272	1824	2.192593	1.7441558837890625	6
1240209	1014	0.047537	2.604093074798584	6
908483	1561	1.813037	2.440924882888794	6
687590	2044	3.38454	3.2584168910980225	6
905969	2360	6.677636	3.307720422744751	6
1298352	1827	-0.23852	3.3205902576446533	6
909708	1048	3.816108	4.0575852394104	6
907061	1838	2.648201	3.1276330947875977	6
753554	2171	0.789597	3.2831871509552	6
909256	2173	4.197254	3.80831241607666	6
909725	1930	2.649506	4.168215274810791	6
905964	1806	1.857826	0.7297179102897644	6
905952	2003	3.461334	1.7441558837890625	6
925348	1580	5.528417	4.45059061050415	6
907799	1557	2.800928	-0.6912141442298889	6
924238	1563	5.945227	4.346242904663086	6
717431	1058	0.926502	2.5798287391662598	6
949170	1615	5.569289	2.5798287391662598	6
753621	1844	6.100698	3.232438564300537	6
949090	1088	0.797186	3.181858539581299	6
724870	2156	1.527464	4.6724724769592285	6
749716	1170	2.024164	0.08902472257614136	6
724839	1084	0.604897	2.5012621879577637	6
906793	1866	2.42577	3.7629785537719727	6
924102	1812	3.992152	3.106520175933838	6
753622	1057	-2.014689	2.7200863361358643	6
753576	2157	4.329921	4.003047943115234	6
688010	1022	-0.115664	1.4557902812957764	6
907285	1259	4.115011	4.883415222167969	6
908126	1259	1.899343	2.904094696044922	6
753547	2003	5.0242	2.657341241836548	6
907289	1739	2.006217	4.03387975692749	6
909771	1016	1.631436	1.3958723545074463	6
909719	1018	5.169741	4.324278354644775	6
717431	1866	3.439523	3.151502847671509	6
908460	1714	4.149118	3.0066447257995605	6
1330948	1239	-0.506166	2.2431411743164062	6
909257	2177	2.024334	4.456474781036377	6
1503364	1401	2.066975	1.2219586372375488	6
687586	1401	1.174249	1.2367264032363892	6
908440	2107	3.477248	2.5798287391662598	6
906790	1511	-2.74744	2.9349365234375	6
906869	1632	4.602494	1.2219586372375488	6
924238	2145	-0.687023	3.6448912620544434	6
1240143	2359	4.721376	4.063316345214844	6
1330972	1553	2.648723	2.440924882888794	6
949177	1627	2.352248	3.959300994873047	6
1298531	1852	3.731457	3.7766566276550293	6
908480	1553	2.699854	2.440924882888794	6
1330995	1179	-0.152523	-0.6920843720436096	6
1240157	1578	5.149454	2.9061667919158936	6
1240179	2154	2.80783	3.840240478515625	6
753570	1855	4.421993	2.620058536529541	6
1240183	1237	6.076841	4.056637287139893	6
907045	1831	3.510457	3.3306379318237305	6
1330982	1627	2.398397	1.6740885972976685	6
905955	1086	2.793255	1.7631686925888062	6
910933	1908	1.487532	2.9427762031555176	6
1331037	1013	1.051403	0.861633837223053	6
1503363	1428	5.916313	4.0230231285095215	6
1290798	1634	4.749845	5.000633239746094	6
905982	1096	4.717295	-1.7048863172531128	6
1330995	1007	-4.072939	-3.9859890937805176	6
949174	1844	3.329533	2.8171212673187256	6
908440	1179	-0.437013	1.2823716402053833	6
909745	1586	5.631247	3.2708349227905273	6
907279	2039	2.948036	3.0804803371429443	6
925338	1582	4.338503	3.340726613998413	6
1503371	2158	4.286116	4.003047943115234	6
1297446	1714	2.619553	2.0067005157470703	6
906807	1632	1.168679	-0.6920843720436096	6
908130	1630	4.742792	3.733330249786377	6
724870	1714	2.83979	3.0997257232666016	6
906821	1632	4.426648	2.490602493286133	6
724859	2173	5.50666	4.146091461181641	6
1299052	1016	2.95384	2.561948299407959	6
910924	1931	5.15233	4.790943622589111	6
1331048	1720	2.61584	-0.6912141442298889	6
1330947	1776	2.957313	1.9074734449386597	6
908124	2175	5.580735	4.290759563446045	6
1240173	1614	4.71872	4.03387975692749	6
908128	1932	2.617812	3.503082275390625	6
908481	2039	3.936375	2.490903615951538	6
1480361	1512	5.417338	3.181858539581299	6
1479995	1932	4.0727	3.551060676574707	6
1240198	1007	-2.957514	-1.52737557888031	6
722058	1932	1.694417	3.4663307666778564	6
909252	1560	1.829319	1.1894482374191284	6
909256	1073	5.304228	3.9733963012695312	6
1303901	1037	2.447528	3.2550220489501953	6
687505	1052	2.381991	0.8803625702857971	6
910931	1578	5.551518	3.222266435623169	6
1298529	2037	6.223284	3.8251047134399414	6
906826	1839	4.753674	3.3306379318237305	6
753540	1048	6.567151	4.212991714477539	6
753624	1821	4.545985	4.195336818695068	6
907173	2498	8.397598	4.926506519317627	6
907317	1378	-0.297757	2.8837106227874756	6
749716	1618	2.861725	5.000633239746094	6
910861	1919	-0.492876	1.4720791578292847	6
907046	1083	1.839969	3.473212718963623	6
687457	1736	2.628282	2.6360716819763184	6
1298134	1615	5.024929	2.5012621879577637	6
1503363	1996	5.530146	1.8543295860290527	6
905983	1924	3.754994	2.6856884956359863	6
910692	1199	4.259904	3.9012222290039062	6
753614	1828	3.250537	3.232438564300537	6
1330931	1716	3.12641	2.7249457836151123	6
907277	1021	0.460294	1.1109707355499268	6
908141	1029	4.597967	1.2858490943908691	6
753605	1129	2.31767	2.440924882888794	6
910943	2109	2.21071	4.17572021484375	6
1240222	1558	4.735983	3.1034603118896484	6
906863	2040	1.630321	2.7665090560913086	6
906833	1932	3.324536	3.240607976913452	6
753594	1620	4.952701	3.4023282527923584	6
905935	2156	2.749911	3.8323912620544434	6
910934	1512	4.747502	0.3998070955276489	6
998189	1629	5.892074	-0.2766963243484497	6
907300	1853	2.580065	1.8275820016860962	6
905977	1017	4.779146	4.168215274810791	6
910935	2039	0.930748	1.8019858598709106	6
753594	1712	-3.575192	3.653761863708496	6
949094	1091	2.403061	3.6894145011901855	6
1240179	1576	2.106048	3.9406375885009766	6
906871	1021	1.980176	3.050536632537842	6
910952	1720	6.128418	1.5061038732528687	6
909248	1830	3.102848	3.0427348613739014	6
905962	2048	-3.158912	-1.766171932220459	6
909708	1847	6.722109	3.1276330947875977	6
687459	1866	2.610795	3.65545654296875	6
907071	2037	5.372948	4.356907844543457	6
753532	1718	2.90348	3.3362631797790527	6
908462	2149	2.192079	4.1923112869262695	6
924107	1237	5.05984	3.840240478515625	6
925347	1708	1.559117	2.490602493286133	6
910780	1925	3.664568	4.010251522064209	6
909251	1239	0.665222	2.643141269683838	6
909744	2438	10.442543	3.429226875305176	6
688031	1042	4.930889	3.980654239654541	6
1240167	1593	1.872762	3.1358559131622314	6
909773	1199	3.470256	3.4855780601501465	6
909740	1733	1.969653	4.03387975692749	6
1290725	1243	1.63341	3.7766566276550293	6
906864	1428	4.906596	4.336337089538574	6
687812	1730	2.104729	3.7960379123687744	6
1299059	1829	1.30918	3.1276330947875977	6
905984	2055	0.157	3.1770567893981934	6
905948	1017	5.114801	4.203899383544922	6
724834	1922	4.125472	3.2728583812713623	6
906837	2156	1.917881	3.7766566276550293	6
906814	1838	3.088934	3.5975182056427	6
1298167	2040	0.347052	3.343435287475586	6
1331045	1839	3.048845	1.7667596340179443	6
909725	1803	7.064854	3.5975182056427	6
687995	1913	3.418955	4.463982105255127	6
910900	1084	-0.716172	3.106590747833252	6
910932	1821	3.158162	3.5975182056427	6
1240123	1249	2.104698	4.115164279937744	6
907068	1010	3.002683	2.556460380554199	6
1240218	2096	3.933588	3.0997257232666016	6
1322213	1931	4.686501	4.913609981536865	6
906851	1833	3.041144	3.3306379318237305	6
1660036	1191	-4.303449	-0.2766963243484497	6
909248	1048	5.04444	3.735966682434082	6
910710	1463	3.341258	1.253193974494934	6
910689	1441	7.009249	2.6955912113189697	6
1480371	1844	4.496198	3.7116341590881348	6
908139	1091	1.763832	3.251659631729126	6
905960	1079	0.110852	3.604570150375366	6
930297	1714	5.19504	2.5042572021484375	6
753614	1820	0.327319	3.232438564300537	6
906834	1931	4.626329	4.376839637756348	6
924151	1635	5.606732	4.336337089538574	6
906790	2045	5.022524	2.5494375228881836	6
909250	1917	2.748014	4.203899383544922	6
1290724	1829	3.021145	3.1276330947875977	6
907314	1845	0.879759	2.8171212673187256	6
910704	1820	2.406784	3.3306379318237305	6
1299081	1057	-3.171455	2.841007947921753	6
1240185	1734	1.945067	4.36936616897583	6
753621	1828	4.377339	3.232438564300537	6
910911	1010	0.650533	2.409578323364258	6
910899	1008	3.395927	2.0835518836975098	6
1503363	1799	5.270048	3.636333703994751	6
924107	1061	4.742435	2.5042572021484375	6
1240187	1622	4.359948	4.309717655181885	6
687457	1559	1.453064	0.9351457953453064	6
1240179	1917	3.51569	3.8535447120666504	6
909715	1179	-0.48165	-0.4040062427520752	6
907783	2044	3.08891	0.8345105051994324	6
1298219	1799	5.160118	3.885097026824951	6
906817	1733	2.660514	3.636333703994751	6
905933	1061	3.952708	3.080556869506836	6
1331038	2044	3.153262	0.3998070955276489	6
910932	1843	2.285631	2.9891409873962402	6
1297447	1847	4.021207	1.8711833953857422	6
1330995	1627	3.129031	1.6740885972976685	6
1509073	1016	1.618667	2.7348265647888184	6
724869	1268	4.921825	4.731927394866943	6
1299052	2048	0.457159	-1.9769665002822876	6
753552	1578	5.118048	2.896620988845825	6
909729	1060	2.609822	2.9427762031555176	6
1322212	1849	0.365315	1.2423838376998901	6
1240154	1557	5.109812	2.364078998565674	6
724825	1584	2.747259	1.7831307649612427	6
753551	1844	2.883722	2.657341241836548	6
1503363	1020	5.212488	0.13917893171310425	6
753576	2439	9.925091	4.0230231285095215	6
910943	1834	3.01086	3.3295400142669678	6
908480	1593	-0.204845	2.490903615951538	6
753572	1825	-1.870045	4.195336818695068	6
907280	1583	2.200054	2.2379887104034424	6
1299075	1023	4.125345	4.431263446807861	6
724828	1248	-4.432749	5.072978496551514	6
749709	2106	0.891571	2.657006025314331	6
687562	1780	5.498522	3.8728854656219482	6
1327766	1004	-6.039	-3.6581509113311768	6
749709	1804	-1.152862	3.3306379318237305	6
907055	1072	3.228547	3.847062587738037	6
1298538	1373	5.805716	2.7355313301086426	6
753566	1940	3.791491	4.222370624542236	6
909975	1939	5.852031	1.9619311094284058	6
1331045	1736	4.868744	2.0701382160186768	6
1331033	1853	3.418634	1.8019858598709106	6
1524416	1928	4.698844	3.8396048545837402	6
905935	2047	3.661582	3.1375539302825928	6
906797	1783	5.696718	4.170873165130615	6
906813	1179	2.434557	1.7631686925888062	6
906833	2038	4.436838	3.780120849609375	6
1524418	2171	4.614835	3.473590135574341	6
910701	2172	5.399664	3.66142201423645	6
753569	1799	5.622875	3.8934855461120605	6
908448	2112	0.410669	1.7984226942062378	6
907311	1622	2.86813	3.5793228149414062	6
1299070	2096	2.63489	3.080556869506836	6
910941	2148	0.270888	2.8171212673187256	6
946369	1250	0.088881	3.541806221008301	6
910927	1634	3.642496	5.000633239746094	6
1299062	1829	1.763526	2.657341241836548	6
1240192	1873	1.129388	2.440924882888794	6
1331048	2000	3.954009	1.7667596340179443	6
905942	2045	5.197563	3.106590747833252	6
753616	1820	4.078993	2.8171212673187256	6
1240222	2499	10.705534	5.082697868347168	6
910691	1911	-3.920638	4.059775352478027	6
925340	1706	0.478935	3.638624668121338	6
687997	1560	5.169349	2.440924882888794	6
1299078	1581	2.460687	3.987502336502075	6
908448	1079	-1.213301	1.7931609153747559	6
924102	1378	3.152965	3.106520175933838	6
909778	1622	3.771455	4.025135517120361	6
724870	2149	2.149072	4.689543724060059	6
908481	1191	-2.582734	0.09135186672210693	6
1298353	1624	5.490872	3.877225875854492	6
753605	1014	3.097473	2.9070615768432617	6
1327769	1003	-4.721618	0.3998070955276489	6
1240182	1510	4.534226	2.685046672821045	6
753570	1072	4.162155	3.7766566276550293	6
909249	1853	3.716407	1.7831307649612427	6
687799	1373	4.704491	3.0066447257995605	6
905936	1022	0.77964	1.0342614650726318	6
910924	1785	4.543415	3.847062587738037	6
1503362	2149	1.91963	4.003047943115234	6
1503364	1835	3.573505	3.0346882343292236	6
909755	1829	1.34545	3.2934374809265137	6
924151	2011	4.584427	4.336337089538574	6
910903	1061	4.091888	1.9916828870773315	6
1503364	2109	2.586902	3.9427714347839355	6
946359	1025	6.846008	4.025135517120361	6
907055	2106	-0.514855	2.5494375228881836	6
1330964	1003	-3.020549	2.0835518836975098	6
906868	1085	3.241198	3.541806221008301	6
909781	1776	6.505547	3.331212043762207	6
687561	1042	4.73125	5.151801109313965	6
906817	1030	6.04501	4.174007415771484	6
905948	1022	0.690777	1.6981496810913086	6
687457	1080	-0.785937	-2.0496606826782227	6
905962	1559	-3.270477	-0.2766963243484497	6
910933	1053	4.211413	2.6856884956359863	6
906828	2177	1.423231	4.346242904663086	6
907314	1736	4.283798	2.50536847114563	6
687568	1021	4.668676	3.2730531692504883	6
907321	2111	3.684161	4.174007415771484	6
1298475	1866	2.60001	4.27133321762085	6
1240162	1180	-1.569129	1.9210835695266724	6
753541	1618	3.540872	4.35645055770874	6
910935	1708	-2.269748	-0.6920843720436096	6
1240181	2148	-1.114452	2.8171212673187256	6
906875	1925	4.546123	4.010251522064209	6
907051	1996	4.296516	1.2688579559326172	6
907271	2002	5.680002	3.1770567893981934	6
753623	1825	-1.300854	3.232438564300537	6
908447	1093	5.844798	2.2117838859558105	6
909770	1712	-5.028321	3.847062587738037	6
713878	1372	3.23782	2.9070615768432617	6
1503371	1627	2.686122	4.003047943115234	6
910781	1909	2.333891	1.2688579559326172	6
910689	2057	6.768412	3.2934374809265137	6
1295741	1053	0.797824	1.1548246145248413	6
753614	1821	3.311008	3.232438564300537	6
1240190	1036	5.90036	3.0066447257995605	6
906828	1586	4.414865	3.41532564163208	6
1303900	1925	4.179984	4.286691188812256	6
909708	1050	2.878858	-1.9769665002822876	6
908483	1259	4.551894	3.5408682823181152	6
1509073	1862	-1.57851	-0.19765567779541016	6
905947	1093	5.410618	3.473590135574341	6
910941	1836	2.877046	2.8171212673187256	6
687448	1007	0.494636	-0.8953312635421753	6
910911	1507	5.006558	3.3362631797790527	6
907274	1621	3.70902	1.8019858598709106	6
907311	1917	0.408582	2.904094696044922	6
1290797	1720	5.706929	2.930095672607422	6
949176	1593	1.867665	2.5125489234924316	6
753563	1559	-4.744362	-1.561523199081421	6
1480374	1080	-4.318304	-1.52737557888031	6
1330947	1512	4.009301	0.6885578036308289	6
1298526	2003	7.181818	4.195336818695068	6
687596	1598	5.108296	4.204359531402588	6
749711	2159	4.036344	3.9951181411743164	6
1660035	2361	4.394832	2.6955912113189697	6
905935	1177	5.981468	3.962662935256958	6
753569	1936	3.550817	3.124439239501953	6
1240168	1050	1.679784	-1.7048863172531128	6
1503363	1018	5.227254	4.174007415771484	6
1503363	2010	5.278969	3.232438564300537	6
687590	1839	2.851383	3.3295400142669678	6
1524415	1250	-0.204076	3.5775392055511475	6
998189	1933	6.092219	-0.2766963243484497	6
908147	1133	0.897279	2.7743043899536133	6
908462	1022	-1.977433	2.0418434143066406	6
905985	1919	1.614564	2.8433425426483154	6
1297446	1626	2.065655	1.6972700357437134	6
930083	1813	7.621211	3.106520175933838	6
924151	1372	-2.946503	2.7770140171051025	6
909194	1048	4.450835	3.5408682823181152	6
753624	1999	4.055008	4.195336818695068	6
909773	1249	1.855931	2.3256020545959473	6
908473	1089	3.486388	3.222266435623169	6
909704	1086	-3.191712	2.1242268085479736	6
1503371	1052	4.611325	1.9051231145858765	6
906825	1924	3.685453	3.307720422744751	6
908451	1827	0.930946	1.7984226942062378	6
753608	2037	3.486638	4.391758441925049	6
906693	1021	3.347294	3.726755142211914	6
687505	1814	5.156029	2.2793238162994385	6
1331033	1739	2.117869	1.3028477430343628	6
946356	2169	3.343242	2.7200863361358643	6
1240217	1627	2.605927	4.356907844543457	6
909263	1712	-0.432033	4.115164279937744	6
907280	1053	2.384952	1.3958723545074463	6
909904	1635	6.830778	4.6724724769592285	6
909250	1936	2.899788	3.2633306980133057	6
1524414	1855	4.122612	3.1586713790893555	6
1240142	1179	-1.060205	2.1742513179779053	6
1240167	1030	4.960243	4.174007415771484	6
1298365	1844	4.04554	3.7116341590881348	6
930298	1866	3.145511	3.2421953678131104	6
910569	1029	5.051479	2.8879847526550293	6
1503365	1931	7.373554	4.9292826652526855	6
688086	2112	2.078807	2.8171212673187256	6
687561	1635	4.341508	4.112310409545898	6
722066	1560	4.263882	3.106590747833252	6
1290798	1912	2.223201	2.657006025314331	6
753610	1808	-1.065952	2.0835518836975098	6
1299075	1632	3.771777	3.6234564781188965	6
1240197	1250	5.044083	4.115341663360596	6
910947	1634	2.669541	3.241546630859375	6
907318	1089	2.1637	2.8837106227874756	6
908135	1019	3.307402	3.563076972961426	6
753574	2096	3.225178	2.872440814971924	6
1298475	1738	1.197181	4.01392936706543	6
909743	1630	2.521426	2.1470694541931152	6
908470	1020	6.966543	0.4204753339290619	6
908130	1373	4.572749	2.9065029621124268	6
1480359	1025	3.663601	4.3783392906188965	6
909697	1803	6.049886	3.0346882343292236	6
908442	1910	1.077319	1.7748559713363647	6
724828	1941	-3.407367	1.4284175634384155	6
1503367	1925	5.870386	4.353123664855957	6
925346	2113	2.325895	4.195336818695068	6
909718	1821	3.657289	3.2934374809265137	6
910924	2057	3.82696	3.0346882343292236	6
907783	1511	-1.225194	0.8345105051994324	6
688010	1911	-5.487275	3.653761863708496	6
905957	2499	10.164176	5.000633239746094	6
907058	1006	0.134209	3.9754815101623535	6
910704	1855	3.150202	3.479762077331543	6
1290724	1910	1.239529	1.7065316438674927	6
1298348	1259	5.101421	4.362729549407959	6
910943	2003	6.45734	3.3295400142669678	6
1298349	2145	0.189119	2.657341241836548	6
1327765	1069	2.680889	1.6779919862747192	6
1240142	1079	0.346439	3.8934855461120605	6
713899	1713	3.473386	2.9070615768432617	6
908452	1008	3.164781	2.9859471321105957	6
1330947	2010	1.604781	1.7984226942062378	6
753533	2039	3.496128	3.230405807495117	6
1322213	1133	3.11724	4.913609981536865	6
724878	1834	4.623488	3.604363203048706	6
1240187	1625	4.966933	4.146091461181641	6
906765	1054	1.861501	-0.46926867961883545	6
908120	1046	1.912576	1.8481777906417847	6
906813	1494	-1.987522	2.9891409873962402	6
1240125	1913	4.289246	4.489650249481201	6
946359	2046	5.616432	1.8481777906417847	6
1240196	1237	6.245533	3.8251047134399414	6
907057	1630	2.860998	3.9194717407226562	6
687563	1908	2.902819	2.9427762031555176	6
1240217	1799	3.307449	3.9194717407226562	6
906792	1785	5.1649	3.9754815101623535	6
908442	1067	5.286798	1.0342614650726318	6
687985	1512	4.660585	2.0835518836975098	6
749709	1915	2.010316	2.560255765914917	6
906864	1866	3.416383	3.8535423278808594	6
1240130	1838	2.602145	3.5975182056427	6
1240183	1549	2.150433	2.6120448112487793	6
1303901	1049	3.786713	2.2733335494995117	6
687820	1089	6.503277	3.222266435623169	6
724834	1909	3.54268	2.5667929649353027	6
905944	1133	4.340885	5.10021448135376	6
1290769	1507	5.961877	4.03387975692749	6
753624	1441	3.294083	3.503617763519287	6
1330995	1931	4.877498	2.424999713897705	6
1290730	1996	4.841381	2.294527292251587	6
724878	1831	5.180481	3.604363203048706	6
749710	1802	4.57118	3.9733963012695312	6
1290769	1025	6.474234	4.237407684326172	6
906825	1032	2.703569	3.1034603118896484	6
909251	1732	2.832856	2.643141269683838	6
1298537	2359	5.41194	4.36936616897583	6
1327773	1629	3.768974	-2.0436739921569824	6
908458	2047	0.575908	2.128058433532715	6
1240143	1924	5.482524	2.8076281547546387	6
753556	1008	-1.56375	3.1294445991516113	6
906696	1622	3.428013	4.302342891693115	6
1240197	1716	6.801808	4.115341663360596	6
687997	1061	5.469513	2.9070615768432617	6
1240196	2170	5.343485	2.561948299407959	6
1240190	1730	2.804735	3.7960379123687744	6
1524419	1941	-2.106599	1.5061038732528687	6
907053	1911	-4.930016	2.2431411743164062	6
724869	1052	5.539548	2.490602493286133	6
1240197	1584	1.689001	3.470109701156616	6
910694	1576	3.501174	4.17572021484375	6
906790	1732	3.726254	3.847062587738037	6
1240145	1177	4.567615	4.362729549407959	6
749712	1928	4.742991	3.80831241607666	6
687819	1925	4.91312	4.576478958129883	6
905950	1003	-3.734601	3.277059555053711	6
905984	1855	5.324195	2.854102849960327	6
753589	1560	6.359251	2.440924882888794	6
724859	2111	4.450616	4.362729549407959	6
910079	1068	1.300758	1.8543295860290527	6
1331036	1862	-1.837538	-2.0436739921569824	6
910930	2149	-1.039616	1.6740885972976685	6
906795	1927	4.586199	4.110607624053955	6
905962	1023	4.355406	2.8879847526550293	6
1240143	1563	5.394795	4.056637287139893	6
910932	1933	5.165305	0.559554934501648	6
906877	1803	6.286995	1.7441558837890625	6
909728	1632	4.381192	2.1742513179779053	6
910932	1829	1.965426	3.5975182056427	6
1298349	1085	2.136692	3.2550220489501953	6
1298538	1803	5.726691	3.444204568862915	6
1480361	1558	1.685206	3.1034603118896484	6
907314	1829	-1.356266	2.8171212673187256	6
907277	1581	0.930595	1.6972700357437134	6
907276	1375	7.946441	2.9349365234375	6
910922	1826	3.211285	3.3199267387390137	6
930299	2157	7.043562	4.346242904663086	6
905976	1199	4.041089	4.454767227172852	6
910927	2111	2.105179	4.150242328643799	6
906790	1706	-0.085037	3.638624668121338	6
687985	1627	2.831699	3.6906323432922363	6
1240143	2011	4.678673	4.063316345214844	6
905962	1780	7.464604	4.03387975692749	6
906872	1840	3.064528	2.8171212673187256	6
946370	1190	-1.021379	3.2584168910980225	6
687983	1621	5.173858	2.490903615951538	6
910704	1613	3.000976	4.150242328643799	6
946368	1083	3.086091	3.2730531692504883	6
907171	1936	2.968266	3.2480924129486084	6
908147	1586	3.197958	1.7695976495742798	6
907281	1908	1.917806	2.2031311988830566	6
905947	2109	1.795684	4.110955715179443	6
906875	1375	6.417002	1.7676090002059937	6
907272	1734	2.094207	2.643141269683838	6
1524416	1840	1.398837	3.3199267387390137	6
724834	1200	4.244112	4.576478958129883	6
907061	1635	5.277678	3.7766566276550293	6
1298537	1133	2.944737	5.10021448135376	6
909698	1043	5.317747	5.312788486480713	6
907272	1024	-2.357556	2.1470694541931152	6
724859	1830	3.337803	3.604363203048706	6
907285	1827	2.995175	4.195336818695068	6
910554	1034	-2.35079	2.8879847526550293	6
910554	1926	3.112449	2.6955912113189697	6
911905	1917	4.411343	4.367557048797607	6
909753	1239	4.285125	4.405490875244141	6
909697	1560	3.570336	2.5494375228881836	6
906870	2002	5.145165	1.7984226942062378	6
687820	2010	5.753282	3.604363203048706	6
1240209	1834	2.182723	3.0346882343292236	6
1330941	1011	-2.844316	1.502893090248108	6
687995	1449	5.078349	3.2550220489501953	6
753610	1043	5.370302	3.980654239654541	6
910780	1820	2.176839	2.8171212673187256	6
1660035	1598	4.593982	4.237407684326172	6
1330931	1088	2.202531	0.8345105051994324	6
946372	1133	2.53609	5.032296657562256	6
907170	1810	-4.069021	1.7676090002059937	6
905952	1026	0.814257	-1.4621638059616089	6
908440	1091	-0.897713	2.2117838859558105	6
905956	1057	-1.493654	2.841007947921753	6
1240172	1507	6.018261	3.604570150375366	6
925340	1022	-1.161593	1.2219586372375488	6
1295741	1908	1.976817	2.2031311988830566	6
908147	1999	2.115762	1.7441558837890625	6
688058	1918	3.862327	3.4259285926818848	6
1298526	1708	1.885532	2.490602493286133	6
724859	1089	3.210312	3.222266435623169	6
907276	1714	2.235895	2.604093074798584	6
909725	1785	5.604549	3.9754815101623535	6
907271	1558	4.070632	2.9579408168792725	6
909704	1026	-0.688777	0.9351457953453064	6
1298347	1200	2.585362	4.576478958129883	6
910900	1634	3.031653	5.254626274108887	6
1503368	1025	4.64953	4.083663463592529	6
1297438	1494	-4.125993	2.0835518836975098	6
1659823	1583	3.274879	4.167223930358887	6
749709	1630	3.142252	3.604570150375366	6
1330948	1912	0.931469	1.3958723545074463	6
924238	1712	-4.06748	4.336337089538574	6
905968	1718	2.992115	4.115341663360596	6
687586	1010	3.307162	2.8433425426483154	6
909744	1825	-2.427429	2.3438448905944824	6
908139	1054	3.166488	1.2219586372375488	6
906837	1996	4.882825	1.7065316438674927	6
1287706	1032	2.235966	2.891267776489258	6
687798	2171	2.680433	3.4663307666778564	6
906804	1085	0.831277	3.885097026824951	6
1330983	1852	3.753555	2.2431411743164062	6
905946	1852	5.99708	3.9733963012695312	6
906798	1622	4.603364	4.222370624542236	6
1524417	1561	0.70349	2.7348265647888184	6
907790	1190	-2.81442	2.407644510269165	6
1298529	1632	4.356343	1.9210835695266724	6
930298	2177	1.961486	3.840240478515625	6
909713	1829	2.058199	3.5975182056427	6
1303900	1259	5.377461	4.150242328643799	6
946373	1926	1.730065	2.6407299041748047	6
930298	1849	-1.094661	1.1417735815048218	6
909256	1191	-5.757911	0.08902472257614136	6
1287706	1507	5.70399	4.098745346069336	6
910935	1598	3.375703	2.8548073768615723	6
1330941	1873	0.520014	2.657006025314331	6
907313	1996	5.150256	1.3678786754608154	6
1240174	1058	1.719916	2.6906042098999023	6
910554	1020	5.461106	-0.2766963243484497	6
1480364	2055	4.154038	3.7116341590881348	6
908449	1250	2.067347	3.541806221008301	6
713880	2002	4.664984	2.657341241836548	6
907169	2439	8.258116	3.9754815101623535	6
753616	1553	3.648699	2.5798287391662598	6
908122	1177	2.91824	4.150242328643799	6
688011	1080	-2.302551	-2.677293062210083	6
907278	1632	3.354574	-0.4040062427520752	6
687455	1843	0.999288	2.896620988845825	6
724874	1631	3.025652	4.0516357421875	6
753546	1007	-3.134163	-0.8953312635421753	6
925348	1401	5.898187	2.490602493286133	6
1240153	2171	3.600874	3.503082275390625	6
1299080	1010	3.071767	2.891267776489258	6
905938	1808	-1.335674	0.6885578036308289	6
909748	1017	5.123389	4.119363307952881	6
946382	1008	1.246936	3.544166326522827	6
907051	1584	2.210183	3.0090198516845703	6
905955	1584	3.753162	3.49916410446167	6
906862	1089	3.346883	3.544166326522827	6
909263	1925	5.850042	4.432759761810303	6
925348	1615	7.003921	3.503617763519287	6
910704	1834	-1.564295	3.3306379318237305	6
724838	2048	-3.070907	-2.0496606826782227	6
905958	1716	4.807971	2.1470694541931152	6
930297	1782	5.826472	3.8541367053985596	6
1524417	1494	-4.625334	3.277059555053711	6
1290908	1003	-4.167635	3.222266435623169	6
1240183	1840	4.838898	3.444204568862915	6
909728	1086	0.78705	2.1742513179779053	6
910689	1079	3.608335	4.03387975692749	6
1674021	1866	2.132472	3.6310205459594727	6
1330941	2173	6.198548	3.80831241607666	6
906818	1713	-0.456959	1.9916828870773315	6
907271	1912	2.232418	2.6407299041748047	6
905967	1073	3.925572	4.36936616897583	6
749709	1917	2.615441	4.150242328643799	6
1480374	1175	3.611851	4.367557048797607	6
905964	1614	2.451024	2.3639185428619385	6
907071	2439	9.538373	4.27947998046875	6
909697	1378	2.549806	2.9349365234375	6
688015	1054	3.421965	1.4557902812957764	6
908141	1089	0.097788	0.6885578036308289	6
1240192	1250	1.802715	3.2550220489501953	6
909743	1839	3.242445	1.7441558837890625	6
909975	2044	4.85534	2.7146573066711426	6
906797	1133	4.155823	4.538769721984863	6
1240159	1580	6.434496	4.0988993644714355	6
1298134	1815	5.567635	3.8541367053985596	6
930301	1019	4.412853	4.098745346069336	6
910688	2096	3.399261	1.8400942087173462	6
724859	2360	4.972134	3.106590747833252	6
753592	1780	4.863555	4.0516357421875	6
1503367	1614	3.315359	3.636333703994751	6
908145	1026	-0.679073	0.4849163591861725	6
905990	1023	2.682251	3.294358491897583	6
907794	1613	3.46015	4.119363307952881	6
998189	1560	3.188041	2.6955912113189697	6
1503368	1736	5.79053	2.872440814971924	6
1331050	2000	3.01191	1.7667596340179443	6
908455	1718	4.752486	3.56831431388855	6
909749	1835	3.981078	3.420776128768921	6
910399	1057	-3.047141	3.106590747833252	6
910916	2037	5.7431	3.8251047134399414	6
1480360	1058	0.455831	3.307720422744751	6
1331037	1785	2.547382	2.3256020545959473	6
753589	1047	7.54413	4.107259750366211	6
906696	1804	6.1894	3.6448912620544434	6
910704	2048	-5.069595	-0.2908557653427124	6
905989	2170	2.696875	2.6955912113189697	6
1503369	1086	0.562875	2.3285598754882812	6
753575	1827	2.980481	3.232438564300537	6
1509074	2169	1.412206	2.7348265647888184	6
910079	2038	3.333347	4.003047943115234	6
905952	1030	4.249458	2.487563133239746	6
753541	1199	3.41924	4.270618915557861	6
906828	1832	3.809292	3.6448912620544434	6
910907	2157	5.384657	4.689543724060059	6
924102	1042	6.26506	4.882627964019775	6
924102	2359	6.339346	4.336337089538574	6
910916	1011	2.366867	1.7065316438674927	6
908451	1023	3.351071	1.2858490943908691	6
753546	1578	5.637449	2.9891409873962402	6
749716	1561	2.472949	2.657006025314331	6
753563	1089	0.239358	0.7297179102897644	6
906828	1915	3.376853	3.2669522762298584	6
910781	1507	3.890354	3.733330249786377	6
910935	1025	4.297993	2.8548073768615723	6
907281	1373	3.337714	2.2031311988830566	6
909727	1043	6.073337	4.794164180755615	6
1240160	1048	4.784597	4.324278354644775	6
1240226	1706	3.244495	3.987502336502075	6
909907	1096	6.813873	-0.2908557653427124	6
906696	1030	5.32498	4.280483245849609	6
910918	1250	-1.214211	1.3028477430343628	6
724873	1259	2.246033	4.362729549407959	6
753534	1873	1.730943	2.7954015731811523	6
753614	1706	1.645476	3.81168270111084	6
906869	1739	3.562222	3.56831431388855	6
907170	1932	1.839961	2.2117838859558105	6
687800	1559	-2.592646	0.9464026093482971	6
1299081	1018	5.949449	4.168215274810791	6
905956	1843	0.369755	2.9891409873962402	6
924244	2159	2.090701	4.391758441925049	6
907319	1736	4.005705	2.872440814971924	6
905954	2169	2.844992	2.841007947921753	6
753548	1014	2.830173	1.8400942087173462	6
753612	1199	2.716161	3.499305248260498	6
910850	1843	2.152763	2.9061667919158936	6
907270	1507	3.129913	2.3027889728546143	6
907276	1048	5.732625	3.959867477416992	6
908118	1085	1.036489	3.563076972961426	6
910546	1777	5.57446	4.498342037200928	6
909904	1510	4.200909	4.01392936706543	6
906875	1844	3.154238	2.8171212673187256	6
906821	2170	6.355067	3.503617763519287	6
753582	1618	4.622781	4.463982105255127	6
1298358	1175	2.68245	3.959867477416992	6
906863	1046	1.187993	1.9210835695266724	6
1660035	1783	6.117491	4.115164279937744	6
906795	1706	1.723619	4.120044231414795	6
946369	1553	2.062639	2.6407299041748047	6
909703	1784	3.924736	1.7441558837890625	6
905974	1918	2.807559	2.841007947921753	6
1298356	1908	5.478071	2.363767147064209	6
905939	1631	1.968792	4.03387975692749	6
908147	2177	0.896463	2.4531002044677734	6
906832	1268	4.945122	2.8548073768615723	6
687563	1033	4.956431	4.112310409545898	6
908475	1618	4.295071	5.254626274108887	6
906833	2047	2.531523	2.6955037117004395	6
908443	2439	9.844085	4.063316345214844	6
749714	2037	4.001691	3.9951181411743164	6
753616	1810	1.278347	1.7676090002059937	6
687586	1069	3.913033	3.561005115509033	6
1240161	1096	0.25995	-1.9769665002822876	6
910546	1813	4.682112	3.534425735473633	6
1240168	1059	0.435338	2.6856884956359863	6
1298219	2360	5.426148	2.7954015731811523	6
687448	1013	3.866508	3.800950527191162	6
930297	1239	3.852426	3.8541367053985596	6
907071	1940	3.869861	4.268446922302246	6
1240172	1814	6.192869	3.544166326522827	6
687787	1620	5.803055	3.8585565090179443	6
749716	1024	1.768329	3.604570150375366	6
905967	1059	-0.445241	3.106590747833252	6
905974	1720	5.395294	2.261204719543457	6
749715	1712	-3.915453	3.9733963012695312	6
905937	1853	4.848574	3.193291187286377	6
910918	2169	3.193411	0.6368265151977539	6
749713	1634	5.021789	5.000633239746094	6
907794	1046	0.422794	1.0342614650726318	6
906862	1180	-4.062438	1.8481777906417847	6
905971	2109	2.201644	4.237407684326172	6
905936	1840	-0.028868	3.2934374809265137	6
1298169	1925	5.536515	4.360391139984131	6
946369	1007	-6.110927	-1.0901265144348145	6
1240159	1630	3.194694	3.9194717407226562	6
908450	1909	4.055467	1.6976609230041504	6
1240154	1259	1.41875	4.280483245849609	6
910930	1853	3.345785	1.8019858598709106	6
722045	2039	2.525444	3.351396083831787	6
908476	1011	1.48245	2.5667929649353027	6
910698	1626	2.399353	3.8396048545837402	6
753576	1824	4.129993	3.232438564300537	6
910919	1036	2.742372	2.0701382160186768	6
905969	1941	-4.500471	2.573214292526245	6
908457	2043	6.351512	4.119363307952881	6
906793	1811	-3.970247	3.9754815101623535	6
905972	1373	5.967113	3.0066447257995605	6
906763	2011	2.482952	2.643141269683838	6
1290798	1053	2.570353	2.657006025314331	6
1303897	1067	5.204963	-0.6920843720436096	6
909703	1779	-0.895939	2.1470694541931152	6
687812	1561	2.832226	3.106590747833252	6
1240143	1615	5.485362	2.8076281547546387	6
905969	2158	4.860831	4.456474781036377	6
924107	1931	5.719574	4.544041156768799	6
906862	1776	3.668808	3.3705215454101562	6
1240193	1091	1.165123	2.685046672821045	6
907071	1048	5.717397	4.324278354644775	6
907048	1913	3.962792	5.000633239746094	6
1503361	1507	4.999728	3.636333703994751	6
687448	1716	5.96976	4.098745346069336	6
749711	1804	0.830411	3.3306379318237305	6
1297446	1051	2.866448	-3.100857734680176	6
949154	1072	3.748394	3.8541367053985596	6
906790	2040	0.14796	3.004635810852051	6
1295740	2003	3.937648	1.7441558837890625	6
906870	1997	1.700385	-0.20509707927703857	6
909757	1718	4.983588	4.03387975692749	6
946363	1557	4.216448	1.4284175634384155	6
687505	1734	2.306157	3.8541367053985596	6
906814	1849	-1.296754	2.261204719543457	6
910691	1072	5.385588	4.059775352478027	6
907055	1830	2.28276	3.0346882343292236	6
908125	1811	-2.409607	3.9754815101623535	6
753555	1810	-1.94113	2.8837106227874756	6
998189	1372	-1.483133	2.128058433532715	6
1298475	1441	2.562473	3.503617763519287	6
724868	1828	3.477773	3.604363203048706	6
687448	1372	-2.991664	1.9916828870773315	6
946356	1922	3.826468	2.9379563331604004	6
687980	1622	3.273991	3.7995493412017822	6
910545	1250	-0.483279	1.7931609153747559	6
906826	2498	9.452854	5.000633239746094	6
1240201	1011	3.264676	2.930095672607422	6
753620	2047	0.395145	2.50536847114563	6
753556	1061	3.979706	2.7355313301086426	6
910079	1626	1.988876	3.81168270111084	6
910921	2043	4.779852	4.168215274810791	6
1240167	1239	0.569443	4.0230231285095215	6
909761	1849	1.572855	1.7748559713363647	6
949088	2439	8.810204	2.3256020545959473	6
909256	2048	-3.443828	-0.2908557653427124	6
687819	2149	2.835038	4.391758441925049	6
1298529	2113	3.533425	3.1276330947875977	6
753622	1512	5.312961	2.8837106227874756	6
753556	1032	0.229596	2.6120448112487793	6
1240209	1062	2.813664	2.604093074798584	6
909761	1706	3.083989	3.8906028270721436	6
1240167	1091	0.98514	3.1356024742126465	6
910900	1809	-1.309953	3.222266435623169	6
905937	1259	2.927918	4.119363307952881	6
724825	2148	0.640173	1.8711833953857422	6
909773	1809	-1.841293	0.3998070955276489	6
1480358	2111	3.156885	4.367557048797607	6
908465	2498	8.928213	5.254626274108887	6
907279	2172	6.38223	3.7167317867279053	6
1295740	1617	-2.385185	-0.09795582294464111	6
907048	1632	3.581446	1.8481777906417847	6
687983	1932	2.074292	2.685046672821045	6
910861	1909	-3.571091	-0.6912141442298889	6
1298157	1808	2.423666	3.544166326522827	6
1240162	1557	4.883564	1.7065316438674927	6
946370	1005	4.08351	3.2584168910980225	6
946358	2047	1.200532	2.0067005157470703	6
753562	1624	2.148595	3.66142201423645	6
1330941	1809	2.97079	3.544166326522827	6
949173	1932	3.67246	2.2117838859558105	6
713869	2047	3.663089	3.0066447257995605	6
688087	1018	5.578256	3.5701732635498047	6
906875	1507	3.498805	3.563076972961426	6
907289	1828	4.264929	3.2934374809265137	6
1298531	1047	4.17964	4.667901992797852	6
907062	1048	4.844964	4.0575852394104	6
1240122	1557	5.446005	1.7065316438674927	6
907794	1622	5.383248	4.237407684326172	6
910850	1838	4.274084	3.464848518371582	6
1240143	1190	-1.693637	3.1294445991516113	6
753569	1913	5.004712	4.761525630950928	6
907058	2171	4.316794	3.503082275390625	6
909727	1912	1.556176	2.841007947921753	6
1298219	1199	3.916919	4.469320774078369	6
907280	1826	1.824676	1.7984226942062378	6
687561	2498	7.955085	5.094460964202881	6
909748	1733	5.16478	4.03387975692749	6
688010	1862	-1.004261	0.09135186672210693	6
906830	1441	2.166547	2.841007947921753	6
910569	1008	-2.797715	2.407644510269165	6
906871	1833	1.102694	3.1770567893981934	6
908135	1614	4.59102	3.563076972961426	6
909761	1581	4.163325	3.8906028270721436	6
905956	1053	3.490691	2.841007947921753	6
1331036	1854	2.932993	2.8548073768615723	6
1240204	1175	2.416497	4.0575852394104	6
1298538	1050	2.554653	-0.9678694605827332	6
906791	1911	-4.188913	4.36936616897583	6
907278	2154	0.960184	2.2379887104034424	6
905937	1813	4.92517	2.407644510269165	6
909743	1844	2.606486	1.7441558837890625	6
753570	1918	4.084035	2.561948299407959	6
907795	1250	2.629876	4.03387975692749	6
1331034	1557	2.401593	-0.6912141442298889	6
1240129	1072	6.060861	4.405490875244141	6
753620	1847	1.916737	2.8171212673187256	6
906877	1615	5.068706	1.1894482374191284	6
908130	1832	4.03464	3.1575050354003906	6
1331037	1564	1.979769	2.0701382160186768	6
1331035	1033	2.405322	2.3256020545959473	6
688031	1237	5.162386	3.6906323432922363	6
925348	1933	5.99234	0.9279412627220154	6
909256	2112	1.777445	3.3306379318237305	6
971777	1083	2.066354	3.2480924129486084	6
905937	1563	6.32978	4.167223930358887	6
910701	1507	4.190197	3.3362631797790527	6
1240222	1507	4.924419	4.115341663360596	6
906872	1909	3.474608	1.4284175634384155	6
1331035	1624	1.224311	0.7903212904930115	6
753541	1706	2.867108	3.66142201423645	6
753589	1849	0.764532	1.2423838376998901	6
1327771	2362	2.223693	1.7638304233551025	6
908473	2158	4.388826	4.391758441925049	6
1297438	1012	0.058379	2.490903615951538	6
908120	1924	1.187677	2.657006025314331	6
905967	1060	-1.779523	3.0066447257995605	6
906844	1096	-0.04641	-0.2908557653427124	6
1330960	1034	-2.576329	1.1109707355499268	6
910935	1583	1.63905	1.6740885972976685	6
907794	1007	-1.999095	-1.766171932220459	6
1299059	1930	0.161034	4.0575852394104	6
909248	1061	4.417884	2.6955037117004395	6
687506	1873	0.673786	2.5012621879577637	6
753624	1199	3.707892	5.050461292266846	6
1240159	2154	3.906304	4.356907844543457	6
1240183	1629	5.897444	0.9317782521247864	6
1298226	1034	-3.550462	3.124439239501953	6
753565	2043	5.590316	3.5408682823181152	6
1298352	1069	2.288996	3.567044496536255	6
907048	1512	4.693692	3.544166326522827	6
905945	1583	3.114044	3.9951181411743164	6
905964	2145	-1.113651	1.8711833953857422	6
909735	1441	3.214247	2.6906042098999023	6
907277	1511	-4.171631	0.7355707287788391	6
907291	1511	-1.923169	2.407644510269165	6
905979	1625	5.715112	3.8396048545837402	6
906792	1449	4.910905	4.098745346069336	6
1240199	1372	2.785568	3.080556869506836	6
910780	1782	4.799455	3.92038631439209	6
1240220	1917	4.155656	4.203899383544922	6
1240167	1720	5.455936	1.8543295860290527	6
687568	1029	6.471948	3.2730531692504883	6
946356	1915	0.400615	2.479094982147217	6
909709	1714	1.75777	2.620058536529541	6
1327775	2002	4.009595	1.8711833953857422	6
753541	1849	-1.254008	1.7065316438674927	6
910688	1586	2.174101	1.8275820016860962	6
1299069	1083	2.529637	3.004635810852051	6
907269	1924	1.350099	1.7067866325378418	6
906817	1926	3.376089	2.7200863361358643	6
925340	1557	6.023518	1.4310749769210815	6
1240182	1615	6.824888	2.440924882888794	6
908152	1029	5.81193	3.224015712738037	6
724872	2149	1.213065	3.6906323432922363	6
724870	1093	4.11383	4.01392936706543	6
906871	1931	5.01913	4.517191410064697	6
907311	1926	0.612706	1.7638304233551025	6
687807	1511	2.336345	3.222266435623169	6
753547	1924	2.47519	2.440924882888794	6
1330950	1912	2.115615	1.1548246145248413	6
910948	1630	4.622848	3.604570150375366	6
907279	1844	3.936511	3.1770567893981934	6
1240157	1057	-2.77065	3.041661500930786	6
1298167	1250	-0.265045	4.110607624053955	6
925348	1998	4.53066	4.6724724769592285	6
910853	1908	3.088307	1.9916828870773315	6
1303900	1913	3.843099	5.000633239746094	6
907066	1149	1.630957	2.294527292251587	6
907067	1060	-3.155886	1.9916828870773315	6
1330931	1634	2.253167	4.217073917388916	6
753556	1718	3.000112	3.8934855461120605	6
717431	1924	3.478216	2.5798287391662598	6
909748	1940	5.605002	4.237407684326172	6
907061	1718	3.41453	3.3362631797790527	6
905941	1626	3.881809	3.8585565090179443	6
687588	1626	3.742682	3.8273327350616455	6
724873	1932	2.441961	3.4663307666778564	6
1240201	1827	-1.026476	4.195336818695068	6
753554	2003	5.939414	3.444204568862915	6
906804	1584	3.953442	3.2322282791137695	6
910930	1739	0.171493	1.3028477430343628	6
905968	1053	-0.082084	3.307720422744751	6
753614	1931	4.938925	4.9292826652526855	6
688031	1734	1.899119	3.653761863708496	6
1240198	1559	-2.254671	1.2017152309417725	6
910692	1783	4.577003	3.653761863708496	6
1240219	1826	4.603778	4.195336818695068	6
1503371	1008	-1.609831	2.8837106227874756	6
753552	1003	-2.936428	2.896620988845825	6
907319	1810	1.518464	2.8837106227874756	6
713869	2438	11.46959	4.36936616897583	6
906839	1175	4.939968	4.25353479385376	6
905984	1177	2.400449	3.9470038414001465	6
905940	1776	4.133405	2.3254871368408203	6
1503368	2498	7.254053	4.777759075164795	6
910851	1175	4.374378	4.212991714477539	6
749716	1088	4.474534	3.544166326522827	6
908130	1777	5.451724	3.733330249786377	6
1331034	1598	3.672174	2.8548073768615723	6
905974	1783	5.391333	3.9754815101623535	6
910910	1873	1.51605	2.657006025314331	6
906828	1558	3.304137	3.2669522762298584	6
1298226	1023	2.993102	3.124439239501953	6
908476	1830	3.327971	3.604363203048706	6
1240160	1632	4.582038	1.8365567922592163	6
687816	1932	3.499399	3.4663307666778564	6
1479995	1924	3.419696	3.307720422744751	6
753579	1179	1.171409	1.7631686925888062	6
753540	1192	3.202445	3.567044496536255	6
1330964	2003	5.431615	2.657341241836548	6
1480372	1629	5.414999	1.2017152309417725	6
905945	1777	5.514378	3.604570150375366	6
905980	1034	-0.792114	3.2633306980133057	6
910702	1854	7.577774	4.731927394866943	6
909698	2499	9.679174	4.839051723480225	6
722046	1931	4.921822	5.10021448135376	6
688015	1629	3.388355	0.09135186672210693	6
905933	2011	4.460156	4.405490875244141	6
906839	1598	4.093285	4.17572021484375	6
905990	1585	5.206267	3.470109701156616	6
908145	2149	1.148803	3.876960039138794	6
1298537	1908	3.300471	3.0066447257995605	6
1240209	1840	4.276021	3.0346882343292236	6
1240190	1088	2.126055	3.222266435623169	6
687455	1583	2.237099	4.2256550788879395	6
910702	2159	7.437509	4.689543724060059	6
906805	1008	-0.35383	3.222266435623169	6
910944	1825	-2.397286	1.7441558837890625	6
1297449	1930	-0.823306	1.9477856159210205	6
924102	1782	6.485255	4.336337089538574	6
906870	1494	-6.679853	0.6885578036308289	6
907058	1836	3.417096	3.5975182056427	6
687794	2169	2.822582	3.106590747833252	6
908449	1052	6.466715	1.9354733228683472	6
1299070	1133	2.552545	4.9227094650268555	6
1298353	1057	-0.627412	2.7954015731811523	6
946382	1855	5.311926	3.479762077331543	6
687798	1013	4.172857	3.9993526935577393	6
909260	1006	-2.740144	2.643141269683838	6
905944	1855	5.426106	3.0066447257995605	6
687787	1916	3.601799	3.8934855461120605	6
946368	2039	4.282958	3.2708349227905273	6
906844	1785	2.438711	3.9733963012695312	6
908472	1042	5.884708	5.093472003936768	6
905975	1059	0.089326	2.841007947921753	6
908122	1585	4.054215	3.340726613998413	6
908449	1919	4.042901	2.9579408168792725	6
906851	1057	-0.998888	2.657006025314331	6
724878	1378	4.397617	3.222266435623169	6
910554	1133	3.724638	4.775335788726807	6
1331033	1563	3.340125	1.6740885972976685	6
1503371	1449	5.490875	3.636333703994751	6
906696	2156	1.64339	4.336337089538574	6
946377	1594	2.534359	2.6856884956359863	6
1240130	1706	0.545498	3.987502336502075	6
1240158	2011	4.212169	4.27947998046875	6
909713	2003	4.938417	3.5975182056427	6
1330993	1043	4.740971	5.039905548095703	6
907289	2177	2.420091	4.167223930358887	6
687820	1085	4.743234	4.0516357421875	6
910944	1810	-4.002099	0.7355707287788391	6
1240181	2145	-1.553379	2.8171212673187256	6
906805	1047	3.207106	5.10021448135376	6
909751	1133	3.808986	4.775335788726807	6
1240198	1713	4.182436	3.080556869506836	6
1297446	1922	1.71407	1.1109707355499268	6
910852	1046	2.41366	1.8481777906417847	6
722066	1911	-4.447332	4.36936616897583	6
906828	1578	4.959377	3.106520175933838	6
753547	1714	4.647225	2.9070615768432617	6
1240193	2170	0.310469	2.440924882888794	6
910554	1919	-0.581387	2.538572311401367	6
910851	1401	1.563236	1.6690905094146729	6
1240178	1038	3.90268	4.280483245849609	6
906763	1999	2.102907	1.7441558837890625	6
907788	1239	1.293331	3.8323912620544434	6
749709	1594	2.131326	2.657006025314331	6
910781	1034	-1.974774	2.9003443717956543	6
909747	1564	-0.056048	2.128058433532715	6
909737	1149	3.418704	2.1308071613311768	6
906798	2157	5.394741	4.2256550788879395	6
1659818	1776	2.836592	2.2045679092407227	6
905964	1910	-0.565073	-0.2827339172363281	6
724834	1598	5.0317	4.309717655181885	6
753612	1621	2.937848	1.7831307649612427	6
1290905	1004	-0.760761	-0.2908557653427124	6
1240192	2360	5.178247	2.440924882888794	6
753538	1021	3.473742	2.7665090560913086	6
910904	1372	0.08254	2.620058536529541	6
753584	1557	4.821819	2.294527292251587	6
1240153	1933	5.205444	0.559554934501648	6
909704	1812	1.629863	2.896620988845825	6
908130	1622	4.257674	4.0603227615356445	6
688018	2043	5.754431	3.5408682823181152	6
753533	1561	3.75631	2.7348265647888184	6
905950	1553	3.712317	2.7348265647888184	6
909260	1627	2.026771	2.4531002044677734	6
909718	2047	-0.618007	2.128058433532715	6
687798	1830	3.417906	3.604363203048706	6
1298216	1583	3.041716	4.689543724060059	6
1331037	1830	1.857137	1.7667596340179443	6
749711	1736	5.686214	3.479762077331543	6
1240187	1003	-2.987879	3.222266435623169	6
688015	1910	-1.259144	1.2423838376998901	6
1503368	2038	4.382002	4.003047943115234	6
753600	1016	0.323506	3.106590747833252	6
1240169	1372	0.319415	2.9427762031555176	6
908458	1706	1.522267	3.8906028270721436	6
753548	2048	-6.514787	-3.305398464202881	6
906793	1194	2.376812	3.2480924129486084	6
1298359	2361	4.608375	2.7200863361358643	6
907783	1042	3.483857	4.8484296798706055	6
908122	1919	1.230222	2.560255765914917	6
1503369	1026	-1.546255	0.9464026093482971	6
1240158	1038	2.710414	4.324278354644775	6
946373	1052	3.078908	1.9354733228683472	6
1290730	1917	0.973004	4.130783557891846	6
907276	1716	5.373647	3.56831431388855	6
1331045	1594	4.202649	0.6368265151977539	6
910900	1061	4.844816	3.0066447257995605	6
908144	1034	-4.532611	3.050536632537842	6
1330931	1713	1.072104	1.5706654787063599	6
907300	1806	2.09567	0.6885578036308289	6
907277	1133	1.501619	2.7743043899536133	6
909726	1917	1.486626	4.168215274810791	6
946382	2149	1.911824	3.9951181411743164	6
908126	1557	3.740011	0.19155177474021912	6
1331050	1996	3.069453	-0.6912141442298889	6
909774	2158	4.395076	4.125377655029297	6
925340	2039	5.007654	3.0688986778259277	6
910934	1853	2.927302	1.8019858598709106	6
908141	1131	2.367404	2.6145544052124023	6
1240223	1019	4.524831	4.110607624053955	6
906851	1010	4.309902	2.560255765914917	6
909738	1449	6.84267	3.9194717407226562	6
1240174	1855	4.805077	2.9065029621124268	6
905976	1058	1.102616	2.841007947921753	6
1331045	1835	1.837886	1.7667596340179443	6
1298222	1594	3.503456	2.7200863361358643	6
910933	1080	-2.650468	-1.7048863172531128	6
749713	1012	0.095137	3.340726613998413	6
1298151	1720	2.252034	2.1308071613311768	6
1330941	1373	5.055809	3.479762077331543	6
713869	1249	4.430419	4.36936616897583	6
1660036	1564	2.650101	2.128058433532715	6
753610	1838	3.92587	2.657341241836548	6
905956	1814	6.543431	2.9891409873962402	6
910702	1712	0.94581	4.6724724769592285	6
905950	1033	4.022951	4.090909957885742	6
687816	1177	3.706444	4.362729549407959	6
909749	1585	4.129385	3.345273971557617	6
909728	1776	4.817437	3.586632251739502	6
909704	1175	4.383115	4.130783557891846	6
905955	1785	5.157809	3.9754815101623535	6
946377	1919	2.083775	2.8433425426483154	6
925348	1708	1.612132	2.490602493286133	6
906804	2000	4.924278	3.3205902576446533	6
910851	1032	2.927774	2.787510871887207	6
946367	1039	5.126385	3.8728854656219482	6
906830	1373	-3.357948	1.9916828870773315	6
1480360	1916	1.855713	4.115341663360596	6
1240217	2172	5.688326	4.0988993644714355	6
907276	1061	5.56756	2.604093074798584	6
907170	2360	3.363213	2.5798287391662598	6
905957	1046	0.246823	1.8481777906417847	6
687812	1061	5.454911	3.0066447257995605	6
1479995	1618	3.584512	5.082697868347168	6
1240220	1557	4.849863	1.5061038732528687	6
1298365	1924	3.462989	3.307720422744751	6
749715	1730	1.99776	3.3705215454101562	6
1240190	1463	2.381128	3.2728583812713623	6
917486	1811	-2.244923	4.115164279937744	6
907313	1806	3.625807	3.2584168910980225	6
908151	1583	2.440448	3.9951181411743164	6
909771	1023	3.274249	1.2858490943908691	6
908469	1926	2.599995	2.440924882888794	6
905959	1016	1.068938	3.307720422744751	6
946359	1586	5.482187	3.340726613998413	6
998189	1180	-2.158199	1.0342614650726318	6
908457	1584	4.025853	3.193291187286377	6
1330982	1617	1.389032	-0.6912141442298889	6
687448	1053	5.0899	2.841007947921753	6
1240157	1932	3.899554	3.2998807430267334	6
909736	1840	4.961393	3.464848518371582	6
910852	1510	3.589272	3.6938815116882324	6
1298348	1067	6.049759	2.3285598754882812	6
1298351	1632	3.601952	1.6690905094146729	6
1240224	1510	7.183504	3.473590135574341	6
910904	1549	3.436763	2.409578323364258	6
1240146	1925	6.575748	4.576478958129883	6
1503362	1559	-2.539468	0.13917893171310425	6
724866	2360	6.432309	3.106590747833252	6
687448	1449	7.213138	4.098745346069336	6
910780	1022	-0.064591	1.2823716402053833	6
907270	1780	4.898982	2.3027889728546143	6
753556	2000	5.305833	3.444204568862915	6
946360	1815	5.883241	4.405490875244141	6
1299078	1809	1.175166	2.9891409873962402	6
908476	1051	2.574274	-0.6691837906837463	6
910910	1019	4.064174	3.604570150375366	6
753584	1006	3.649233	4.170873165130615	6
1660036	1814	5.850639	2.407644510269165	6
1298475	2010	4.132781	4.195336818695068	6
1298215	2045	4.780503	2.561948299407959	6
1503371	2037	3.887017	4.003047943115234	6
949088	2498	8.524277	2.5550808906555176	6
907790	1909	3.428461	1.7748559713363647	6
905958	1175	2.582287	2.487563133239746	6
906870	1734	1.774884	2.2431411743164062	6
753616	1576	2.162131	3.9534549713134766	6
713869	1625	5.963934	4.146091461181641	6
910904	1559	-2.577021	0.2367018461227417	6
909249	1852	4.592268	2.9627678394317627	6
688013	1925	3.960524	3.9012222290039062	6
910861	2040	-0.351085	1.0082926750183105	6
906844	1062	-2.513759	3.479762077331543	6
930083	1593	7.056214	3.41532564163208	6
907169	2156	3.026734	3.9754815101623535	6
688018	1832	4.54088	2.657341241836548	6
687563	1069	3.642073	3.561005115509033	6
911905	1630	4.668938	4.115341663360596	6
908450	1621	6.420549	3.0804803371429443	6
1240122	1941	-5.073058	1.7065316438674927	6
905977	1776	4.734261	3.7629785537719727	6
1330941	1034	-3.558934	3.473212718963623	6
1503366	1073	4.50345	4.0230231285095215	6
908151	1091	3.371931	3.6938815116882324	6
753563	1529	-2.426135	2.9627678394317627	6
906863	1998	4.699948	3.7766566276550293	6
1524415	1932	2.084363	3.473590135574341	6
909248	2359	5.936235	3.8161792755126953	6
906828	2149	0.976714	4.346242904663086	6
1298223	1830	3.084082	3.444204568862915	6
906813	1050	2.29858	-0.8953312635421753	6
906875	1030	5.167548	3.5701732635498047	6
905986	1832	3.518795	3.3295400142669678	6
753624	1734	2.065088	4.6724724769592285	6
687804	1243	1.058099	4.084685325622559	6
1503362	1558	1.40608	2.479094982147217	6
946360	2112	2.329146	3.7116341590881348	6
1303901	2177	1.633509	3.6906323432922363	6
753624	1613	5.482084	4.883415222167969	6
907278	2002	4.622005	1.7984226942062378	6
909708	2499	8.689049	4.35645055770874	6
909257	1043	4.857595	4.790159225463867	6
1298538	1782	4.543176	4.063316345214844	6
907062	1784	5.176943	3.1276330947875977	6
1327773	1249	2.239077	2.3256020545959473	6
906746	1831	4.683565	3.3295400142669678	6
735784	1998	4.251547	4.0230231285095215	6
909740	1054	4.472586	1.0342614650726318	6
753548	2045	3.323069	1.3958723545074463	6
724839	1734	7.789531	3.8541367053985596	6
1298169	1785	5.83766	4.090909957885742	6
908122	1922	2.634172	3.473212718963623	6
946353	1627	2.726109	4.003047943115234	6
1331055	1046	2.662302	1.4557902812957764	6
924239	1248	-3.75648	4.018680095672607	6
925348	1626	2.856708	4.45059061050415	6
909726	1039	5.352781	4.098745346069336	6
909728	1803	6.268252	3.444204568862915	6
908469	1042	4.167955	3.980654239654541	6
687568	1845	3.566326	3.3295400142669678	6
946354	1908	2.299443	2.872440814971924	6
910931	1922	2.092679	3.2728583812713623	6
1524414	1039	4.652265	3.5775392055511475	6
910694	1826	4.132166	3.3295400142669678	6
1240193	1940	3.12893	3.7995493412017822	6
905986	1578	5.299526	3.2584168910980225	6
909263	1836	4.444018	3.2934374809265137	6
1480364	1862	-0.251764	1.2017152309417725	6
753592	1833	2.148815	3.604363203048706	6
687800	1558	3.916812	2.8064446449279785	6
905970	1843	3.291182	3.222266435623169	6
1297449	1038	1.38681	1.9477856159210205	6
1330972	1799	3.78865	3.2550220489501953	6
925347	1811	-1.045733	4.6724724769592285	6
925338	1428	5.566059	3.9733963012695312	6
909746	1733	7.253655	4.03387975692749	6
905972	1730	2.454569	3.7960379123687744	6
1240193	1014	3.711706	2.9070615768432617	6
910905	1068	1.959334	1.7748559713363647	6
907173	1199	4.337442	4.489578723907471	6
1330947	1428	1.611442	2.2431411743164062	6
908472	1239	2.683572	4.36936616897583	6
724874	1593	1.05641	3.351396083831787	6
906855	1939	1.993217	0.19155177474021912	6
1330941	2174	2.923297	3.9733963012695312	6
910937	1006	3.059667	3.653761863708496	6
753552	1624	3.039124	3.9806346893310547	6
909256	1563	5.404332	3.9951181411743164	6
1240122	1091	2.740966	2.949488878250122	6
687562	1237	4.69464	4.102324485778809	6
1240200	1997	2.29421	2.573214292526245	6
1247873	1089	6.177476	3.222266435623169	6
1240179	1629	4.291462	-0.4320203959941864	6
905989	1249	5.307338	4.115164279937744	6
908126	2157	3.851794	2.954857349395752	6
907286	2044	3.607258	3.534425735473633	6
1240157	1799	3.454382	3.9194717407226562	6
1299052	1613	5.588394	4.0575852394104	6
1503366	1059	2.305875	2.7200863361358643	6
908473	1780	6.650313	4.0516357421875	6
1330948	2171	-0.804354	1.6557966470718384	6
687799	1006	3.926102	4.36936616897583	6
907071	1593	5.638919	3.2263989448547363	6
688013	1259	-3.957708	3.5408682823181152	6
906832	1179	-1.021587	-0.6920843720436096	6
1299070	1564	2.26136	3.080556869506836	6
907795	1614	3.225217	4.03387975692749	6
905947	2047	2.905174	3.1586713790893555	6
1331032	1821	2.824258	1.7667596340179443	6
1330982	1598	3.557258	2.8548073768615723	6
1240224	1079	0.167378	3.5775392055511475	6
910710	1046	0.327108	-0.33508074283599854	6
1240159	1925	6.257973	4.589757442474365	6
906793	1060	-3.73231	1.9916828870773315	6
1480361	1031	-3.147344	1.2017152309417725	6
1240218	1175	5.373671	4.883415222167969	6
910704	1079	3.060459	3.604570150375366	6
909905	1631	3.154707	3.8728854656219482	6
905984	1079	-0.225114	3.541806221008301	6
1327773	1785	3.586716	2.3256020545959473	6
907795	1563	5.129507	4.167223930358887	6
907317	1014	1.325458	2.872440814971924	6
910903	1005	0.82011	2.9891409873962402	6
906763	2000	4.553948	1.7441558837890625	6
909252	1936	0.919169	1.1109707355499268	6
1240217	1999	4.116354	3.464848518371582	6
906843	1199	3.816604	4.099102020263672	6
910548	1250	2.380677	4.115341663360596	6
1659929	2048	-4.34053	-1.766171932220459	6
907272	1428	3.864395	2.643141269683838	6
687457	1738	1.821568	3.3045270442962646	6
907787	1784	3.222071	1.7441558837890625	6
907790	1847	2.034265	3.2934374809265137	6
909728	2048	-3.963676	-0.9678694605827332	6
906696	1812	2.785125	3.106520175933838	6
1298215	1030	5.07184	4.0575852394104	6
1298358	1629	4.546998	-0.0695732831954956	6
1240179	1034	-1.875028	2.6543643474578857	6
907275	1997	0.404303	-0.20509707927703857	6
1290769	1059	1.289383	2.6955912113189697	6
906842	2110	3.361157	1.6740885972976685	6
1298136	1812	4.697804	3.534425735473633	6
1240178	1036	2.622314	2.7770140171051025	6
905940	1067	5.31423	-0.33508074283599854	6
907063	1084	-3.546736	0.6368265151977539	6
687800	2499	11.748985	5.254626274108887	6
907795	1627	3.152375	4.167223930358887	6
907319	1778	3.793534	2.7200863361358643	6
907171	1175	4.580505	4.168215274810791	6
908120	1175	6.319565	4.150242328643799	6
906696	1866	2.634558	3.8535423278808594	6
909263	1838	4.009195	3.2934374809265137	6
910935	1941	-4.316933	-0.6912141442298889	6
687983	1010	3.764117	2.687147617340088	6
1240173	1873	0.37355	2.6955912113189697	6
1660034	1057	-0.204771	2.6955912113189697	6
1327769	1840	0.926517	1.7667596340179443	6
907048	1007	-4.814569	-0.2908557653427124	6
909745	1866	2.932566	3.561005115509033	6
722066	1814	6.021747	3.222266435623169	6
905964	1919	1.232728	2.618182897567749	6
753592	1810	-1.942224	3.222266435623169	6
753551	1706	2.940409	3.4023282527923584	6
910937	1021	1.139524	2.2733335494995117	6
753573	2106	0.019568	2.7200863361358643	6
909724	1918	2.870821	2.841007947921753	6
1331036	1038	1.041118	1.9477856159210205	6
1330950	1067	4.543458	-0.46926867961883545	6
909721	1913	7.202431	5.254626274108887	6
924188	1021	3.82113	3.050536632537842	6
1298526	1507	7.263756	4.498342037200928	6
925348	1835	4.03219	4.195336818695068	6
910905	1732	1.881452	4.115164279937744	6
910927	1808	-1.069479	3.544166326522827	6
688087	2170	4.562577	2.5798287391662598	6
907790	1049	2.468422	2.8879847526550293	6
905961	1634	3.481775	4.839051723480225	6
1298358	2047	-0.667061	2.604093074798584	6
910918	1061	3.428803	2.0701382160186768	6
910926	1047	5.118086	4.538769721984863	6
910930	2039	2.848257	1.8019858598709106	6
687807	2096	3.540443	3.0066447257995605	6
1240190	2361	5.745526	3.106590747833252	6
1298348	1016	2.786091	3.106590747833252	6
1331034	1026	-2.505378	-2.0436739921569824	6
906805	1829	1.871721	3.604363203048706	6
946382	2110	5.263454	3.9951181411743164	6
907280	1830	2.422953	1.7984226942062378	6
1240167	1511	-2.666221	2.8837106227874756	6
909740	1024	0.368894	4.03387975692749	6
908126	1854	4.039286	3.5793228149414062	6
906826	1933	4.083271	0.08902472257614136	6
925338	1463	3.189522	3.473212718963623	6
910689	1006	6.64988	4.115164279937744	6
905971	1581	2.317309	3.8906028270721436	6
905963	1131	2.861206	4.8148884773254395	6
1299050	1507	4.277121	3.3362631797790527	6
1298359	1557	4.175419	1.8543295860290527	6
924107	1013	3.468966	3.2997946739196777	6
907071	2177	2.050763	4.356907844543457	6
1240224	1046	1.25275	1.6981496810913086	6
1327769	2003	4.606491	1.7667596340179443	6
1240167	1839	4.076352	3.232438564300537	6
905962	1839	4.586458	3.2934374809265137	6
1298358	1008	4.101843	2.9349365234375	6
688006	1239	2.4868	3.653761863708496	6
1240198	1268	5.93939	4.3783392906188965	6
908130	1023	3.922428	2.9003443717956543	6
713878	1632	3.991609	1.4557902812957764	6
687596	1016	1.901579	2.7954015731811523	6
905983	1177	5.868459	4.25353479385376	6
910079	1734	2.217825	4.0230231285095215	6
905948	2170	3.927486	2.451418399810791	7
949170	2045	5.241785	2.1320579051971436	7
907062	1131	6.689296	4.904280185699463	7
906798	1820	1.081452	3.3894293308258057	7
907272	1843	0.416079	0.8985360860824585	7
753555	1373	4.956226	3.213247776031494	7
907291	1925	4.563968	4.317649841308594	7
1240218	1494	-0.487771	2.900794267654419	7
909974	1783	7.029001	3.841822624206543	7
971777	1799	5.116021	3.767778158187866	7
908475	2040	-0.398094	3.2611050605773926	7
971777	1502	5.319769	4.541812419891357	7
910941	1583	2.578321	3.705679416656494	7
905945	1083	2.946148	3.5686469078063965	7
1240160	1908	4.046677	3.4220564365386963	7
906844	1051	1.242883	0.3509226441383362	7
1524418	1559	-1.538118	0.24061328172683716	7
1298218	1733	3.458763	4.0724077224731445	7
713878	1003	-2.334375	2.0281872749328613	7
1298537	1779	1.053164	3.791508913040161	7
909728	1054	3.976279	2.2389070987701416	7
1299081	1549	4.923523	2.8495595455169678	7
908147	1563	4.070499	2.1847426891326904	7
1524416	1621	5.891336	3.263505220413208	7
906844	1816	3.606357	4.259506702423096	7
946363	1512	4.827595	-0.13530617952346802	7
1330982	1073	2.243131	2.1275651454925537	7
687563	1913	4.189915	5.4182915687561035	7
1240193	1072	3.019488	3.6046574115753174	7
1331033	1632	1.350662	-0.0174243226647377	7
905936	1777	4.527278	3.6231534481048584	7
924244	1250	2.528556	3.791508913040161	7
925347	1852	6.421515	4.175976276397705	7
905941	1372	3.260629	2.914451837539673	7
1240217	1583	2.649705	4.491453647613525	7
1240159	2173	3.645561	4.023992538452148	7
998189	1873	1.556477	2.5829780101776123	7
907792	1248	-3.201593	4.912227153778076	7
909755	1014	0.715434	1.9266053438186646	7
1327775	1819	-5.20219	-3.5753917694091797	7
905975	1051	2.284907	-0.7582620978355408	7
1524416	1908	5.534096	3.7376186847686768	7
908152	1996	4.482779	1.9910005331039429	7
687815	1839	3.765557	3.3961474895477295	7
906763	1720	1.13388	0.832627534866333	7
1240158	2046	4.260742	2.2629575729370117	7
753548	2177	1.209821	2.5679469108581543	7
905947	1820	-0.17064	3.2529830932617188	7
908462	1561	3.268279	3.4892842769622803	7
910903	1997	2.46545	2.2093498706817627	7
753562	1175	3.033408	3.958407163619995	7
909721	1825	1.356571	3.2858383655548096	7
753551	1062	4.961004	3.3935225009918213	7
688086	1373	2.938334	1.4137954711914062	7
1299052	1940	4.990583	3.805924654006958	7
907783	1625	3.646311	2.6340792179107666	7
949178	2499	9.600996	5.1466827392578125	7
907270	1014	2.054409	1.9022294282913208	7
1674021	1084	-1.693464	2.5829780101776123	7
907269	1784	4.815162	2.551004409790039	7
753579	1096	3.121267	-0.7582620978355408	7
753624	2109	2.605496	4.488166332244873	7
910780	1085	1.949587	3.409832715988159	7
910554	2110	5.361971	3.923297166824341	7
1659818	1062	2.725273	2.0277135372161865	7
749717	1149	0.584615	1.9982842206954956	7
909251	1919	0.341263	2.1369130611419678	7
906863	1779	0.840495	2.5753304958343506	7
909698	1720	4.731556	2.147671937942505	7
713899	2170	1.31531	2.8030431270599365	7
946360	1133	5.374557	4.971900939941406	7
910907	1049	5.746548	3.5694687366485596	7
909257	1080	-5.108935	-1.3815776109695435	7
906804	1529	0.814677	3.807133436203003	7
687798	1072	5.336595	4.19180965423584	7
1330985	2003	4.352143	2.1862995624542236	7
909974	1838	5.224263	3.2529830932617188	7
753600	1025	5.896211	4.192380428314209	7
753582	1051	-2.460191	-2.090404510498047	7
909719	1085	2.283946	3.5312321186065674	7
909761	1598	3.36667	4.008510589599609	7
909744	1911	-6.808285	3.3897550106048584	7
924111	1049	2.880505	2.7036798000335693	7
905961	1626	2.345288	3.723623514175415	7
907317	2003	4.848878	3.3678674697875977	7
687816	1004	-0.659718	-0.6582093238830566	7
905952	2113	1.107961	2.1473472118377686	7
910926	1511	-2.267175	2.2704999446868896	7
1331032	1268	4.410992	2.426501512527466	7
687985	1918	1.035245	2.8030431270599365	7
1330942	1810	2.470754	1.1590584516525269	7
910554	1613	4.803631	3.925612211227417	7
687798	2038	5.240233	4.410726547241211	7
1303900	1582	4.650196	3.1969473361968994	7
905937	1553	0.977987	2.5829780101776123	7
910905	1635	6.299626	3.711918830871582	7
910399	1073	2.318082	4.19180965423584	7
1240130	1018	4.030768	4.12592887878418	7
909250	2439	9.994312	3.841822624206543	7
907285	1199	4.755044	4.902232646942139	7
1659823	1626	2.577739	3.723623514175415	7
949172	1632	3.030834	0.38703393936157227	7
906851	2111	6.063619	4.152883529663086	7
688086	1585	4.116312	2.734344005584717	7
930298	1079	0.267076	3.4775307178497314	7
907787	1621	2.817529	2.1413447856903076	7
1509073	1814	6.009741	3.0947158336639404	7
688006	1932	2.843563	3.0759103298187256	7
906839	1091	2.772716	3.5947954654693604	7
924100	1714	2.774954	3.417548418045044	7
905963	1852	3.667619	3.841822624206543	7
909252	1845	-4.011012	2.1473472118377686	7
925346	1068	0.972801	2.590683698654175	7
687802	1047	7.343731	5.289041042327881	7
909718	1563	6.071579	3.923297166824341	7
687448	2043	5.818447	4.12592887878418	7
687995	2112	1.641734	3.2350785732269287	7
907281	1054	1.267051	0.9899166822433472	7
1298169	1060	3.088142	3.7376186847686768	7
910931	1009	5.136398	4.19180965423584	7
910920	1915	2.688567	2.2221930027008057	7
724874	1911	-4.426339	4.19180965423584	7
906871	1873	0.49682	2.5335652828216553	7
910937	1997	1.240418	1.426690936088562	7
908475	1007	-4.696667	-0.6582093238830566	7
908152	1852	4.794004	3.822197198867798	7
1240219	2044	5.419647	2.900794267654419	7
1524416	2047	0.701875	3.7376186847686768	7
1299050	1912	3.760847	2.655547857284546	7
1480362	1088	4.230264	2.8426899909973145	7
753608	1034	-4.374217	3.2611050605773926	7
1240181	2110	3.619571	3.705679416656494	7
905967	1821	3.764968	3.2858383655548096	7
1509073	1593	2.520294	3.263505220413208	7
1660036	1016	3.366756	2.5829780101776123	7
724828	1558	6.165601	2.94685435295105	7
908473	2039	4.379986	3.3054845333099365	7
722066	2000	5.404579	3.2858383655548096	7
905959	1463	6.638578	3.0365869998931885	7
1659823	1003	0.764638	2.3745787143707275	7
687804	1050	1.267195	-1.1550203561782837	7
905978	1919	2.679389	2.2221930027008057	7
905970	1910	4.680573	2.3644819259643555	7
1298136	1034	-3.131041	3.5694687366485596	7
910948	1785	7.974272	3.9306721687316895	7
1240123	1004	-4.040787	-1.6223124265670776	7
909746	2170	6.254087	2.5829780101776123	7
1303901	1079	2.787152	3.15217661857605	7
1330983	1059	0.421109	2.045474052429199	7
688018	1375	3.996642	2.0281872749328613	7
753608	1933	6.250932	2.1777865886688232	7
946359	1778	2.888282	2.528935670852661	7
909721	1909	4.66527	2.3644819259643555	7
1660035	1372	-1.550075	1.9266053438186646	7
1240130	1239	0.651774	3.4857637882232666	7
1240161	1057	-2.794712	2.655547857284546	7
1331036	1786	0.332274	1.6620160341262817	7
1327771	1563	4.405883	2.4710099697113037	7
1298533	1058	1.33275	3.3140716552734375	7
924102	1930	-0.103612	4.152949810028076	7
909263	2010	2.627691	3.2668256759643555	7
724859	1012	2.664503	3.3054845333099365	7
688023	1843	-1.965201	2.0281872749328613	7
908451	1720	-0.765005	0.8197095394134521	7
907321	1510	4.233236	3.1229212284088135	7
1240204	1928	4.675983	3.501774549484253	7
1299050	1268	3.670473	3.805924654006958	7
910545	1170	4.20329	-0.3955463767051697	7
687563	1782	4.949939	3.7280619144439697	7
1327771	1042	4.577879	4.241623878479004	7
909743	1060	3.430173	2.184209108352661	7
906877	1086	-2.562446	0.44750767946243286	7
687802	1191	-5.51737	2.1777865886688232	7
910943	1093	5.655292	3.5947954654693604	7
753585	1401	1.881024	1.802606225013733	7
1298537	1563	4.279853	4.410726547241211	7
907787	2172	-0.947181	2.2585129737854004	7
910927	2010	4.308276	3.073598623275757	7
1240130	1910	2.019614	2.2093498706817627	7
753612	1549	5.367404	2.655479669570923	7
905939	2499	10.242153	4.912227153778076	7
909706	2177	2.494131	3.8574578762054443	7
905983	2039	4.114213	3.2132177352905273	7
1480367	1091	0.776459	3.399448871612549	7
1330995	2107	5.085853	1.1928333044052124	7
1240212	1179	0.668593	1.8154250383377075	7
1290724	1940	3.19676	3.805924654006958	7
1480371	2048	-3.030567	-1.3815776109695435	7
949175	1170	2.8248	0.2046200931072235	7
905958	1019	2.911413	2.258467435836792	7
925340	1911	-5.57275	3.6017444133758545	7
724868	1549	4.135324	2.638274669647217	7
753618	2107	4.220249	2.1320579051971436	7
908442	1925	5.122101	4.317649841308594	7
753595	2177	4.124896	4.432701587677002	7
1290724	1428	5.876093	3.339221239089966	7
735784	1631	3.990049	3.4858062267303467	7
687457	1025	5.693827	3.9805474281311035	7
687985	2361	3.64602	2.8030431270599365	7
910900	1918	4.26985	3.1720633506774902	7
909727	1941	0.903329	2.2093498706817627	7
906804	1563	5.865427	4.047973155975342	7
906833	1557	3.814415	1.6336060762405396	7
1240159	1831	4.774549	3.433540105819702	7
687819	1918	3.426696	3.1720633506774902	7
753596	1630	3.477642	3.767778158187866	7
1327771	1047	3.743464	2.492577075958252	7
906833	1036	3.83768	3.017303705215454	7
687819	2010	6.185576	3.2858383655548096	7
1298157	1622	4.805942	4.04151725769043	7
910700	1585	5.685065	3.2268869876861572	7
946372	1046	0.429029	2.1814732551574707	7
1327766	1925	4.573353	3.284729242324829	7
925347	1085	4.126795	4.0724077224731445	7
946382	1624	3.869021	3.851844549179077	7
946355	1819	-1.28701	-1.469437599182129	7
1240173	1093	4.430754	3.3745696544647217	7
1240160	1016	0.757599	3.2605481147766113	7
1503368	1581	3.881167	4.036235809326172	7
753561	2107	4.083039	2.655547857284546	7
910930	2045	2.897909	1.1928333044052124	7
998184	2145	-1.83187	2.1473472118377686	7
1330993	1072	5.288692	3.711714506149292	7
924238	1560	1.762939	3.1653168201446533	7
906693	1069	3.305337	3.7035915851593018	7
753564	1909	1.572077	1.426690936088562	7
687590	1783	5.329025	3.7280619144439697	7
907278	1718	3.052315	1.938162922859192	7
946353	1847	4.058183	3.3678674697875977	7
1331032	1916	2.154255	1.8269323110580444	7
925348	1085	3.823536	4.0724077224731445	7
753592	1004	-3.313495	-0.6582093238830566	7
906868	1149	1.114839	2.1417622566223145	7
753565	1022	0.762269	2.119323492050171	7
909194	2109	2.572371	3.867326021194458	7
724839	1804	8.006408	3.1361615657806396	7
1298362	1025	5.354019	3.805924654006958	7
906765	2010	1.393835	2.4177629947662354	7
907058	1779	1.368615	3.767778158187866	7
1331050	1051	3.300221	-3.800079345703125	7
1240200	1239	3.449502	4.029285907745361	7
753584	1190	-1.02764	2.2704999446868896	7
905936	1922	1.986426	3.3402507305145264	7
687800	1200	3.715855	4.535528659820557	7
906830	1594	2.474967	2.3669581413269043	7
908475	2043	5.891365	4.296512126922607	7
910710	1732	3.612662	2.687628984451294	7
908152	1635	5.714254	3.822197198867798	7
713899	1593	1.548876	3.036237955093384	7
906871	2359	4.867056	3.5367605686187744	7
907051	1372	2.70213	3.4788591861724854	7
907295	2177	1.11706	3.7946157455444336	7
1503365	1029	7.643525	2.986445665359497	7
910687	1010	2.887779	2.1369130611419678	7
906826	1006	2.766456	3.9306721687316895	7
909750	1932	2.794069	3.601769208908081	7
687815	1778	2.113429	2.8241450786590576	7
1327766	1924	4.437819	1.1683785915374756	7
753584	1030	4.788011	3.9568393230438232	7
687586	2149	1.654987	4.001169204711914	7
687506	1709	-1.74854	1.8154250383377075	7
1303900	1804	-0.373029	3.073598623275757	7
905982	1014	3.54369	3.2024524211883545	7
908455	1919	0.465008	2.7706730365753174	7
1240146	1372	2.246463	3.2698895931243896	7
905939	1558	2.203907	2.410858392715454	7
1290798	1449	5.871732	3.3978211879730225	7
949154	1853	3.061268	3.1046535968780518	7
907287	1808	1.666402	2.3745787143707275	7
1330983	1732	3.618535	2.134197235107422	7
1331034	1038	1.263096	2.2770450115203857	7
753585	1629	5.181417	0.24061328172683716	7
1240181	1560	1.651418	2.1320579051971436	7
1524419	1928	5.02296	3.720961332321167	7
906875	2145	-1.021335	2.9391658306121826	7
1240190	1852	6.066869	4.19180965423584	7
1303911	1631	2.928659	3.3978211879730225	7
688025	1179	-0.009716	2.119323492050171	7
1524418	1036	3.509597	3.7376186847686768	7
905956	1564	1.366215	1.2418780326843262	7
905970	1613	6.431898	4.296512126922607	7
909744	1133	3.957436	4.270820140838623	7
909736	1811	-2.781468	4.137117862701416	7
1299078	1046	3.944149	2.0659689903259277	7
908458	2156	3.519579	3.711918830871582	7
905975	2055	2.001291	3.4784462451934814	7
908135	1133	3.013523	3.7550177574157715	7
906826	1918	4.929339	2.528935670852661	7
905976	2106	2.637234	2.3669581413269043	7
907789	1862	-2.385518	0.345955491065979	7
687506	1629	4.035359	0.9875814914703369	7
1299064	1168	0.051205	2.4848358631134033	7
688013	1916	1.920198	3.15217661857605	7
906877	1594	0.382954	1.4818817377090454	7
907789	1996	1.787901	0.832627534866333	7
905971	1996	2.518618	2.147671937942505	7
908472	1190	5.490125	2.845390558242798	7
753558	1855	6.150858	3.7376186847686768	7
1240160	1916	4.841232	3.5312321186065674	7
909975	1733	1.764397	3.50362229347229	7
724872	1918	4.367641	2.8030431270599365	7
1240185	1925	5.186073	4.535528659820557	7
910546	1912	3.439819	3.3140716552734375	7
1503366	1175	5.148944	4.29089879989624	7
946356	1018	6.436306	4.29089879989624	7
753579	1930	0.682593	4.12592887878418	7
908465	1016	0.825937	3.1720633506774902	7
905991	1714	3.793844	3.226475477218628	7
1524419	2040	1.133559	3.473597764968872	7
910861	1036	3.788437	2.2140727043151855	7
1480374	1053	2.801409	3.0733087062835693	7
907318	1932	2.306069	3.1229212284088135	7
907169	1999	2.854562	3.4784462451934814	7
906814	1940	3.076196	4.168430805206299	7
907319	2046	1.966367	2.272397756576538	7
946359	1799	1.228884	3.3978211879730225	7
909738	1021	4.151371	3.030749559402466	7
687777	1083	2.972961	3.2611050605773926	7
910899	2107	4.240086	2.8030431270599365	7
946372	1853	1.803544	3.2132177352905273	7
1240189	1248	-6.311937	4.918867111206055	7
1240201	1931	6.005827	5.623084545135498	7
946370	1613	5.416585	4.0401434898376465	7
753575	1733	3.350348	3.4858062267303467	7
905963	1200	4.281295	4.25130558013916	7
1240146	1053	3.569282	3.1720633506774902	7
949178	1093	2.826446	0.3192240595817566	7
1240189	1911	-5.126558	3.6046574115753174	7
713899	1581	3.366913	3.645200490951538	7
909749	1928	4.498911	3.7579243183135986	7
907053	1085	1.859968	1.938162922859192	7
1295741	2109	1.351101	3.191861629486084	7
907272	1033	4.18261	2.404925584793091	7
724878	1930	2.990436	4.296512126922607	7
1674021	1808	-0.075052	2.3745787143707275	7
907311	1512	4.091101	0.3408879041671753	7
910399	1047	4.748822	5.289041042327881	7
907791	1021	3.446022	1.0897542238235474	7
1247871	1827	-0.149482	2.1473472118377686	7
907788	2046	2.900464	2.8463633060455322	7
906808	2039	1.951099	3.036237955093384	7
907065	1615	6.288334	3.125262498855591	7
909253	1594	1.005495	2.045474052429199	7
910930	1909	1.245505	0.8903485536575317	7
910916	1038	3.634592	3.958407163619995	7
905976	1635	5.658167	3.4857637882232666	7
905975	2040	0.501382	3.4077680110931396	7
753555	1998	5.284047	4.066915512084961	7
1240190	1855	4.469556	3.2698895931243896	7
1330964	2010	5.427877	3.2350785732269287	7
949094	1830	3.065783	3.355583906173706	7
1240206	1024	-0.535393	2.5753304958343506	7
908120	1036	5.437101	3.785027503967285	7
1330983	1024	-1.888343	1.938162922859192	7
724834	1615	5.640031	3.1720633506774902	7
905967	2047	1.189215	3.2698895931243896	7
909738	1622	4.235892	4.130064010620117	7
910853	1806	5.969963	2.0337891578674316	7
687592	1558	2.621711	2.682234525680542	7
687505	1629	2.896679	0.9875814914703369	7
908124	1039	4.01086	3.767778158187866	7
1247871	1928	3.374205	2.2585129737854004	7
688021	1804	7.312556	3.2350785732269287	7
909743	1716	5.151229	2.258467435836792	7
910549	1624	2.331756	4.036235809326172	7
1322224	1016	0.567342	2.4803049564361572	7
1240129	1057	0.766588	3.0733087062835693	7
1240153	2361	5.125373	2.3669581413269043	7
924241	1560	2.927216	2.8030431270599365	7
713885	1170	4.007696	0.9120029211044312	7
905963	1559	-2.115216	0.24061328172683716	7
1303900	2177	2.33277	4.136196613311768	7
909757	2361	5.475298	2.5829780101776123	7
909704	1191	-5.490802	1.6017519235610962	7
910689	1072	5.712732	3.711918830871582	7
910852	1840	2.28626	3.073598623275757	7
688011	1730	2.349913	3.0959596633911133	7
687592	1011	3.823196	2.1957552433013916	7
907790	1624	2.795592	3.723623514175415	7
998189	2011	3.82003	3.711918830871582	7
1331033	1561	0.447549	1.1928333044052124	7
753554	1250	4.037191	3.4703540802001953	7
1298350	1586	4.714231	3.3054845333099365	7
909773	1033	3.624538	2.1275651454925537	7
909715	1918	2.60268	2.045474052429199	7
905986	1814	6.636792	2.848562002182007	7
905969	1739	4.454792	3.663902997970581	7
907046	1014	1.609281	3.785027503967285	7
724825	1712	-4.712276	2.9769089221954346	7
946382	1593	1.978989	3.1969473361968994	7
910931	1926	-0.88878	3.1720633506774902	7
909745	1582	5.467494	3.2132177352905273	7
906826	1784	7.329709	3.073598623275757	7
925347	2002	6.618109	3.6790058612823486	7
713899	1917	2.665085	3.892298460006714	7
1503362	1908	2.08742	3.213247776031494	7
910851	1873	1.085422	2.849001169204712	7
924238	1733	2.521787	3.8746390342712402	7
909260	1560	2.434959	1.4818817377090454	7
1240167	1849	-1.346941	2.3060598373413086	7
906813	1631	3.460614	3.767778158187866	7
724825	1583	2.192366	2.9195902347564697	7
1240169	1043	4.629766	5.36307954788208	7
753563	2000	3.103884	2.4177629947662354	7
905935	2044	5.086106	3.6943085193634033	7
1330960	1997	3.34161	0.832627534866333	7
908122	1175	4.570283	4.152883529663086	7
971777	1133	2.5259	4.645114421844482	7
687459	1912	3.703392	3.125262498855591	7
1659817	2175	2.612783	3.191861629486084	7
906693	1716	5.510228	4.0724077224731445	7
687983	2110	5.69725	3.7946157455444336	7
908461	1005	4.13075	2.9218552112579346	7
905983	1007	-5.305153	-1.4759818315505981	7
1290769	2055	1.100799	3.2668256759643555	7
909784	1463	4.740081	3.4077680110931396	7
1503368	1840	4.268343	3.3678674697875977	7
906792	1576	2.348872	4.168430805206299	7
909712	1083	2.886287	3.333282709121704	7
946358	1088	0.31152	0.8985360860824585	7
949172	1024	-0.82684	3.409832715988159	7
910698	1844	2.966416	3.2529830932617188	7
910851	1248	-4.616285	5.369748592376709	7
908124	1916	1.790017	3.767778158187866	7
753559	1627	2.318259	4.190765857696533	7
753554	1811	-1.6012	4.040240287780762	7
907788	1054	1.474752	2.8463633060455322	7
908451	1622	4.002354	2.6655209064483643	7
909974	1004	-2.022709	-0.17479345202445984	7
910549	1010	2.443801	2.4848358631134033	7
905972	1073	5.448408	4.19180965423584	7
908447	2057	5.159399	2.9391658306121826	7
687820	1931	7.572684	5.289041042327881	7
1331048	2038	2.276759	2.1419036388397217	7
1240218	1847	7.59779	3.6790058612823486	7
905991	1626	1.167175	3.8533575534820557	7
907058	1930	0.173484	4.12592887878418	7
1240199	2157	7.880789	4.169253349304199	7
905941	1259	6.252677	4.048000335693359	7
907295	1584	1.2486	3.036237955093384	7
1298223	2038	4.676924	4.141996383666992	7
906814	1058	0.451006	2.3669581413269043	7
1240220	1854	4.662652	4.003752708435059	7
1659818	1239	1.712215	2.9769089221954346	7
930297	1073	3.675784	3.805037260055542	7
910704	1716	4.353847	3.3978211879730225	7
1330947	1011	-1.815644	0.8197095394134521	7
909751	2360	5.666674	2.5829780101776123	7
1240223	1428	6.971389	3.9890520572662354	7
906817	1634	5.017158	5.721864223480225	7
905934	2057	4.813501	3.6094133853912354	7
1303901	1046	1.094869	2.119323492050171	7
687983	1006	2.964198	3.6046574115753174	7
1503362	1586	4.240373	3.3664772510528564	7
909745	1560	4.824924	2.455728054046631	7
753556	1845	3.103635	3.3961474895477295	7
909745	1941	-4.474996	2.1957552433013916	7
1240160	1060	2.152069	3.4220564365386963	7
753594	1191	-3.618684	0.9120029211044312	7
907320	2154	2.888774	4.190765857696533	7
910927	1810	-2.422375	3.4097540378570557	7
1298529	1378	3.824994	2.5706262588500977	7
688011	1844	2.756153	3.2350785732269287	7
909248	1825	-1.121282	3.180752992630005	7
1295740	1780	3.808064	2.258467435836792	7
908455	1060	0.893113	2.64067006111145	7
908483	1776	3.171775	3.0959596633911133	7
949171	1926	-0.50744	2.1320579051971436	7
687787	1237	4.973417	4.141996383666992	7
906864	1614	5.233633	3.8746390342712402	7
1240162	1784	6.665889	3.130091428756714	7
1240167	1073	3.13916	4.066915512084961	7
905958	1038	3.582574	2.2839019298553467	7
907300	1449	4.407456	1.938162922859192	7
905946	1034	-1.441453	3.5686469078063965	7
753610	1830	2.754244	3.2350785732269287	7
946366	1908	2.242983	3.2024524211883545	7
906844	1916	3.145371	3.3978211879730225	7
907169	1908	1.941157	1.2418780326843262	7
713869	1598	3.890055	4.192380428314209	7
908443	1084	-4.075088	2.8241450786590576	7
1322213	1179	0.043732	2.3740384578704834	7
1303911	1023	4.157108	3.5686469078063965	7
1331038	1819	2.395433	-3.800079345703125	7
1330950	1249	1.446918	2.9769089221954346	7
908463	1510	4.996929	3.302191972732544	7
909755	1249	4.625146	3.711918830871582	7
713885	2043	5.55269	3.892298460006714	7
688087	1511	0.890363	-0.13530617952346802	7
1330947	2145	-1.788675	2.1862995624542236	7
1298352	1911	-0.136131	3.807133436203003	7
753612	1829	0.512504	2.4177629947662354	7
909737	1018	5.963178	4.138382434844971	7
908470	1199	5.887268	4.384761810302734	7
906826	1042	7.995547	5.3297200202941895	7
908472	1073	7.161526	4.19180965423584	7
910702	1803	9.794339	3.6790058612823486	7
687777	2171	3.786729	3.302191972732544	7
1240226	1047	3.282452	4.645114421844482	7
908130	1908	4.454861	3.4788591861724854	7
1524419	1054	3.387122	1.802606225013733	7
910935	1996	1.855067	0.8903485536575317	7
908122	2171	4.026896	3.6113409996032715	7
910937	1067	4.755409	2.119323492050171	7
924108	1941	-3.02514	2.147671937942505	7
1480364	1804	6.352541	3.4147684574127197	7
1327768	1932	3.277766	1.6730316877365112	7
910399	1927	4.958244	3.791508913040161	7
1247873	1852	6.478766	4.19180965423584	7
1297447	1441	1.703641	1.1683785915374756	7
907799	1936	1.718872	1.6620160341262817	7
1240197	1712	0.922047	4.029285907745361	7
688021	1779	-0.351793	3.15217661857605	7
909726	1916	4.347495	3.767778158187866	7
1330985	1199	2.035188	3.20033597946167	7
687802	1852	6.063797	4.19180965423584	7
724839	1168	2.866877	2.7644801139831543	7
1327771	1007	-5.936077	-3.4707119464874268	7
1240217	2046	2.641737	2.2629575729370117	7
753572	1006	1.183084	4.175976276397705	7
1674021	1047	5.806787	4.669389247894287	7
1290806	1558	3.090358	2.7706730365753174	7
1298538	1786	2.189481	2.648817777633667	7
1303901	2172	1.604811	3.645200490951538	7
907269	1927	4.783359	2.512871265411377	7
1303901	1020	5.126998	0.9120029211044312	7
905967	1709	-3.020448	2.369692087173462	7
908135	1621	1.884104	2.734344005584717	7
906793	1776	5.654153	3.5424790382385254	7
907314	1054	3.380212	0.38703393936157227	7
1330993	1618	3.427645	4.1551899909973145	7
1331032	1079	0.430857	1.8269323110580444	7
909249	1814	4.969622	0.8513039350509644	7
1240168	1133	4.633956	4.978466033935547	7
1503362	1441	1.044084	3.0537655353546143	7
908470	1620	6.722708	3.7539188861846924	7
1240168	1043	5.282146	5.36307954788208	7
905962	1093	5.198209	3.3745696544647217	7
753569	1020	5.757944	2.0060195922851562	7
687457	1931	5.869924	4.540621757507324	7
909747	1560	4.7481	2.5829780101776123	7
713878	1838	4.143608	3.2350785732269287	7
1503366	1068	1.779383	2.3060598373413086	7
906763	2048	-5.411274	-2.5802533626556396	7
908124	2040	0.863636	3.4077680110931396	7
907067	1615	4.500856	2.3669581413269043	7
906844	1613	2.125656	4.152883529663086	7
1298136	2172	4.074876	4.194960117340088	7
687514	1067	5.586631	1.8154250383377075	7
687448	1819	4.46469	-0.7582620978355408	7
924250	1025	6.54371	3.8015286922454834	7
909784	1621	5.50815	3.118412733078003	7
724870	1557	5.539161	2.590683698654175	7
910904	1043	5.956184	5.268216133117676	7
946373	1511	0.070037	2.773111581802368	7
1330964	1259	1.643503	3.892298460006714	7
910934	1046	0.121202	-0.0174243226647377	7
946369	1494	-3.525371	2.773111581802368	7
909194	1941	-5.902065	1.426690936088562	7
905958	1706	2.433925	2.2585129737854004	7
906833	1067	5.366364	0.6628392934799194	7
910941	1593	1.36773	2.734344005584717	7
1240198	1581	3.660328	3.8533575534820557	7
908443	1909	3.31939	2.1659908294677734	7
907173	1559	-1.070194	2.7256946563720703	7
1298222	1908	2.780452	3.213247776031494	7
753563	1738	-1.93992	1.2903335094451904	7
753577	1564	3.666915	3.7376186847686768	7
1298223	2109	2.089715	4.085148334503174	7
1298136	1815	6.788726	4.175976276397705	7
949174	1580	5.549639	3.4934377670288086	7
909745	2156	5.047832	3.7280619144439697	7
907319	1239	3.545743	4.066915512084961	7
1503368	1784	5.509992	3.3678674697875977	7
687514	1840	3.367462	3.1361615657806396	7
688027	1022	0.715632	2.119323492050171	7
1240155	1786	1.746591	3.111877202987671	7
905945	1932	2.732656	3.6113409996032715	7
949176	1786	5.126306	1.2149893045425415	7
909704	1847	5.116177	3.3894293308258057	7
753556	1561	-0.780712	2.8241450786590576	7
753584	1916	2.847877	3.2087838649749756	7
907048	1714	3.900108	3.785027503967285	7
1298169	1584	2.742829	3.263505220413208	7
905934	1716	4.977423	3.7107231616973877	7
1331032	1836	3.987094	2.2459397315979004	7
946370	2107	5.479268	2.455728054046631	7
998184	1069	2.122396	2.2379887104034424	7
1240154	1936	3.007272	3.5347487926483154	7
909753	1927	5.607976	3.663902997970581	7
1240125	1873	1.467714	2.3669581413269043	7
906820	1777	5.03017	3.409832715988159	7
1479987	1716	4.202494	3.663902997970581	7
1331037	1806	4.719168	1.0268603563308716	7
1240190	1049	4.59075	3.2611050605773926	7
753610	1776	4.280262	3.0959596633911133	7
687787	2439	9.036757	4.040240287780762	7
909709	1047	5.710401	4.904280185699463	7
1240173	1563	5.476886	3.923297166824341	7
1299075	1912	1.108547	2.7969887256622314	7
909698	1799	5.561803	3.6231534481048584	7
753582	1073	4.332505	3.6046574115753174	7
907051	1809	0.810768	2.3400700092315674	7
1299062	2154	3.803824	3.7946157455444336	7
1303900	1010	3.684605	2.429863214492798	7
724839	1832	4.973016	3.1361615657806396	7
1240204	1614	4.753237	2.5753304958343506	7
1240218	1042	6.137404	6.002391338348389	7
1480362	1058	2.05327	3.0733087062835693	7
1297439	1029	6.014686	2.7164454460144043	7
753566	1843	-0.223355	2.2704999446868896	7
907051	2003	6.06448	3.225822687149048	7
906795	1782	5.921042	3.9890520572662354	7
905944	1803	4.930174	3.2858383655548096	7
910916	1048	2.977397	3.958407163619995	7
753616	2011	5.41858	3.788369655609131	7
910943	1785	6.089201	3.7280619144439697	7
1299052	1811	-0.859673	3.339221239089966	7
687561	1168	3.377516	2.682234525680542	7
749717	1908	5.537368	3.785027503967285	7
910780	1854	4.825574	3.7594802379608154	7
909718	1084	-1.848439	2.5829780101776123	7
908121	1050	3.264442	0.3509226441383362	7
687802	1825	3.057642	3.2858383655548096	7
753583	2038	5.550153	3.8936269283294678	7
1290797	1811	-2.146801	4.175976276397705	7
1330973	2159	4.229654	3.7946157455444336	7
905933	1190	0.289674	2.8426899909973145	7
946373	2174	3.631286	3.5367605686187744	7
906765	1061	3.667911	2.0277135372161865	7
906872	1849	1.043387	1.264654517173767	7
910554	1916	4.036119	3.6231534481048584	7
688021	1810	5.365446	2.0281872749328613	7
906872	2439	9.541069	3.788369655609131	7
906864	1714	5.333824	2.885098695755005	7
906818	1033	5.618547	3.4857637882232666	7
1298219	1014	4.161247	3.2890827655792236	7
753565	1199	3.142416	4.0585150718688965	7
906869	1018	5.910123	3.6605634689331055	7
683667	1584	2.203863	3.192476511001587	7
1298151	1199	3.777706	4.507290363311768	7
910932	1052	5.470104	2.0659689903259277	7
905948	1734	1.992654	3.841822624206543	7
906808	1936	3.384636	2.7164454460144043	7
1331045	1191	-4.743736	-0.15367361903190613	7
905958	1827	-4.467789	2.1473472118377686	7
1295741	1084	-5.58383	1.1683785915374756	7
909725	1836	4.215869	3.4784462451934814	7
909784	1025	5.853807	4.168430805206299	7
1240183	1931	5.230821	4.906362533569336	7
907066	1089	6.84813	2.2704999446868896	7
946369	1941	-5.036434	2.1417622566223145	7
1240181	1582	3.362595	2.734344005584717	7
909704	1736	2.287662	2.9438536167144775	7
1297438	1051	4.419051	-2.090404510498047	7
1322212	1007	-2.546203	-2.090404510498047	7
749712	1931	6.163809	4.884138107299805	7
907312	2048	-4.157134	-2.2369425296783447	7
1290797	1825	0.507604	3.6790058612823486	7
1303897	1933	5.595321	-0.15367361903190613	7
909748	1020	5.673154	1.461938500404358	7
1303900	1930	1.214195	4.152883529663086	7
949173	1083	2.306741	1.2149893045425415	7
753621	2107	6.261605	3.0537655353546143	7
998189	1939	4.484845	2.147671937942505	7
688086	1999	4.480997	2.9391658306121826	7
1480361	1194	4.861666	3.0365869998931885	7
753541	1819	-5.687016	-2.0957491397857666	7
909755	1043	6.125662	5.208188533782959	7
907269	2010	2.611231	2.551004409790039	7
910916	1025	5.657953	3.805924654006958	7
1240155	1825	-0.098551	3.064166307449341	7
1299062	1033	4.52068	3.6046574115753174	7
907317	1932	1.621009	3.1229212284088135	7
753569	1625	5.449182	3.862821102142334	7
905959	1428	0.658921	4.029285907745361	7
906696	1084	-0.616342	3.1653168201446533	7
687815	1026	-2.948957	2.0060195922851562	7
908139	1832	3.787609	3.064166307449341	7
907287	1553	2.249253	2.5829780101776123	7
909726	1043	4.518673	5.287448406219482	7
910079	1831	4.087047	3.3678674697875977	7
906814	1908	0.82945	1.2418780326843262	7
906765	1620	4.851214	2.7603485584259033	7
909745	1069	4.750799	3.3219754695892334	7
1240160	1621	5.101734	3.35770320892334	7
907071	1816	5.09436	4.507290363311768	7
1298537	1626	-0.332911	4.079449653625488	7
1331032	1003	-4.881173	1.0268603563308716	7
1299080	1510	3.56604	3.303126096725464	7
910702	1059	3.091682	3.3140716552734375	7
908139	2173	3.303296	3.494000196456909	7
687815	2172	2.383294	3.862821102142334	7
906812	1177	5.420982	4.152883529663086	7
688025	1093	3.082011	3.0759103298187256	7
1327769	1032	1.333435	1.924935221672058	7
1330985	2159	1.798676	2.5679469108581543	7
905978	2107	4.768212	2.451418399810791	7
949176	1560	3.085574	2.1320579051971436	7
753549	1034	-2.930343	3.333282709121704	7
1322213	1093	3.404251	3.491774559020996	7
687807	1529	3.774432	4.19180965423584	7
907169	1911	-6.276638	3.4857637882232666	7
1240172	1932	5.313319	3.6113409996032715	7
906828	1613	4.903888	4.152949810028076	7
909702	1936	2.222943	1.2940794229507446	7
753622	1024	1.725573	3.4858062267303467	7
910692	2002	5.483803	3.2350785732269287	7
905936	1553	2.652849	2.5829780101776123	7
749714	2169	3.49043	2.528935670852661	7
910933	1712	-2.85869	3.7280619144439697	7
1240189	1624	1.598131	3.645200490951538	7
907045	1832	3.822344	3.073598623275757	7
1299081	1866	1.828842	3.5424790382385254	7
1240173	1559	-3.473779	1.461938500404358	7
1298223	1057	-0.927742	2.8241450786590576	7
1330942	1012	0.746912	2.2713048458099365	7
908125	2000	4.118166	3.4784462451934814	7
908141	1613	1.156187	2.657585382461548	7
909709	1997	3.257721	2.26340913772583	7
907789	1819	-5.651663	-2.5802533626556396	7
908447	1441	3.421451	2.1320579051971436	7
1240181	1834	2.965672	2.9391658306121826	7
907066	1014	4.296243	2.9438536167144775	7
907282	1239	2.644437	3.5367605686187744	7
1331055	1008	3.619154	2.0281872749328613	7
906870	1806	3.012757	1.1590584516525269	7
724828	1190	-0.847515	-0.13530617952346802	7
908458	1732	3.958958	3.711918830871582	7
946359	1709	-0.472595	2.2398478984832764	7
749715	1617	1.661258	1.9982842206954956	7
1503363	1047	5.45377	5.5052618980407715	7
906814	1613	4.838454	4.12592887878418	7
905962	1629	3.853238	1.461938500404358	7
687807	1034	-1.683863	3.2611050605773926	7
910852	1999	3.136026	3.073598623275757	7
1298531	1926	1.79836	2.655547857284546	7
908480	1025	5.722957	3.867326021194458	7
1240204	2174	1.983487	3.339221239089966	7
924239	1939	2.358322	-0.01735956221818924	7
908480	1039	4.664721	3.15217661857605	7
971777	2172	2.493129	3.840416669845581	7
1295740	2010	1.75236	2.1473472118377686	7
909746	1834	3.362309	3.2668256759643555	7
1240142	1838	4.096317	3.3961474895477295	7
910689	2173	6.054747	3.723623514175415	7
1298226	1926	0.309191	2.8241450786590576	7
1298151	2498	5.369216	6.298377513885498	7
1240172	1250	4.876268	3.3978211879730225	7
724869	1011	-0.829534	2.590683698654175	7
753533	1917	0.917533	4.161552429199219	7
909708	1268	4.102558	3.805924654006958	7
753595	1024	2.588425	4.0724077224731445	7
713878	1018	4.972793	3.892298460006714	7
753584	1614	3.710009	3.2087838649749756	7
907321	1051	4.296655	-1.469437599182129	7
906863	1910	3.303279	2.26340913772583	7
1330973	2438	10.986916	3.6046574115753174	7
905981	1073	2.835029	3.841822624206543	7
687983	1908	3.521943	3.3935225009918213	7
910935	1627	0.845907	2.1419036388397217	7
909728	1050	2.801158	-0.6682819128036499	7
910916	2157	4.988699	3.8936269283294678	7
909738	1576	4.295036	4.130064010620117	7
1290769	2038	6.254579	3.923297166824341	7
906693	1873	1.172796	3.3140716552734375	7
924188	1023	4.652808	2.878422498703003	7
683667	1626	2.355385	3.4954755306243896	7
687506	2047	1.620323	2.777862787246704	7
1298533	2359	6.037089	4.175976276397705	7
905941	1779	2.843274	3.4703540802001953	7
909771	1911	-4.649887	2.134197235107422	7
1298356	1051	4.813163	-1.1550203561782837	7
906798	1004	-3.983057	-2.2369425296783447	7
688010	2171	-0.03241	3.0759103298187256	7
907787	1625	4.648041	2.2585129737854004	7
910920	1084	-1.914876	2.451418399810791	7
909719	1089	5.191965	2.6601383686065674	7
724828	1006	1.055109	3.788369655609131	7
906851	2038	5.323236	4.136196613311768	7
1330995	1428	5.511297	2.1275651454925537	7
911905	1925	7.253599	4.383433818817139	7
1303897	1855	6.440931	2.2140727043151855	7
908139	1635	5.662513	3.6017444133758545	7
908151	1626	4.03011	3.851844549179077	7
924240	2173	4.496136	3.851844549179077	7
905985	1598	5.565752	3.959965229034424	7
949178	1996	2.473967	1.264654517173767	7
749717	2111	3.756369	4.152883529663086	7
753582	1243	1.437247	3.6046574115753174	7
1290797	1191	-5.448212	3.085278272628784	7
907045	1927	5.096773	3.3978211879730225	7
1479995	1927	5.131317	3.663902997970581	7
908448	2156	2.199306	2.134197235107422	7
949178	1814	5.443707	-0.13530617952346802	7
1298146	1068	-0.060384	2.3085405826568604	7
909778	1927	5.135236	3.3978211879730225	7
1240167	1268	5.001014	4.285162448883057	7
724834	1511	0.176884	2.845390558242798	7
910936	1549	-0.94439	2.4161136150360107	7
1298350	1016	0.818985	3.1720633506774902	7
687802	1718	5.177606	3.791508913040161	7
910932	1080	-1.885982	-0.7582620978355408	7
1327775	1732	2.132654	2.9769089221954346	7
907311	1706	-2.673391	2.6340792179107666	7
753578	1069	2.981974	3.139150857925415	7
753572	1734	2.130317	4.175976276397705	7
688031	1043	2.427639	4.946199893951416	7
753551	1048	4.985032	3.892298460006714	7
724828	1093	3.623734	0.3192240595817566	7
753538	1073	4.901733	3.339221239089966	7
905980	1557	7.61698	2.1067516803741455	7
905978	1237	4.840782	4.196857929229736	7
1240200	1820	3.141039	3.4147684574127197	7
909702	2159	1.39177	2.1847426891326904	7
753600	1052	3.265039	2.369692087173462	7
905946	1199	2.691604	4.259506702423096	7
905958	1811	-2.285237	2.404925584793091	7
924189	1564	0.957623	1.4137954711914062	7
908458	1835	3.155353	3.2668256759643555	7
909757	1803	5.531929	3.2668256759643555	7
1331035	1558	2.02323	1.924935221672058	7
907321	1191	-5.350378	2.05865216255188	7
724834	1507	6.214865	3.791508913040161	7
906790	1006	-0.395637	3.6017444133758545	7
1327765	1622	2.792015	2.426501512527466	7
949088	2171	0.204817	1.6730316877365112	7
1298358	1911	-3.202047	3.6017444133758545	7
907071	1268	6.11273	4.130064010620117	7
724825	1180	-4.213363	0.9899166822433472	7
909713	1720	5.510564	2.2093498706817627	7
907269	1815	5.138611	3.251600980758667	7
724868	1560	2.813516	3.1720633506774902	7
946367	1243	3.779509	3.7280619144439697	7
910900	2106	5.293637	3.1720633506774902	7
910922	2362	3.064613	2.451418399810791	7
1298533	1621	5.360646	3.3885581493377686	7
713869	1073	6.303286	4.19180965423584	7
1660034	1049	4.392105	3.3402507305145264	7
688014	1007	-2.748673	-2.090404510498047	7
753582	2107	3.697094	2.8030431270599365	7
907271	1084	-2.8902	2.5335652828216553	7
687592	1009	4.728373	3.7280619144439697	7
753535	1180	-2.472607	2.2626826763153076	7
909729	1718	5.104013	3.3876378536224365	7
909974	1632	4.679263	1.802606225013733	7
908451	1849	-1.832013	0.8197095394134521	7
687592	1096	2.7079	-1.4759818315505981	7
910546	2107	5.430409	3.3140716552734375	7
753564	1928	2.176889	3.645200490951538	7
908447	1809	-1.484642	-0.13530617952346802	7
1298219	1510	3.925066	3.491774559020996	7
907279	1510	5.660841	3.601769208908081	7
909724	1512	5.162568	2.0337891578674316	7
907319	1372	0.895134	3.213247776031494	7
906863	1375	7.071212	2.5706262588500977	7
905942	2044	4.315216	2.845390558242798	7
735784	1017	5.824825	4.29089879989624	7
1240127	1191	-4.496233	1.4039175510406494	7
1298533	1032	2.448397	3.635678768157959	7
1331034	1012	-0.059126	2.477543592453003	7
687563	1580	5.778869	3.7068331241607666	7
924238	2499	9.388546	5.319220066070557	7
908451	1069	3.420436	2.3829662799835205	7
1330984	1928	3.361314	1.8454610109329224	7
907319	1811	-3.221105	4.066915512084961	7
905940	1780	4.418133	2.4437255859375	7
905979	1051	4.299285	-0.17479345202445984	7
907280	1825	-1.445802	2.1862995624542236	7
910548	2107	6.11888	3.0733087062835693	7
998184	1553	-0.22595	1.4818817377090454	7
753535	1786	5.638724	2.7036798000335693	7
1298362	1629	2.923794	0.27860820293426514	7
909253	1024	-2.472866	1.938162922859192	7
753533	1003	-2.03641	3.0947158336639404	7
1298136	2156	3.505974	4.175976276397705	7
905951	1042	5.393802	5.3297200202941895	7
1240170	1084	-3.80621	2.455728054046631	7
753562	2145	-1.618474	3.130091428756714	7
722045	1250	1.365043	3.791508913040161	7
1299050	1733	3.556946	2.5753304958343506	7
1240197	1854	4.62862	4.077702045440674	7
910853	1998	4.5545	3.4857637882232666	7
906813	1047	4.57763	4.645114421844482	7
1298156	1561	-1.464007	2.655547857284546	7
906843	1708	-1.688992	1.8154250383377075	7
905959	1026	0.885142	1.1129893064498901	7
910937	1922	1.107974	2.7164454460144043	7
753547	1821	3.521706	3.2350785732269287	7
1299059	1786	2.657162	2.7036798000335693	7
905972	1632	4.841537	2.369692087173462	7
687802	1051	4.219225	-0.6582093238830566	7
688025	1810	-1.124607	2.0281872749328613	7
1503370	1613	2.922027	4.296512126922607	7
1480362	1091	3.873136	3.399448871612549	7
1503362	1048	5.046293	4.29089879989624	7
905968	1918	0.035174	3.0733087062835693	7
687457	1250	5.197147	3.2087838649749756	7
906797	1916	3.431427	3.2087838649749756	7
1524419	1086	-0.43518	1.802606225013733	7
1659817	1512	5.166541	0.8513039350509644	7
1290908	1511	-2.170868	2.845390558242798	7
905967	1004	-3.356921	-0.6582093238830566	7
946358	1919	0.954914	2.1369130611419678	7
906825	1177	4.566761	4.085160732269287	7
910692	1836	2.955886	3.2350785732269287	7
1240200	2111	5.94698	4.085160732269287	7
1479987	1712	-3.949401	4.029285907745361	7
687457	1030	6.121818	3.9568393230438232	7
688031	1811	-1.974484	3.6046574115753174	7
910951	1817	-5.839604	2.2278573513031006	7
909750	1941	-2.967947	2.1417622566223145	7
687799	1073	4.12162	4.19180965423584	7
910546	1808	0.082536	2.900794267654419	7
753541	2359	5.508171	3.339221239089966	7
909746	1016	3.05135	2.5829780101776123	7
1240193	1073	4.808671	3.6046574115753174	7
905976	1062	-1.515546	1.2418780326843262	7
1297446	1866	1.537924	2.2379887104034424	7
1298157	1831	4.333554	3.073598623275757	7
998184	1810	-2.740327	0.8985360860824585	7
1240222	1580	5.219697	3.8533575534820557	7
688026	1200	2.954332	4.0585150718688965	7
1240122	1940	4.269049	3.805924654006958	7
907320	2157	4.70818	4.190765857696533	7
1327769	1593	-0.68037	2.477543592453003	7
713869	1033	5.809685	4.19180965423584	7
688023	1826	1.004708	3.2350785732269287	7
905939	1054	1.882705	1.784271240234375	7
908455	1832	4.376766	3.064166307449341	7
905948	1050	2.798195	-0.17479345202445984	7
1299050	1816	3.966433	4.243680477142334	7
907051	1018	6.180306	4.0451860427856445	7
753574	1088	5.333603	2.420128583908081	7
906824	1635	5.668425	3.805037260055542	7
909721	2037	6.049587	4.410726547241211	7
688031	1813	3.876919	2.0281872749328613	7
713880	2145	-1.450081	3.2350785732269287	7
905980	1564	2.429768	3.7376186847686768	7
1298216	1179	0.811048	2.623460054397583	7
910930	1712	-5.148623	2.1275651454925537	7
909709	1927	5.252406	2.5753304958343506	7
1240160	2055	0.816589	3.433540105819702	7
1330942	1079	3.422208	1.938162922859192	7
910544	1829	0.61198	1.9829375743865967	7
1327766	1016	0.119487	1.1683785915374756	7
971777	1061	4.703664	1.2418780326843262	7
924241	1057	-1.747955	2.8030431270599365	7
906877	2109	2.715332	2.6533424854278564	7
905941	1019	5.726237	3.4703540802001953	7
687980	1007	-5.466868	-2.090404510498047	7
687983	1017	3.711937	3.892298460006714	7
909252	1855	1.956725	2.184209108352661	7
949174	1191	-4.338541	0.2046200931072235	7
1240226	1012	2.824917	3.118412733078003	7
907295	1557	5.810597	1.426690936088562	7
906807	1249	1.391696	2.1275651454925537	7
1298222	1915	2.430096	2.4848358631134033	7
930083	2113	3.598121	3.4794328212738037	7
906828	1622	3.922963	4.257030010223389	7
910781	1268	3.187295	4.115237712860107	7
908442	1023	4.155772	3.3402507305145264	7
724825	1777	4.519494	2.742966890335083	7
909778	1080	-1.826967	0.3509226441383362	7
909697	1441	1.420789	2.4803049564361572	7
1240206	1180	-3.640506	2.2626826763153076	7
910936	1739	1.440934	2.5753304958343506	7
908135	2169	3.183477	2.1320579051971436	7
753583	1852	6.08707	3.339221239089966	7
906804	1852	4.457357	3.807133436203003	7
907277	1019	0.019745	2.258467435836792	7
909249	1006	0.421671	2.9769089221954346	7
949179	1067	5.177221	0.38703393936157227	7
724825	1558	3.345282	2.655479669570923	7
946382	2172	2.808222	3.851844549179077	7
1290730	1825	-0.363603	3.3894293308258057	7
909252	2040	-0.44019	1.2940794229507446	7
753566	1559	1.535354	1.6017519235610962	7
1331033	1067	4.126788	-0.0174243226647377	7
909713	1581	1.979998	3.840416669845581	7
908123	1618	2.616232	5.677093505859375	7
905957	1806	5.289418	3.4097540378570557	7
753558	1170	6.004304	0.24061328172683716	7
910935	1049	1.460001	1.6620160341262817	7
1240145	2003	4.210003	3.2858383655548096	7
907790	1006	-0.402456	3.711918830871582	7
908118	1622	4.881277	3.7594802379608154	7
1240157	1629	4.639969	1.9963639974594116	7
688086	1824	0.90309	2.9391658306121826	7
905959	1809	1.827039	2.8426899909973145	7
1240174	1844	6.06502	3.225822687149048	7
1290806	1529	-0.046369	3.6017444133758545	7
1240155	1713	2.911264	2.64067006111145	7
753564	1038	1.983555	3.892298460006714	7
910905	1924	2.229804	2.5829780101776123	7
924187	1375	8.129308	2.3400700092315674	7
1298348	1617	-4.025646	2.3644819259643555	7
753561	1038	2.244304	3.958407163619995	7
1298529	2438	10.407649	3.339221239089966	7
1327769	1050	1.063351	-3.800079345703125	7
909904	1029	7.163805	3.5694687366485596	7
907277	1998	2.636445	2.404925584793091	7
1240219	1706	2.335497	4.194960117340088	7
687821	1998	6.715814	4.19180965423584	7
1330942	1918	5.141149	2.045474052429199	7
1240159	1631	2.539902	3.5312321186065674	7
909248	1834	2.610432	3.180752992630005	7
906839	1558	4.081232	2.682234525680542	7
909753	1634	3.109959	5.238729000091553	7
1331048	1249	1.939346	2.1275651454925537	7
907058	2156	2.921482	3.4857637882232666	7
687821	1624	4.965102	4.079449653625488	7
688026	1005	4.986702	2.0281872749328613	7
1240160	1007	-3.590341	-1.7906533479690552	7
946355	1629	4.460961	2.05865216255188	7
907058	2048	-2.312449	-0.7582620978355408	7
908447	1062	2.421673	1.4137954711914062	7
905985	1511	-1.181773	2.848562002182007	7
1327768	1067	3.834527	-0.0174243226647377	7
910903	1998	3.623787	3.4857637882232666	7
724873	1030	5.147066	4.296512126922607	7
1240199	2148	1.818192	3.4147684574127197	7
905959	1025	6.711036	4.077702045440674	7
908451	1614	3.707702	1.938162922859192	7
1299081	1017	3.889557	4.12592887878418	7
1330991	1200	2.695369	3.20033597946167	7
724870	1511	-1.363207	2.900794267654419	7
910704	1630	3.647004	3.3978211879730225	7
749711	2149	0.682793	4.136196613311768	7
924244	1032	-1.13203	2.638274669647217	7
1290455	1026	-0.436085	-0.3955463767051697	7
925340	1614	3.716849	3.4350993633270264	7
1298348	1733	2.470952	3.791508913040161	7
1247873	1502	5.165149	4.535528659820557	7
1240198	2159	4.080224	4.169253349304199	7
908457	1786	3.633466	3.3402507305145264	7
910554	1996	3.759099	2.147671937942505	7
722045	1930	0.570502	4.296512126922607	7
1298348	1809	2.424844	2.845390558242798	7
909715	1053	-0.203129	2.045474052429199	7
946363	1529	-1.061216	3.788369655609131	7
1503367	1033	3.032245	4.066915512084961	7
909724	1634	4.366824	4.57315731048584	7
1660036	2045	4.002404	2.5829780101776123	7
908469	1930	1.185848	3.892298460006714	7
1298136	2111	6.597943	4.482018947601318	7
753578	1593	3.007729	3.263505220413208	7
909703	1268	4.143173	2.6533424854278564	7
909703	1375	3.787583	0.8985360860824585	7
909737	2048	-1.88196	-1.7906533479690552	7
930299	2045	5.563107	3.1653168201446533	7
905976	1910	4.714679	2.2093498706817627	7
906790	2109	0.935057	3.8015286922454834	7
910694	2439	10.334886	3.7280619144439697	7
753563	1626	0.933274	2.7603485584259033	7
1240196	1617	4.862314	2.26340913772583	7
907276	2170	5.433441	2.4803049564361572	7
1298160	1013	1.055913	3.6766088008880615	7
910948	1835	2.904911	3.073598623275757	7
1240154	1008	-2.51575	2.9475247859954834	7
908147	1803	4.633108	2.1473472118377686	7
753535	1179	2.713027	2.2626826763153076	7
687586	1598	4.167425	3.959965229034424	7
1240217	1060	1.655925	3.4220564365386963	7
930083	1631	6.744461	3.8746390342712402	7
925348	2039	4.899063	3.3885581493377686	7
1240158	1012	2.361739	3.35770320892334	7
924102	1832	5.154512	3.4794328212738037	7
909761	2111	3.729594	3.925612211227417	7
687588	1593	2.954214	3.2132177352905273	7
907295	1930	0.95136	3.892298460006714	7
910853	1631	5.65172	3.767778158187866	7
688010	1635	4.792132	3.6046574115753174	7
910694	1073	6.098609	3.7280619144439697	7
753577	1019	2.992985	2.953185796737671	7
1240223	1713	3.529193	2.885098695755005	7
1298476	1930	3.187845	4.482018947601318	7
907063	1200	3.232803	3.00128173828125	7
1303897	1007	-4.228057	-3.800079345703125	7
908146	1817	-6.093906	2.1413447856903076	7
905940	2047	2.177485	0.8057001829147339	7
724872	1053	2.965725	2.8030431270599365	7
905933	1584	2.102167	3.3214662075042725	7
909257	1023	3.519763	3.0365869998931885	7
687997	1629	4.662331	0.9120029211044312	7
1298216	1849	0.449941	2.590683698654175	7
909252	1866	1.643864	2.2379887104034424	7
1327766	1005	3.102035	0.8513039350509644	7
908442	1083	1.544274	3.3402507305145264	7
1331045	2360	3.091422	1.1928333044052124	7
946377	1529	0.531376	3.7280619144439697	7
1240122	1080	-1.997849	-2.0957491397857666	7
910689	2040	1.714189	3.3402507305145264	7
909761	1806	5.069941	2.3745787143707275	7
909250	1862	-0.7859	0.24061328172683716	7
1298216	1813	6.081643	2.900794267654419	7
905969	1177	5.019513	4.085160732269287	7
753545	1133	2.928835	4.645114421844482	7
753583	1826	1.82748	3.130091428756714	7
917486	1830	2.800207	3.2668256759643555	7
911905	1941	-5.297282	2.2077243328094482	7
687980	1580	4.390288	3.645200490951538	7
917486	1594	3.285473	2.5829780101776123	7
907790	1780	3.722763	3.6231534481048584	7
949094	1072	5.788902	3.7280619144439697	7
1297447	2055	2.520716	2.4177629947662354	7
1331050	1091	2.118545	1.6730316877365112	7
909770	1029	6.103932	3.111877202987671	7
907171	2169	3.094017	2.3669581413269043	7
910904	1714	3.464576	2.754831075668335	7
1330985	1621	4.331068	2.2713048458099365	7
905989	2111	3.966472	3.925612211227417	7
908472	1054	4.386351	2.369692087173462	7
753533	1932	1.96854	3.665985345840454	7
753614	1594	2.505406	3.0537655353546143	7
753594	1089	2.287565	2.0281872749328613	7
753555	2359	5.069738	4.066915512084961	7
906869	1054	4.853565	1.9321773052215576	7
1240220	1919	1.934457	2.2221930027008057	7
1503366	1060	3.420811	3.213247776031494	7
1480358	1862	-1.500232	1.1129893064498901	7
907172	2171	3.744393	3.303126096725464	7
1298476	1020	8.445495	3.085278272628784	7
910903	2113	1.968061	3.4784462451934814	7
1331050	1926	-1.833946	1.1928333044052124	7
908147	2045	2.795069	1.4818817377090454	7
906746	1828	4.607394	3.355583906173706	7
906862	1580	4.88198	3.851844549179077	7
905959	1375	8.058023	2.8426899909973145	7
909249	1180	-3.766454	0.9899166822433472	7
905958	1510	3.323464	1.3843311071395874	7
753576	2046	4.4444	2.272397756576538	7
688058	1930	0.865202	3.9995362758636475	7
905962	1494	-4.268584	2.3745787143707275	7
906797	1824	2.290944	3.3894293308258057	7
1322213	2171	1.4094	3.491774559020996	7
908145	1091	2.22988	3.601769208908081	7
1509073	1779	0.455586	2.953185796737671	7
910702	1060	0.499635	3.079240083694458	7
906797	1180	-2.356055	2.2519357204437256	7
907051	2109	4.825548	4.115237712860107	7
1240121	1834	2.507421	3.130091428756714	7
930297	1083	4.114486	2.5641868114471436	7
930299	1021	4.220076	3.5347487926483154	7
722066	1017	5.119205	4.296512126922607	7
905942	1732	-0.223917	4.19180965423584	7
910900	1855	4.602309	3.2698895931243896	7
910688	1806	2.372518	1.1590584516525269	7
753566	1919	2.380183	3.130662202835083	7
906868	1910	3.920917	2.1417622566223145	7
753592	1584	3.768509	3.3054845333099365	7
753610	1559	-4.276272	0.9120029211044312	7
1298526	1927	6.454876	4.0724077224731445	7
910910	1022	3.387041	2.2398478984832764	7
753585	1014	3.474235	3.7376186847686768	7
1240187	1630	2.418193	3.791508913040161	7
905950	1852	5.393027	3.841822624206543	7
909250	1507	5.749784	2.953185796737671	7
1331036	1635	3.708239	2.1275651454925537	7
905940	1918	5.164564	2.116563558578491	7
1240160	1852	6.391466	4.137117862701416	7
907063	1069	4.863658	2.3883326053619385	7
687514	1829	0.970234	3.1361615657806396	7
910899	1091	3.872535	3.0759103298187256	7
905978	1815	4.569348	3.841822624206543	7
907057	1576	3.031909	4.130064010620117	7
905969	1084	-2.27204	3.0733087062835693	7
753589	2107	6.999668	2.8030431270599365	7
909726	1179	0.045266	2.0659689903259277	7
722046	1718	3.057506	3.791508913040161	7
905958	1062	3.491856	2.184209108352661	7
1298533	1268	4.632346	4.488166332244873	7
735784	2040	3.441656	2.986445665359497	7
1480371	1037	4.246652	3.663902997970581	7
906855	1713	0.21771	0.8057001829147339	7
909718	1449	4.947122	3.6231534481048584	7
907300	1838	3.448447	2.1862995624542236	7
687815	1593	1.728666	3.197460889816284	7
907289	1084	0.512396	2.5829780101776123	7
910900	1529	1.054291	4.19180965423584	7
908457	1816	6.696961	4.317649841308594	7
930301	1237	6.236868	3.8574578762054443	7
1660036	1718	4.93533	3.6231534481048584	7
906791	1912	3.184918	3.1720633506774902	7
1298222	1626	5.485979	4.036235809326172	7
688006	1997	3.175214	1.426690936088562	7
910904	2109	4.729444	3.805924654006958	7
909256	1830	2.5575	3.073598623275757	7
910399	2040	0.292958	3.2611050605773926	7
724825	1852	4.624508	2.9769089221954346	7
909708	1618	2.326543	5.210035800933838	7
905990	1510	4.5044	3.399448871612549	7
908147	1618	1.40634	4.782651424407959	7
909974	2110	5.886266	4.196857929229736	7
1240145	1003	-1.850606	2.845390558242798	7
905937	2360	4.590816	2.5829780101776123	7
909728	1739	3.674967	3.4703540802001953	7
924111	1553	2.885912	2.655547857284546	7
1659928	1834	1.822332	3.2668256759643555	7
1298136	1996	5.15253	2.590683698654175	7
907279	1625	5.164452	3.669971227645874	7
910931	1051	0.603265	-0.6582093238830566	7
1298222	1401	2.916137	2.272397756576538	7
749711	1732	2.69677	3.9306721687316895	7
1509073	1033	4.197148	3.841822624206543	7
924151	1047	5.673662	5.226518154144287	7
910944	1634	2.11364	4.782651424407959	7
905937	2045	5.316668	2.5829780101776123	7
909761	1093	4.887582	3.3745696544647217	7
1303911	2170	1.676422	2.528935670852661	7
905982	1614	6.204725	3.3876378536224365	7
907285	1047	6.441311	5.623084545135498	7
1330950	1058	-1.15002	1.1683785915374756	7
910567	2173	3.872536	3.4934377670288086	7
910904	1016	0.163725	2.655547857284546	7
930083	1580	7.324508	3.9166128635406494	7
1240159	2177	1.702285	4.491453647613525	7
753576	2172	3.518388	4.036235809326172	7
924151	1441	3.994832	3.1653168201446533	7
724834	1190	-0.642437	2.845390558242798	7
1240219	2043	5.302462	4.482018947601318	7
907173	1401	4.059277	2.1304500102996826	7
687505	2359	5.479361	3.805037260055542	7
908480	1924	4.298387	2.8030431270599365	7
946359	1817	-4.799244	3.1969473361968994	7
1330931	2359	4.163508	2.687628984451294	7
1240130	1180	-3.930959	2.0659689903259277	7
753556	2154	1.65912	4.141996383666992	7
910694	1624	4.52304	3.7068331241607666	7
917486	1564	1.571948	1.9266053438186646	7
1480362	1809	0.733457	2.8426899909973145	7
906844	2171	0.326575	3.6113409996032715	7
917486	1191	-2.863375	1.461938500404358	7
949171	2173	2.88756	3.4934377670288086	7
753545	1915	1.826654	2.8495595455169678	7
687448	1803	7.644227	3.4784462451934814	7
905944	1617	1.478557	2.3644819259643555	7
908440	1631	1.061342	3.409832715988159	7
907314	1091	3.376208	0.3192240595817566	7
1298151	1401	2.461213	2.2629575729370117	7
908461	1629	4.671437	0.9607369303703308	7
907055	2438	8.702696	3.6017444133758545	7
905964	1816	3.0865	3.284729242324829	7
905979	1910	3.394328	2.1067516803741455	7
688026	1175	3.988806	3.892298460006714	7
1503368	1013	3.900533	3.8243627548217773	7
1524415	1088	0.92216	3.0947158336639404	7
946360	1024	4.088266	3.663902997970581	7
1303911	1627	3.59564	4.136196613311768	7
1331048	2112	2.09888	2.2459397315979004	7
1322213	1511	-0.191569	3.05322003364563	7
688025	1919	2.177516	3.0152270793914795	7
753563	1817	-6.239904	2.776728391647339	7
688006	1069	3.032967	3.0959596633911133	7
905947	2171	2.574304	3.665985345840454	7
908470	1866	2.004278	3.492640733718872	7
906804	1940	3.583285	4.0708770751953125	7
687562	1709	-3.065544	2.1814732551574707	7
749709	1817	-5.812529	3.1969473361968994	7
753561	1068	-0.628102	2.26340913772583	7
687568	1811	-0.489645	3.7280619144439697	7
907048	1149	1.760975	1.9982842206954956	7
909735	1932	4.860262	3.588628053665161	7
905990	1629	4.915891	1.1129893064498901	7
907281	1580	3.035148	2.7603485584259033	7
1330991	1048	3.877781	2.657585382461548	7
1659929	1007	-4.355127	-1.6223124265670776	7
905967	1825	-0.024771	3.2858383655548096	7
908475	1786	2.237067	3.2611050605773926	7
908125	1852	5.216083	3.4857637882232666	7
910933	1047	3.790311	4.978466033935547	7
753621	1852	4.248282	4.066915512084961	7
907289	2096	1.671111	1.9266053438186646	7
1298151	1085	2.553579	3.5312321186065674	7
907321	1785	5.107387	4.066915512084961	7
753623	2171	2.02988	3.1229212284088135	7
909774	2113	3.875492	3.3243367671966553	7
753620	2159	4.290602	3.705679416656494	7
1298218	2177	1.841321	4.432701587677002	7
908123	1908	2.794681	3.785027503967285	7
1240189	2043	3.64149	3.892298460006714	7
753562	1802	3.485407	3.339221239089966	7
906828	1862	-0.988445	2.3157479763031006	7
905957	1613	2.755932	4.152883529663086	7
949171	2171	-1.632302	0.3192240595817566	7
1290806	1510	4.461705	3.2293789386749268	7
749714	1627	4.073647	4.136196613311768	7
1240198	1826	3.204695	3.4147684574127197	7
909709	1375	6.634307	2.5706262588500977	7
909740	1068	1.514754	2.147671937942505	7
906804	1088	1.563821	3.05322003364563	7
1295740	1996	1.951071	0.832627534866333	7
687590	1716	4.942726	3.3876378536224365	7
909740	1494	-1.40742	2.3745787143707275	7
908129	1873	1.646393	2.680565595626831	7
906795	2361	6.006086	3.1653168201446533	7
910927	1739	2.333247	3.3978211879730225	7
753615	1372	-2.890622	2.0277135372161865	7
907068	1199	3.73086	4.312746524810791	7
1290769	1553	3.679929	2.5829780101776123	7
908476	1821	3.975748	3.2858383655548096	7
1480374	1576	3.636739	4.077702045440674	7
908475	1712	-2.472753	4.19180965423584	7
905948	2145	0.55255	3.2529830932617188	7
998184	1806	4.353311	0.8985360860824585	7
910951	1088	-1.142134	0.3408879041671753	7
925338	2362	5.193695	2.528935670852661	7
908147	1854	3.346196	2.6533424854278564	7
910545	1912	2.025088	2.045474052429199	7
1331038	1786	0.396894	1.6620160341262817	7
1297446	2113	0.938931	2.1473472118377686	7
909703	1093	3.317138	1.3843311071395874	7
907278	1060	1.163447	2.1815402507781982	7
910920	2039	3.853052	3.263505220413208	7
910569	1199	1.278044	4.317649841308594	7
1290769	1004	-0.173333	-1.6223124265670776	7
907269	1048	3.455936	2.575366497039795	7
1298146	2172	3.269263	4.023992538452148	7
910935	1072	3.241681	2.1275651454925537	7
925347	1626	0.401374	4.194960117340088	7
753541	1627	2.952946	3.8936269283294678	7
1480372	1780	6.446084	3.663902997970581	7
907278	1997	4.537985	0.8197095394134521	7
1303897	1736	6.103839	2.2140727043151855	7
687800	1511	-0.825984	2.845390558242798	7
1287706	1039	3.535772	3.767778158187866	7
1660034	1812	2.014477	2.3745787143707275	7
1298476	1086	4.381983	2.623460054397583	7
908463	1057	-2.470039	3.1720633506774902	7
753585	1012	2.444305	3.263505220413208	7
906824	2159	1.770181	3.936988592147827	7
909252	2145	-0.736868	2.1473472118377686	7
906792	1931	5.15589	4.645114421844482	7
724869	1068	1.892376	2.590683698654175	7
1298226	1824	3.219892	3.3961474895477295	7
924111	1838	3.832681	3.130091428756714	7
753621	1824	3.462313	3.3678674697875977	7
908145	1012	1.404869	3.209792137145996	7
749711	1594	3.093996	2.528935670852661	7
905967	2107	4.936047	3.1720633506774902	7
1331033	1833	1.849369	2.2459397315979004	7
1299080	1866	2.045064	3.5424790382385254	7
1240223	2000	6.176697	3.4794328212738037	7
949178	1835	2.08539	2.9391658306121826	7
687821	1463	6.821512	3.2611050605773926	7
909253	2158	1.926948	2.5679469108581543	7
907048	1811	-1.524813	3.9306721687316895	7
724873	1925	5.620459	4.535528659820557	7
1297447	1019	2.163211	2.742966890335083	7
753576	1511	1.550846	2.420128583908081	7
907282	1191	-5.639485	1.712276816368103	7
753532	2113	3.096727	3.130091428756714	7
906875	2047	2.739624	1.4137954711914062	7
906797	1706	2.524765	3.7579243183135986	7
687562	2107	4.711036	2.455728054046631	7
907058	1613	4.694152	4.12592887878418	7
687505	1088	1.428058	2.265895128250122	7
908460	1191	-0.744065	2.1777865886688232	7
1298219	1582	4.831933	3.3055527210235596	7
688015	1085	1.566047	3.15217661857605	7
1330991	1067	4.469798	1.0266966819763184	7
906844	1866	1.611782	3.0314290523529053	7
924107	1073	3.700907	3.805037260055542	7
910544	2158	1.848526	2.4710099697113037	7
910546	1782	5.823878	4.175976276397705	7
910853	1463	4.501925	3.4077680110931396	7
905948	1088	4.937192	3.0947158336639404	7
907169	1012	0.722078	3.118412733078003	7
909256	1826	2.864501	3.073598623275757	7
1297438	1047	5.047675	4.529175281524658	7
908463	1578	6.487217	2.845390558242798	7
907275	1808	0.172369	1.1590584516525269	7
687983	1061	4.627391	3.3935225009918213	7
905972	2037	5.028076	4.410726547241211	7
906798	1802	3.138518	3.7553417682647705	7
908146	1239	0.25326	2.404925584793091	7
724839	1180	2.643285	1.8154250383377075	7
687514	1714	4.012043	2.777862787246704	7
1240142	1784	4.046827	3.3961474895477295	7
909719	1557	5.516962	2.3085405826568604	7
907287	1618	2.488794	4.912227153778076	7
1524418	1024	0.454898	2.953185796737671	7
909697	2498	7.950047	5.353404521942139	7
908457	1179	1.048579	1.784271240234375	7
1290922	2002	5.912761	3.073598623275757	7
753589	1833	4.283823	3.2350785732269287	7
910549	1168	2.773169	2.4848358631134033	7
907276	1580	5.917686	3.494000196456909	7
1298151	1049	4.256023	3.030749559402466	7
1503368	1068	2.576723	2.3060598373413086	7
1295740	1084	-1.582288	1.4818817377090454	7
905936	1004	-5.047672	-1.6223124265670776	7
930298	2043	6.322537	3.864332914352417	7
1290806	2173	3.222969	3.494000196456909	7
910941	1941	-4.944444	1.264654517173767	7
905960	1021	3.306965	3.5686469078063965	7
905990	2000	5.74889	3.4147684574127197	7
908455	1712	-3.644309	3.6017444133758545	7
910852	1930	0.446924	4.152883529663086	7
1480364	1852	6.095823	4.029285907745361	7
688015	1072	3.485376	3.6046574115753174	7
1295741	1080	-6.0101	-3.5753917694091797	7
908120	1050	3.895059	0.3509226441383362	7
1298218	1463	4.082867	3.5694687366485596	7
724859	1083	3.365211	3.2611050605773926	7
907791	1627	3.49614	2.9195902347564697	7
1330941	2044	5.388898	3.4097540378570557	7
946367	1016	-1.060668	2.455728054046631	7
753608	1739	2.452247	3.791508913040161	7
907280	2177	1.509007	2.5679469108581543	7
910936	1932	0.960175	2.995673894882202	7
909737	2361	5.858848	3.2605481147766113	7
1509073	1557	4.223066	2.1067516803741455	7
1330947	1006	-2.239314	2.134197235107422	7
753600	1268	4.091764	4.192380428314209	7
753573	1553	-0.505048	3.0537655353546143	7
910688	1191	-5.362425	-0.3955463767051697	7
909709	1941	-4.098528	2.26340913772583	7
905975	2045	4.844916	2.3669581413269043	7
907320	1057	-2.014945	3.0537655353546143	7
907792	2003	6.800417	3.2668256759643555	7
1503365	2048	-0.268775	-1.469437599182129	7
906746	1024	0.07255	3.3876378536224365	7
906865	1716	5.608978	3.767778158187866	7
930297	1048	4.079006	3.864332914352417	7
1298168	1018	5.762647	4.161552429199219	7
946363	1177	1.890118	2.935335397720337	7
1240187	1248	-1.718207	6.1065287590026855	7
1299080	2039	2.506112	3.118412733078003	7
1330995	2002	4.654387	2.2459397315979004	7
910851	1008	0.167161	3.05322003364563	7
909975	1833	-0.126096	3.3243367671966553	7
1298347	1814	5.640049	2.845390558242798	7
1480359	2111	1.754744	4.085160732269287	7
906763	1441	2.059234	1.4818817377090454	7
687563	1017	3.282475	4.0401434898376465	7
753548	1059	1.103846	2.045474052429199	7
909753	1067	6.134685	2.3783960342407227	7
1331034	1043	4.204252	3.4920904636383057	7
1327775	1428	4.193738	2.9769089221954346	7
687459	1378	4.251564	2.2704999446868896	7
1303911	2110	4.354414	4.136196613311768	7
688013	1557	4.755986	1.426690936088562	7
907312	1778	3.124356	3.125262498855591	7
1240130	1632	2.17401	2.0659689903259277	7
687596	1049	4.72417	3.3205764293670654	7
907055	1925	3.777057	4.176360130310059	7
906765	1057	-3.599768	1.1683785915374756	7
906855	1598	3.232321	3.022615432739258	7
1240201	1913	4.220487	5.500030994415283	7
1240154	1786	2.721598	3.5347487926483154	7
946353	1093	3.763224	3.1229212284088135	7
906763	1052	1.929683	0.44750767946243286	7
905951	1815	7.041721	3.9306721687316895	7
909249	1239	1.22661	2.9769089221954346	7
1503367	1428	3.571191	4.066915512084961	7
909753	1819	-1.086134	-1.3815776109695435	7
907319	1634	3.683788	5.721864223480225	7
906812	1006	1.830721	3.9306721687316895	7
907291	1073	3.919401	3.711918830871582	7
906826	2113	4.926452	3.073598623275757	7
910924	1917	1.485599	3.6605634689331055	7
1240226	1046	3.996557	2.0659689903259277	7
909253	1012	0.87603	2.2713048458099365	7
1330995	1928	3.605683	1.8454610109329224	7
753621	1586	3.93228	3.3664772510528564	7
909751	1072	5.174121	3.711918830871582	7
907276	1827	-0.769266	3.064166307449341	7
908122	2011	1.979721	3.9306721687316895	7
1298134	1580	4.387611	3.667633533477783	7
910932	1620	5.061656	3.840416669845581	7
909251	2044	1.877412	0.8985360860824585	7
1247871	1029	4.403311	1.2940794229507446	7
908146	1739	2.304299	2.258467435836792	7
753574	1915	2.453879	2.4848358631134033	7
1240192	1025	5.701926	3.867326021194458	7
906839	1560	4.675535	2.455728054046631	7
753610	2173	2.761213	3.645200490951538	7
907285	1249	4.944956	4.175976276397705	7
907313	1089	3.050307	2.848562002182007	7
1331055	1060	4.931659	3.3935225009918213	7
906842	1786	1.745722	1.6620160341262817	7
946360	1006	2.076356	4.029285907745361	7
753623	1912	1.662092	3.0537655353546143	7
687815	1834	3.143879	3.3961474895477295	7
925340	1051	2.343772	-1.5847467184066772	7
905934	1168	4.20037	3.2090697288513184	7
924187	1918	1.556547	2.680565595626831	7
906868	1926	0.443134	2.5335652828216553	7
1240122	1820	4.177437	3.130091428756714	7
910554	1854	5.713373	4.008510589599609	7
906790	1840	0.519859	3.064166307449341	7
910936	1089	4.553635	2.5706262588500977	7
910687	2145	-3.547611	2.1473472118377686	7
910951	1050	1.168257	-3.4707119464874268	7
906824	1909	2.000186	1.9503298997879028	7
905955	1810	4.256415	2.0337891578674316	7
687985	1733	2.594729	3.15217661857605	7
1330948	1014	2.177652	2.1815402507781982	7
905972	2106	4.237926	3.1720633506774902	7
1298476	1179	3.032479	2.623460054397583	7
910688	1373	4.123589	2.1815402507781982	7
905947	1017	3.978413	4.161552429199219	7
909713	1855	5.295207	1.2418780326843262	7
1240187	1840	3.613819	3.2858383655548096	7
906798	2362	5.416972	3.125262498855591	7
722058	1560	1.485	3.1720633506774902	7
905970	1593	4.896217	3.3054845333099365	7
910947	2438	9.709935	2.134197235107422	7
1660035	1583	2.799462	3.923297166824341	7
906839	1576	3.919502	3.959965229034424	7
949170	2096	1.454089	1.4137954711914062	7
907282	1553	6.16993	2.5335652828216553	7
753551	1061	4.643767	3.3935225009918213	7
1240160	1718	3.503272	3.5312321186065674	7
907312	2156	2.449129	3.7553417682647705	7
909721	1249	6.527842	4.19180965423584	7
753576	1928	3.845142	4.036235809326172	7
687997	1814	6.855807	2.0281872749328613	7
687997	1615	6.138204	2.8030431270599365	7
906851	1939	2.275086	1.9982842206954956	7
907172	2107	4.431875	2.3669581413269043	7
1331034	1031	-3.57665	-0.15367361903190613	7
924187	2002	5.816163	3.225822687149048	7
905949	2047	1.053245	3.2698895931243896	7
906792	1941	-5.534675	2.2093498706817627	7
1298357	1373	7.232666	2.64067006111145	7
949175	1175	2.113206	2.935335397720337	7
910554	1709	-2.000538	1.784271240234375	7
910781	1249	1.971224	3.977167844772339	7
909743	1047	5.001291	2.174254894256592	7
687590	1815	5.793821	3.7280619144439697	7
1298531	1192	2.474696	3.0920770168304443	7
1290455	1635	3.396205	2.134197235107422	7
910079	1709	-1.150153	2.272397756576538	7
909263	1817	-6.32605	3.2268869876861572	7
753562	2107	5.167611	2.655547857284546	7
905946	1507	5.518054	3.3978211879730225	7
910692	1580	5.307345	3.645200490951538	7
909724	1034	-1.271149	3.4077680110931396	7
1299052	2362	5.881627	2.655547857284546	7
907321	1061	4.261299	3.213247776031494	7
907042	1712	-4.83071	3.5367605686187744	7
688087	1933	5.544765	0.2046200931072235	7
1331038	1043	3.395981	3.4920904636383057	7
688011	1083	2.913153	2.7164454460144043	7
1240212	1200	2.900048	4.312746524810791	7
905968	1180	-2.885347	2.3783960342407227	7
909194	1913	4.136138	4.918867111206055	7
949154	1925	5.56062	4.312746524810791	7
908449	1560	7.012411	2.5335652828216553	7
906871	1011	1.873725	2.1417622566223145	7
1299070	1131	4.206899	4.971900939941406	7
908455	1624	3.24403	3.494000196456909	7
905946	2170	2.777494	2.528935670852661	7
910546	1047	6.487413	5.623084545135498	7
905967	1936	3.017713	3.2611050605773926	7
687590	1834	3.520859	3.355583906173706	7
906801	1038	2.322941	4.152883529663086	7
910922	1941	-5.690131	2.1067516803741455	7
905952	1133	3.024538	2.174254894256592	7
924102	1561	4.954327	3.1653168201446533	7
1480362	1799	6.092177	3.663902997970581	7
1480362	1835	3.595691	3.4147684574127197	7
1299070	2048	-4.393146	-1.3815776109695435	7
924187	1049	4.047938	2.7731921672821045	7
753572	1826	1.002962	3.6790058612823486	7
687448	1814	7.18862	2.0337891578674316	7
924111	1999	1.177115	3.130091428756714	7
907042	1581	1.430233	3.669971227645874	7
713869	1809	3.911085	2.845390558242798	7
1298529	1003	-1.62119	2.5706262588500977	7
1297438	1088	1.150573	2.0281872749328613	7
1298357	1831	5.618304	3.064166307449341	7
905982	1190	-0.824201	2.848562002182007	7
1240223	2039	3.633747	3.359813928604126	7
906839	2159	5.597113	4.001169204711914	7
905991	1730	1.834733	3.327833414077759	7
1240174	1043	4.861141	5.879480838775635	7
1298357	1032	0.514934	2.7706730365753174	7
907783	2157	3.984619	2.4710099697113037	7
910544	1133	1.736933	2.492577075958252	7
907071	2173	3.571284	4.023992538452148	7
910546	1784	5.753867	3.6790058612823486	7
907287	1131	5.623792	4.669389247894287	7
724872	1708	-1.43851	2.119323492050171	7
910687	1016	0.287258	1.4818817377090454	7
753582	1057	-0.917577	2.8030431270599365	7
909738	2149	3.898374	4.491453647613525	7
905970	1852	6.418304	4.19180965423584	7
909746	1625	5.509025	3.723623514175415	7
1298223	1777	6.027932	3.4703540802001953	7
724828	1057	-1.411311	2.1320579051971436	7
946360	1179	1.937829	2.3783960342407227	7
924100	1622	4.158324	4.092779159545898	7
910851	1817	-4.130256	3.3055527210235596	7
949153	1826	1.173178	2.1473472118377686	7
908141	1180	-4.041636	1.0266966819763184	7
906843	1712	-3.750143	3.805037260055542	7
906793	1580	4.431436	3.840416669845581	7
907062	1804	1.10587	3.130091428756714	7
1330950	1910	2.631075	-0.01735956221818924	7
949093	1593	6.232501	3.1969473361968994	7
907046	2109	1.760504	4.04151725769043	7
907058	1583	3.210426	3.8574578762054443	7
905940	1813	5.980993	0.3408879041671753	7
1298362	1911	-6.328555	3.339221239089966	7
1331034	2045	2.641921	1.1928333044052124	7
1240169	1826	4.293487	3.355583906173706	7
906807	1191	-5.851258	-0.15367361903190613	7
1298157	2361	5.168854	2.528935670852661	7
946355	2110	4.146403	4.190765857696533	7
910948	1581	3.511632	3.851844549179077	7
687563	1507	5.065134	3.3876378536224365	7
724839	2148	1.277876	3.1361615657806396	7
909907	1925	6.098536	4.259506702423096	7
907285	2057	6.250791	3.6790058612823486	7
949175	1131	2.78901	3.7550177574157715	7
907071	1058	2.160776	3.2605481147766113	7
1240187	1811	-0.73218	4.19180965423584	7
753548	1802	2.30984	2.134197235107422	7
905951	2047	4.958209	3.785027503967285	7
909728	1052	4.628259	2.2389070987701416	7
1327768	1372	1.334549	2.2140727043151855	7
1660035	1810	2.510515	2.3745787143707275	7
907071	1997	3.72787	2.3085405826568604	7
905963	1941	-2.817808	2.1067516803741455	7
753565	1716	4.388657	3.15217661857605	7
949093	1375	9.643361	3.4097540378570557	7
907071	1713	3.541399	3.4220564365386963	7
905950	1250	2.17905	2.953185796737671	7
905984	1718	3.174607	3.1318655014038086	7
907319	2360	5.466788	3.0537655353546143	7
688086	2011	2.422751	3.788369655609131	7
909738	1810	5.524956	2.6601383686065674	7
1327773	1626	1.271213	1.8454610109329224	7
1479987	1004	-4.007507	-1.3815776109695435	7
753615	1093	3.621373	1.2903335094451904	7
908141	1917	0.376186	2.657585382461548	7
909726	1915	3.278957	2.8495595455169678	7
1298134	1785	3.959291	3.805037260055542	7
753624	2170	5.67543	3.3140716552734375	7
906832	1924	3.69394	1.1928333044052124	7
1298357	1916	6.995417	3.4350993633270264	7
905945	1718	3.321671	3.3978211879730225	7
753596	1026	2.601875	2.23152494430542	7
908144	2111	6.24503	3.843369245529175	7
907792	1059	-1.044148	2.5829780101776123	7
1298365	1578	5.519101	2.8426899909973145	7
910927	2171	1.344387	3.6113409996032715	7
1480358	1912	2.97889	3.0733087062835693	7
910911	1086	-0.233222	2.2626826763153076	7
910780	1738	-1.957906	0.3192240595817566	7
1331036	1086	-4.199994	-0.0174243226647377	7
908447	1816	5.037122	3.722548723220825	7
949153	1093	3.016268	1.3843311071395874	7
1240158	1624	3.612658	4.023992538452148	7
910920	1785	5.630521	3.841822624206543	7
907289	1829	2.192008	3.2668256759643555	7
1297446	1820	3.036606	2.1473472118377686	7
1330950	1038	1.382799	3.01488995552063	7
910903	1624	3.05754	3.840416669845581	7
1331032	1016	0.175864	1.1928333044052124	7
1298226	1829	4.151406	3.3961474895477295	7
910546	1561	3.498757	3.3140716552734375	7
1480364	1068	0.075661	2.2077243328094482	7
1479988	1840	3.470889	3.4147684574127197	7
687457	1091	1.819398	3.0676753520965576	7
905941	1190	3.334964	2.4486770629882812	7
1290922	2171	1.912261	3.6113409996032715	7
910548	1025	5.212834	4.077702045440674	7
909904	1802	5.306653	4.175976276397705	7
907788	2359	4.981788	3.711714506149292	7
753562	1811	-3.653266	3.339221239089966	7
907279	1622	5.500543	3.8783066272735596	7
687819	2047	4.080935	3.2698895931243896	7
1240192	1020	5.373412	0.9120029211044312	7
906826	1627	4.98507	4.136196613311768	7
1240209	1268	3.855101	3.8015286922454834	7
753612	1593	0.575754	2.776728391647339	7
1330995	1093	3.951406	1.6730316877365112	7
1240162	1046	2.429283	2.2626826763153076	7
910933	1915	2.643414	2.682234525680542	7
749710	1026	1.031168	1.4453723430633545	7
905940	1911	-5.431473	2.687628984451294	7
1299062	1084	-1.569908	2.8030431270599365	7
910943	1401	3.179014	2.1814732551574707	7
949094	1582	4.21528	3.2132177352905273	7
910780	2154	1.274192	3.705679416656494	7
753584	1734	2.149254	3.7553417682647705	7
713878	1617	1.344202	1.426690936088562	7
1298359	1068	-1.186058	2.3060598373413086	7
906872	1808	2.625023	-0.13530617952346802	7
907289	2170	1.372461	2.5829780101776123	7
910947	2010	2.484275	2.1862995624542236	7
910924	1839	3.561869	3.064166307449341	7
906830	1708	0.512287	2.0659689903259277	7
1240159	1924	5.058099	3.2605481147766113	7
924111	1559	-3.299949	0.27860820293426514	7
909250	2111	5.930337	4.161552429199219	7
905970	1559	0.069645	2.1777865886688232	7
1480359	1014	1.512698	3.226475477218628	7
753558	1578	6.058603	3.0947158336639404	7
906872	1559	-3.09432	0.2046200931072235	7
910952	1831	4.690326	3.2529830932617188	7
909748	1586	5.233819	3.2268869876861572	7
949153	1494	-5.600813	0.8985360860824585	7
753624	1780	5.996727	4.0724077224731445	7
1298475	2362	4.226419	3.3140716552734375	7
905984	2096	2.514643	3.3742997646331787	7
687568	1918	5.267188	2.455728054046631	7
905936	1091	1.596012	3.3745696544647217	7
753618	1576	2.350506	3.7594802379608154	7
687777	1058	1.025819	3.1720633506774902	7
688026	2359	3.866728	3.6046574115753174	7
909702	1916	0.610374	2.258467435836792	7
687592	1629	5.322623	0.37378373742103577	7
906693	1593	2.708715	3.3885581493377686	7
909755	1930	1.711377	3.925612211227417	7
1330960	1048	3.795265	2.2839019298553467	7
1298352	1908	1.36501	3.2890827655792236	7
906801	2011	5.039236	3.9306721687316895	7
713869	2109	3.799943	4.192380428314209	7
1299052	1916	1.822624	2.5753304958343506	7
908463	1799	4.821612	3.791508913040161	7
1240223	1036	7.026321	2.885098695755005	7
949088	2174	2.654685	2.1275651454925537	7
907173	1855	6.675367	3.5669238567352295	7
722066	2003	5.544875	3.2858383655548096	7
905967	1820	0.84375	3.2858383655548096	7
688006	1507	4.709364	3.15217661857605	7
687980	1779	0.123581	3.15217661857605	7
910952	1582	5.330396	3.263505220413208	7
907046	1084	-1.360607	2.528935670852661	7
949175	1372	1.855757	1.4137954711914062	7
753615	1802	3.379174	2.9769089221954346	7
1240223	1057	1.08336	3.1653168201446533	7
1240157	1819	-3.101685	-1.7906533479690552	7
907274	2000	3.227619	2.2459397315979004	7
688014	1826	3.073334	3.2350785732269287	7
1240122	1048	5.224884	3.958407163619995	7
910920	1832	4.38769	3.2529830932617188	7
909253	2157	4.601779	2.5679469108581543	7
907067	1024	-0.477759	3.767778158187866	7
749715	1012	-0.548863	3.1969473361968994	7
749710	1033	6.1645	3.9306721687316895	7
1240160	1093	5.919677	3.439622640609741	7
946353	1913	3.333729	5.721864223480225	7
906801	1844	6.29892	3.073598623275757	7
907289	1175	1.971136	3.925612211227417	7
925338	1936	3.413501	3.5686469078063965	7
753612	1036	5.526629	2.0277135372161865	7
1322224	1051	-3.434348	-1.5847467184066772	7
907295	1017	4.023422	3.892298460006714	7
924106	1057	-2.863947	2.528935670852661	7
908150	1561	2.290976	3.4892842769622803	7
905971	1089	2.982463	2.3745787143707275	7
1303897	1930	0.127908	2.2770450115203857	7
908443	1833	1.814124	3.3961474895477295	7
908440	1084	-5.360403	2.1320579051971436	7
905947	1615	5.400104	2.451418399810791	7
906818	1814	6.258507	2.0337891578674316	7
753532	1022	-0.693044	2.2626826763153076	7
908480	2048	-3.47312	-2.090404510498047	7
1509073	1375	6.423539	3.0947158336639404	7
1330931	1917	0.053448	2.8130414485931396	7
907287	1012	1.622631	3.2268869876861572	7
910944	2037	3.330455	2.1847426891326904	7
906870	2000	4.531056	2.1862995624542236	7
910952	1624	1.346109	3.720961332321167	7
910691	1093	3.14004	3.588628053665161	7
998184	1559	-2.881013	0.345955491065979	7
1330982	1030	2.137829	2.2770450115203857	7
1659818	1561	-2.047938	1.1683785915374756	7
1240206	1052	1.562456	2.2626826763153076	7
906826	1593	4.326354	3.1969473361968994	7
907787	1088	-0.029385	0.8985360860824585	7
907170	1010	2.549476	2.94685435295105	7
688025	1594	4.173007	2.8030431270599365	7
1298223	1706	1.639712	3.862821102142334	7
909249	1783	3.03227	2.9769089221954346	7
688014	1563	6.414619	3.7946157455444336	7
753594	1029	4.976658	2.7164454460144043	7
910903	1583	1.189674	3.8574578762054443	7
1330995	1598	4.439369	2.426501512527466	7
909774	1713	1.424961	3.2890827655792236	7
753579	1047	2.767005	4.645114421844482	7
687787	1933	5.8106	2.0060195922851562	7
1330947	2002	4.104451	2.1862995624542236	7
909751	1855	3.994024	1.9266053438186646	7
909784	1617	1.544075	2.2093498706817627	7
909784	1922	2.588111	3.4077680110931396	7
753620	1840	2.391075	2.9391658306121826	7
1290722	1706	1.696439	3.9166128635406494	7
910568	2158	4.729903	4.162792205810547	7
1524418	1854	4.860316	4.003752708435059	7
753618	1003	-4.104361	-0.13530617952346802	7
924241	1913	5.577783	4.918867111206055	7
753596	1129	3.2556	2.3669581413269043	7
906855	2002	3.887896	1.9829375743865967	7
1479995	2172	2.231283	3.8533575534820557	7
907062	1553	2.939255	2.655547857284546	7
908124	1259	3.517611	4.12592887878418	7
907291	1576	2.107317	4.008510589599609	7
905947	1133	4.434888	4.676541805267334	7
908458	1054	2.072132	1.784271240234375	7
1330950	2048	-5.70193	-3.5753917694091797	7
908121	1549	1.638593	2.429863214492798	7
909724	1559	-2.299879	2.23152494430542	7
906763	1629	2.532711	0.345955491065979	7
1290722	1494	-2.525018	2.9475247859954834	7
688026	1494	-1.953075	2.0281872749328613	7
910568	1004	0.864913	-0.3929344415664673	7
1327771	1626	1.183009	2.6340792179107666	7
909724	1912	1.155604	2.3669581413269043	7
909774	1931	6.390521	4.891791343688965	7
910927	1819	-4.202111	0.3509226441383362	7
753574	1594	6.425049	3.0537655353546143	7
910850	1199	5.995342	4.507290363311768	7
1299081	2173	3.107151	3.840416669845581	7
1290922	2043	5.148795	4.152883529663086	7
905957	1072	3.430487	3.9306721687316895	7
907295	2154	2.418071	3.7946157455444336	7
1330942	1862	-1.101772	-0.3955463767051697	7
1240182	1852	5.518627	3.6046574115753174	7
753618	1058	1.195334	2.1320579051971436	7
910936	1441	1.038178	2.655547857284546	7
1331036	1026	-1.464902	-0.15367361903190613	7
688058	1783	5.887578	3.822197198867798	7
713869	2499	10.085771	6.1065287590026855	7
753558	1047	3.094988	4.676541805267334	7
753588	1052	2.005062	2.119323492050171	7
906793	2111	3.581187	4.12592887878418	7
910544	1558	2.892821	1.9445545673370361	7
906824	2113	3.357388	3.1361615657806396	7
1659817	1085	1.34097	2.742966890335083	7
910918	1925	3.881728	3.00128173828125	7
910549	1083	1.478969	2.986445665359497	7
724834	1713	2.541569	3.2698895931243896	7
688011	1845	1.85705	3.2350785732269287	7
908440	1029	5.358022	1.2149893045425415	7
1331055	2046	2.432104	2.119323492050171	7
1331048	1849	-1.76151	0.8903485536575317	7
735784	1013	4.320655	3.8243627548217773	7
1298365	1813	5.669784	2.8426899909973145	7
906855	1919	1.209323	1.9445545673370361	7
924107	1826	1.057613	3.1361615657806396	7
687819	1054	5.365616	2.369692087173462	7
1298223	1917	0.560739	4.048000335693359	7
753618	1817	-5.86163	2.734344005584717	7
924102	1021	3.755589	3.5347487926483154	7
908447	1507	4.869482	3.409832715988159	7
905986	1930	1.147787	4.0401434898376465	7
907065	1449	6.172968	3.2087838649749756	7
907795	1190	-3.242431	2.3745787143707275	7
908481	1016	-1.007282	2.8030431270599365	7
1480362	1033	5.857447	4.029285907745361	7
910079	1630	3.287171	3.4858062267303467	7
749711	1613	4.085457	4.152883529663086	7
909974	1373	6.862371	3.7376186847686768	7
687800	1776	4.708256	3.31477427482605	7
907058	1615	4.642661	2.3669581413269043	7
1240146	1849	-1.220514	2.3644819259643555	7
1290722	1058	1.074907	3.1653168201446533	7
724873	2158	4.490086	4.410726547241211	7
906832	1933	3.980817	-0.15367361903190613	7
687568	1803	1.943163	3.355583906173706	7
906830	1922	4.208975	3.4077680110931396	7
908452	1855	4.576242	3.3742997646331787	7
753588	1177	2.046898	3.892298460006714	7
905979	1549	4.354155	2.2221930027008057	7
905975	1779	0.690182	3.767778158187866	7
1330950	1915	2.586416	2.655479669570923	7
907275	2169	1.691051	2.045474052429199	7
724870	1011	2.63909	2.590683698654175	7
1298136	2107	6.897456	3.3140716552734375	7
909755	1617	5.151365	2.147671937942505	7
1330993	1069	3.34525	3.6747443675994873	7
1298352	2111	7.351029	4.133561134338379	7
1503363	1594	0.925999	3.0537655353546143	7
1298168	1052	5.855149	1.802606225013733	7
946368	1030	5.446067	4.0401434898376465	7
1298218	2037	6.221945	4.432701587677002	7
909751	1051	-2.990788	-1.6223124265670776	7
924108	1706	3.279325	3.723623514175415	7
1240182	1012	1.381856	3.036237955093384	7
687800	1626	4.226184	4.079449653625488	7
905959	1802	5.379301	4.029285907745361	7
949178	1706	1.594275	3.4934377670288086	7
688006	1713	4.06434	3.3935225009918213	7
1290769	1372	-4.97347	1.9266053438186646	7
687457	2037	5.017188	3.9969465732574463	7
909724	1799	4.400417	3.767778158187866	7
905948	1004	-0.053933	-0.17479345202445984	7
905958	1847	4.668631	2.1473472118377686	7
753592	1831	3.556715	3.2858383655548096	7
1240181	1053	2.226272	2.1320579051971436	7
907311	1833	-0.562903	1.9829375743865967	7
905968	1808	0.660135	2.8426899909973145	7
1480359	1093	2.299328	3.399448871612549	7
910926	1598	3.64843	3.9805474281311035	7
1298475	1032	1.536018	3.635678768157959	7
908465	1613	5.130848	4.296512126922607	7
908141	1614	1.873951	1.938162922859192	7
749710	1046	1.669659	2.2398478984832764	7
753561	2048	-2.648943	-2.0957491397857666	7
687590	1510	6.020522	3.6507723331451416	8
907270	1855	2.303047	1.9039430618286133	8
907318	1553	1.588811	2.866455078125	8
1297438	2172	1.230519	3.6405041217803955	8
1290798	1926	-0.213385	2.3445913791656494	8
905945	1004	-1.42625	-0.07482161372900009	8
908121	1617	3.627195	1.7313545942306519	8
909755	1826	3.309332	3.2339107990264893	8
753538	1733	2.193262	3.058881998062134	8
949173	1014	4.488829	2.757920026779175	8
907271	1714	2.899026	3.1788530349731445	8
908481	1079	4.461431	3.3971240520477295	8
724834	1709	-0.368806	2.3684146404266357	8
908475	1091	-0.003714	3.279186964035034	8
1303900	2109	1.183871	4.039337635040283	8
753612	1008	0.609362	1.9468145370483398	8
753623	1511	-0.686556	2.480966329574585	8
907311	1593	0.880114	2.1640093326568604	8
911905	2359	7.955872	3.8999223709106445	8
910911	2171	2.984228	2.959979295730591	8
1331032	2096	1.420724	2.45025897026062	8
910920	1624	3.049894	3.729461431503296	8
1298526	1593	3.201381	3.6790599822998047	8
1240209	1852	5.505988	3.631709098815918	8
910702	1915	4.920827	3.529372215270996	8
907314	1828	5.036225	2.3900375366210938	8
946377	2044	3.743275	2.574437141418457	8
687798	1180	-2.914475	2.3684146404266357	8
722046	1401	0.460605	2.3684146404266357	8
687985	1810	0.129285	2.2669408321380615	8
1331050	2156	0.455313	2.3471455574035645	8
1299080	1913	5.29634	4.239083290100098	8
910700	1428	6.724405	3.76813006401062	8
908443	1804	6.843154	3.3290040493011475	8
1295741	1930	-0.569254	3.075153112411499	8
1331034	1799	-0.707762	1.9343398809432983	8
907071	1168	3.559164	3.2395222187042236	8
749716	1243	3.959483	3.7875869274139404	8
907314	1584	2.406023	2.2546238899230957	8
907270	1578	3.011549	1.713389277458191	8
1331035	1626	0.855936	1.8626279830932617	8
908139	1016	3.718787	2.368779182434082	8
924107	1372	-2.553413	3.247042179107666	8
909784	1913	6.177848	4.239083290100098	8
1503361	1625	4.501334	3.7769429683685303	8
1327773	1175	2.956972	2.4286482334136963	8
906813	1918	2.985385	2.434293031692505	8
907286	1012	3.023403	3.6790599822998047	8
910935	1780	4.091871	1.9343398809432983	8
1240222	1720	6.136813	2.1717207431793213	8
907787	1720	-0.719487	1.6533721685409546	8
1240212	1013	4.149837	3.1657516956329346	8
688027	2046	4.04116	2.202894687652588	8
949153	1732	2.623854	2.463988780975342	8
908118	1190	-6.277303	1.4061423540115356	8
1299062	1177	5.172168	3.798597812652588	8
1240159	1783	6.623981	3.94523024559021	8
1298168	2000	6.435485	3.3365533351898193	8
906820	1810	-2.515389	1.4061423540115356	8
1240217	1784	5.12398	3.432436227798462	8
949178	1013	1.771526	2.983797311782837	8
1298350	1598	4.681412	4.148055553436279	8
1240212	1048	5.021751	3.7829835414886475	8
687798	2107	4.8048	2.8609542846679688	8
753532	1928	3.821896	3.192173480987549	8
946382	1783	5.433952	3.7875869274139404	8
907788	1830	1.775987	3.338526487350464	8
924250	1047	6.719739	4.439852237701416	8
908152	1016	3.501037	3.6253087520599365	8
905956	1089	3.495355	2.680203437805176	8
1503367	1052	5.589186	2.43607234954834	8
910921	2361	4.398678	2.434293031692505	8
908120	2172	4.420817	3.7577550411224365	8
905956	1576	4.197777	4.456928253173828	8
753558	1624	3.115012	3.729461431503296	8
1240183	2158	5.709341	3.913374185562134	8
687794	1593	-0.137991	3.1617281436920166	8
905952	1512	4.196675	1.334576964378357	8
753584	1585	4.582842	3.055250883102417	8
905976	1080	-3.013615	0.6231428384780884	8
1479995	1023	4.205652	2.8280954360961914	8
910934	2044	1.887746	1.5513916015625	8
906817	1820	3.613668	3.3152384757995605	8
1240169	1783	5.991308	3.7139475345611572	8
910919	1712	-5.697067	2.3471455574035645	8
713878	1785	4.312812	3.7691681385040283	8
753549	1036	2.73738	3.213088274002075	8
930298	1003	-1.234896	2.1195068359375	8
687586	2148	1.588081	3.315410614013672	8
910920	1821	3.574985	3.3365533351898193	8
910931	1625	3.878852	3.834597587585449	8
909698	1053	2.845475	2.7347803115844727	8
906813	1072	4.022653	3.7324869632720947	8
1290798	1786	2.048151	2.892268180847168	8
908148	1007	-5.362752	-2.0365030765533447	8
1240158	1936	2.013903	2.885693311691284	8
753558	1817	-4.606639	3.2019526958465576	8
946373	1191	-3.335207	1.620073914527893	8
910924	2055	0.080344	3.05462908744812	8
1330931	1050	0.916622	-2.6053988933563232	8
905956	1932	2.193666	3.693969964981079	8
1331032	1815	5.361615	2.3471455574035645	8
905991	1026	-0.614009	1.3697410821914673	8
1299064	2048	-2.354686	-0.10785730928182602	8
749714	1819	3.796608	-0.07482161372900009	8
1240122	1054	4.6951	2.3036491870880127	8
908150	2361	5.828484	3.6253087520599365	8
908458	1812	3.265226	2.3158395290374756	8
949171	1018	4.17283	2.8530242443084717	8
905970	1578	5.055846	2.4507029056549072	8
908123	1853	1.81185	2.7798988819122314	8
753535	1630	4.798353	3.058881998062134	8
906844	1716	3.496743	3.551687002182007	8
946360	1618	5.571655	5.174952030181885	8
1240127	1810	4.527966	2.403399705886841	8
1330983	1634	3.115292	3.52036452293396	8
1298134	2145	-0.947662	3.0370638370513916	8
905945	1180	-1.266592	2.309772253036499	8
724859	1820	0.995719	3.243455648422241	8
907071	1038	3.187737	4.375479698181152	8
1659928	2148	0.416552	3.2339107990264893	8
1503367	1820	4.754988	3.3152384757995605	8
909770	1032	1.425939	2.6243231296539307	8
905984	1831	3.691193	3.263127565383911	8
1240122	1053	4.056864	2.5980098247528076	8
908146	1585	3.908214	1.9975216388702393	8
722045	1549	1.990825	2.7493650913238525	8
753589	1060	5.866538	3.727430582046509	8
905935	1013	4.668469	4.5437092781066895	8
907313	1042	5.138844	4.522170543670654	8
910922	2048	-2.084607	0.4735565185546875	8
905933	1825	-1.277246	3.3601949214935303	8
1331045	1783	4.636498	2.3471455574035645	8
724868	1630	2.613802	3.6965863704681396	8
924111	1133	3.509141	4.476515293121338	8
1503363	2003	4.609896	3.3152384757995605	8
905940	1718	5.130047	2.8973774909973145	8
906832	2044	2.286385	1.5513916015625	8
1330982	1630	2.435349	1.9343398809432983	8
1240226	1838	5.090498	3.4583919048309326	8
909713	1779	1.367521	4.0081095695495605	8
906842	1068	1.016785	1.7159050703048706	8
906864	1564	5.153609	3.2225077152252197	8
1330973	1941	-2.077732	1.89920973777771	8
906765	1910	-0.296321	1.3603707551956177	8
1298223	1014	2.342358	3.116724967956543	8
909715	1054	-1.226266	0.8903183341026306	8
909727	1632	3.721132	2.340629816055298	8
753547	1631	1.751449	3.3971240520477295	8
909698	1200	2.464854	4.256939888000488	8
907053	2172	-0.717011	1.7192519903182983	8
907787	1576	2.34052	3.235147714614868	8
910900	2043	4.989271	4.112534523010254	8
909745	1932	4.263395	3.6507723331451416	8
907062	1836	2.315201	3.10280179977417	8
1299050	2177	2.999436	3.657809257507324	8
907287	1939	4.49797	2.3369224071502686	8
906746	1733	3.055676	3.6690919399261475	8
906832	1785	4.534546	2.3471455574035645	8
906830	1061	1.405808	0.4450894296169281	8
907786	1131	5.958643	4.8297319412231445	8
907318	2170	2.841152	2.866455078125	8
910852	1598	3.70208	4.039337635040283	8
905952	1046	-0.255763	1.0308315753936768	8
925346	1079	-0.427059	3.9876115322113037	8
1290730	1449	5.407524	3.513242244720459	8
687995	1089	4.310665	2.2669408321380615	8
908483	1072	5.228941	3.7691681385040283	8
909755	1927	4.824027	3.671180486679077	8
1240157	1732	2.607981	3.94523024559021	8
1240130	1192	1.853833	3.794959306716919	8
906814	1811	-2.67813	3.7324869632720947	8
907291	1012	1.52979	3.1987223625183105	8
1503367	2438	10.110212	3.9997596740722656	8
909748	1738	3.756765	3.2299673557281494	8
907314	1803	5.561095	2.3900375366210938	8
906696	2096	0.22959	3.2225077152252197	8
687816	1507	2.85729	3.6965863704681396	8
1240201	1918	2.813142	3.621539831161499	8
907790	1718	3.299296	3.671180486679077	8
908473	1783	6.901884	3.9531033039093018	8
1331036	1529	-2.452851	2.3471455574035645	8
909703	1832	2.674252	2.0868325233459473	8
1240168	1038	2.980379	3.993638753890991	8
998189	1830	3.883644	3.2339107990264893	8
910689	1046	8.538997	1.9789540767669678	8
905970	1730	2.057425	3.445993185043335	8
1240143	2172	2.200539	3.7504069805145264	8
905945	1936	2.23497	2.892268180847168	8
688013	2361	4.859799	2.683166027069092	8
753605	1940	3.374642	4.054971694946289	8
1240199	1563	8.697053	4.151589393615723	8
908480	1051	-1.241711	-1.1627944707870483	8
908472	1083	4.14048	2.930356740951538	8
753531	1614	4.764987	3.058881998062134	8
910704	1020	4.965087	0.9137634038925171	8
908125	1632	3.729195	2.340629816055298	8
906843	1613	2.89517	3.7829835414886475	8
910930	1720	-0.116779	1.7159050703048706	8
687995	1739	1.776494	3.3971240520477295	8
1503368	1585	4.393118	3.1687557697296143	8
905947	1821	3.102377	3.3365533351898193	8
905961	2148	1.182667	3.2339107990264893	8
908458	1853	3.822939	3.1987223625183105	8
753546	1046	2.785372	2.340629816055298	8
909761	1576	3.02516	4.06468391418457	8
1240212	1826	2.010352	3.0370638370513916	8
687816	1838	5.436831	3.243455648422241	8
906821	1058	1.061025	3.621539831161499	8
906696	1449	5.163818	3.895106077194214	8
907277	1038	1.181388	2.485581159591675	8
907320	1059	-0.238892	2.866455078125	8
905933	1933	4.219546	1.3697410821914673	8
1298169	1802	4.280335	3.8848628997802734	8
910546	1200	3.28729	4.711301326751709	8
1303897	1249	5.274328	2.3471455574035645	8
908151	1852	4.783049	3.7875869274139404	8
905978	1779	1.290918	3.486360788345337	8
1330972	1631	3.309456	3.3971240520477295	8
906871	1866	2.495251	3.410435914993286	8
687448	1199	4.284389	4.6910552978515625	8
907065	1873	0.482803	3.0956332683563232	8
1503371	1916	2.316366	3.6430180072784424	8
905951	1192	1.015417	2.9374489784240723	8
1290455	2040	0.863361	2.218909978866577	8
753562	1804	2.392794	3.10280179977417	8
910689	1018	6.793649	3.867128372192383	8
1298359	2057	6.677824	3.3152384757995605	8
1659823	1618	3.386664	4.934040069580078	8
949094	1013	4.263985	3.7465660572052	8
907300	1067	4.52521	0.8903183341026306	8
905944	1038	4.901567	4.112534523010254	8
749710	1441	2.230683	2.3445913791656494	8
687983	1931	5.762963	4.368056774139404	8
910710	1786	1.999181	1.9631723165512085	8
905960	1050	3.265635	-0.07482161372900009	8
910687	1052	1.347658	1.0308315753936768	8
909770	1049	3.144963	2.8807554244995117	8
908146	1014	0.810051	2.589491605758667	8
722066	1175	4.286705	4.112534523010254	8
1327765	1922	1.689283	1.9637298583984375	8
1331033	1494	-4.751303	1.5513916015625	8
906828	1709	-2.258386	2.348637342453003	8
753535	1578	5.544822	2.512883424758911	8
1330983	1808	-1.385501	1.1636360883712769	8
910548	1249	4.685474	3.8999223709106445	8
910546	1736	0.918481	3.370494842529297	8
907795	1022	0.694971	1.9789540767669678	8
753564	1129	3.034282	2.683166027069092	8
753600	1932	5.362055	3.279186964035034	8
1327771	1049	2.505726	1.9631723165512085	8
924244	1043	5.978529	5.148763179779053	8
906875	1917	-0.100433	2.8530242443084717	8
688011	1712	-2.189111	3.7691681385040283	8
906837	1079	-2.305205	3.058881998062134	8
687816	1068	2.427953	2.343234062194824	8
1479988	2159	3.631679	4.151589393615723	8
1524417	1062	3.073983	3.6177165508270264	8
909784	1733	3.648554	4.0081095695495605	8
1240220	1083	4.129417	3.2249414920806885	8
687562	1614	2.116475	3.6690919399261475	8
949176	1052	2.18337	1.3923369646072388	8
1503367	1620	4.916776	3.7769429683685303	8
905948	1941	-2.189647	2.312403440475464	8
909260	1712	-3.953696	2.463988780975342	8
1503361	1940	3.506842	4.193265438079834	8
724839	2172	5.207849	3.5798518657684326	8
687448	1809	2.564148	2.680203437805176	8
906842	1940	3.28715	3.1771295070648193	8
908460	1057	2.249699	2.8609542846679688	8
753558	2110	3.801766	3.9423108100891113	8
1480364	1239	4.146443	3.8999223709106445	8
909709	1815	4.849154	3.284477472305298	8
1330941	1051	3.377837	-0.07482161372900009	8
724828	1048	3.67802	2.8530242443084717	8
910903	1708	-1.943745	2.340629816055298	8
753605	2174	1.66988	3.7691681385040283	8
910944	2362	3.269372	2.2642743587493896	8
1240153	1918	3.023609	2.434293031692505	8
1303900	2149	2.592583	3.837156057357788	8
949088	1007	-5.659983	-2.347001314163208	8
1247873	1582	5.540975	3.1617281436920166	8
1240204	1079	-0.13395	3.058881998062134	8
905957	1553	0.846097	2.3445913791656494	8
1674021	1250	2.187196	3.671180486679077	8
753545	1083	1.609971	3.2337520122528076	8
909746	2040	1.322467	2.8589842319488525	8
1503363	2002	3.511556	3.3152384757995605	8
713885	1249	2.086664	3.7691681385040283	8
908448	2149	-0.128104	3.0115697383880615	8
908460	2037	7.100179	4.066728591918945	8
1480371	1018	5.844969	4.2001776695251465	8
908151	1712	-4.44385	3.7875869274139404	8
753556	1086	-0.646952	2.3710858821868896	8
1240224	1016	4.963196	2.3949859142303467	8
753561	2110	3.147902	3.657809257507324	8
1297447	1803	6.049535	2.355764150619507	8
1330991	1019	1.854465	2.0371389389038086	8
749709	2048	-4.083444	-0.07482161372900009	8
687459	1811	-1.034165	3.8058295249938965	8
906868	1069	4.120952	3.410435914993286	8
908118	1615	4.592576	2.4918203353881836	8
688027	1011	-1.398114	1.89920973777771	8
910927	1250	0.322818	3.551687002182007	8
909905	2039	4.097428	3.1669986248016357	8
1330960	1192	0.70803	2.4503414630889893	8
906763	1248	-6.195824	5.034296989440918	8
949174	2113	3.029967	2.3900375366210938	8
907065	1836	3.016331	3.218113660812378	8
905941	1560	4.839755	2.8031396865844727	8
1297447	2360	4.515016	1.8405191898345947	8
687800	1843	1.920338	2.4507029056549072	8
910548	1239	3.255266	3.8999223709106445	8
906870	2360	5.13889	2.3265368938446045	8
687459	1131	6.281047	4.108366966247559	8
907280	1023	2.144368	2.218909978866577	8
907061	2498	7.752901	5.0153422355651855	8
1240121	2011	4.320708	3.284477472305298	8
946359	2149	2.526639	3.837156057357788	8
749711	1529	2.672691	3.7875869274139404	8
1240219	1512	5.98911	2.8304827213287354	8
1240198	1583	2.428363	4.151589393615723	8
1299059	1560	4.945631	2.5980098247528076	8
907170	1847	1.742121	2.3900375366210938	8
1240204	1912	0.784685	2.5980098247528076	8
1290722	1463	3.204773	3.4689440727233887	8
1524418	1594	3.148494	2.3949859142303467	8
910399	1007	-5.957045	-0.7223798036575317	8
905944	1928	5.369049	3.834597587585449	8
1330995	1049	4.680125	1.9637298583984375	8
713869	1873	2.101985	2.8609542846679688	8
906801	1926	0.277822	2.3445913791656494	8
753622	1625	4.402271	3.7769429683685303	8
1290722	1629	5.877938	1.8043817281723022	8
906832	2110	5.253655	2.3232262134552	8
1240209	1838	3.684154	3.05462908744812	8
909778	1933	5.668779	0.9137634038925171	8
753610	1005	1.062144	2.2669408321380615	8
910694	1594	2.926414	2.4471595287323	8
908460	1733	4.733239	3.6965863704681396	8
905969	1866	2.398521	3.5090548992156982	8
910079	1922	1.69985	2.9050137996673584	8
907280	1024	-1.339305	2.0371389389038086	8
906801	1375	6.502104	3.371809720993042	8
687815	1812	3.970719	2.6016581058502197	8
749714	2045	5.742763	2.3445913791656494	8
910548	1624	5.355923	3.8785173892974854	8
1240145	1593	2.294233	3.1617281436920166	8
687448	1024	0.786568	4.0081095695495605	8
1298151	1931	6.093927	5.152527332305908	8
908449	1908	6.771716	3.1788530349731445	8
907787	1817	-6.634927	1.9975216388702393	8
1240154	1631	2.986782	3.895106077194214	8
910569	1739	4.822139	3.671180486679077	8
908452	1853	2.076409	2.9580299854278564	8
1503364	1917	1.265469	3.8203938007354736	8
1240168	1086	-1.908617	2.268615961074829	8
1290769	1079	2.777156	3.671180486679077	8
753575	1054	5.982811	2.43607234954834	8
910947	1931	3.592549	3.21958327293396	8
949094	1839	4.65342	3.315410614013672	8
908146	1776	2.432852	2.4503414630889893	8
907066	1019	2.681667	3.513242244720459	8
906807	1237	3.507735	2.3232262134552	8
905949	2439	9.41733	3.9531033039093018	8
910920	2044	4.853544	2.7822964191436768	8
946368	1832	3.134227	3.315410614013672	8
910927	1996	3.294309	1.7313545942306519	8
1503366	1916	2.831512	3.6430180072784424	8
949154	1026	-1.627264	1.475121021270752	8
753596	1997	4.276105	2.372068405151367	8
906868	1933	5.642246	1.620073914527893	8
907274	1373	1.704074	2.45025897026062	8
1298222	1043	5.37459	5.088609218597412	8
910952	1828	4.553431	3.3365533351898193	8
753559	1083	2.289569	2.9050137996673584	8
1503370	1047	2.978504	4.8297319412231445	8
924244	2109	2.395796	4.148055553436279	8
908458	1720	3.730267	2.3369224071502686	8
909252	2039	3.404276	1.9975216388702393	8
946382	1803	2.107157	3.0388879776000977	8
910554	1852	5.359739	3.76813006401062	8
908130	1716	5.498574	3.599086046218872	8
1330931	1712	-5.112218	3.183336019515991	8
1240154	1932	4.46407	3.6939809322357178	8
906868	1718	5.032642	3.55094313621521	8
924241	1243	2.809363	3.7691681385040283	8
905982	1873	1.967495	2.4471595287323	8
930297	1057	-2.091371	2.4177238941192627	8
749717	1847	5.064174	3.0388879776000977	8
688021	1032	2.482261	3.2630269527435303	8
907271	2173	3.354352	3.6630446910858154	8
1298169	1829	2.574753	3.3365533351898193	8
906805	1933	5.201398	1.262934923171997	8
1327771	1553	2.710925	2.535538911819458	8
910704	2106	-0.246203	2.3445913791656494	8
906862	1706	-1.354151	3.7577550411224365	8
930301	1924	3.514312	2.434293031692505	8
905946	1511	0.011686	3.371809720993042	8
906870	1615	2.454442	2.3265368938446045	8
908469	2111	2.436158	3.798597812652588	8
907282	1854	5.2245	4.1722822189331055	8
687997	1621	6.147766	2.5767290592193604	8
906842	1852	3.364134	2.3471455574035645	8
907792	1912	3.74765	2.7347803115844727	8
909718	1776	3.753703	3.487574338912964	8
924187	1012	2.359697	2.9755008220672607	8
909736	1922	1.85463	2.885693311691284	8
907055	1828	3.358813	3.05462908744812	8
1330995	1618	3.857133	2.6335155963897705	8
905979	1866	4.158663	3.422600507736206	8
924107	1617	4.100539	1.9135061502456665	8
924188	1634	6.301711	3.831333637237549	8
1240196	1582	4.633828	3.0444486141204834	8
908135	1073	1.48181	3.924248218536377	8
909905	1036	3.920949	3.213088274002075	8
906868	1618	5.062763	3.831333637237549	8
753555	1713	2.252428	3.3240039348602295	8
1330950	2499	9.945247	2.973759412765503	8
908461	1714	2.107538	2.573071241378784	8
1240170	2499	9.895347	4.827284812927246	8
1330995	1782	4.331475	2.3471455574035645	8
998184	1912	-2.398664	2.2642743587493896	8
1327765	1047	3.771659	2.6790053844451904	8
946356	1829	1.553616	3.3152384757995605	8
1509073	1096	1.498819	0.4735565185546875	8
910700	1635	6.689684	3.76813006401062	8
688086	2170	3.588951	2.4918203353881836	8
908461	1706	0.390745	3.542710065841675	8
910692	1593	1.956125	2.5767290592193604	8
924241	1839	2.461337	3.0391151905059814	8
753594	1149	1.834261	1.89920973777771	8
908443	1559	-0.38888	2.2288453578948975	8
909753	1799	6.940241	3.773315668106079	8
753556	2106	0.323663	2.8031396865844727	8
910694	2154	2.952029	3.811511993408203	8
906791	1038	3.682233	4.112534523010254	8
1298156	1635	4.847495	3.284477472305298	8
687505	1849	-0.240843	1.9135061502456665	8
908452	1072	5.773401	3.7232134342193604	8
910930	1049	2.376044	1.9637298583984375	8
907277	1716	3.838384	2.3994247913360596	8
908468	1018	5.430376	3.798597812652588	8
1479987	1494	-3.135278	2.9056174755096436	8
910933	1250	2.313748	3.6690919399261475	8
909745	1062	5.504957	3.213088274002075	8
907270	1833	2.639636	2.626549482345581	8
910922	1924	4.875985	2.3949859142303467	8
1298168	2361	6.003502	2.3949859142303467	8
724828	2149	2.369606	3.7509114742279053	8
907269	1017	2.226609	2.9943549633026123	8
906798	1932	3.792677	3.0098888874053955	8
1659819	1918	1.471741	1.7864691019058228	8
1240185	1036	5.901844	3.1803243160247803	8
1660036	1918	1.556651	2.7347803115844727	8
1240146	1561	1.634587	2.8609542846679688	8
1330991	2177	1.963864	3.0115697383880615	8
753624	1852	6.005358	4.17825174331665	8
905990	1941	-6.057904	2.1717207431793213	8
909263	1632	3.461492	1.9789540767669678	8
910781	1580	3.954507	3.816910743713379	8
909712	1510	5.11828	3.6507723331451416	8
753576	1004	-1.875893	-0.10785730928182602	8
910926	2048	-4.852468	-2.0926570892333984	8
753534	1507	5.396047	3.687234878540039	8
905989	2047	1.27971	2.0759310722351074	8
909712	1549	3.639965	3.0951361656188965	8
907319	1375	6.979814	2.480966329574585	8
724825	1918	0.552282	1.8405191898345947	8
1327769	1175	3.273924	2.4286482334136963	8
1240196	1803	4.999431	3.10280179977417	8
1327768	1048	3.385223	2.4286482334136963	8
1290798	1586	4.289829	2.7798988819122314	8
905950	2145	0.098805	3.3365533351898193	8
908124	1799	2.85851	4.0081095695495605	8
1240178	1250	0.792296	3.895106077194214	8
908129	1913	5.046006	6.220366477966309	8
1659823	1839	4.396658	3.2339107990264893	8
910927	1933	2.499764	0.9137634038925171	8
1299078	1190	-1.040668	2.680203437805176	8
905946	1059	-0.780754	2.3445913791656494	8
753605	1913	4.373806	4.37117862701416	8
906798	1061	4.728374	3.0489838123321533	8
909702	1013	1.744027	1.9901204109191895	8
905954	1073	4.448033	3.7324869632720947	8
909781	1023	5.033595	3.2249414920806885	8
753540	1862	-0.209282	2.3433749675750732	8
687563	1025	3.655612	4.130249977111816	8
1240226	1582	4.380319	3.2793591022491455	8
910569	1931	3.876525	4.392518997192383	8
687798	1617	2.912758	2.343234062194824	8
909256	2360	4.653731	2.3445913791656494	8
909737	1620	4.653379	4.295658111572266	8
1298146	1030	6.181448	4.375479698181152	8
907048	1022	-1.509089	2.309772253036499	8
906870	1061	3.697329	2.4382212162017822	8
1503365	1062	1.971692	3.3240039348602295	8
907795	2110	4.440431	3.9526755809783936	8
753558	1079	-1.449588	3.486360788345337	8
908463	1378	6.029033	2.4507029056549072	8
906828	1032	2.117462	3.397209882736206	8
724872	1586	4.032254	2.5767290592193604	8
910554	1847	2.952688	3.2339107990264893	8
910930	1734	-1.177906	2.3471455574035645	8
1295741	1614	1.003516	2.89633846282959	8
909745	1782	6.38401	3.7139475345611572	8
1298533	2171	0.628353	3.7707457542419434	8
713880	1918	2.217209	2.683166027069092	8
905976	1033	4.894441	3.7324869632720947	8
753558	1862	-0.530964	0.8494943976402283	8
909250	1849	1.35478	2.312403440475464	8
908449	1200	6.341178	4.348274230957031	8
1480362	2154	3.727987	4.151589393615723	8
1240153	1012	1.421025	3.2793591022491455	8
905938	1594	3.708181	2.3265368938446045	8
1247871	1940	3.664354	3.235147714614868	8
687802	1058	2.071632	2.8609542846679688	8
909704	1560	2.488737	3.0956332683563232	8
910948	1010	5.129909	2.3859212398529053	8
905939	1809	0.82871	2.3158395290374756	8
909728	1068	0.324708	2.371103048324585	8
909778	1011	2.411072	1.7313545942306519	8
1240172	1634	4.433648	5.72920560836792	8
925348	1014	1.277547	3.370494842529297	8
1303900	1199	3.381802	4.076050758361816	8
917486	1034	-1.168589	2.8589842319488525	8
908480	1084	-1.408002	2.683166027069092	8
1331032	1091	2.332935	2.3457303047180176	8
909253	1018	4.507223	2.6966073513031006	8
753585	1828	4.448037	3.3365533351898193	8
908460	1999	6.068231	3.243455648422241	8
909738	2000	6.324581	3.432436227798462	8
906869	1250	2.368881	3.5706076622009277	8
753624	1862	-0.650793	2.81581711769104	8
724869	1578	6.30255	2.8304827213287354	8
908124	1915	2.132141	3.300551652908325	8
908150	1047	5.31971	5.20836067199707	8
753556	1068	-0.073597	2.371103048324585	8
910921	1022	0.303283	2.340629816055298	8
1240196	1559	-2.712201	0.9064030647277832	8
1298219	1268	4.400533	4.37632942199707	8
906807	1058	0.18607	1.7864691019058228	8
946360	1026	3.922431	1.3697410821914673	8
909719	1854	4.325692	4.323245525360107	8
1240129	2110	5.126036	4.151589393615723	8
909736	1828	4.395022	3.432436227798462	8
724859	1829	0.401429	3.243455648422241	8
907286	2096	2.905332	3.370494842529297	8
907063	1083	3.264053	1.9637298583984375	8
998184	2010	1.91621	2.0868325233459473	8
908468	1932	5.059296	2.7945797443389893	8
909753	2010	5.564734	3.3601949214935303	8
1240142	1131	5.858706	4.664781093597412	8
909781	1819	3.32736	0.4735565185546875	8
1290769	2010	2.376836	3.2339107990264893	8
1331038	1049	2.654891	1.9637298583984375	8
908118	1054	2.702733	1.3923369646072388	8
907282	1037	3.471767	3.55094313621521	8
949174	1816	4.419139	3.4001502990722656	8
753535	1931	4.55015	4.476515293121338	8
1240153	1511	-0.358405	2.680203437805176	8
1240197	2171	3.291244	3.3810880184173584	8
1240189	1631	1.736405	3.3971240520477295	8
905971	2171	2.345586	3.2299673557281494	8
905980	2154	4.699925	3.9423108100891113	8
907048	1933	5.257033	0.9137634038925171	8
907787	1021	0.992193	1.8697822093963623	8
1298218	1580	4.899022	4.061971187591553	8
907314	1018	5.674257	2.8530242443084717	8
906868	1786	2.89422	2.6119439601898193	8
1331032	1783	5.201335	2.3471455574035645	8
1524416	1449	4.727532	3.486360788345337	8
1303911	1268	3.739773	4.039337635040283	8
1299050	2046	4.723247	2.3036491870880127	8
687980	1032	1.501244	3.2630269527435303	8
909719	1049	3.448207	2.885693311691284	8
907048	2362	4.504955	2.3445913791656494	8
906797	2145	-0.475303	3.218113660812378	8
753620	1922	1.565298	2.0293283462524414	8
1331036	2109	1.200096	3.1771295070648193	8
722066	1799	5.538742	3.6965863704681396	8
1298222	1180	-0.868175	2.43607234954834	8
905959	1494	-1.045186	2.9056174755096436	8
909750	1512	5.50236	2.115074634552002	8
905956	2173	6.165625	3.7744364738464355	8
949094	1004	-3.438278	-1.1571195125579834	8
910910	1919	-0.059372	2.3859212398529053	8
1298134	1401	1.074737	1.938836932182312	8
946369	2046	3.677845	2.0842690467834473	8
753534	1016	-1.119407	2.560521364212036	8
906877	1919	1.326589	2.4908151626586914	8
1299052	1268	3.686654	3.9445698261260986	8
1240206	1918	3.521032	2.5980098247528076	8
909905	1910	3.577521	2.335303544998169	8
905939	1243	2.506326	3.76813006401062	8
909725	1268	5.6404	4.456928253173828	8
1240189	1941	-6.104316	1.89920973777771	8
907291	1847	3.418805	3.2339107990264893	8
1674021	1088	2.565521	2.3158395290374756	8
1240168	1022	-0.75099	2.268615961074829	8
906804	1836	1.838255	3.368485689163208	8
1524417	1046	1.525886	2.1993777751922607	8
753566	1825	3.890008	3.218113660812378	8
1298218	1199	5.889912	4.711301326751709	8
908148	1594	1.110089	2.3265368938446045	8
909260	1821	3.453826	2.0868325233459473	8
687804	1614	4.992689	3.687234878540039	8
1299069	1200	3.028037	4.05101203918457	8
910694	1813	6.887924	2.574437141418457	8
749713	1048	4.592084	3.9595305919647217	8
687798	1924	4.793339	2.8609542846679688	8
906826	1996	5.496627	1.7313545942306519	8
1659929	1009	5.600959	3.76813006401062	8
909723	1564	0.706388	0.4450894296169281	8
908465	1843	0.094665	2.4507029056549072	8
753555	2158	4.767871	3.9305551052093506	8
1240198	1249	5.639898	3.8999223709106445	8
1290922	2110	4.170946	3.837156057357788	8
1240223	1553	6.485763	3.041064500808716	8
753573	1852	4.30923	3.9997596740722656	8
908139	1924	5.806199	2.368779182434082	8
687802	1829	1.881637	3.243455648422241	8
1303901	1033	3.791304	3.7691681385040283	8
906818	2043	5.896035	4.132872581481934	8
1331050	1932	1.752402	2.3457303047180176	8
906837	1916	1.070807	3.058881998062134	8
1303901	1594	4.89481	2.683166027069092	8
753618	1802	2.914254	3.924248218536377	8
1240122	1866	3.323423	3.1082305908203125	8
688021	1718	6.540964	3.3971240520477295	8
753623	1018	5.055893	4.18607234954834	8
749711	1928	4.447934	3.7577550411224365	8
1240159	1042	5.946858	5.7255473136901855	8
910907	1927	4.901017	3.9876115322113037	8
753538	1922	1.666225	2.753826141357422	8
909745	1050	1.983981	-1.1571195125579834	8
910918	1029	4.038751	1.9637298583984375	8
949178	1494	-6.760413	1.4061423540115356	8
1330995	1059	-0.958564	1.7864691019058228	8
909784	2172	5.034857	3.7744364738464355	8
1290908	1052	4.636171	2.3684146404266357	8
1303897	2043	3.828077	2.4286482334136963	8
910919	1862	-2.000866	0.5929908752441406	8
946355	1809	2.727892	2.480966329574585	8
724866	2043	6.557587	4.112534523010254	8
1659819	2045	2.199254	1.7864691019058228	8
909753	2109	1.963434	4.291951656341553	8
683667	1553	1.566458	2.7328193187713623	8
909774	1917	1.685747	4.2525787353515625	8
753592	2110	4.699871	4.066728591918945	8
1240196	1021	2.786019	2.753826141357422	8
907276	1919	3.806461	2.6243231296539307	8
908469	1626	4.024915	3.6405041217803955	8
905986	1020	6.025404	0.8278945088386536	8
687455	1578	4.654327	2.2679853439331055	8
753584	1909	2.263512	2.3579771518707275	8
908147	1507	3.417225	2.3994247913360596	8
906805	1631	2.97601	3.6965863704681396	8
1298160	1852	3.539465	3.7324869632720947	8
908465	2003	5.774798	3.243455648422241	8
753561	1049	2.334464	2.753826141357422	8
907321	1843	-1.949837	2.480966329574585	8
949176	1912	2.331844	2.4918203353881836	8
924244	1854	4.289284	4.148055553436279	8
905971	1049	4.323364	2.8589842319488525	8
906793	1802	4.682387	3.7324869632720947	8
687815	1268	3.718368	4.150773048400879	8
1330993	1050	1.863099	1.626631259918213	8
909703	1873	0.288693	2.2642743587493896	8
687506	1053	3.482751	2.4177238941192627	8
971777	1177	2.6498	4.132872581481934	8
753566	2172	5.198224	3.602123975753784	8
1298350	1057	-1.099733	2.8609542846679688	8
1503367	1621	5.781056	3.1687557697296143	8
909762	1051	-0.917161	-2.297978162765503	8
1298151	1803	1.723378	3.432436227798462	8
687568	1053	4.084783	2.4471595287323	8
946370	1043	6.212871	4.522170543670654	8
1240190	1924	3.577457	2.8609542846679688	8
905946	1378	4.837052	3.371809720993042	8
946354	1179	-0.01845	2.43607234954834	8
749711	1378	3.593753	3.371809720993042	8
1480361	1927	3.858687	3.773315668106079	8
1298169	2173	3.57958	3.729461431503296	8
907788	1042	4.888643	4.382225036621094	8
687799	1007	-5.319793	-0.7223798036575317	8
908458	1093	4.997667	3.2299673557281494	8
753585	1712	-4.226535	3.8848628997802734	8
1240181	1557	4.270408	2.0197296142578125	8
905942	1029	5.31531	2.930356740951538	8
687586	1821	4.294592	3.315410614013672	8
909718	1190	-3.43303	2.3158395290374756	8
910702	2106	4.285002	3.621539831161499	8
735784	1049	4.166283	2.9050137996673584	8
910903	2177	1.514585	3.9046828746795654	8
906821	1614	3.930833	3.9876115322113037	8
905949	1594	1.593122	2.8609542846679688	8
910903	1776	3.359139	3.794959306716919	8
949176	1089	3.675035	1.4061423540115356	8
1240146	1558	1.138716	2.7493650913238525	8
1503371	1586	4.249554	3.1687557697296143	8
1240187	1050	2.340198	-0.7223798036575317	8
1298223	2002	5.955789	3.3290040493011475	8
722046	1463	3.955133	2.930356740951538	8
908139	2156	3.944923	3.631709098815918	8
908476	1021	3.217931	2.930356740951538	8
1330984	1177	1.523836	2.4286482334136963	8
906696	1549	5.026716	3.397209882736206	8
753594	1629	3.513874	2.055246114730835	8
1298526	1016	2.622655	3.621539831161499	8
907051	1034	-0.511433	2.816274404525757	8
924111	1849	-0.431959	2.3339128494262695	8
909907	1620	6.682962	3.7577550411224365	8
906863	1824	2.954608	3.10280179977417	8
909248	1021	2.805442	2.7191638946533203	8
910905	1249	3.548872	3.76813006401062	8
909713	1808	1.361196	2.680203437805176	8
1298169	1931	6.210797	4.401230812072754	8
1479987	1996	4.162336	2.1717207431793213	8
924107	1813	5.467433	2.1195068359375	8
909718	1908	-0.250718	2.0759310722351074	8
909751	1615	5.840953	2.7347803115844727	8
908145	1073	4.012205	3.7232134342193604	8
905964	1706	-0.731333	2.8001434803009033	8
910948	1378	8.811823	3.371809720993042	8
910934	1557	4.797918	1.7159050703048706	8
688014	1812	3.476659	2.2669408321380615	8
1330983	1626	2.247686	1.7192519903182983	8
1240192	1925	4.916277	3.9469845294952393	8
908122	1401	3.030912	2.309772253036499	8
905974	1933	3.527785	2.3944075107574463	8
924188	1598	5.765063	4.1722822189331055	8
906828	1826	1.077666	3.547940969467163	8
1480372	1583	3.781202	4.151589393615723	8
910936	1836	3.402111	3.10280179977417	8
908455	1013	3.80023	3.002887487411499	8
1298157	2039	3.383557	2.7798988819122314	8
905972	1912	4.049933	2.8609542846679688	8
1331037	2010	3.10989	2.23411226272583	8
907291	1803	2.860397	3.2339107990264893	8
910781	1617	1.887725	1.9559348821640015	8
905946	1091	3.918289	3.37817645072937	8
753583	2047	4.223073	2.5494627952575684	8
1330972	1614	4.590468	3.3971240520477295	8
908480	1037	1.376521	3.3971240520477295	8
1240162	1621	5.377138	3.0444486141204834	8
946368	1854	4.554074	4.130249977111816	8
1479988	1927	4.093947	3.773315668106079	8
946355	1023	3.147286	2.9050137996673584	8
906696	1249	2.364806	4.005032539367676	8
1331032	2011	2.986573	2.3471455574035645	8
1331048	1613	1.90133	2.4286482334136963	8
910079	1828	2.79172	3.3152384757995605	8
687568	1614	4.213661	3.6690919399261475	8
1240187	1925	5.785387	4.283835411071777	8
1298222	1618	4.649684	5.183671951293945	8
909250	1259	4.939697	3.8657164573669434	8
1322224	2010	1.333972	3.05462908744812	8
910951	1941	-2.804146	2.0344526767730713	8
908469	1053	2.803242	2.683166027069092	8
1295740	1862	-0.882529	0.659772515296936	8
908126	1586	2.898936	2.1640093326568604	8
1240183	1057	-0.43285	2.8031396865844727	8
908130	1626	5.407269	3.816910743713379	8
753546	1924	3.518271	2.434293031692505	8
906821	1593	2.700672	3.6790599822998047	8
1327769	2159	1.716099	2.3232262134552	8
753612	2148	2.570513	2.355764150619507	8
910926	1378	-1.122436	2.2679853439331055	8
1330972	1083	1.723718	2.6169228553771973	8
688087	1021	2.715546	2.0293283462524414	8
924240	1808	1.536303	3.371809720993042	8
1503365	1080	-1.261984	-0.10785730928182602	8
907285	1175	5.676502	4.442543029785156	8
753584	1825	-0.083702	3.218113660812378	8
949153	1627	2.328495	2.5487797260284424	8
910924	2011	3.899276	3.631709098815918	8
909762	1924	1.453407	2.2642743587493896	8
1298365	1061	5.085237	3.377992868423462	8
753574	1168	1.965779	2.5837862491607666	8
905944	1507	4.861855	3.6965863704681396	8
909740	1582	5.459081	3.1987223625183105	8
906864	1010	2.356531	3.397209882736206	8
908452	1912	1.958112	2.531618356704712	8
1327765	1613	-0.533781	2.4286482334136963	8
688026	2045	5.207175	2.683166027069092	8
909729	1032	1.763594	3.0951361656188965	8
906842	1564	2.227035	2.45025897026062	8
724839	1583	3.20178	3.8487279415130615	8
753562	1563	5.043256	3.657809257507324	8
753570	1927	4.747075	3.058881998062134	8
688011	1038	3.469581	3.798597812652588	8
908463	1630	2.640324	3.6965863704681396	8
909778	2039	2.918103	2.7798988819122314	8
906821	2157	5.31634	4.356627941131592	8
905937	1941	-3.06465	2.3369224071502686	8
905957	1582	3.89668	2.7798988819122314	8
753563	1059	-1.563448	1.8405191898345947	8
1330972	1911	-4.929956	3.7691681385040283	8
905956	2177	2.276072	3.9046828746795654	8
905962	1020	7.544894	1.4570975303649902	8
909250	1036	6.099302	3.6177165508270264	8
1240169	1739	6.104289	3.6690919399261475	8
687588	1918	2.392571	2.4471595287323	8
724872	2359	5.006916	3.7691681385040283	8
907314	1062	3.176532	2.757920026779175	8
1299052	1005	5.679292	2.512883424758911	8
925347	1817	-5.188637	3.6790599822998047	8
907314	2499	11.148681	4.6063337326049805	8
753618	1810	-2.465598	1.4061423540115356	8
909738	1583	3.552368	4.208059787750244	8
946366	1621	5.632883	3.1669986248016357	8
687798	1177	3.107218	4.112534523010254	8
1240185	2157	5.661749	4.066728591918945	8
907319	1911	-3.344609	3.9997596740722656	8
687455	2112	3.319727	3.218113660812378	8
908460	1080	-0.020625	-0.7223798036575317	8
722045	2044	3.917431	2.4507029056549072	8
906746	1815	5.982225	3.7139475345611572	8
924187	1046	3.866034	1.887386441230774	8
905956	1709	-1.828849	2.340629816055298	8
688023	1086	-4.185024	2.202894687652588	8
1524419	1558	1.613367	2.5810916423797607	8
1331048	1003	-4.635845	1.5513916015625	8
905960	1192	3.400678	2.9374489784240723	8
1480360	1248	3.109894	5.174952030181885	8
1240206	1560	2.233057	2.5980098247528076	8
909704	1918	3.917556	3.0956332683563232	8
907792	1779	2.460568	3.671180486679077	8
908452	1259	1.63318	3.897256374359131	8
909729	1507	5.373724	3.6690919399261475	8
1331037	1025	3.850491	3.1771295070648193	8
1327769	1086	-3.678387	0.6756706237792969	8
1247873	1017	6.205347	4.112534523010254	8
907272	1068	-1.757932	1.6533721685409546	8
1240153	1998	3.422868	3.7324869632720947	8
1330991	1131	2.876063	3.21958327293396	8
910691	1018	5.380516	4.06907320022583	8
1298219	2158	5.27735	3.9278628826141357	8
907173	2149	2.053192	4.323855400085449	8
908139	1811	-0.838955	3.631709098815918	8
910851	1838	3.501166	3.368485689163208	8
905964	2010	1.907111	2.355764150619507	8
906865	2498	6.812377	4.239083290100098	8
905980	1585	6.443196	3.2019526958465576	8
906801	1810	2.975982	3.371809720993042	8
906804	2010	1.585473	3.368485689163208	8
753563	1852	3.838811	2.8477094173431396	8
906798	1177	4.785147	3.7049736976623535	8
905972	1940	3.085528	4.148055553436279	8
910700	2439	9.563105	3.76813006401062	8
949176	1854	4.488805	3.74452805519104	8
1240198	2057	4.470668	3.3601949214935303	8
907071	1020	6.187723	1.4515267610549927	8
909256	1131	6.148989	4.5339460372924805	8
910700	1058	-0.149716	2.7347803115844727	8
1298168	1175	4.874385	3.8657164573669434	8
906828	1936	3.22894	3.4689440727233887	8
907274	1036	5.694693	2.45025897026062	8
1298357	1030	6.040958	3.8203938007354736	8
949094	1149	1.756928	2.335303544998169	8
683667	2002	5.214954	3.3074538707733154	8
905933	1626	2.772128	3.8785173892974854	8
905940	2044	3.913226	1.46295166015625	8
1298356	1031	1.432434	2.3433749675750732	8
910554	1083	2.924185	2.8589842319488525	8
1480362	1613	2.717019	4.2001776695251465	8
1240201	1803	6.470344	3.803821563720703	8
1290725	1908	3.126079	2.5494627952575684	8
905991	1614	3.894269	3.773315668106079	8
905938	1268	4.34436	3.3997819423675537	8
1298351	1052	1.480615	2.373627185821533	8
687815	1853	3.220478	3.010209798812866	8
907300	1716	4.091905	2.0371389389038086	8
1331035	1091	1.672259	2.3457303047180176	8
1290797	1813	4.561325	2.8304827213287354	8
1240212	2112	2.685845	3.0370638370513916	8
906696	2000	5.466022	3.547940969467163	8
907281	2038	1.399529	3.10632586479187	8
910079	1844	3.834722	3.3152384757995605	8
1295741	1802	2.231033	2.8477094173431396	8
1331036	1927	3.733118	1.9343398809432983	8
909778	1199	5.666084	4.076050758361816	8
753612	1828	4.397134	2.355764150619507	8
1297449	1917	0.614772	2.4286482334136963	8
909905	1093	4.749744	3.6507723331451416	8
946370	1011	3.16885	2.335303544998169	8
1295741	1830	2.239347	2.355764150619507	8
910934	1709	-4.432318	0.6756706237792969	8
906871	1930	-0.145645	3.897256374359131	8
753556	1175	5.11471	4.07425594329834	8
1295741	1840	-1.511974	2.355764150619507	8
749711	1585	4.670246	2.7798988819122314	8
906793	1997	4.336724	2.372068405151367	8
905989	1732	-0.752404	3.76813006401062	8
905937	1854	4.68333	4.06468391418457	8
688027	2438	10.56963	3.7691681385040283	8
909738	1785	6.24134	3.94523024559021	8
907068	1913	3.275578	4.632473468780518	8
905949	1933	5.826446	1.262934923171997	8
1322224	2047	1.013134	2.573071241378784	8
908449	1997	6.420488	1.89275062084198	8
1331036	1824	1.465934	2.23411226272583	8
687506	1512	4.402028	2.1195068359375	8
906837	1068	-0.423073	2.3339128494262695	8
753565	1168	3.235956	3.2630269527435303	8
1298362	1627	3.085937	3.657809257507324	8
924102	1061	5.572561	3.2225077152252197	8
1299059	1831	3.950564	3.10280179977417	8
909744	1916	3.073783	2.881039619445801	8
907320	1776	4.690536	3.416264295578003	8
905974	1177	2.581537	4.132872581481934	8
908472	2057	3.141039	3.243455648422241	8
907062	1058	1.706128	2.5980098247528076	8
909749	2038	5.506282	3.934304714202881	8
909719	1853	3.948645	3.2212140560150146	8
906798	2055	0.76681	3.218113660812378	8
906868	2011	5.746975	3.7232134342193604	8
905941	1494	1.454789	2.6016581058502197	8
909725	1250	3.361564	4.0081095695495605	8
907320	1088	2.99095	2.480966329574585	8
909774	1812	3.373476	3.066979169845581	8
946355	1059	-1.582966	2.866455078125	8
724834	1026	-0.303249	1.262934923171997	8
753563	1199	2.521245	3.651289224624634	8
1240173	1058	1.09313	2.7347803115844727	8
906833	2177	0.514385	4.0282135009765625	8
907286	1813	5.995975	2.8304827213287354	8
1240127	1401	1.538021	1.887386441230774	8
753572	1844	3.619129	3.803821563720703	8
910704	1825	-1.737204	3.0388879776000977	8
910079	2438	10.548642	3.9997596740722656	8
910399	1624	2.350566	3.834597587585449	8
688018	1191	-5.439668	2.055246114730835	8
909757	1052	2.892988	1.9789540767669678	8
687815	1730	2.200304	3.413677215576172	8
906763	1014	2.650081	2.589491605758667	8
909747	1634	5.867739	4.934040069580078	8
1331036	2149	0.09141	2.3232262134552	8
905983	2010	5.386971	3.315410614013672	8
1524416	1720	6.031352	2.312403440475464	8
688058	1020	5.64034	1.994138240814209	8
1299052	1621	6.304374	3.0444486141204834	8
722066	1510	4.14417	3.279186964035034	8
907790	1168	0.938734	2.7994208335876465	8
1299078	1714	3.235413	0.4450894296169281	8
908150	1061	5.22647	3.9476613998413086	8
753559	1576	2.703295	4.193265438079834	8
1290730	1734	1.848712	3.8058295249938965	8
906835	1180	0.034559	2.268615961074829	8
1327765	1083	1.437864	1.9637298583984375	8
687985	1854	5.099829	4.054971694946289	8
753569	1930	0.780071	4.07425594329834	8
910704	1085	3.079448	3.551687002182007	8
906824	1512	3.715172	2.1195068359375	8
907320	2145	-0.388599	3.3152384757995605	8
687815	1021	1.65203	2.83085298538208	8
906875	1557	4.807655	2.0197296142578125	8
907062	1054	5.834402	2.3036491870880127	8
909713	1079	4.800055	4.0081095695495605	8
909723	2106	2.856417	2.434293031692505	8
909250	2107	5.688543	2.3949859142303467	8
724834	1049	5.23291	2.930356740951538	8
907319	1840	4.062972	3.3152384757995605	8
1298157	2038	2.892541	3.837156057357788	8
910692	1089	1.822852	2.2669408321380615	8
924106	1928	4.651418	3.7577550411224365	8
753622	2439	8.769744	3.9997596740722656	8
907313	1939	5.555281	2.335303544998169	8
906818	1624	3.340061	3.7744364738464355	8
905941	1815	8.203211	3.8710055351257324	8
753558	1713	3.758631	3.6177165508270264	8
1659928	1819	-6.275712	-1.387282371520996	8
908152	1779	1.204425	3.8022797107696533	8
907171	1930	0.720867	4.132872581481934	8
1298157	1017	4.534884	3.9595305919647217	8
910933	1782	5.783872	3.7139475345611572	8
917486	1559	-0.634893	1.4570975303649902	8
753563	1093	3.709185	2.3334672451019287	8
908147	1582	2.802331	1.9975216388702393	8
1298357	1179	2.727878	2.1640913486480713	8
753534	1072	4.397285	3.6958062648773193	8
909252	1622	3.334265	3.235147714614868	8
905938	1627	1.958412	3.0115697383880615	8
908141	1830	2.249772	2.189492702484131	8
905947	1844	3.006276	3.3365533351898193	8
1480367	2171	1.087705	3.3810880184173584	8
905941	1013	5.698154	3.7574942111968994	8
907277	1776	2.60642	2.4503414630889893	8
1298348	1854	6.737759	4.148055553436279	8
1240223	1053	6.318814	3.041064500808716	8
1298359	1580	5.750059	3.7769429683685303	8
906851	1003	0.220986	3.371809720993042	8
908480	1019	3.260243	3.3971240520477295	8
906877	1034	-2.241401	1.8697822093963623	8
749716	1862	-0.894636	0.9137634038925171	8
907272	1529	2.778339	2.463988780975342	8
906826	1023	4.90823	2.892268180847168	8
905946	1622	3.676895	4.039337635040283	8
910569	1494	-2.523369	2.3158395290374756	8
1299070	1622	3.424669	4.291951656341553	8
910926	1013	3.62024	3.4854350090026855	8
905980	1507	7.398609	3.486360788345337	8
907311	2096	-0.748962	2.0586183071136475	8
910851	1179	-1.144368	2.373627185821533	8
1503370	1372	-1.019092	3.1803243160247803	8
949154	1237	4.543625	3.8487279415130615	8
907278	1553	4.557372	2.3265368938446045	8
909904	1706	5.227544	4.061971187591553	8
908126	1004	-5.416917	-2.6053988933563232	8
749715	1553	-0.109298	2.3445913791656494	8
749709	1507	4.827321	3.551687002182007	8
724825	2106	-2.76986	1.8405191898345947	8
749717	1598	6.167368	4.039337635040283	8
1240181	1553	2.656434	2.4918203353881836	8
1298136	1053	5.484664	3.621539831161499	8
1240201	1853	2.259011	3.6790599822998047	8
724839	1026	5.020427	1.475121021270752	8
1298529	1560	3.907549	2.5980098247528076	8
753572	1088	1.466539	2.8304827213287354	8
753576	1018	6.053572	4.18607234954834	8
1240187	1915	2.256547	2.7493650913238525	8
905979	2003	5.244052	3.3365533351898193	8
753579	2111	4.20938	4.132872581481934	8
753565	1194	4.854056	2.6169228553771973	8
910926	2044	2.4938	2.2679853439331055	8
1240200	1057	-0.531954	2.7951838970184326	8
687777	1080	-0.147948	-0.7223798036575317	8
687798	1029	5.614443	2.930356740951538	8
687816	1050	2.68554	-0.7223798036575317	8
907067	1928	3.772374	3.7744364738464355	8
687459	1615	4.935495	3.0956332683563232	8
910932	1585	4.308818	3.2793591022491455	8
1480371	1736	5.461412	3.377992868423462	8
908442	1018	5.76521	3.867128372192383	8
924244	2498	8.086444	5.702062129974365	8
946377	1622	5.028913	4.130249977111816	8
909747	1006	5.964405	3.76813006401062	8
907063	1049	5.469534	1.9637298583984375	8
1503365	1626	2.087665	3.7769429683685303	8
905969	1131	3.539451	4.790822982788086	8
753612	2046	5.094227	1.0353553295135498	8
924102	2439	10.454859	4.005032539367676	8
910932	1069	2.512129	3.794959306716919	8
1298223	1038	3.862568	4.07425594329834	8
905977	1237	6.21214	3.9046828746795654	8
907066	1932	4.637487	3.0098888874053955	8
753554	1511	-1.230682	2.6016581058502197	8
1240143	2002	5.821065	3.3290040493011475	8
687787	1080	-3.839013	-0.47118017077445984	8
1524415	2040	0.675438	3.2249414920806885	8
753552	1030	5.155369	3.7049736976623535	8
1509073	1560	3.487622	2.3949859142303467	8
908468	1510	3.990368	2.7945797443389893	8
753562	1248	-4.446524	5.0153422355651855	8
924108	2438	10.357786	3.76813006401062	8
688031	1918	4.838483	2.683166027069092	8
907320	2046	4.777556	2.43607234954834	8
1240212	1718	5.014476	3.4791722297668457	8
907173	1047	3.107285	5.20836067199707	8
906824	1631	3.444106	3.4791722297668457	8
998184	1626	1.441657	2.3065340518951416	8
908450	1023	5.360688	2.6119439601898193	8
1299059	2055	1.993375	3.10280179977417	8
1240172	1029	6.330071	2.892268180847168	8
1290722	2044	3.49907	2.4834916591644287	8
749710	1817	-4.707551	2.7798988819122314	8
949174	1053	3.955594	2.4918203353881836	8
949178	1845	-2.565573	2.3900375366210938	8
908129	2359	6.310459	3.802443742752075	8
1240123	1844	3.627851	3.2339107990264893	8
687562	1378	1.60347	2.574437141418457	8
1503364	1821	3.421009	3.05462908744812	8
1299052	1783	4.517689	3.284477472305298	8
1240122	1784	6.270094	3.10280179977417	8
910567	1237	4.923717	3.7509114742279053	8
753566	1908	3.823741	3.0489838123321533	8
906820	1997	4.045009	2.0197296142578125	8
906746	1441	1.925685	2.4471595287323	8
909724	1020	5.607679	2.3944075107574463	8
925348	1549	4.778525	3.529372215270996	8
907300	1932	-0.200105	1.6504498720169067	8
910944	1615	2.865741	2.2642743587493896	8
924106	2158	1.698618	3.837156057357788	8
687596	1927	5.060487	3.687234878540039	8
753552	2171	3.075797	3.0098888874053955	8
906830	1014	-2.015639	0.4450894296169281	8
753614	1811	-3.128312	3.9997596740722656	8
1240167	1853	4.228302	3.1687557697296143	8
1479987	1052	3.577522	2.5705974102020264	8
753576	1025	6.228215	4.193265438079834	8
907272	1713	2.070586	2.589491605758667	8
908481	1549	3.920371	3.2630269527435303	8
907276	1930	2.161068	3.8203938007354736	8
1240146	1811	-2.27517	3.9531033039093018	8
1240181	1635	5.187197	3.924248218536377	8
925348	2148	0.4103	3.803821563720703	8
1327769	1025	3.203796	3.1771295070648193	8
909749	1733	0.773381	3.513242244720459	8
946354	2111	1.96508	4.18607234954834	8
910687	1032	1.024669	2.4908151626586914	8
1240200	1834	3.562062	3.3601949214935303	8
909975	1083	4.834953	2.9877257347106934	8
924239	1916	1.522897	2.89633846282959	8
1298475	1003	-1.84389	2.8304827213287354	8
906693	2156	2.769571	4.17825174331665	8
906797	1716	4.982806	3.513242244720459	8
1330983	1853	3.579696	2.1864755153656006	8
687821	1806	8.576435	2.4507029056549072	8
910710	1714	2.545145	2.0586183071136475	8
753572	1930	-0.630636	4.442543029785156	8
906824	1564	2.875144	3.247042179107666	8
910911	1631	3.882963	3.058881998062134	8
1509074	1249	2.847247	3.8848628997802734	8
753615	1803	6.243153	2.355764150619507	8
1298348	2096	3.504431	3.1803243160247803	8
687455	1802	3.769903	3.8058295249938965	8
749710	1177	5.762027	3.9595305919647217	8
687985	1847	3.734921	3.0391151905059814	8
1290769	1919	2.79962	2.7994208335876465	8
687561	1018	5.481221	3.993638753890991	8
949171	2046	2.544515	1.3923369646072388	8
909750	2048	-2.840057	-1.3169705867767334	8
908475	1580	5.3804	3.834597587585449	8
908135	1034	-2.460079	2.0293283462524414	8
946363	1129	3.664237	2.4918203353881836	8
909712	1170	2.007127	0.8278945088386536	8
687506	1585	4.189648	2.6848299503326416	8
1240209	1507	4.498423	3.5706076622009277	8
905941	1816	6.571088	4.3437957763671875	8
910700	1576	4.149825	4.06468391418457	8
688014	1507	5.706424	3.3971240520477295	8
906792	1933	2.217084	2.3944075107574463	8
909774	2110	5.39176	3.9278628826141357	8
1240145	1034	-4.390549	2.930356740951538	8
905970	1585	6.055031	3.1617281436920166	8
949179	1005	2.999072	1.4061423540115356	8
1295741	1072	4.085383	2.8477094173431396	8
906814	1839	2.985591	3.4583919048309326	8
907270	1401	0.03267	1.6961579322814941	8
687562	2439	8.190504	3.7139475345611572	8
907280	1912	1.814873	2.3265368938446045	8
722066	1918	5.022496	2.8609542846679688	8
722046	1036	3.304944	3.1803243160247803	8
910911	1777	5.303969	3.058881998062134	8
906795	1853	5.100769	3.4384071826934814	8
688021	1738	5.835648	2.7945797443389893	8
1327766	1613	3.055368	3.075153112411499	8
1298134	1739	1.671178	3.4791722297668457	8
1524419	1023	3.916895	3.2249414920806885	8
905939	1050	2.161559	-1.387282371520996	8
753533	1940	3.929409	3.924081563949585	8
906877	1997	4.438463	1.6533721685409546	8
753610	1783	5.259207	3.7691681385040283	8
1290798	1785	5.2471	3.7875869274139404	8
688023	1618	3.708753	4.37117862701416	8
1297449	1849	-3.111307	1.7159050703048706	8
688013	1802	3.45304	3.7691681385040283	8
753572	1940	3.739398	4.496575355529785	8
687596	1072	3.724583	3.6958062648773193	8
1240201	1808	1.16589	2.8304827213287354	8
924238	1819	-4.291846	0.3477729260921478	8
910951	1559	-4.198672	0.8173447847366333	8
713880	1586	4.110103	2.5767290592193604	8
687815	1584	3.399107	3.010209798812866	8
905989	1175	3.663903	3.867128372192383	8
1297446	1401	0.945905	1.0308315753936768	8
909907	2046	5.818486	2.309772253036499	8
911905	1032	3.461039	3.228419065475464	8
905975	1507	5.22572	4.0081095695495605	8
753623	2044	2.868864	2.480966329574585	8
907068	1820	4.238097	3.0370638370513916	8
753573	1529	-0.292398	3.9997596740722656	8
753541	1582	4.815024	3.0444486141204834	8
753584	1629	4.993599	1.277498483657837	8
1299078	1248	-3.480128	4.239083290100098	8
1240158	1449	6.039776	3.636551856994629	8
906818	2040	1.381541	3.2337520122528076	8
906798	1060	2.682701	3.0489838123321533	8
688087	1029	5.803419	2.0293283462524414	8
909905	1813	4.923553	2.574437141418457	8
906834	2038	3.400566	4.0282135009765625	8
687506	1853	3.150482	2.6848299503326416	8
1290797	1084	-3.603353	3.621539831161499	8
907173	1006	4.546838	4.253314018249512	8
907280	1780	4.728003	2.0371389389038086	8
753547	1024	-0.773309	3.3971240520477295	8
1299052	1036	6.37356	2.5494627952575684	8
924240	1021	3.896721	2.892268180847168	8
905976	1730	2.803771	3.794959306716919	8
905971	1732	3.583758	3.76813006401062	8
909750	1594	1.265844	2.531618356704712	8
908148	1029	4.220564	2.218909978866577	8
753546	1009	6.164467	3.7324869632720947	8
905983	1089	4.80625	2.574437141418457	8
1303901	1018	5.317461	3.798597812652588	8
1240173	1594	3.715067	2.7347803115844727	8
906870	1029	-2.050796	2.218909978866577	8
1298359	1810	1.312645	2.480966329574585	8
909721	1268	5.498622	4.148055553436279	8
1480367	1919	1.847027	3.228419065475464	8
907789	1583	1.415511	2.5487797260284424	8
1299062	1372	-0.106174	3.727430582046509	8
910692	1175	3.460665	3.798597812652588	8
946356	1080	-3.146721	-0.10785730928182602	8
724825	2145	-0.807494	2.355764150619507	8
906826	1068	0.598972	1.7313545942306519	8
906855	1048	3.377004	2.7851524353027344	8
924188	1057	-1.577524	2.531618356704712	8
910922	2106	3.507989	2.3949859142303467	8
687568	1810	0.217846	2.574437141418457	8
1331033	1917	0.964125	2.4286482334136963	8
1298348	1852	6.332511	3.9531033039093018	8
907276	1529	3.560845	3.631709098815918	8
1240197	1780	6.96226	3.773315668106079	8
1303897	1023	3.467278	1.9637298583984375	8
753572	1494	-4.780345	2.8304827213287354	8
1240222	1512	4.613678	2.9056174755096436	8
910935	1910	1.504284	1.7159050703048706	8
905935	1168	3.547114	3.347703218460083	8
909715	1133	2.80605	3.21958327293396	8
907282	1043	4.882528	4.367246627807617	8
724870	2045	4.035318	3.621539831161499	8
1299080	1018	5.153408	4.132872581481934	8
910900	1621	3.864659	3.1617281436920166	8
907300	2156	-0.082215	2.0596835613250732	8
753574	1038	5.082239	4.18607234954834	8
906746	2159	4.515551	3.811511993408203	8
724868	1020	5.123305	1.262934923171997	8
1327769	1838	3.577055	2.23411226272583	8
949153	2360	2.859063	2.2642743587493896	8
1240174	2040	2.127466	2.816274404525757	8
905979	1776	4.916702	3.422600507736206	8
906765	2106	-0.686315	1.8405191898345947	8
909726	1048	4.263408	4.132872581481934	8
1297446	2043	4.020053	2.485581159591675	8
910918	1067	3.724712	0.6756706237792969	8
905969	1058	0.884051	2.7951838970184326	8
907319	1830	2.379426	3.3152384757995605	8
1240223	1050	6.153606	0.3477729260921478	8
1480371	1248	-0.600819	5.174952030181885	8
753584	1586	4.822457	3.055250883102417	8
753595	1873	4.417216	3.621539831161499	8
724839	1069	3.853603	3.0603668689727783	8
1331032	1635	5.077038	2.3471455574035645	8
753551	1915	3.043318	3.2630269527435303	8
753612	2154	2.937163	3.10632586479187	8
907274	1941	-6.054261	1.7159050703048706	8
909740	1708	-0.638229	1.9789540767669678	8
687590	1629	4.729724	0.8278945088386536	8
905959	1180	-0.266853	2.5705974102020264	8
909263	2096	0.96282	2.0759310722351074	8
1240146	1060	3.308108	3.1803243160247803	8
1503364	1190	1.624883	2.5549795627593994	8
910702	1549	4.87321	3.529372215270996	8
924111	1072	3.997599	3.284477472305298	8
906820	1511	-2.196885	1.4061423540115356	8
724868	1941	-3.455827	2.343234062194824	8
753563	1873	-0.707872	1.8405191898345947	8
1290905	1581	4.090373	3.7577550411224365	8
688014	1940	4.444248	4.054971694946289	8
1330972	1007	-5.137758	-1.1627944707870483	8
1290722	1631	3.764059	3.895106077194214	8
1331036	1084	-3.925134	1.7864691019058228	8
753533	1630	4.138811	3.486360788345337	8
946354	1072	2.673847	3.9997596740722656	8
908458	1833	0.037809	3.2339107990264893	8
905977	2110	6.008545	3.9046828746795654	8
906797	2109	1.910122	4.064615249633789	8
906795	2106	5.595714	3.041064500808716	8
1299078	1806	5.684353	2.680203437805176	8
949178	1806	4.99064	1.4061423540115356	8
1240185	1004	-3.001271	-0.7223798036575317	8
753618	1924	3.631095	2.4918203353881836	8
907319	1563	5.890347	3.9305551052093506	8
949176	1025	6.217261	3.74452805519104	8
909753	1576	3.64536	4.291951656341553	8
1290798	1013	3.302964	2.7157132625579834	8
1298216	1615	5.536913	3.621539831161499	8
907300	2177	1.125539	3.0115697383880615	8
1290922	1069	4.085638	2.9374489784240723	8
908460	2157	6.584309	4.066728591918945	8
1240196	1739	4.989632	3.058881998062134	8
910704	1059	-0.618275	2.3445913791656494	8
1240183	1941	-5.586664	2.371103048324585	8
930299	1006	4.224366	4.005032539367676	8
907275	1561	-1.705287	2.3265368938446045	8
905986	1050	3.585932	-1.1571195125579834	8
907051	1940	3.974613	4.0966362953186035	8
910899	1853	4.032108	2.5767290592193604	8
909723	2107	3.818131	2.434293031692505	8
1240181	1811	-3.315284	3.924248218536377	8
907270	1085	1.446219	3.204857587814331	8
687588	2113	3.564278	3.315410614013672	8
908447	1372	-2.082196	2.757920026779175	8
910932	1091	4.768908	3.693969964981079	8
905957	2156	2.326684	3.7875869274139404	8
907170	2499	7.962158	4.6063337326049805	8
749710	1510	3.331907	3.37817645072937	8
1299080	2037	4.520128	3.9046828746795654	8
907289	1918	4.050243	2.7347803115844727	8
724878	2159	5.819765	4.066728591918945	8
1330995	2111	4.733817	2.4286482334136963	8
1660036	1594	4.047652	2.7347803115844727	8
910692	1634	3.479848	4.37117862701416	8
910687	1079	1.029992	2.3994247913360596	8
1290908	1854	4.275786	4.148055553436279	8
753554	1191	-5.777996	2.2288453578948975	8
910930	1034	-2.321904	1.9637298583984375	8
946355	1816	5.191829	4.367690086364746	8
749711	1581	3.730315	3.7577550411224365	8
906693	1783	5.792081	4.17825174331665	8
906834	2112	2.429434	3.3074538707733154	8
1240181	1840	1.579113	2.3900375366210938	8
909704	1268	4.640819	4.064615249633789	8
910903	1866	1.495509	3.794959306716919	8
907062	1815	6.178654	3.284477472305298	8
1240170	1014	3.462431	3.213088274002075	8
910689	1014	1.581349	2.0759310722351074	8
906817	1053	5.736868	2.866455078125	8
687800	2498	8.845195	5.702062129974365	8
907790	1191	-4.229094	1.4570975303649902	8
910905	1052	4.927518	1.9789540767669678	8
905957	1580	4.986593	3.7577550411224365	8
910936	1561	-2.496996	2.5980098247528076	8
687596	1054	4.558004	2.373627185821533	8
1330984	1058	1.611693	1.7864691019058228	8
724874	1268	5.116379	4.148055553436279	8
687505	1926	0.079767	2.4177238941192627	8
1240226	1814	7.235136	2.680203437805176	8
909256	1560	0.144615	2.3445913791656494	8
907169	1067	5.346977	2.340629816055298	8
688013	1010	3.382426	3.2630269527435303	8
907045	1051	5.197853	-0.07482161372900009	8
910688	1849	-2.107922	1.5997447967529297	8
724868	1854	3.863662	4.148055553436279	8
753589	1019	5.092626	3.3971240520477295	8
1330985	2048	-5.401544	-2.0365030765533447	8
1240197	1033	6.092302	3.8999223709106445	8
1331055	1799	5.120292	3.3971240520477295	8
907276	2172	4.59202	3.542710065841675	8
949171	1560	2.759285	2.4918203353881836	8
1240123	1631	3.444135	3.671180486679077	8
688015	2169	1.83089	2.683166027069092	8
687505	1853	2.817778	2.6848299503326416	8
1298353	2046	2.738139	2.373627185821533	8
946382	1576	1.644317	4.039337635040283	8
687586	1004	-2.73412	-1.1571195125579834	8
910549	1578	5.471034	2.480966329574585	8
687586	1016	0.532379	2.4471595287323	8
687804	2177	1.326109	3.9278628826141357	8
753561	1939	0.802004	2.3339128494262695	8
749716	1913	4.867863	5.72920560836792	8
907057	1712	-3.753732	3.94523024559021	8
907045	1083	5.204869	2.892268180847168	8
946377	1927	4.579305	3.6690919399261475	8
688006	1819	2.135077	-1.1627944707870483	8
1524417	1915	1.604258	2.5810916423797607	8
907062	1061	3.878068	2.5494627952575684	8
1331033	1072	4.003978	2.3471455574035645	8
687596	1502	3.882497	4.667006015777588	8
687563	1177	5.195674	3.993638753890991	8
749711	1819	-4.679323	-0.07482161372900009	8
910545	1594	2.489234	2.3265368938446045	8
907169	1634	4.933235	4.239083290100098	8
1659823	1510	4.621984	3.2299673557281494	8
907295	1836	3.158124	3.0391151905059814	8
905963	1594	3.36383	2.3949859142303467	8
1240187	1613	2.748865	4.112534523010254	8
906863	1512	5.256719	2.512883424758911	8
909745	1580	5.963447	3.6418542861938477	8
924102	1713	1.331328	3.2225077152252197	8
908440	1042	5.510468	4.1087327003479	8
1330995	1933	3.61337	0.5929908752441406	8
909725	1058	1.652444	2.434293031692505	8
907278	1016	0.502197	2.3265368938446045	8
909781	1175	5.614555	3.8657164573669434	8
753576	1941	-0.04585	2.461808443069458	8
946359	2096	5.29737	3.7518625259399414	8
949153	1809	-1.067536	1.334576964378357	8
1290798	1190	4.525381	3.371809720993042	8
907269	1908	2.658193	1.9039430618286133	8
688025	2148	0.253841	3.0391151905059814	8
908458	1817	-4.337051	3.1987223625183105	8
907067	2048	-4.644508	0.6231428384780884	8
906795	1862	-1.885731	1.8043817281723022	8
906805	2048	0.987477	-0.7223798036575317	8
1330973	2110	6.455037	3.92287278175354	8
907068	1378	1.745702	2.1195068359375	8
907789	1824	2.449709	2.0868325233459473	8
713899	1068	0.232038	1.89920973777771	8
1240173	1050	1.35633	-1.387282371520996	8
907792	2154	3.653788	3.9526755809783936	8
907068	1803	3.03557	3.0370638370513916	8
905984	1618	3.35795	3.831333637237549	8
687777	1816	5.505226	4.283835411071777	8
687459	1706	4.874891	3.602123975753784	8
908458	1373	4.16634	2.0759310722351074	8
909256	1069	1.688409	2.9374489784240723	8
906801	1558	2.183408	2.3859212398529053	8
906817	1708	0.946369	2.43607234954834	8
909745	1441	1.874084	2.4471595287323	8
908470	2172	2.297527	4.088499546051025	8
910921	2010	2.729425	3.4583919048309326	8
905986	1083	3.173122	2.9408514499664307	8
949178	2359	4.653056	3.924248218536377	8
1298169	1853	4.21144	3.2019526958465576	8
905942	2156	4.038174	3.9531033039093018	8
910916	1826	0.748563	3.10280179977417	8
688025	1614	2.996107	3.3971240520477295	8
1330950	1862	-1.433875	0.7155424356460571	8
1298531	1014	1.95882	2.5494627952575684	8
688086	1564	3.520868	2.757920026779175	8
907295	1013	3.401091	3.1442081928253174	8
687802	2361	7.087949	2.8609542846679688	8
905982	1052	3.443318	2.268615961074829	8
924108	2055	2.406229	3.2339107990264893	8
910702	1507	8.826805	3.9876115322113037	8
910079	1024	0.631956	3.6430180072784424	8
1331036	1083	0.730209	1.9637298583984375	8
946354	2171	-2.266361	3.1589648723602295	8
908469	1928	3.771412	3.6405041217803955	8
1331038	1940	2.999251	3.1771295070648193	8
1240122	1785	5.688317	3.284477472305298	8
909761	1824	3.381327	3.2339107990264893	8
687997	1004	-1.841678	-1.1627944707870483	8
1295740	1177	2.07561	2.485581159591675	8
910948	1918	4.427323	2.3445913791656494	8
1240187	1020	5.317427	1.262934923171997	8
753572	1832	3.825797	3.803821563720703	8
753563	1549	4.240232	2.8899199962615967	8
907312	1083	2.551167	2.671520471572876	8
907795	1617	4.827195	2.3369224071502686	8
1299064	1922	1.219105	2.9050137996673584	8
1330985	1069	2.685897	2.518005132675171	8
753556	1594	4.526448	2.8031396865844727	8
905944	1068	1.109268	2.343234062194824	8
1240181	1844	3.247009	2.3900375366210938	8
1240142	1621	4.655515	3.010209798812866	8
907286	1047	5.473994	5.335366249084473	8
753616	1062	2.308844	2.757920026779175	8
930297	1998	5.777845	3.7393741607666016	8
1298358	1932	3.795149	3.258953094482422	8
906763	1829	0.430341	2.0868325233459473	8
1240145	1023	3.024999	2.930356740951538	8
909719	1021	3.295092	2.885693311691284	8
909745	1054	3.520082	2.268615961074829	8
949174	2037	5.801827	3.7509114742279053	8
909747	2047	2.366962	2.0759310722351074	8
687787	1058	2.071757	2.8031396865844727	8
907046	1819	2.189412	-0.07482161372900009	8
910546	1024	1.356608	3.9876115322113037	8
1240198	1940	3.297345	4.291951656341553	8
1240226	1018	5.680527	4.132872581481934	8
905951	2159	5.758894	3.837156057357788	8
1240212	1847	3.957298	3.0370638370513916	8
907061	1849	-0.703693	2.3339128494262695	8
1240186	1047	5.178041	4.368056774139404	8
910935	1732	2.702074	2.3471455574035645	8
907051	1622	4.300155	4.0966362953186035	8
1297438	1043	5.037739	4.374551773071289	8
905986	1627	3.254895	3.811511993408203	8
910710	2177	1.646481	3.0606768131256104	8
1480359	1133	2.587337	4.790822982788086	8
907282	1016	1.779312	2.531618356704712	8
909737	2046	4.359635	2.4131662845611572	8
1290455	2000	2.711541	2.189492702484131	8
909263	1017	6.890732	3.867128372192383	8
909263	1249	3.305096	3.76813006401062	8
1298359	2045	5.23995	2.866455078125	8
687995	1840	2.053272	3.0391151905059814	8
907295	1806	4.663442	2.2669408321380615	8
998189	1932	3.6356	3.2299673557281494	8
753531	1625	4.27861	3.192173480987549	8
687815	1777	4.251028	3.6325647830963135	8
1503363	1714	5.994863	3.3240039348602295	8
687586	2044	5.379078	2.574437141418457	8
905969	1778	5.367561	2.7951838970184326	8
907061	1829	0.741051	3.10280179977417	8
1240168	1932	2.055925	3.6507723331451416	8
909771	1046	1.476759	0.8903183341026306	8
910702	1855	8.341209	3.370494842529297	8
907789	1018	4.133078	2.485581159591675	8
908139	1827	0.450361	3.05462908744812	8
930083	1909	4.769821	2.3724353313446045	8
907790	1814	6.291847	2.3158395290374756	8
908457	2361	5.398089	2.7347803115844727	8
910689	1510	6.474739	3.2299673557281494	8
909761	1050	4.901444	-1.387282371520996	8
907295	1553	3.982831	2.683166027069092	8
905970	1622	4.504108	4.148055553436279	8
909975	2000	5.019732	3.368485689163208	8
905945	1463	4.018641	2.892268180847168	8
713869	1576	3.201089	4.148055553436279	8
910934	1042	4.762406	2.7081422805786133	8
906870	2040	-2.295433	2.218909978866577	8
906839	1825	-0.294199	3.315410614013672	8
1298218	1862	-0.985028	2.81581711769104	8
753589	1239	5.392932	3.7691681385040283	8
910702	1022	3.142782	2.567237615585327	8
906793	1019	2.91801	4.0081095695495605	8
905979	1372	0.877788	3.6177165508270264	8
924240	1928	3.133035	3.7577550411224365	8
910930	1013	1.498978	1.8253822326660156	8
906877	1909	2.389638	1.6533721685409546	8
906865	1909	1.392077	2.372068405151367	8
1331045	1617	1.627923	1.7159050703048706	8
910549	2110	4.782741	3.9305551052093506	8
1240226	1085	3.435146	4.0081095695495605	8
1240145	1072	4.983124	3.9531033039093018	8
1330950	2438	9.23349	2.8477094173431396	8
905938	1811	-2.63735	2.0596835613250732	8
1331033	1709	-4.725017	0.6756706237792969	8
1503362	1730	0.542017	3.416264295578003	8
906834	1507	3.69319	3.802567720413208	8
908468	1084	-0.091089	2.683166027069092	8
687798	1046	4.336776	2.3684146404266357	8
909719	1814	6.289639	2.9869394302368164	8
1240187	1558	3.930724	2.7493650913238525	8
1240190	2111	5.856628	4.112534523010254	8
753558	1449	5.787071	3.486360788345337	8
1240218	1086	2.012367	2.567237615585327	8
907053	1079	2.163815	2.0371389389038086	8
910944	1576	0.633945	3.235147714614868	8
910921	1378	2.456325	2.680203437805176	8
909724	1557	4.583237	2.372068405151367	8
1240167	1372	-1.013768	3.3240039348602295	8
908465	1779	2.001526	3.6965863704681396	8
907282	1180	-1.689783	2.0842690467834473	8
688023	1580	4.922895	3.6405041217803955	8
1240220	1009	5.800393	3.8848628997802734	8
749715	1816	3.61925	4.076050758361816	8
907062	1372	1.06857	2.5494627952575684	8
1240200	2172	0.866179	3.8785173892974854	8
949153	1917	-0.107062	2.485581159591675	8
949173	2044	3.122903	1.4061423540115356	8
688025	1786	2.412531	2.6169228553771973	8
724872	1713	2.576282	3.727430582046509	8
688026	1558	4.655032	3.2630269527435303	8
908139	1584	3.380397	3.056709051132202	8
905968	1586	3.841111	2.9625084400177	8
1240197	1029	7.438567	2.8280954360961914	8
908480	2045	4.300807	2.683166027069092	8
910920	1709	-0.051069	2.1993777751922607	8
909781	1005	7.672961	2.7822964191436768	8
909904	1057	-0.757978	3.621539831161499	8
910691	2171	4.604132	3.6904335021972656	8
906804	1786	-0.842293	2.9877257347106934	8
906795	1060	0.893976	3.2225077152252197	8
753614	1585	4.342937	3.1687557697296143	8
1331032	1714	1.730066	2.45025897026062	8
1330972	1783	3.880008	3.7691681385040283	8
1240178	1017	5.80545	4.014328956604004	8
722066	2010	4.049715	3.243455648422241	8
753578	1268	4.123196	3.924081563949585	8
1479988	1814	6.274974	2.9056174755096436	8
724872	2110	4.808828	3.92287278175354	8
1298218	2360	6.004905	3.621539831161499	8
1524416	1048	4.635525	3.8657164573669434	8
909697	1625	4.824888	3.542710065841675	8
905980	1584	5.170773	3.2019526958465576	8
1299081	2044	2.612788	2.680203437805176	8
908152	1020	4.295719	1.994138240814209	8
906863	1625	3.837911	3.192173480987549	8
753574	2362	6.357446	2.866455078125	8
1524414	1049	3.277165	3.2249414920806885	8
1290798	1180	-3.038361	2.309772253036499	8
1503371	1816	3.711772	4.367690086364746	8
1240143	1999	4.156469	3.3290040493011475	8
949175	2109	3.353031	3.74452805519104	8
905936	1778	3.999627	2.7347803115844727	8
1330993	1581	1.949381	3.541961431503296	8
1240187	1083	1.503841	2.930356740951538	8
1331055	1512	4.987388	2.2669408321380615	8
910694	1804	3.092421	3.315410614013672	8
1298357	1828	5.913182	3.05462908744812	8
1298226	1712	-4.445125	3.8710055351257324	8
688031	2498	7.426429	4.37117862701416	8
1303900	1564	2.851972	3.7518625259399414	8
906865	1180	-3.072524	2.340629816055298	8
688023	2002	4.959978	3.0391151905059814	8
753623	2011	5.481128	3.9997596740722656	8
909740	1820	2.428857	3.2339107990264893	8
908458	1494	-2.325779	2.3158395290374756	8
907276	1835	3.555601	3.05462908744812	8
946382	1050	3.886926	-0.07482161372900009	8
909773	1585	3.642909	2.442708730697632	8
1298167	1635	5.249308	4.005032539367676	8
753562	1557	3.903941	2.3339128494262695	8
753561	1927	2.414059	3.058881998062134	8
949154	2039	2.965153	2.6848299503326416	8
910701	1048	6.472624	3.85269832611084	8
1299070	2110	4.522707	4.151589393615723	8
909907	1819	3.938342	-0.07482161372900009	8
688058	1853	4.543744	2.9809744358062744	8
753566	1912	3.387091	3.0956332683563232	8
1299050	1249	3.851175	3.284477472305298	8
1240179	2149	1.601581	3.8487279415130615	8
905960	1594	1.553252	2.3445913791656494	8
753623	1177	5.625933	4.18607234954834	8
1240187	2038	3.735164	4.066728591918945	8
1330948	2174	1.613769	2.0596835613250732	8
1327769	1998	2.921738	2.3471455574035645	8
905974	1631	0.731237	4.0081095695495605	8
910944	1927	4.399258	2.3994247913360596	8
906830	2156	3.937657	3.7324869632720947	8
688021	1784	6.700377	3.0391151905059814	8
908448	1007	-5.621466	-2.0365030765533447	8
906797	1060	2.278585	3.0489838123321533	8
1298533	2498	8.116318	5.298670768737793	8
910701	1936	3.326693	2.753826141357422	8
1331037	1716	2.780041	1.9343398809432983	8
1330941	1180	-3.811642	2.309772253036499	8
1298146	1062	4.898122	3.3238208293914795	8
909194	1549	4.236942	3.2630269527435303	8
1247871	1778	3.137106	2.2642743587493896	8
910935	1086	-3.514552	0.6756706237792969	8
1240127	1529	-1.289242	3.802443742752075	8
909263	1047	7.307407	4.392518997192383	8
910951	1268	3.576452	3.4944474697113037	8
908461	1630	3.766473	3.5706076622009277	8
905969	1708	-0.541797	2.5705974102020264	8
1298353	1036	4.879839	2.7543251514434814	8
688086	1820	3.922753	2.3900375366210938	8
909249	1021	1.249259	2.1320247650146484	8
907319	1441	2.076061	2.866455078125	8
930301	1133	3.948936	4.3717570304870605	8
1240158	2037	4.712416	4.208059787750244	8
1298533	1199	3.881721	4.711301326751709	8
749709	2112	1.799311	3.0388879776000977	8
753600	1825	1.372892	3.243455648422241	8
687561	1716	3.670011	3.6690919399261475	8
1303897	2156	3.250046	2.3471455574035645	8
924106	1080	-4.432384	-0.07482161372900009	8
1240226	1494	-4.828863	2.680203437805176	8
910904	1553	2.889141	2.5980098247528076	8
724869	2154	3.642788	4.356627941131592	8
949170	1598	5.629863	3.74452805519104	8
906863	1819	-0.841302	-1.37535560131073	8
1298348	1168	0.05517	2.7493650913238525	8
1503368	1997	3.90829	2.461808443069458	8
907783	1632	2.202642	1.1381217241287231	8
910698	1739	3.57265	3.486360788345337	8
1297447	1799	4.95988	2.89633846282959	8
753622	1852	4.307251	3.9997596740722656	8
753594	1845	-0.514001	3.0391151905059814	8
753554	1799	4.435306	3.6325647830963135	8
1240219	1005	2.91361	2.8304827213287354	8
1299062	1634	5.648178	4.37117862701416	8
905978	1014	1.071685	3.6177165508270264	8
1659818	1739	3.698086	2.89633846282959	8
713869	1712	-4.359899	3.9531033039093018	8
907317	1025	5.588731	4.193265438079834	8
905949	1013	3.132755	3.7610902786254883	8
910943	1738	0.584316	3.6507723331451416	8
910554	2149	2.366491	3.9526755809783936	8
908130	1019	3.680469	3.599086046218872	8
1480364	1917	3.128899	4.2001776695251465	8
907319	1237	5.560859	3.9305551052093506	8
1298348	2106	5.553238	2.8609542846679688	8
749716	1022	1.727627	2.309772253036499	8
724869	2002	4.350584	3.803821563720703	8
1240218	1614	6.708719	3.9876115322113037	8
907048	2111	4.918463	3.9595305919647217	8
1297447	1785	3.780776	2.8477094173431396	8
753545	1180	-4.081448	2.340629816055298	8
1503367	1068	0.393458	2.461808443069458	8
909263	1025	4.582054	4.06468391418457	8
1298218	1576	3.430775	4.496575355529785	8
688021	1030	6.721203	3.798597812652588	8
724834	1179	1.562667	2.3684146404266357	8
753535	1023	3.902125	2.753826141357422	8
909748	1559	0.756832	1.4570975303649902	8
687980	1080	-4.387403	-1.1627944707870483	8
909249	1529	-0.35139	2.8477094173431396	8
924111	1854	4.954692	3.9445698261260986	8
1298351	1096	0.997546	-0.41277870535850525	8
924250	1375	7.360113	2.5549795627593994	8
1503369	1050	2.595199	-0.7223798036575317	8
910951	1032	1.260652	2.521298408508301	8
724870	1089	4.145143	2.8304827213287354	8
906862	1839	3.128587	3.0388879776000977	8
949175	1017	3.171612	2.8530242443084717	8
753615	1713	3.51331	2.5849735736846924	8
1299080	1912	2.639298	2.434293031692505	8
909260	1840	0.451781	2.0868325233459473	8
1327766	1058	1.741271	1.8405191898345947	8
1503367	1836	3.118604	3.3152384757995605	8
907790	1073	2.588446	3.76813006401062	8
907319	2156	2.259208	3.9997596740722656	8
1240181	1777	3.01399	3.4038796424865723	8
1330983	1825	-1.302463	2.189492702484131	8
907275	1736	1.485342	2.4382212162017822	8
910704	1047	4.415955	4.5339460372924805	8
910687	1038	2.145811	2.485581159591675	8
1480362	1190	-0.952177	2.9056174755096436	8
906821	2171	5.30683	3.7707457542419434	8
753579	2177	2.714311	3.9046828746795654	8
687997	1057	0.980553	2.683166027069092	8
1503363	2047	1.890401	3.3240039348602295	8
753595	1088	3.413858	2.8304827213287354	8
724869	1911	-3.866061	4.17825174331665	8
687588	1058	1.648196	2.4471595287323	8
917486	1051	3.12892	-1.387282371520996	8
753561	1016	-0.024464	2.5980098247528076	8
1240183	1714	4.678817	3.116724967956543	8
910936	1783	5.759142	3.284477472305298	8
687568	1023	2.997553	2.9408514499664307	8
1298151	1706	2.289924	4.295658111572266	8
1330995	2040	2.346335	1.9637298583984375	8
907048	2045	3.374033	2.3445913791656494	8
910687	1190	-6.114989	1.334576964378357	8
908468	1010	3.125405	3.2630269527435303	8
910920	1941	-1.680369	2.312403440475464	8
910920	1831	4.345737	3.3365533351898193	8
909748	1058	1.245152	2.7347803115844727	8
749709	1007	-4.052087	-0.07482161372900009	8
688011	1089	4.377853	2.2669408321380615	8
908481	1620	5.956583	3.6405041217803955	8
905947	1024	1.401832	3.486360788345337	8
906837	2112	1.910791	3.10280179977417	8
1240204	1927	4.630972	3.058881998062134	8
946356	1835	4.019208	3.3152384757995605	8
907274	2439	9.524765	2.3471455574035645	8
910549	2359	6.251387	3.9997596740722656	8
753532	1933	5.468656	0.9064030647277832	8
1240127	1026	1.174606	0.875973105430603	8
753620	1072	5.716415	3.924248218536377	8
753594	1085	1.771811	3.3971240520477295	8
906839	1814	6.60431	2.574437141418457	8
909905	1825	-1.811493	3.315410614013672	8
1659818	1622	2.489617	3.5828683376312256	8
906825	1084	-2.108664	2.7951838970184326	8
1297438	1036	4.571856	3.727430582046509	8
906765	1732	4.559963	2.8477094173431396	8
946377	1008	2.188157	2.574437141418457	8
906855	1916	2.73838	2.8973774909973145	8
905990	1912	4.911127	2.7951838970184326	8
910903	1786	1.82751	3.2337520122528076	8
1503370	1918	1.9658	2.8609542846679688	8
753595	1927	6.578181	3.9876115322113037	8
909743	1054	1.724071	1.0308315753936768	8
1299081	1804	5.650181	3.4583919048309326	8
749709	1026	-0.256463	0.9137634038925171	8
909729	1025	4.346765	4.130249977111816	8
1330991	1033	4.619181	2.0596835613250732	8
753594	2043	4.92254	3.798597812652588	8
906828	1799	5.334412	3.895106077194214	8
1240174	1557	4.213826	1.9559348821640015	8
1240179	1814	5.887459	2.1195068359375	8
946360	2361	5.416251	2.7951838970184326	8
909251	1022	-1.520915	1.0308315753936768	8
909729	1168	3.236973	3.0951361656188965	8
1298365	1834	2.441834	3.3601949214935303	8
910952	1809	0.278337	2.7822964191436768	8
1240127	1844	3.521934	3.2686331272125244	8
905977	1736	0.435412	0.4450894296169281	8
1298362	1008	3.147113	2.512883424758911	8
1503362	1783	5.313454	3.9997596740722656	8
946368	1191	-5.763573	0.8278945088386536	8
724874	1243	5.166851	3.9531033039093018	8
724825	1268	4.122807	3.5828683376312256	8
949179	2040	1.086347	2.0293283462524414	8
905981	1249	2.336692	3.8848628997802734	8
905936	2038	4.625499	3.9526755809783936	8
905990	1813	6.481995	2.9056174755096436	8
1240121	1824	2.260859	3.10280179977417	8
1290730	1583	3.099724	3.934304714202881	8
1503364	1780	5.61762	3.5706076622009277	8
910932	1093	3.901759	3.693969964981079	8
1524419	1512	5.092243	2.7822964191436768	8
906837	1720	2.627187	2.3339128494262695	8
1299064	1511	0.297012	2.480966329574585	8
924100	2046	3.937321	2.518174409866333	8
1290905	2037	5.435162	3.837156057357788	8
1480361	1060	1.689683	3.377992868423462	8
907067	1529	1.59982	3.7324869632720947	8
908462	2107	6.327002	3.6253087520599365	8
687821	1629	7.452832	1.262934923171997	8
907291	1022	-1.079388	1.9789540767669678	8
688025	1059	1.038631	2.683166027069092	8
908458	1239	3.988814	3.76813006401062	8
1331033	1624	0.165948	1.8626279830932617	8
905985	1030	5.835464	3.993638753890991	8
753575	1843	4.50549	2.480966329574585	8
1298169	1250	2.620012	3.486360788345337	8
687514	1706	0.937636	3.5798518657684326	8
753600	2360	4.96541	2.8609542846679688	8
688006	1812	3.508241	2.2669408321380615	8
713880	1736	3.768741	3.727430582046509	8
909737	1625	4.130371	4.295658111572266	8
910904	2171	1.434043	2.959979295730591	8
906817	2010	4.747867	3.3152384757995605	8
688031	2362	2.051414	2.683166027069092	8
1298531	1046	1.113955	2.3036491870880127	8
1290806	1022	1.832386	2.1640913486480713	8
753558	1812	3.897242	2.7822964191436768	8
724838	1862	-1.067932	1.277498483657837	8
1327771	1179	-2.045433	1.1381217241287231	8
910924	1911	-5.97739	3.631709098815918	8
908141	1149	0.004867	1.5997447967529297	8
906821	1634	5.104908	5.298670768737793	8
687807	2148	2.883686	3.243455648422241	8
905942	1007	-3.731635	-0.7223798036575317	8
1303901	1578	4.686008	2.2669408321380615	8
753546	1804	6.759878	3.4583919048309326	8
724866	1834	3.272666	3.243455648422241	8
949174	1836	3.728124	2.3900375366210938	8
909194	1073	4.197343	3.7691681385040283	8
908450	1007	-1.418539	-1.3169705867767334	8
687592	1918	3.723829	2.4471595287323	8
905990	2044	4.286507	2.9056174755096436	8
907291	1862	-1.313343	1.4570975303649902	8
906696	1720	5.163289	2.3724353313446045	8
907058	1838	3.654376	3.4583919048309326	8
909698	1401	1.326041	1.9789540767669678	8
907053	2175	1.044383	3.3997819423675537	8
908460	1925	7.762042	4.283835411071777	8
909249	1840	-0.72387	2.355764150619507	8
1331036	1713	1.542424	2.45025897026062	8
906798	1813	5.81543	2.2679853439331055	8
907045	1053	2.517403	2.3445913791656494	8
910918	1564	2.583367	2.45025897026062	8
1240167	1080	-4.81083	-0.10785730928182602	8
908125	2361	4.99625	2.434293031692505	8
1331032	1052	2.029585	0.6756706237792969	8
946353	2113	2.568018	3.3152384757995605	8
688026	1511	1.221114	2.2669408321380615	8
909755	1916	4.700368	3.671180486679077	8
910952	1845	0.066499	3.3365533351898193	8
1290908	1933	5.196615	1.262934923171997	8
753554	1621	5.212747	3.010209798812866	8
1327771	1072	3.390842	3.183336019515991	8
910694	1068	0.374918	2.335303544998169	8
925347	1034	-1.398123	3.7276289463043213	8
1298223	1810	1.801291	2.6016581058502197	8
907295	1720	5.168503	1.89920973777771	8
910701	1249	3.673782	3.284477472305298	8
910899	1022	0.536105	2.202894687652588	8
910924	1996	4.3256	2.33213210105896	8
724866	1620	6.067742	3.834597587585449	8
1480360	1930	-0.134964	4.2001776695251465	8
687561	1912	0.563418	2.4471595287323	8
908139	1809	3.106605	2.5549795627593994	8
910934	1029	4.446215	1.9637298583984375	8
946355	1093	3.764543	3.1589648723602295	8
753566	1813	7.041936	2.2679853439331055	8
1240155	1630	3.912019	3.5706076622009277	8
1503365	1061	6.54479	3.3240039348602295	8
687514	1911	-4.853434	3.7393741607666016	8
905974	1739	1.858024	4.0081095695495605	8
910899	1020	5.075643	2.055246114730835	8
910910	1069	2.760587	2.9374489784240723	8
909727	1003	-1.697387	2.680203437805176	8
908440	1930	-0.996741	2.8530242443084717	8
1298146	1824	2.890277	3.432436227798462	8
909702	1019	0.406673	2.3994247913360596	8
909704	2110	4.867378	3.934304714202881	8
1330948	1799	3.230483	2.0371389389038086	8
1240174	1054	4.921328	1.887386441230774	8
906877	1072	3.336135	2.463988780975342	8
1240170	2156	2.156994	3.7139475345611572	8
713880	1022	0.030642	2.202894687652588	8
1331033	1512	4.151965	1.5513916015625	8
907783	1810	-1.237757	1.46295166015625	8
1240226	1627	3.487867	3.9046828746795654	8
906817	1803	4.992449	3.3152384757995605	8
924106	2039	1.230914	2.7798988819122314	8
1330931	1852	4.704954	3.183336019515991	8
1331036	2003	3.34882	2.23411226272583	8
1240197	1718	6.223308	3.773315668106079	8
687815	1919	-2.2718	2.707427740097046	8
753535	1191	-5.075167	0.9064030647277832	8
905980	1852	7.969696	3.8848628997802734	8
907272	1732	2.042524	2.463988780975342	8
909744	1778	3.226608	2.4816339015960693	8
687798	1839	4.039893	3.243455648422241	8
930297	1581	2.203065	3.5798518657684326	8
909744	1175	4.187476	3.063774347305298	8
907789	1249	1.580649	2.463988780975342	8
910944	2047	1.770989	2.589491605758667	8
735784	1779	1.484876	3.6430180072784424	8
907287	1627	2.067226	3.9526755809783936	8
1299050	2148	4.830473	3.10280179977417	8
1327773	1017	2.534578	2.4286482334136963	8
753562	1625	4.331361	3.192173480987549	8
724868	1069	3.825073	3.445993185043335	8
909740	1840	4.339261	3.2339107990264893	8
906791	1613	5.299555	4.112534523010254	8
907291	1239	0.747711	3.76813006401062	8
1330941	1046	2.806099	2.309772253036499	8
925348	1133	5.905681	5.335366249084473	8
925340	2037	4.323595	3.830404281616211	8
1240130	1778	3.457017	2.434293031692505	8
753561	1024	-0.280075	3.058881998062134	8
906855	1584	2.032784	2.1640093326568604	8
907320	1730	1.832995	3.416264295578003	8
713869	1836	4.271528	3.243455648422241	8
1659818	1131	2.189486	3.276865243911743	8
1240189	1785	3.884372	3.7691681385040283	8
910694	1999	5.59832	3.315410614013672	8
949171	1463	3.623289	2.0293283462524414	8
1299078	1940	3.547776	4.456928253173828	8
907067	1827	0.500299	3.4583919048309326	8
908447	1810	-2.596812	1.4061423540115356	8
1240185	1940	2.70289	4.148055553436279	8
753594	1913	3.447302	4.806163787841797	9
724828	1021	3.883261	1.9750959873199463	9
998189	1836	2.441776	3.642415761947632	9
1503369	1093	4.940093	3.6575262546539307	9
908465	1833	3.655862	3.6885359287261963	9
906871	1736	3.695043	3.5509321689605713	9
1298167	1069	3.326651	3.8700060844421387	9
909755	1463	5.747544	3.112107515335083	9
753589	1007	-0.780545	-2.7127525806427	9
1503368	1998	4.834028	4.171239376068115	9
925340	2154	2.769417	3.917410373687744	9
906833	1919	2.405847	2.8869078159332275	9
1240192	1803	4.366534	3.5622246265411377	9
908129	2498	7.26285	5.690235614776611	9
687586	2359	5.6273	3.9791533946990967	9
924240	1428	2.480699	3.9022085666656494	9
1298365	1073	4.583606	4.413273334503174	9
1247873	1716	5.282058	4.028219699859619	9
753565	1816	5.427971	4.25124979019165	9
909702	1023	2.797007	0.9290208220481873	9
1330972	1598	3.883775	4.294806957244873	9
753592	1779	0.870574	4.028219699859619	9
905962	1828	4.477475	3.642415761947632	9
713899	2172	-0.179347	4.111693382263184	9
1299078	2043	5.442047	4.185135364532471	9
687787	2170	5.847465	2.966935873031616	9
909748	1585	4.77974	3.4543628692626953	9
949088	2111	1.792491	1.954465389251709	9
1330973	1080	-2.825882	-2.7127525806427	9
749710	2055	5.396934	3.5087103843688965	9
1298167	1096	0.932286	-0.12550412118434906	9
907289	1594	3.857893	2.8512513637542725	9
906818	1799	6.034796	3.907074213027954	9
910918	1862	-1.951018	-0.9343842267990112	9
910545	1024	-1.614756	2.184152364730835	9
724874	1915	2.915411	2.197288751602173	9
1297449	1730	1.271056	3.1714391708374023	9
906821	1026	-1.126559	2.59065318107605	9
908448	2047	2.643186	2.7246944904327393	9
1240154	2003	4.647596	3.990579843521118	9
908475	2106	2.18402	2.9225881099700928	9
910701	1053	4.400334	2.754865884780884	9
688014	1928	6.098593	4.111693382263184	9
1247871	1845	-1.98677	1.8766350746154785	9
909263	1919	1.50557	2.536569356918335	9
905990	1200	3.810222	4.667019367218018	9
907071	1594	2.948972	3.3077309131622314	9
907289	1809	1.772003	1.530970811843872	9
906830	1998	5.593915	3.5615174770355225	9
909773	1038	2.585626	1.954465389251709	9
1240224	1268	4.724108	4.253485202789307	9
905944	1782	5.755826	4.080912113189697	9
688014	2055	3.396185	3.5622246265411377	9
1330982	2044	1.714626	0.35395514965057373	9
910905	1926	0.97215	2.8512513637542725	9
753583	1811	-1.09111	3.6430180072784424	9
905977	1025	5.445441	4.2776265144348145	9
909744	1736	3.788843	0.7007924318313599	9
1298215	1924	2.282944	2.754865884780884	9
910899	1050	2.583007	-2.7127525806427	9
905940	1268	4.168018	3.070363998413086	9
724859	1812	1.705042	2.7473108768463135	9
1290922	2046	5.260481	2.071516513824463	9
1240222	1034	-5.238065	3.7072722911834717	9
908475	1828	3.836283	3.6885359287261963	9
687588	1016	-1.514441	2.65315318107605	9
910851	1738	-1.042525	3.6838490962982178	9
910702	1089	8.693497	2.754905939102173	9
753612	1802	3.53879	2.882207155227661	9
910920	1006	3.202695	4.172985076904297	9
1298146	1004	-2.285772	-1.9127717018127441	9
1297447	1849	-0.210133	-0.07631339132785797	9
1240168	1925	3.952904	4.401400089263916	9
688023	1180	-3.499571	2.549243927001953	9
687819	1564	5.408617	3.547905206680298	9
1480367	1034	-6.375911	3.7072722911834717	9
1298223	1048	5.819446	4.273215293884277	9
905935	1372	3.051011	3.7014009952545166	9
687590	1059	-0.515639	2.65315318107605	9
753551	1582	4.450215	3.2301623821258545	9
753600	2010	5.859808	3.6885359287261963	9
907285	2148	0.407892	4.106635570526123	9
905964	2439	8.861574	2.882207155227661	9
924238	1032	2.408139	3.8427815437316895	9
924108	1614	4.989465	3.9576375484466553	9
1303900	1832	4.010244	3.5087103843688965	9
1503368	2438	9.330499	4.171239376068115	9
905938	1372	-3.320144	2.7246944904327393	9
907279	1026	-0.118428	-0.3740115165710449	9
917486	1061	4.69037	1.196130633354187	9
749715	1060	2.967965	4.804924488067627	9
908144	1632	4.215543	2.553504467010498	9
722058	1373	4.117581	3.547905206680298	9
753581	1494	0.218277	2.5209083557128906	9
1298351	1073	2.909778	3.6817550659179688	9
907317	2439	8.875011	4.171239376068115	9
1660035	1911	-1.944001	3.8597347736358643	9
905944	1191	-4.196373	2.0348193645477295	9
906828	1819	-4.459452	-0.12550412118434906	9
724878	1048	6.993925	4.424131870269775	9
1240219	1557	6.135639	2.6700503826141357	9
753546	1014	-1.075105	0.5445305109024048	9
910899	1007	-2.909354	-2.7127525806427	9
1330950	1911	-5.023652	2.882207155227661	9
753622	2173	3.250417	4.189493656158447	9
909252	1048	4.117406	2.544316530227661	9
907045	1718	4.413539	3.7295591831207275	9
1240129	1175	5.336728	4.356944561004639	9
1322224	2037	2.879263	3.917410373687744	9
907272	1632	1.385347	0.16466675698757172	9
1330960	1561	2.93738	1.2527949810028076	9
910924	1782	5.514254	3.3531763553619385	9
908152	1131	6.394338	5.290802001953125	9
1290455	1005	1.346988	0.6746779680252075	9
908461	1017	5.049515	3.9820847511291504	9
909746	1032	1.749792	2.536569356918335	9
909729	1832	3.682076	3.688512086868286	9
908129	1463	1.381726	3.3668386936187744	9
907794	1844	3.544644	3.642415761947632	9
924241	1631	1.381068	3.41825532913208	9
909719	1733	2.50651	3.796003818511963	9
1240169	1428	6.123484	3.9791533946990967	9
906839	1259	4.317402	4.212925910949707	9
909736	1803	7.440456	3.7600913047790527	9
910853	1249	3.436849	3.5615174770355225	9
687457	2002	5.932841	3.6065256595611572	9
910399	1192	2.053457	3.6767678260803223	9
1298350	1004	-1.667532	-1.2907575368881226	9
910568	1034	-4.966301	3.993088722229004	9
907291	1829	2.109785	3.642415761947632	9
910910	1594	2.295779	2.391170024871826	9
905955	1826	4.234324	3.54984450340271	9
924151	2156	2.759604	4.201451301574707	9
1240179	1259	2.432174	4.091309547424316	9
1503363	2045	5.801838	2.782747507095337	9
753614	2037	5.71189	4.373472213745117	9
688013	1617	1.174481	1.6599719524383545	9
907276	2498	9.330579	4.031841278076172	9
909697	1062	4.733095	2.266352891921997	9
910545	1924	3.632619	2.1870670318603516	9
906863	1580	4.830683	3.6594035625457764	9
1303911	1016	-0.61624	2.391170024871826	9
910951	1826	0.90368	1.7952381372451782	9
753577	2040	0.699062	3.788007974624634	9
909975	2498	8.599452	3.939882516860962	9
906828	1831	3.814423	3.990579843521118	9
724839	2156	4.606774	3.8635904788970947	9
909725	1449	6.141232	3.907074213027954	9
909708	1933	3.801345	-1.1652286052703857	9
1240226	1783	5.547866	3.5615174770355225	9
905955	2044	5.005145	2.5209083557128906	9
1240219	1199	4.667372	4.9830169677734375	9
1298531	1032	-0.21345	0.8181262016296387	9
753551	2177	2.285026	4.1975789070129395	9
917486	1511	2.553422	1.530970811843872	9
1240189	1085	1.472401	3.41825532913208	9
908447	2113	3.017043	3.3313043117523193	9
910554	2438	9.832071	3.8597347736358643	9
1240187	2109	2.756964	4.46829891204834	9
906825	1051	-2.780431	-2.759657621383667	9
722046	1268	2.159988	4.46829891204834	9
1290725	1032	3.83361	0.8181262016296387	9
946377	1052	1.23883	1.9376804828643799	9
946354	1918	2.089464	2.782747507095337	9
1240168	1854	5.41639	4.23919677734375	9
905962	1449	6.873979	3.9576375484466553	9
724839	1200	4.915539	4.163262844085693	9
1327775	1084	-4.091622	1.1378262042999268	9
1479988	1060	-0.964473	3.9807002544403076	9
905934	1449	5.014826	3.8501908779144287	9
905976	1593	2.779181	3.468531847000122	9
907277	2171	-0.419872	1.6148570775985718	9
1240220	1630	5.397895	3.1739158630371094	9
1299078	1620	5.70696	3.806838274002075	9
1322224	1933	1.091959	2.053722858428955	9
749713	1062	5.729257	4.804924488067627	9
908481	1849	0.938044	1.6599719524383545	9
907279	1939	3.964201	1.4019925594329834	9
1298160	1625	2.743984	3.806838274002075	9
1240218	1021	4.622437	3.8529107570648193	9
905967	1012	1.300866	3.514111280441284	9
724825	1441	-1.642927	1.1378262042999268	9
1331037	1131	2.860445	2.2386395931243896	9
911905	1005	7.43827	2.944126844406128	9
1330960	1093	2.642288	1.6148570775985718	9
910691	1733	2.199613	3.7687928676605225	9
753582	1372	1.792892	4.4760026931762695	9
713869	1563	5.693461	4.538248538970947	9
1330995	1939	2.044297	0.42350834608078003	9
905959	1811	-1.061039	4.413273334503174	9
909253	1931	4.746879	2.6733012199401855	9
1299080	1038	3.888157	4.185135364532471	9
905983	1023	3.100062	3.5687129497528076	9
909784	2046	4.184537	1.739784598350525	9
924108	1091	0.544709	3.5577425956726074	9
998189	1428	5.91962	3.8597347736358643	9
910700	1634	5.225371	5.027662754058838	9
949174	1584	2.285354	2.810216188430786	9
907280	2158	3.705749	2.6531565189361572	9
909723	1057	0.125858	2.828418016433716	9
907312	1624	1.319388	4.043886184692383	9
907311	1834	-1.31857	1.7952381372451782	9
909761	1922	1.636456	3.112107515335083	9
946369	1561	0.317977	2.22261643409729	9
1240125	1012	2.1689	3.468531847000122	9
905957	1079	-2.584657	3.7295591831207275	9
753608	2149	1.416843	4.538248538970947	9
906833	1175	3.37782	3.6708858013153076	9
713869	1999	4.924802	3.6885359287261963	9
1240162	1827	1.936952	3.3356385231018066	9
687980	1463	2.657331	3.5063254833221436	9
909751	1939	2.060987	2.0993587970733643	9
1240219	1832	4.460906	4.106635570526123	9
753624	2000	5.215778	4.106635570526123	9
687588	1510	6.390415	3.814405679702759	9
910700	1061	5.024772	1.196130633354187	9
907278	1998	3.427718	1.7978401184082031	9
1298146	1069	3.730525	3.660343885421753	9
687505	1373	4.302398	3.648258924484253	9
1290769	1939	3.19942	2.0993587970733643	9
1240157	1026	1.855705	2.843106508255005	9
1330941	2177	2.845953	4.235049247741699	9
1240187	1561	0.7962	2.9225881099700928	9
908480	1594	2.320977	3.247483015060425	9
946358	2177	1.727148	2.439882516860962	9
910900	1558	4.794011	2.197288751602173	9
910910	1021	3.613185	3.6854307651519775	9
949171	1557	4.836555	1.6521953344345093	9
908125	1133	3.431631	4.607509136199951	9
687459	1038	5.967783	4.3307881355285645	9
908451	2045	4.17008	2.1870670318603516	9
910694	1560	4.433437	2.65315318107605	9
906844	1936	0.678624	3.6854307651519775	9
905964	1829	1.360235	2.4559712409973145	9
998189	1833	-0.249792	3.642415761947632	9
908448	1020	2.584131	-1.6229946613311768	9
905939	1626	0.326853	3.917076826095581	9
1299069	1855	3.969953	2.266352891921997	9
687588	1019	4.888271	3.82409405708313	9
910692	1720	5.355447	1.6599719524383545	9
908120	2110	5.430015	4.235049247741699	9
930297	1375	6.956741	2.2897536754608154	9
724866	1855	6.067945	3.547905206680298	9
1240199	1032	3.223368	3.277263879776001	9
1299075	1918	3.625785	2.957336187362671	9
1299070	1200	2.430527	4.667019367218018	9
735784	1621	5.792735	3.5079166889190674	9
908125	1832	3.675334	3.54984450340271	9
1298226	1020	5.484029	2.047678232192993	9
906824	1051	1.487155	-1.418053150177002	9
905959	1067	5.5241	2.7458598613739014	9
1503366	2438	10.797507	4.171239376068115	9
1503361	1007	-6.139093	-0.8235188722610474	9
906864	1022	-0.456862	2.4109737873077393	9
909751	1557	5.662706	2.0993587970733643	9
909773	1068	1.207003	0.42350834608078003	9
1240217	1922	2.755624	3.5114076137542725	9
1299059	1933	4.881284	-1.1652286052703857	9
688031	1563	5.131619	4.1975789070129395	9
724868	1845	-1.13669	3.6885359287261963	9
907270	2439	9.333591	2.2460787296295166	9
753620	1615	5.375969	2.6475353240966797	9
1330982	1634	4.044823	3.564654588699341	9
906791	1706	3.833842	4.228530406951904	9
1330982	2171	0.63642	2.4906198978424072	9
905949	1598	3.801602	4.46829891204834	9
1240121	1624	3.389124	3.6594035625457764	9
687815	1617	3.034547	1.910093069076538	9
1287706	1175	4.22519	4.185135364532471	9
924111	1615	5.21203	2.754865884780884	9
1298526	1017	5.899853	4.853651523590088	9
1297446	1824	2.082299	1.8766350746154785	9
1503364	1006	2.039836	3.3531763553619385	9
905937	1630	1.928541	3.9576375484466553	9
906824	1825	-0.769391	3.4593474864959717	9
909194	1192	1.769474	3.3882389068603516	9
906791	2172	5.136748	4.228530406951904	9
688015	1249	2.281798	3.8970468044281006	9
1299062	1494	-0.986088	2.288069009780884	9
917486	2158	3.149618	4.31812047958374	9
910926	1268	3.547897	4.41071891784668	9
907277	1866	0.933867	2.2058379650115967	9
713878	1835	2.49877	3.5622246265411377	9
907788	1831	3.507856	3.802294969558716	9
909725	1072	5.228787	3.5615174770355225	9
905936	1268	4.957935	4.32105016708374	9
909737	1811	-2.620401	4.105081558227539	9
908475	1730	2.400382	3.6767678260803223	9
946356	1010	0.708154	1.733393669128418	9
910944	2011	2.724673	1.9486273527145386	9
910944	1716	4.240754	2.192261219024658	9
1240187	1042	6.240885	5.557644844055176	9
907046	1838	3.033111	3.5087103843688965	9
946370	2177	2.743056	4.250956058502197	9
687812	1866	4.163841	3.6767678260803223	9
1290905	1052	2.69283	2.071516513824463	9
907280	2170	4.19802	2.1870670318603516	9
1503362	1776	3.752426	3.485869884490967	9
687448	1849	0.327777	2.298563241958618	9
753574	1836	4.715514	3.760042667388916	9
906837	1594	3.862388	2.754865884780884	9
1240145	1817	-5.824308	3.514111280441284	9
905936	2171	1.555341	3.5577425956726074	9
1290724	1834	2.157711	3.3356385231018066	9
909712	1626	2.096593	4.038665771484375	9
1303900	1708	2.323536	2.071516513824463	9
909738	1928	6.755798	4.2877092361450195	9
753594	1617	2.07643	1.6599719524383545	9
905945	1918	1.833225	2.391170024871826	9
1503361	2000	4.817375	3.760042667388916	9
906824	1375	6.196194	2.2897536754608154	9
906871	1072	3.360222	4.073330402374268	9
909256	1996	3.028828	1.4192992448806763	9
908144	2040	0.682229	2.646148920059204	9
906812	1825	0.482485	3.5087103843688965	9
909975	1507	5.411205	3.7215001583099365	9
907286	1849	1.991855	2.6700503826141357	9
1330983	1560	2.563964	2.1870670318603516	9
910079	1250	2.400035	3.5921010971069336	9
909702	1200	0.543448	2.7751407623291016	9
1298537	1803	3.36035	3.6885359287261963	9
907172	2096	1.869247	0.5445305109024048	9
724868	2148	2.24176	3.6885359287261963	9
753566	2055	2.061971	3.6065256595611572	9
906868	1248	-4.812533	5.144684314727783	9
753570	1911	-5.768011	3.6430180072784424	9
905935	1779	1.609172	3.8501908779144287	9
908483	1069	3.680225	3.3882389068603516	9
906862	1168	1.964133	2.796518325805664	9
1503370	1625	4.495839	4.228530406951904	9
909250	1928	6.179785	3.937812328338623	9
1240223	1529	0.483177	4.201451301574707	9
906813	1039	4.214058	3.907074213027954	9
713869	1926	1.933408	2.9225881099700928	9
1240196	1585	4.814773	3.5844876766204834	9
1330942	2154	1.168626	2.6531565189361572	9
1322212	1852	4.084231	3.8970468044281006	9
688006	1576	1.844209	4.294806957244873	9
905935	1058	2.519378	2.957336187362671	9
907051	1581	2.498812	4.305079460144043	9
946382	1736	5.646508	4.804924488067627	9
910692	1866	2.020473	3.3882389068603516	9
1330972	1578	4.682003	2.288069009780884	9
713878	1033	4.566632	3.8970468044281006	9
907046	1810	1.511444	3.905315637588501	9
713878	1072	5.726396	3.8970468044281006	9
907783	2439	7.805737	2.1239895820617676	9
722046	1586	3.994962	3.514111280441284	9
905961	1004	-5.386968	-2.356668472290039	9
687586	1620	5.465192	4.038665771484375	9
905949	1584	2.811077	3.514111280441284	9
907314	1924	5.286252	2.6475353240966797	9
905958	1014	3.104193	2.7855255603790283	9
907794	1845	1.334788	3.642415761947632	9
906791	1732	0.959502	4.080912113189697	9
906843	1237	4.514453	3.7354040145874023	9
909252	1553	2.062852	1.2527949810028076	9
1290797	1057	-4.329589	3.725754976272583	9
688018	1629	7.017476	1.6605806350708008	9
910952	1852	5.85723	4.172985076904297	9
908443	2002	5.868497	3.913775682449341	9
753552	1131	3.244453	4.829908847808838	9
1298533	1029	6.079074	3.8529107570648193	9
753615	1131	3.410384	2.791468858718872	9
908139	1862	-1.284872	2.053722858428955	9
907058	2003	6.165727	3.54984450340271	9
905937	2046	3.620596	1.4084919691085815	9
687807	1018	6.815373	4.424131870269775	9
910851	1810	1.138467	3.035689115524292	9
1299062	1034	-0.658554	3.5063254833221436	9
909781	1630	5.980383	3.1739158630371094	9
907048	1814	5.998438	3.905315637588501	9
1331055	1031	0.312929	1.6605806350708008	9
906834	1997	-1.011615	1.9582815170288086	9
910704	1629	4.99574	1.316064476966858	9
946355	1936	2.444372	3.2888920307159424	9
1298215	1913	4.324188	4.305977821350098	9
924244	1016	0.408625	2.9225881099700928	9
1503365	1025	7.627253	4.449679851531982	9
687800	1010	2.803578	2.197288751602173	9
687802	1085	3.958386	4.028219699859619	9
908145	1069	4.203843	3.774897813796997	9
910698	1825	-1.299873	3.8109445571899414	9
908141	1802	2.988529	1.7978401184082031	9
1247873	1060	3.434521	3.547905206680298	9
1240181	1024	-1.680837	3.60172176361084	9
1295741	1378	3.509328	1.5275683403015137	9
1240127	1010	4.351035	2.982764720916748	9
906801	1833	-0.712562	3.5087103843688965	9
907057	1598	4.688398	4.393718242645264	9
1660034	1067	5.33159	1.4084919691085815	9
946377	1057	-3.389733	2.65315318107605	9
906864	1239	2.033715	4.201451301574707	9
1330991	2109	1.522804	3.329538345336914	9
1327775	1249	2.01395	2.882207155227661	9
1240127	1996	3.838013	1.545166015625	9
909750	1086	-0.244638	2.553504467010498	9
949172	2361	5.717893	2.6475353240966797	9
924151	1714	1.521333	3.275644063949585	9
1298168	2499	9.925538	5.364878177642822	9
907062	1072	3.635972	3.6430180072784424	9
905948	1998	5.567771	4.172985076904297	9
687562	1706	0.792628	4.038665771484375	9
909713	2044	3.33269	2.5209083557128906	9
908472	1012	4.677459	3.514111280441284	9
753554	1175	3.900623	4.273215293884277	9
687995	1824	1.960445	3.5622246265411377	9
1240158	2156	1.458503	4.105081558227539	9
909712	1853	4.89422	3.496731996536255	9
1290725	1621	4.815516	3.5844876766204834	9
1298351	1085	2.589853	3.7215001583099365	9
909703	2039	1.681207	1.6107631921768188	9
910919	1079	1.539176	1.360772967338562	9
971777	1093	2.39994	3.609565019607544	9
905964	1866	1.773792	3.1458303928375244	9
905975	1010	3.63044	2.8804194927215576	9
906864	1630	3.747074	4.026984214782715	9
1480371	1010	4.274612	3.277263879776001	9
924241	1553	2.523812	3.247483015060425	9
1331050	1259	2.432223	1.954465389251709	9
1330931	1441	0.052337	2.5302278995513916	9
1240129	1915	2.449347	3.277263879776001	9
753612	2157	4.766813	2.769404888153076	9
683667	1085	1.933768	3.70434308052063	9
713880	1062	3.940567	4.4760026931762695	9
1330995	1814	6.321369	0.35395514965057373	9
907789	1927	3.763652	2.192261219024658	9
687457	1630	3.878226	3.74182391166687	9
1298475	1826	3.772397	4.106635570526123	9
1299064	1023	3.741456	3.2888920307159424	9
910692	1072	4.501302	3.8970468044281006	9
1240192	1022	1.515096	2.549243927001953	9
907286	1051	1.428942	-1.2477197647094727	9
1298529	1190	-0.450574	3.194345474243164	9
909770	1401	1.184455	1.3621412515640259	9
907278	1179	0.32365	1.1259725093841553	9
907057	1927	4.780687	3.796003818511963	9
910079	1776	4.593672	3.485869884490967	9
1322224	1924	1.644539	2.7677175998687744	9
946382	1620	4.593847	4.2078399658203125	9
1240127	1940	3.308066	4.193850994110107	9
753538	1085	1.4885	2.6924192905426025	9
910549	1088	1.680115	2.5448951721191406	9
1240159	1582	4.378667	3.463893413543701	9
925340	2439	9.120658	3.3531763553619385	9
753581	1854	4.817749	4.2776265144348145	9
908152	1940	3.902845	4.439873218536377	9
1524419	1079	-0.048168	3.1739158630371094	9
749713	1059	0.415135	2.391170024871826	9
1298475	1828	4.713854	4.106635570526123	9
688023	1029	3.532452	3.5063254833221436	9
906818	1168	4.061694	2.8804194927215576	9
908150	1618	3.450715	5.934319972991943	9
907057	1059	-0.748285	3.3077309131622314	9
753620	2171	-0.564399	0.5912764072418213	9
905980	1814	8.559318	3.74113392829895	9
688086	2113	2.234753	3.3313043117523193	9
1298358	2011	5.795743	3.3531763553619385	9
1240145	1048	4.42234	4.424131870269775	9
909745	1553	1.877033	2.65315318107605	9
910851	1053	2.600778	3.0458152294158936	9
905976	1613	4.460935	4.185135364532471	9
906855	1812	1.885728	-0.016147449612617493	9
905940	2159	4.200997	2.5547168254852295	9
906805	2011	6.179658	4.080912113189697	9
949177	1930	-1.058276	2.9887545108795166	9
909771	1029	5.106244	2.2130863666534424	9
1240167	1997	4.101088	2.4334499835968018	9
687820	1862	-0.864187	2.0348193645477295	9
905963	1622	3.110002	4.253485202789307	9
909704	1378	2.509177	2.4902188777923584	9
910702	1778	7.012694	3.725754976272583	9
905991	1845	1.301415	3.8445394039154053	9
906696	1068	-1.566211	2.3423471450805664	9
925340	1375	7.939803	2.7208733558654785	9
1240204	1997	2.015371	1.7535126209259033	9
910853	1549	0.492256	2.8804194927215576	9
908152	1613	2.397582	4.455303192138672	9
1240197	1013	3.300974	4.160417079925537	9
925338	1785	5.202726	3.9022085666656494	9
907279	1248	-4.47271	5.144684314727783	9
1298476	2158	7.582342	4.763107776641846	9
946360	1553	4.12836	3.2593791484832764	9
1322213	1502	4.271567	4.144154071807861	9
949094	1058	1.120549	2.65315318107605	9
687816	1038	4.962336	4.424131870269775	9
749712	1917	0.931853	4.487197399139404	9
909745	1916	1.303697	3.82409405708313	9
908146	1629	3.265877	-0.6424764394760132	9
1240200	1730	1.31369	3.504371404647827	9
753562	1053	1.801477	2.754865884780884	9
753624	1512	5.734943	2.754905939102173	9
1290905	1049	5.452748	3.6854307651519775	9
1327773	1843	-2.601648	0.35395514965057373	9
909762	1940	2.311097	2.777496099472046	9
724866	1708	1.189915	2.1152970790863037	9
906793	1191	-5.345685	1.955132007598877	9
909746	1624	4.056937	3.917076826095581	9
906863	2055	1.750227	3.3356385231018066	9
905952	1832	3.041287	1.8766350746154785	9
907066	1048	8.436479	4.3307881355285645	9
907068	1017	4.12396	4.091309547424316	9
905945	1829	0.746535	3.5087103843688965	9
949173	1931	4.271361	3.3952412605285645	9
906825	1034	-4.357155	3.7072722911834717	9
908458	2177	3.094554	4.31812047958374	9
907313	1624	1.639514	4.038665771484375	9
722066	1084	-0.738964	2.9225881099700928	9
1298531	1553	2.002257	2.754865884780884	9
905975	1816	3.959009	4.187278747558594	9
907313	1061	5.362135	3.7955102920532227	9
910944	1012	-0.417511	1.6107631921768188	9
688023	1004	-7.478125	-2.7127525806427	9
910850	1080	-0.170013	-1.9127717018127441	9
753562	1529	-1.545901	3.6430180072784424	9
1240130	1401	1.888325	1.739784598350525	9
909745	1463	3.339284	3.5687129497528076	9
910710	2011	3.068627	2.1239895820617676	9
906746	1401	3.102231	1.9376804828643799	9
1290724	1873	0.017071	2.754865884780884	9
930301	2043	3.975467	4.185135364532471	9
1503369	1594	3.677751	2.9225881099700928	9
910851	2044	3.194771	3.035689115524292	9
949154	1058	-0.127706	2.245793104171753	9
906877	1806	2.614351	0.2648194432258606	9
910899	1259	1.222057	4.237931728363037	9
907280	1175	2.875932	2.6857264041900635	9
906765	1779	-0.252494	2.6787707805633545	9
1480361	1250	1.644484	4.070688724517822	9
907055	1736	5.333667	2.266352891921997	9
1240173	2048	-5.879288	-2.356668472290039	9
1298168	1179	2.831749	1.9052884578704834	9
907071	1085	1.429254	3.796003818511963	9
908460	1618	6.994943	5.818722248077393	9
910548	2040	2.229814	3.7072722911834717	9
1503363	1585	4.313521	3.5079166889190674	9
907275	1928	1.173948	1.911455750465393	9
1240130	1827	0.9776	3.54984450340271	9
907274	1996	3.166317	0.42350834608078003	9
1247873	1736	5.049953	3.547905206680298	9
1330964	2055	0.697152	3.5622246265411377	9
946356	1058	1.225643	2.782747507095337	9
906818	1199	5.993842	4.187278747558594	9
749710	1576	3.421361	4.259870529174805	9
910903	2055	0.202215	3.54984450340271	9
908461	1908	3.32516	2.266352891921997	9
906839	1622	6.130674	4.23919677734375	9
910546	1916	4.002125	4.325270175933838	9
1524415	1852	2.731414	4.172985076904297	9
908457	1052	3.211215	1.4084919691085815	9
949093	1940	5.155444	4.259870529174805	9
910700	1175	5.44855	4.191326141357422	9
1298358	1614	3.587335	3.6542270183563232	9
946367	1626	3.101627	4.038665771484375	9
906828	1815	5.116286	4.201451301574707	9
1298160	1849	0.32642	2.298563241958618	9
753559	1194	4.447638	3.2888920307159424	9
930083	1627	5.189393	4.381401538848877	9
906835	1621	7.321905	3.496731996536255	9
1290905	1855	7.676427	4.804924488067627	9
1240142	2177	1.39596	4.379876613616943	9
907066	1873	3.694867	3.387563943862915	9
906851	1940	5.008526	4.259870529174805	9
907051	2106	5.951401	2.639244318008423	9
753554	2109	2.842058	4.42663049697876	9
910932	2039	2.832712	3.468531847000122	9
908448	1024	-3.780208	2.184152364730835	9
749711	1620	5.365881	4.2078399658203125	9
753551	1088	0.096479	2.288069009780884	9
1503361	1049	2.618666	3.2888920307159424	9
906834	1819	-4.530541	-3.2846500873565674	9
687815	1626	3.593405	4.022521018981934	9
907053	1250	-0.44981	2.184152364730835	9
724838	1085	2.536308	3.74182391166687	9
907314	2438	10.881838	3.929813861846924	9
713899	2011	2.922389	3.8970468044281006	9
905978	1808	0.505773	3.74113392829895	9
930299	2107	7.019431	3.6071550846099854	9
908473	1549	-0.367538	2.197288751602173	9
907317	1036	3.523813	3.6428885459899902	9
910934	1931	4.716541	2.2386395931243896	9
907788	1927	3.443337	3.8501908779144287	9
1298222	1716	4.764093	3.5921010971069336	9
905980	1829	3.436669	3.8109445571899414	9
907281	1010	2.527754	3.2293477058410645	9
753595	1852	4.215918	4.380334854125977	9
924187	1706	1.895002	4.305079460144043	9
909248	1510	4.954725	3.926908254623413	9
687821	1046	5.259955	2.1152970790863037	9
909248	2148	3.028128	3.443162679672241	9
910922	1013	1.442368	3.7224771976470947	9
906855	1825	-1.793012	1.7952381372451782	9
1660035	1799	6.074764	3.9576375484466553	9
906792	2360	5.169243	2.828418016433716	9
1240154	1829	-0.198799	3.990579843521118	9
907276	1843	3.508558	2.7208733558654785	9
949153	1449	2.80496	2.192261219024658	9
1330942	1720	-0.641809	0.041622743010520935	9
1290905	2360	4.888264	2.391170024871826	9
1298358	1012	1.455952	3.573103666305542	9
687995	2438	10.374549	3.8970468044281006	9
1240146	1249	4.411677	4.080912113189697	9
905957	1011	0.340242	1.4192992448806763	9
909774	1052	3.299039	2.4200756549835205	9
749716	1048	7.295889	4.487197399139404	9
907169	1200	2.715959	4.187278747558594	9
753565	1057	-2.266745	3.247483015060425	9
946356	1012	1.54515	3.5079166889190674	9
908121	1007	-4.805469	-0.5431641340255737	9
1299069	2173	3.143301	3.5309715270996094	9
753614	1617	2.772614	2.4334499835968018	9
946373	1576	4.254294	4.137922286987305	9
1503366	1034	-2.080582	3.2888920307159424	9
753535	1089	4.230916	3.194345474243164	9
1240197	1018	7.235936	4.356944561004639	9
910943	1855	7.30671	3.7955102920532227	9
1503370	1844	3.236353	3.6885359287261963	9
909723	1908	1.609412	0.5445305109024048	9
905990	1720	6.081846	1.271181344985962	9
910781	1933	5.14738	0.3712010979652405	9
910704	1933	4.55893	1.316064476966858	9
1297447	2498	5.995848	3.4245262145996094	9
908455	1909	3.317127	2.754119396209717	9
909746	1804	2.809071	3.642415761947632	9
1247873	1593	3.06179	3.514111280441284	9
909773	1720	0.114453	0.42350834608078003	9
908141	1018	3.212394	2.6857264041900635	9
949176	1913	4.400912	5.061314582824707	9
905957	1558	2.655084	2.796518325805664	9
753558	1836	3.711922	3.8109445571899414	9
907281	1558	1.807705	3.2293477058410645	9
1240226	2159	6.503601	4.0967841148376465	9
907279	2044	3.75184	2.68612003326416	9
1298476	2044	6.68114	2.754905939102173	9
753562	1916	2.506187	2.6924192905426025	9
906820	1925	4.87375	3.937215566635132	9
1331033	1268	3.582996	3.1450023651123047	9
910698	1026	-2.091102	-0.14381147921085358	9
724866	1713	5.046176	3.547905206680298	9
908126	1629	4.379966	-1.8833098411560059	9
905969	1598	4.465917	4.496754169464111	9
907790	1026	-1.036235	0.14298437535762787	9
753608	1736	4.214499	3.547905206680298	9
1240199	1014	5.626153	3.9807002544403076	9
905982	1025	6.183526	4.23919677734375	9
1322224	1068	-1.744465	2.754119396209717	9
1297446	1615	4.332211	1.2527949810028076	9
1240174	1191	-5.810769	0.3712010979652405	9
910911	1716	4.705988	2.6924192905426025	9
905969	1180	-2.669124	2.7458598613739014	9
1330941	1613	5.566175	4.487197399139404	9
749711	1814	6.041627	3.905315637588501	9
753546	1239	2.953967	3.5615174770355225	9
1303900	1006	3.720476	3.9022085666656494	9
753620	1713	1.40971	3.092726945877075	9
906693	1720	4.454921	2.6700503826141357	9
724870	1175	4.210597	4.853651523590088	9
909729	1847	5.976731	3.688512086868286	9
753540	1928	5.618017	3.8025002479553223	9
753576	1778	3.511603	2.782747507095337	9
1298156	1559	-4.01992	-1.1652286052703857	9
949176	1563	5.312158	3.7621777057647705	9
910569	1835	4.004074	3.642415761947632	9
909753	2148	0.803451	3.8445394039154053	9
910922	1582	3.994518	3.7824368476867676	9
910851	1058	0.905719	3.0458152294158936	9
1480362	1593	3.142594	3.1784331798553467	9
1298219	1838	2.890298	3.5079872608184814	9
687985	2040	-0.446819	3.5063254833221436	9
905961	1840	4.814465	3.642415761947632	9
1240170	1083	3.0315	3.5687129497528076	9
971777	1630	1.474012	3.907074213027954	9
906864	1042	5.079583	5.650832653045654	9
908457	1819	1.029119	-2.356668472290039	9
722045	1373	4.513668	3.547905206680298	9
909773	1998	1.630136	2.2653815746307373	9
1290905	2010	4.374849	3.5087103843688965	9
905967	1827	2.83209	3.6885359287261963	9
910692	1834	2.50949	3.5622246265411377	9
924240	1047	4.467082	5.183711051940918	9
910922	1042	5.740832	5.211230754852295	9
1659928	1013	3.578302	3.8302128314971924	9
753563	2361	3.872714	1.1378262042999268	9
713869	1834	1.227301	3.6885359287261963	9
1331032	1062	2.72572	2.76049542427063	9
713878	1621	3.736401	3.2301623821258545	9
908147	1910	-1.295947	0.7448335289955139	9
946366	2111	2.266831	4.212925910949707	9
908128	1559	1.007905	1.955132007598877	9
687804	1375	5.901644	3.035689115524292	9
1298226	1072	5.779391	4.228452205657959	9
753583	1008	1.921973	3.194345474243164	9
1240174	1563	5.244204	4.28765344619751	9
713885	1598	5.056205	4.294806957244873	9
908126	1067	5.132361	-0.1570996195077896	9
907795	1838	2.589311	3.642415761947632	9
735784	1199	3.964898	4.701289176940918	9
906818	1191	-5.346711	1.955132007598877	9
1240159	1018	6.533482	4.364316463470459	9
687455	1373	4.898383	3.1743171215057373	9
687995	1786	2.186668	3.5063254833221436	9
906834	2499	9.219173	4.293264865875244	9
910710	1190	-3.132745	-0.016147449612617493	9
1479988	1019	2.502325	4.070688724517822	9
909747	1034	-2.116345	3.112107515335083	9
906872	1051	3.968637	-3.3408443927764893	9
1240154	1799	5.309858	4.026984214782715	9
1509073	1778	3.785804	2.5029265880584717	9
1240193	2111	2.587928	4.237931728363037	9
687568	1006	2.875351	3.9791533946990967	9
907045	1239	6.234363	3.9022085666656494	9
908483	1010	2.977481	3.1940221786499023	9
908152	1833	2.26472	3.897063732147217	9
910079	1585	4.854519	3.5079166889190674	9
908480	1191	-4.877871	1.6605806350708008	9
905964	1620	3.960282	2.6781461238861084	9
910692	2113	2.431332	3.5622246265411377	9
925340	1080	-3.551304	-0.9135184288024902	9
1298134	1054	3.860556	1.8872387409210205	9
907311	2112	1.957314	1.7952381372451782	9
908139	1782	6.159177	3.3531763553619385	9
687561	1844	2.779679	3.688512086868286	9
1240159	1615	5.673511	3.3077309131622314	9
1290455	1029	4.996759	2.2130863666534424	9
905969	1549	3.496769	3.277263879776001	9
1297447	1931	4.15997	2.791468858718872	9
749715	1631	3.013077	3.7295591831207275	9
688013	2044	1.782887	2.288069009780884	9
1480367	2045	4.912494	3.2593791484832764	9
1330947	2057	3.394793	2.147294044494629	9
909761	1580	5.687138	3.917076826095581	9
688010	1073	4.743163	3.8970468044281006	9
1298350	1845	3.707233	3.6885359287261963	9
1331037	1593	0.638256	2.7444097995758057	9
949177	2149	1.732211	3.7621777057647705	9
753541	2110	3.709562	4.039724826812744	9
908124	1179	3.490184	1.739784598350525	9
910694	1936	3.180526	3.5687129497528076	9
946382	2113	2.043373	3.5087103843688965	9
1659928	1827	-0.703984	3.642415761947632	9
906790	1059	-1.44899	2.7677175998687744	9
924108	2439	9.919737	3.8597347736358643	9
905954	1129	4.224549	2.828418016433716	9
753595	2040	2.475506	3.8529107570648193	9
908461	1004	-0.097277	-0.9135184288024902	9
910932	1613	4.29242	4.185135364532471	9
946368	1507	5.132344	3.82409405708313	9
724825	1068	0.29871	-0.07631339132785797	9
906792	2177	1.552107	4.0967841148376465	9
907071	1718	4.295004	3.796003818511963	9
753621	1627	3.653719	4.373472213745117	9
1299052	1059	0.882628	2.754865884780884	9
906844	2439	8.577925	3.9022085666656494	9
753623	1816	4.952408	4.701289176940918	9
753600	2362	5.723018	2.9225881099700928	9
1480372	1816	3.951403	4.667019367218018	9
910952	1838	2.619114	3.8109445571899414	9
1503368	1511	-1.01161	2.5448951721191406	9
1240183	2113	3.373649	3.913775682449341	9
1480374	1190	-0.480618	2.944126844406128	9
910691	1250	2.728819	3.7687928676605225	9
907791	1003	0.631205	1.5275683403015137	9
907173	1830	2.417291	3.897063732147217	9
946368	2362	5.328112	2.65315318107605	9
1247873	1578	5.994872	2.7473108768463135	9
910941	1048	4.128794	2.9887545108795166	9
908124	2046	4.259103	1.739784598350525	9
749717	2002	5.344183	3.5087103843688965	9
946363	1862	-1.742007	0.7003194093704224	9
688018	1373	4.725254	4.4760026931762695	9
907057	1854	5.599705	4.393718242645264	9
905984	1866	1.36389	3.774897813796997	9
909740	1250	2.38806	3.9576375484466553	9
1330991	1026	-0.618106	-1.6229946613311768	9
909712	1042	3.780573	5.408655643463135	9
907799	1909	1.592278	0.42350834608078003	9
1240123	1032	-2.498602	2.536569356918335	9
753583	1810	3.066927	3.194345474243164	9
909248	1804	7.021495	3.443162679672241	9
946373	1089	2.261805	2.68612003326416	9
906864	1051	2.14177	-0.12550412118434906	9
908476	1441	2.368158	2.9225881099700928	9
1297449	1802	2.214247	2.2653815746307373	9
1503365	1926	-0.008119	2.782747507095337	9
1298151	1237	5.555892	4.450510025024414	9
909724	2048	-2.734338	-0.5590253472328186	9
909757	1084	-1.758897	2.8512513637542725	9
1330941	1845	3.921549	3.5087103843688965	9
687819	1085	1.227646	4.028219699859619	9
907275	1250	-0.415752	2.184152364730835	9
717431	1199	3.607533	3.937215566635132	9
906793	2057	5.668832	3.54984450340271	9
1299069	1559	-1.643474	2.053722858428955	9
946363	1855	1.83508	3.092726945877075	9
753549	1631	3.081515	3.82409405708313	9
753545	1618	2.379203	4.24614953994751	9
753554	1810	0.232125	2.577507734298706	9
1298350	1593	3.974559	3.514111280441284	9
687997	1378	7.67888	2.288069009780884	9
905948	1020	6.488648	-0.14381147921085358	9
724870	2039	3.953941	3.599255323410034	9
949171	1563	4.933595	3.7621777057647705	9
946370	1004	-3.093949	-1.448754072189331	9
910544	1072	3.792193	2.1239895820617676	9
905977	1510	4.972225	3.609565019607544	9
688023	1023	3.280603	3.5063254833221436	9
910567	1043	5.292804	4.9024248123168945	9
907313	2096	2.702239	3.7955102920532227	9
905969	2010	6.923912	3.8445394039154053	9
949088	1180	-4.105722	-0.16013814508914948	9
909745	1024	-0.526864	3.82409405708313	9
713899	1014	4.584209	4.4760026931762695	9
907048	1175	3.383636	4.487197399139404	9
906863	2010	4.741989	3.3356385231018066	9
908447	2038	5.128012	3.7621777057647705	9
905934	2109	6.217296	4.025712966918945	9
1298216	1375	7.32261	2.754905939102173	9
906790	1042	4.984837	5.104231834411621	9
909744	2055	1.344641	1.6450912952423096	9
722066	1622	5.264203	4.46829891204834	9
724869	1999	4.210721	4.106635570526123	9
1503366	1627	3.010002	4.373472213745117	9
908463	1839	4.337101	3.6885359287261963	9
753563	1630	3.254674	2.6787707805633545	9
909248	1816	4.443375	3.9298698902130127	9
753563	1808	-2.337699	1.5275683403015137	9
907313	1050	2.878723	-1.448754072189331	9
1240159	1776	5.373343	3.660343885421753	9
909736	1239	1.947826	4.105081558227539	9
924100	1734	2.749964	3.896313428878784	9
1331035	1913	4.212115	3.564654588699341	9
930083	1017	6.877641	4.324640274047852	9
910933	1843	-1.746724	2.8039352893829346	9
753585	1615	4.629056	2.5029265880584717	9
1240189	1237	4.529421	4.1975789070129395	9
908468	1021	2.315489	3.5063254833221436	9
688026	1917	0.879091	4.237931728363037	9
753555	1806	5.378357	2.5448951721191406	9
909718	2112	1.852233	3.642415761947632	9
905989	1833	3.22868	3.642415761947632	9
910688	1239	0.071955	1.7978401184082031	9
687448	1019	1.129838	3.907074213027954	9
946363	1511	-1.098763	0.4574028253555298	9
1298475	1058	0.714201	3.725754976272583	9
906824	1912	1.731407	2.245793104171753	9
1330993	1825	-0.32336	3.802294969558716	9
1298218	1834	3.890896	4.106635570526123	9
910700	1020	6.818645	0.14298437535762787	9
1240181	1199	3.28715	3.937215566635132	9
909249	1510	1.384744	2.201768636703491	9
1299062	1835	6.766825	3.5622246265411377	9
907313	2172	0.561439	4.038665771484375	9
906795	1008	1.049548	2.7559635639190674	9
909751	1806	3.368478	1.530970811843872	9
924241	1510	4.491837	3.398876190185547	9
910952	1191	-4.903561	-0.14381147921085358	9
905985	1019	4.089452	3.82409405708313	9
909738	1799	3.731575	3.796003818511963	9
906824	1926	-0.195005	2.245793104171753	9
910916	1998	5.083647	3.6430180072784424	9
909729	1576	2.390306	4.23919677734375	9
1299059	1862	-1.451838	-1.1652286052703857	9
906843	1815	6.607725	3.8635904788970947	9
1503366	1586	4.525477	3.5079166889190674	9
906872	1578	6.202046	0.4574028253555298	9
949177	1584	3.032712	2.810216188430786	9
908139	2109	2.897839	4.113342761993408	9
1298226	1718	3.051936	4.017885684967041	9
1290769	2362	5.108458	2.8512513637542725	9
1298533	1916	4.347295	4.325270175933838	9
908465	1849	1.613356	2.449368476867676	9
905952	1615	3.099662	1.2527949810028076	9
998184	1563	4.399898	2.439882516860962	9
1240206	1627	3.036538	4.039724826812744	9
908151	1192	-0.664658	3.2787346839904785	9
688058	1584	2.672654	3.345073938369751	9
949094	1038	2.835571	4.212925910949707	9
717431	2011	5.023908	3.929813861846924	9
908463	1003	-1.575003	2.7473108768463135	9
1503363	1046	0.485734	2.3623552322387695	9
1290722	1586	4.861128	3.623178243637085	9
1298218	1083	4.563053	3.8529107570648193	9
907274	1512	5.282613	0.35395514965057373	9
687590	2039	3.794232	3.496731996536255	9
905964	1529	0.881942	2.882207155227661	9
910694	2106	2.891445	2.65315318107605	9
1298475	1582	4.561035	3.599255323410034	9
910900	1834	0.932775	3.6885359287261963	9
906763	1200	2.341409	2.7751407623291016	9
688031	1373	4.541008	4.4760026931762695	9
910905	1133	3.501766	4.7883734703063965	9
1240222	1511	-1.310854	2.944126844406128	9
949171	1190	-2.969588	0.4574028253555298	9
910900	1563	5.546142	4.538248538970947	9
906837	1730	1.029417	3.491924524307251	9
924239	1025	4.412625	3.380338430404663	9
688086	1812	1.594606	0.4574028253555298	9
688026	1191	-3.196794	1.6605806350708008	9
907314	1373	5.781108	3.092726945877075	9
909719	1811	-3.855477	4.105081558227539	9
906820	1776	2.762439	3.351135015487671	9
1480367	2110	4.934487	4.497498035430908	9
907173	1919	2.786452	3.6652896404266357	9
906869	1930	0.655811	3.9820847511291504	9
687820	1083	6.284836	3.387974262237549	9
908128	2038	4.361933	4.0967841148376465	9
924239	2361	4.218694	1.1378262042999268	9
906824	1018	5.219783	4.091309547424316	9
907795	1583	1.684031	4.31812047958374	9
907271	1248	-3.047408	5.144684314727783	9
910921	2171	2.679287	3.609565019607544	9
909757	1873	0.987016	2.8512513637542725	9
905968	1017	3.855123	4.356944561004639	9
1299080	1003	-1.141866	2.5209083557128906	9
688018	1806	5.335841	2.288069009780884	9
908481	1373	4.882449	4.4760026931762695	9
907270	2107	3.43616	2.134338617324829	9
905941	1819	4.289135	-0.6306752562522888	9
749712	1005	2.913907	3.905315637588501	9
910780	1829	0.04187	3.3313043117523193	9
908122	2002	5.574217	3.5087103843688965	9
909907	1578	5.995815	3.905315637588501	9
906842	1058	-1.249855	1.2635129690170288	9
909712	1629	4.114335	-0.23927940428256989	9
753555	2360	5.18408	2.782747507095337	9
1290922	1593	2.611928	3.289825677871704	9
949173	1177	4.981204	2.9887545108795166	9
1290722	1913	4.727875	5.102679252624512	9
910567	2172	0.221519	3.8294484615325928	9
724870	1713	2.031222	3.156909942626953	9
1240123	1512	4.564864	1.530970811843872	9
905964	1441	0.776306	1.1378262042999268	9
908147	1933	2.026372	-0.6424764394760132	9
905979	2361	5.991626	2.5029265880584717	9
1247871	1852	3.769774	1.9486273527145386	9
749709	2148	2.402711	3.5087103843688965	9
1298226	1584	2.373912	3.4429891109466553	9
713880	1815	5.467027	3.8970468044281006	9
687586	1930	0.995124	4.212925910949707	9
910079	1073	3.077422	4.171239376068115	9
946366	1007	-3.990118	-1.448754072189331	9
910691	1084	-2.735629	2.639244318008423	9
1240178	1927	6.322779	4.026984214782715	9
907281	2010	2.109374	2.4559712409973145	9
1479988	1507	4.578471	4.070688724517822	9
908121	1560	-0.035977	2.391170024871826	9
1247871	1855	2.189496	2.7855255603790283	9
1331032	1999	1.25494	2.173032522201538	9
724839	1786	3.074027	2.6331300735473633	9
753554	1578	4.617248	2.577507734298706	9
713880	1635	4.955966	3.8970468044281006	9
753555	1585	4.616189	3.5079166889190674	9
907170	1007	-6.915756	-3.3408443927764893	9
910919	1912	1.750675	1.2635129690170288	9
907295	1812	3.192467	2.288069009780884	9
1327769	1052	2.079568	-0.16013814508914948	9
946363	1940	3.921736	4.096774101257324	9
949090	1032	1.929208	3.277263879776001	9
687561	1931	5.020687	4.920797824859619	9
908120	1908	1.640264	4.804924488067627	9
1331036	1832	2.563538	2.173032522201538	9
906817	1018	6.091308	4.683936595916748	9
1298350	1632	4.414406	2.1152970790863037	9
905960	1022	0.389277	2.071516513824463	9
1297449	1062	3.539417	2.76049542427063	9
1240154	1620	5.193578	4.021568775177002	9
906793	1129	3.495792	2.828418016433716	9
688026	1025	5.939733	4.294806957244873	9
749714	1784	5.717649	3.5087103843688965	9
687588	1449	6.253071	3.82409405708313	9
910546	1828	4.883738	4.106635570526123	9
687563	1375	6.139586	2.8039352893829346	9
909704	1007	-5.708759	-2.8801698684692383	9
1290730	1776	4.266293	3.621696710586548	9
930298	1853	4.189599	3.08862042427063	9
1479987	1831	3.117662	3.8445394039154053	9
906820	2157	3.7134	3.7621777057647705	9
907311	1803	4.674903	1.7952381372451782	9
910926	1819	-5.467139	-2.8801698684692383	9
1240179	1918	3.610499	2.245793104171753	9
906763	1018	4.213012	2.544316530227661	9
909781	1048	7.905896	4.172362327575684	9
906872	1089	3.926011	0.4574028253555298	9
905946	1844	3.389156	3.5087103843688965	9
909755	1061	4.824045	1.196130633354187	9
753616	1249	2.535902	3.929813861846924	9
907057	1625	4.261234	4.2877092361450195	9
1330973	1917	4.341306	4.237931728363037	9
1240127	1817	-4.401797	3.561650037765503	9
906837	1036	3.635011	2.7561464309692383	9
949177	1069	3.379672	3.351135015487671	9
924107	1824	3.018506	3.4593474864959717	9
907046	1079	1.051839	3.7295591831207275	9
910549	1718	5.519909	3.5921010971069336	9
906805	1059	-0.867846	2.9225881099700928	9
687588	2039	4.585281	3.496731996536255	9
1240226	1821	4.697332	3.54984450340271	9
1297447	1131	5.934561	2.791468858718872	9
1480359	2043	4.67695	4.356944561004639	9
907171	1003	-2.22901	2.5209083557128906	9
1247871	1021	-0.215337	0.9290208220481873	9
1290724	1810	0.177591	3.194345474243164	9
1480371	1441	1.712778	3.2593791484832764	9
1240162	1089	6.711706	3.194345474243164	9
1298219	1930	2.357143	4.311280727386475	9
910568	1561	3.078623	3.6071550846099854	9
908443	1593	1.714038	3.4429891109466553	9
910944	1237	3.197582	2.439882516860962	9
1298218	1617	5.622877	2.6700503826141357	9
908468	1598	3.599847	4.294806957244873	9
1240183	1936	3.218066	3.2629921436309814	9
687816	1199	5.289813	4.690889835357666	9
998189	1507	5.347988	3.9576375484466553	9
1327769	1058	1.678266	1.2635129690170288	9
753618	2000	4.566705	3.3313043117523193	9
924108	1908	3.844214	1.196130633354187	9
1290797	1799	5.618781	4.325270175933838	9
909735	2362	4.228044	2.639244318008423	9
1524414	1131	3.0444	4.718362808227539	9
906801	1025	5.970035	4.259870529174805	9
1247873	1825	2.247707	3.6885359287261963	9
907287	1019	3.740141	3.9576375484466553	9
1240198	1061	4.227065	3.9807002544403076	9
1327775	1085	2.06506	2.6787707805633545	9
909249	1928	2.07712	2.6781461238861084	9
907314	2362	4.478866	2.6475353240966797	9
1503364	1783	5.157182	3.3531763553619385	9
1331034	2173	1.746902	1.4409106969833374	9
906804	1812	-2.306546	3.035689115524292	9
908443	1086	-0.614307	2.320732831954956	9
1330983	1713	2.811852	2.7246944904327393	9
1298136	1043	6.360685	6.327297210693359	9
753575	1939	3.190491	2.4334499835968018	9
905991	1911	-5.852295	4.413273334503174	9
906875	1927	5.066277	3.60172176361084	9
910079	1036	5.220111	3.6428885459899902	9
908147	1047	0.11944	2.5828232765197754	9
1240142	1026	-1.176892	2.047678232192993	9
753569	1615	5.413843	2.966935873031616	9
1240162	1631	3.48397	2.6924192905426025	9
910687	1812	1.340798	0.2648194432258606	9
1509073	1631	3.020472	3.1739158630371094	9
1503369	1072	3.956703	4.080912113189697	9
687448	1239	3.299309	3.5615174770355225	9
905939	1815	5.189217	3.8597347736358643	9
1503365	1615	6.297143	2.782747507095337	9
1247871	1512	4.086495	0.2648194432258606	9
1298350	2010	3.512773	3.6885359287261963	9
753615	1799	5.222117	2.6787707805633545	9
906693	1011	2.461442	2.6700503826141357	9
753624	2439	8.672126	4.380334854125977	9
909703	2043	3.008149	2.544316530227661	9
908144	1068	-0.486687	1.4019925594329834	9
910554	1778	3.077787	2.8512513637542725	9
910910	1632	1.947927	2.071516513824463	9
907320	1939	2.411342	2.4334499835968018	9
949171	1911	-5.601207	3.929813861846924	9
753540	1529	2.581792	3.6817550659179688	9
908150	2149	1.194662	4.315165996551514	9
688087	2113	3.396321	3.3313043117523193	9
910951	1833	2.106063	1.7952381372451782	9
1303897	2145	0.748788	2.173032522201538	9
749715	1713	4.635239	4.804924488067627	9
753541	1030	5.389319	4.232687473297119	9
908147	1051	-3.130986	-2.9753499031066895	9
753570	2170	3.237414	2.754865884780884	9
687812	1782	6.255124	4.080912113189697	9
753559	2043	5.178046	4.683936595916748	9
687596	1553	3.819242	3.0458152294158936	9
907045	1507	4.692562	3.7295591831207275	9
905974	1932	1.672059	3.609565019607544	9
909740	1061	6.078875	1.196130633354187	9
905983	1730	3.102947	3.650020122528076	9
910943	1059	-0.742472	2.65315318107605	9
909249	1083	0.992684	1.414115309715271	9
906875	2439	8.936705	3.929813861846924	9
1331038	1131	2.312711	2.2386395931243896	9
910943	1625	4.189267	4.038665771484375	9
753538	1034	-3.244907	3.082385778427124	9
946360	1862	-1.391045	1.7610738277435303	9
907278	1053	3.515696	2.1870670318603516	9
1290798	1051	4.487735	-0.5431641340255737	9
722046	1720	1.401802	2.449368476867676	9
910567	1510	3.4017	0.5912764072418213	9
687590	1631	3.912964	3.82409405708313	9
907291	1008	2.866017	1.530970811843872	9
1240226	1010	4.393867	2.8804194927215576	9
910926	1093	3.685884	3.5313522815704346	9
905983	1627	2.68178	4.250956058502197	9
924187	1825	3.280586	3.5444388389587402	9
1660034	1941	-2.231023	2.0993587970733643	9
1298136	1913	5.477533	5.148685932159424	9
1298537	1854	5.632234	4.46829891204834	9
906696	1940	3.55827	4.371758937835693	9
907794	1012	0.892593	3.4543628692626953	9
907061	1067	4.912745	2.0082781314849854	9
753549	1032	2.325712	2.823657989501953	9
909743	1918	3.750171	1.2527949810028076	9
946363	1003	-3.690019	0.4574028253555298	9
949154	1557	3.645451	1.3997654914855957	9
909697	2154	2.664198	3.917410373687744	9
1327775	1996	3.124351	-0.07631339132785797	9
1503362	1840	1.896796	3.760042667388916	9
907065	2177	2.141089	4.383397579193115	9
1298538	1824	3.292223	3.913775682449341	9
753621	2109	3.094686	4.449679851531982	9
909738	1250	2.033539	3.796003818511963	9
907272	1006	1.766202	1.9486273527145386	9
1240224	1038	2.778431	4.172362327575684	9
905936	2438	10.602685	3.8597347736358643	9
905950	1598	4.494255	4.253485202789307	9
909708	2010	2.766322	3.3356385231018066	9
1330942	1199	3.381425	2.7883458137512207	9
910700	1780	5.44378	3.9576375484466553	9
1240212	1630	5.340926	3.2733707427978516	9
906804	1635	5.479744	3.6817550659179688	9
749717	1494	-4.812119	3.905315637588501	9
910951	2039	2.107861	1.781938076019287	9
1480360	1019	2.492432	4.070688724517822	9
908118	1011	1.474809	1.6521953344345093	9
907057	1054	4.128834	2.5034525394439697	9
688087	1873	0.34851	2.6475353240966797	9
1331033	1912	-1.333321	1.2635129690170288	9
906790	1844	2.742668	3.3512346744537354	9
1330984	1072	2.910536	2.2653815746307373	9
910919	1059	-2.437279	1.2635129690170288	9
905976	1025	5.584433	4.2776265144348145	9
1240160	1784	6.414424	3.7600913047790527	9
722058	1200	2.317069	4.690889835357666	9
753531	1096	-1.201437	-2.9527833461761475	9
909257	2000	5.407355	3.8445394039154053	9
1240143	1814	6.142809	2.577507734298706	9
753548	1428	-2.478844	1.7978401184082031	9
908128	1093	5.274258	3.609565019607544	9
687561	1839	4.121655	3.688512086868286	9
908443	1706	1.589548	4.022521018981934	9
949175	1862	-1.8913	0.7003194093704224	9
1240146	1809	2.528977	2.7473108768463135	9
909749	1237	5.843775	4.383397579193115	9
905983	1706	2.240136	4.038665771484375	9
910935	2011	1.670004	2.2653815746307373	9
905956	1617	0.346464	2.298563241958618	9
924239	1014	3.14425	2.8721840381622314	9
910781	1832	3.280503	3.5444388389587402	9
909762	1615	4.475881	1.2527949810028076	9
687563	1634	4.748869	5.3530683517456055	9
906839	1997	3.954885	2.2674365043640137	9
949171	2439	8.704986	3.929813861846924	9
908121	1810	3.591268	3.905315637588501	9
753541	1048	4.292342	4.232687473297119	9
753582	1997	3.309064	1.6599719524383545	9
949090	1067	5.901389	2.7458598613739014	9
908455	2109	2.885517	4.113342761993408	9
908461	1928	5.189404	3.5309715270996094	9
749717	1558	3.039626	2.796518325805664	9
1659817	1558	1.279411	3.2293477058410645	9
905983	1709	-0.377497	1.9376804828643799	9
905947	1585	4.45041	3.7824368476867676	9
753582	1080	-4.585755	-2.7127525806427	9
1298358	1013	4.043112	3.3233888149261475	9
753594	2171	1.669131	3.398876190185547	9
946359	1919	-0.160953	2.796518325805664	9
905962	1778	6.725574	2.8512513637542725	9
688006	1021	2.098007	3.5063254833221436	9
1298362	1190	-0.853562	3.194345474243164	9
910687	1718	2.019299	2.192261219024658	9
1303901	1910	0.65492	1.6599719524383545	9
1297449	1022	-1.679792	-0.16013814508914948	9
1299078	1576	3.405673	4.2776265144348145	9
1330985	1814	5.246736	0.6746779680252075	9
910919	2172	-1.983947	1.4409106969833374	9
753576	2170	6.588603	2.782747507095337	9
1298351	1019	1.815069	3.7215001583099365	9
907788	1578	4.73629	4.290787696838379	9
1240127	1428	5.918258	3.6580312252044678	9
909744	1018	4.44669	3.176581621170044	9
907786	1079	-0.335567	4.028219699859619	9
1479988	1441	1.859701	3.2593791484832764	9
905948	1564	3.156229	4.09702205657959	9
907068	1709	-1.788922	1.8872387409210205	9
909738	1816	6.482957	4.59903621673584	9
1327766	1259	4.280254	2.85848069190979	9
1503361	1024	0.249383	3.5921010971069336	9
924100	1058	0.52463	2.957336187362671	9
909719	2159	3.262215	4.450510025024414	9
909746	1712	-1.939326	3.8597347736358643	9
910692	2359	5.659879	3.8970468044281006	9
924107	1068	0.017876	1.3997654914855957	9
1298215	1626	0.213102	3.6594035625457764	9
906824	1030	4.050556	4.091309547424316	9
687798	2438	10.975034	4.080912113189697	9
1503367	1449	5.972187	3.5921010971069336	9
924244	1844	2.964268	3.6885359287261963	9
1298226	1051	1.706319	-0.6306752562522888	9
907790	1853	4.752647	3.4543628692626953	9
909748	1821	4.691724	3.642415761947632	9
1331035	1020	4.284704	-0.9343842267990112	9
910781	1584	2.76605	3.561650037765503	9
1330960	1175	0.92024	2.544316530227661	9
908465	2037	5.752047	4.538248538970947	9
909704	2002	5.534279	3.6065256595611572	9
753534	1053	2.379544	3.0458152294158936	9
688018	1584	4.22842	3.2301623821258545	9
687455	1086	-0.36432	2.5776941776275635	9
907300	1578	3.710935	0.6746779680252075	9
909761	1068	0.441653	2.0993587970733643	9
906820	1815	5.363808	3.929813861846924	9
909738	1053	4.893129	3.3077309131622314	9
753565	1029	4.612027	3.5063254833221436	9
1298358	1080	-1.384478	-0.9135184288024902	9
687983	1032	2.180343	3.1940221786499023	9
1298357	1908	3.632928	2.266352891921997	9
907270	1060	-1.269886	2.1371707916259766	9
924151	1708	-1.114642	2.4109737873077393	9
687995	1912	2.034461	3.247483015060425	9
1298526	2096	4.428734	3.156909942626953	9
753572	2010	5.187341	4.106635570526123	9
908120	1928	6.720896	4.2078399658203125	9
1298353	1060	3.681844	3.257725238800049	9
909904	1811	-1.491845	4.380334854125977	9
1479988	1614	5.224282	4.070688724517822	9
905970	1023	4.917368	3.387974262237549	9
905970	2048	0.375648	-1.2907575368881226	9
908455	1930	0.996244	3.9820847511291504	9
749711	1910	2.637467	1.4192992448806763	9
1240127	2439	9.290721	3.6580312252044678	9
687995	1996	3.729953	1.6599719524383545	9
1331035	1629	3.226848	-0.9343842267990112	9
906834	1373	4.756048	3.379107713699341	9
910853	1832	4.449658	3.54984450340271	9
753540	1191	-3.184977	2.9245166778564453	9
749711	1815	6.012538	3.9022085666656494	9
1240217	1004	-4.877374	-1.9127717018127441	9
687588	1177	5.115541	4.212925910949707	9
909250	1089	3.585794	3.74113392829895	9
687448	2112	3.746498	3.54984450340271	9
906696	1086	0.106061	2.4109737873077393	9
1240204	2172	1.886987	3.6594035625457764	9
687800	1086	1.462466	2.1152970790863037	9
908139	1814	6.798502	2.7208733558654785	9
687821	2156	5.054823	4.080912113189697	9
910569	1004	-5.292981	-2.356668472290039	9
1298359	2173	3.96656	4.189493656158447	9
753595	1908	2.453383	3.156909942626953	9
753618	1190	-5.135799	0.4574028253555298	9
722066	1061	4.659803	3.547905206680298	9
753581	1191	-5.625073	1.955132007598877	9
905949	1060	-1.958055	3.547905206680298	9
910911	1011	2.705891	1.7535126209259033	9
906797	2106	3.83491	3.387563943862915	9
753576	1581	3.477196	4.189493656158447	9
688018	2111	3.941837	4.237931728363037	9
946355	1190	0.795011	2.5448951721191406	9
908152	2154	2.014634	4.315165996551514	9
713878	2362	2.356826	3.247483015060425	9
1290730	1618	3.671443	4.3126397132873535	9
724870	2359	5.645084	4.380334854125977	9
687459	1564	5.438015	3.1743171215057373	9
1240158	1849	-0.671172	2.5373008251190186	9
753545	1192	3.568393	3.5419116020202637	9
910851	1582	4.372193	3.489516019821167	9
717431	1200	3.091794	3.937215566635132	9
909715	1578	3.67053	0.6746779680252075	9
687799	2148	1.562298	3.6885359287261963	9
909726	1928	4.575397	3.806838274002075	9
909774	1034	-1.632432	3.459547758102417	9
753533	1019	2.727055	3.1739158630371094	9
687787	1932	3.777976	3.5176146030426025	9
946373	1170	4.636417	-0.3740115165710449	9
908481	1249	3.667733	3.8970468044281006	9
907300	1511	-2.004707	0.6746779680252075	9
910704	1840	-0.036023	3.5087103843688965	9
906791	1924	4.769648	2.9225881099700928	9
1240223	1925	7.05716	4.551693916320801	9
908451	2048	-4.895868	-4.420253276824951	9
949176	1014	1.714672	3.092726945877075	9
687586	1941	-2.69276	2.2674365043640137	9
1330984	1086	-3.845081	-0.16013814508914948	9
909778	1067	4.776172	2.071516513824463	9
1503367	2173	4.411084	4.189493656158447	9
753565	2177	2.43437	4.1975789070129395	9
1331035	1630	1.884806	1.360772967338562	9
949174	1933	5.808917	0.7003194093704224	9
907300	1733	0.442585	2.184152364730835	9
907055	1908	1.677064	2.266352891921997	9
907048	1777	5.080887	3.7295591831207275	9
1298167	1576	2.758103	4.371758937835693	9
906835	1594	5.230174	2.65315318107605	9
906765	1582	3.644023	2.4118664264678955	9
905979	1014	3.656338	4.09702205657959	9
905955	1024	-0.386172	3.907074213027954	9
910704	1017	4.459639	4.487197399139404	9
907317	2159	2.280768	4.373472213745117	9
1298348	1060	1.153382	3.547905206680298	9
905986	1401	3.37579	1.9376804828643799	9
1330985	1011	-0.606727	0.041622743010520935	9
1479988	2148	1.037707	3.8445394039154053	9
949153	1549	3.390021	1.9777922630310059	9
907058	2043	5.982063	4.185135364532471	9
1298219	1924	4.071317	3.0458152294158936	9
1331048	1006	-4.39548	2.2653815746307373	9
688018	1129	3.751595	3.247483015060425	9
910936	1624	2.062196	3.6594035625457764	9
1240142	1730	2.150769	3.7604153156280518	9
908440	1739	0.789422	3.60172176361084	9
1331032	2170	1.983247	1.2635129690170288	9
907046	1237	5.175645	4.235049247741699	9
1503361	1777	2.8503	3.5921010971069336	9
908480	1372	3.114407	4.4760026931762695	9
1298216	1911	-4.302789	4.380334854125977	9
1327766	1441	2.368442	1.1378262042999268	9
1331032	1626	1.373367	1.4409106969833374	9
910688	1784	4.298351	2.147294044494629	9
905949	1776	5.181715	3.6767678260803223	9
1298218	1373	5.409297	3.156909942626953	9
687794	1010	2.271589	2.197288751602173	9
724859	2045	6.115887	2.9225881099700928	9
908121	1780	5.397728	3.7295591831207275	9
909727	1086	1.143735	1.739784598350525	9
907790	1712	-2.956442	3.8597347736358643	9
688014	1375	6.731061	2.288069009780884	9
1240223	1507	5.827736	4.026984214782715	9
1240159	2002	6.653823	3.7600913047790527	9
905990	1511	1.748906	2.944126844406128	9
753559	1023	2.447072	3.2888920307159424	9
753555	1069	3.106109	3.485869884490967	9
910692	1706	4.25237	4.111693382263184	9
1503362	2172	2.434018	4.189493656158447	9
906837	1042	4.415184	5.2119011878967285	9
1240154	1033	3.462544	4.201451301574707	9
946366	2175	4.054037	4.23919677734375	9
1298226	1631	2.109364	4.017885684967041	9
924108	1815	6.145067	3.8597347736358643	9
1327775	2173	3.148882	2.6781461238861084	9
753585	1817	-4.641276	3.7824368476867676	9
909904	1372	3.595433	3.156909942626953	9
909706	1003	-0.97533	2.5209083557128906	9
908440	1738	-1.967595	0.5912764072418213	9
753540	1179	0.521448	2.4200756549835205	9
907067	2046	3.691721	1.739784598350525	9
905936	1625	5.299425	3.917076826095581	9
905971	1046	1.383648	1.4084919691085815	9
924151	1827	-2.826461	3.990579843521118	9
687821	1043	7.785255	5.557644844055176	9
1330973	2154	2.667625	4.1975789070129395	9
687455	1866	2.824939	3.621696710586548	9
907799	1080	-6.258551	-3.936292886734009	9
688031	1005	1.116691	2.288069009780884	9
1480362	2044	5.024922	2.944126844406128	9
924100	2362	3.5798	2.957336187362671	9
717431	1549	3.582258	2.9560952186584473	9
749711	1005	4.071584	3.905315637588501	9
1480372	1401	5.041086	2.7458598613739014	9
909708	1549	1.833989	0.8181262016296387	9
907312	1618	3.813214	4.3126397132873535	9
687787	1817	-5.433345	3.4429891109466553	9
906793	2039	2.852072	3.468531847000122	9
906871	1020	3.967511	-0.3740115165710449	9
906797	1809	-0.259766	2.4902188777923584	9
1299070	1053	4.564483	3.2593791484832764	9
687590	1831	4.788829	3.688512086868286	9
753610	2106	1.936959	3.247483015060425	9
1327773	1008	-1.340773	0.35395514965057373	9
910907	2158	6.406264	4.763107776641846	9
910704	1026	-0.18574	1.316064476966858	9
1330993	1799	4.188182	3.8501908779144287	9
910689	1831	3.799211	3.642415761947632	9
753547	1852	4.277601	3.8970468044281006	9
1297449	1507	3.620545	1.360772967338562	9
910905	1784	5.76231	3.642415761947632	9
688026	1032	1.186599	3.1940221786499023	9
1331036	1912	-1.520972	1.2635129690170288	9
910944	1843	-2.660509	0.2648194432258606	9
909904	1561	2.912946	3.725754976272583	9
905977	2173	4.799535	3.806838274002075	9
1240161	1557	2.993196	1.7535126209259033	9
910947	1179	-1.10372	1.1259725093841553	9
907045	1004	-0.816498	-0.5431641340255737	9
1298160	1014	-1.778878	0.5445305109024048	9
906877	1931	3.261464	2.5828232765197754	9
1240185	1706	1.060754	4.228530406951904	9
906798	1051	1.436624	-2.8801698684692383	9
908440	1620	4.124679	3.8294484615325928	9
909708	1191	-5.609261	-1.1652286052703857	9
1240197	1020	6.500622	1.7610738277435303	9
905983	1563	4.904085	4.250956058502197	9
1480359	1175	3.468012	4.356944561004639	9
910927	1011	1.637276	1.4192992448806763	9
909728	1827	1.879579	3.913775682449341	9
1503368	1936	3.175587	3.2888920307159424	9
1331050	1873	0.103811	1.2635129690170288	9
907783	1053	2.602744	2.5302278995513916	9
724834	1559	-0.745569	2.0348193645477295	9
907071	1557	5.59414	2.5373008251190186	9
946353	1936	3.255927	3.2888920307159424	9
905981	1502	3.983554	4.474509239196777	9
909740	1036	6.707492	1.196130633354187	9
910546	1069	4.635436	3.917417049407959	9
910934	1783	4.389785	2.2653815746307373	9
908448	1494	-6.819614	0.6746779680252075	9
1298526	1712	-0.5	4.380334854125977	9
1298526	1549	6.210623	3.7002522945404053	9
906812	1586	4.630087	3.289825677871704	9
910861	2111	4.357641	1.954465389251709	9
1298347	1627	2.402665	4.538248538970947	9
909250	1494	-2.336222	3.74113392829895	9
905958	1072	3.450811	1.9486273527145386	9
908470	1849	0.51868	1.7583770751953125	9
1479988	1916	3.503291	4.070688724517822	9
1290722	1033	5.46612	4.201451301574707	9
1298223	1930	2.312813	4.273215293884277	9
908475	2158	4.915622	4.538248538970947	9
1298347	1736	4.877497	3.547905206680298	9
907042	1615	4.313546	2.22261643409729	9
1330964	1069	2.570165	3.3882389068603516	9
905941	2360	7.373089	2.966935873031616	9
1240192	2158	5.367117	4.1975789070129395	9
1240183	1559	0.011883	2.047678232192993	9
1298350	1021	3.48784	3.387974262237549	9
909256	1010	3.143609	2.796518325805664	9
909709	1622	4.846835	4.248045921325684	9
1298151	1593	0.267415	3.463893413543701	9
909728	1020	5.102369	2.047678232192993	9
1330941	1916	1.252434	3.7295591831207275	9
753600	1563	5.924623	4.538248538970947	9
910079	1510	5.044589	3.2790582180023193	9
1330947	1578	2.626391	0.6746779680252075	9
905979	1855	6.626667	4.09702205657959	9
908443	1004	-5.300706	-0.6306752562522888	9
1240122	1131	6.248084	5.007627010345459	9
1240192	1026	-0.025724	1.6605806350708008	9
1240162	2011	6.93457	3.6430180072784424	9
910932	1866	5.547541	3.5419116020202637	9
909260	1593	2.053591	1.6107631921768188	9
910691	1786	3.465486	3.3668386936187744	9
906877	1033	3.474671	1.9486273527145386	9
688010	1083	1.561423	3.5063254833221436	9
905956	1912	1.842259	2.828418016433716	9
905967	1631	2.620793	4.028219699859619	9
1240200	1068	1.576129	1.271181344985962	9
907282	1008	3.380943	2.68612003326416	9
722058	1014	0.486524	3.547905206680298	9
1299081	1783	5.456962	3.5615174770355225	9
909740	1778	5.777991	2.8512513637542725	9
906790	1614	2.263895	3.6542270183563232	9
1240153	1832	3.839325	3.54984450340271	9
907065	1821	4.041643	3.6065256595611572	9
908463	1557	6.725944	2.449368476867676	9
908447	1930	-1.088313	2.9887545108795166	9
908122	2044	3.056344	3.905315637588501	9
1659819	1922	1.535108	1.7506264448165894	9
1240142	1847	3.955162	3.913775682449341	9
905955	1586	3.241318	3.468531847000122	9
908448	2177	1.229274	2.6531565189361572	9
906807	1925	4.361733	3.1781704425811768	9
1298350	1576	2.797948	4.46829891204834	9
1240172	1785	4.738864	3.9022085666656494	9
909781	1843	4.918828	3.74113392829895	9
1674021	1627	2.819132	4.31812047958374	9
906839	1932	3.139595	3.814405679702759	9
905981	1911	-4.106667	4.172985076904297	9
753624	1617	2.437976	2.6700503826141357	9
905954	1614	5.872298	3.907074213027954	9
749717	2499	10.270834	5.161991596221924	9
906855	1849	0.033554	1.159417748451233	9
713885	1908	2.314998	4.4760026931762695	9
1240201	1780	4.960257	4.325270175933838	9
688026	1199	3.629477	4.25124979019165	9
1298169	1179	0.516065	1.9052884578704834	9
1659817	1084	-3.437648	1.1378262042999268	9
1298526	1072	6.456118	4.380334854125977	9
1298136	1047	7.199574	5.884152889251709	9
905952	1853	3.266249	1.6107631921768188	9
687815	1058	-0.226958	2.966935873031616	9
753531	1031	-2.603873	-1.1652286052703857	9
908483	1025	4.868403	4.294806957244873	9
1240209	2148	2.196606	3.3512346744537354	9
1240181	1830	2.888137	3.3313043117523193	9
909975	1191	-3.734982	2.9245166778564453	9
909715	1050	-0.627915	-4.420253276824951	9
1240127	1561	1.186886	2.639244318008423	9
907068	1924	5.226836	2.245793104171753	9
1240189	1831	3.681025	3.5622246265411377	9
1240161	1621	3.818045	3.5844876766204834	9
1240169	1578	4.843888	2.8039352893829346	9
906875	1013	3.887461	3.210651159286499	9
1298134	1928	4.264131	3.658304214477539	9
1240142	2110	3.74258	4.379876613616943	9
753531	2174	1.821032	3.6430180072784424	9
1327775	1083	1.383157	1.414115309715271	9
908462	1029	6.376775	3.8792977333068848	9
909743	1582	4.425903	1.6107631921768188	9
905960	2145	-0.059234	3.5087103843688965	9
917486	2038	4.390467	4.31812047958374	9
753566	1053	4.482164	3.387563943862915	9
910569	1051	2.865375	-2.356668472290039	9
753575	2177	2.188984	4.373472213745117	9
1298475	1598	6.180627	4.719722270965576	9
907279	1809	3.882233	2.68612003326416	9
909904	2110	6.448402	4.763107776641846	9
1327775	1912	0.402594	1.1378262042999268	9
905964	1249	1.939103	2.882207155227661	9
910936	1913	5.550189	4.305977821350098	9
907068	1853	3.468126	3.08862042427063	9
910941	2145	-1.471064	3.3313043117523193	9
909719	1026	0.652135	2.843106508255005	9
911905	2172	3.223986	4.143224239349365	9
753551	1175	2.74337	4.237931728363037	9
906863	1933	2.29259	-1.1652286052703857	9
906870	1927	4.719187	2.184152364730835	9
910916	1378	-0.82876	3.194345474243164	9
910700	1583	3.838058	4.31812047958374	9
1240157	1828	3.922373	3.7600913047790527	9
1330972	1061	2.257191	4.4760026931762695	9
1298359	1003	-0.963291	2.5448951721191406	9
1330984	1014	1.796521	2.76049542427063	9
949094	1866	1.976973	3.650020122528076	9
905954	1913	4.113794	4.24614953994751	9
1524417	1039	5.063265	3.1739158630371094	9
908147	1873	0.538886	1.2527949810028076	9
1660035	1085	3.918245	3.9576375484466553	9
910546	1006	-0.174114	4.380334854125977	9
1240123	1131	5.248808	4.7883734703063965	9
908124	1936	3.27815	3.3988819122314453	9
910943	1375	7.86968	2.8039352893829346	9
753616	1624	3.435024	3.8294484615325928	9
910079	1847	2.826108	3.760042667388916	9
906790	1820	-0.508037	3.3512346744537354	9
906865	1507	3.753405	3.907074213027954	9
910700	1375	8.315322	1.530970811843872	9
1298365	2111	5.06298	4.356944561004639	9
753605	1194	1.737772	3.5063254833221436	9
735784	1401	3.224886	2.3623552322387695	9
1240143	1268	4.63046	4.42663049697876	9
910947	1190	-5.220422	0.6746779680252075	9
907278	1855	3.879954	2.7246944904327393	9
1290769	1017	6.446258	4.191326141357422	9
930301	1931	4.520648	4.607509136199951	9
1240217	2171	3.983731	3.711073398590088	9
910951	1919	1.779996	1.4047430753707886	9
907789	1175	1.839593	2.544316530227661	9
753561	1866	1.532984	3.491924524307251	9
907274	1069	2.975608	3.1714391708374023	9
1330941	1862	0.438304	1.316064476966858	9
907051	1512	5.654761	2.747358560562134	9
753583	1624	3.707336	3.6594035625457764	9
1247873	1036	5.093006	3.547905206680298	9
1240183	2044	5.179788	2.577507734298706	9
1503371	1853	2.718155	3.5079166889190674	9
1659928	1998	4.846187	3.8597347736358643	9
1290922	1012	2.573486	3.289825677871704	9
908126	1834	-2.765024	1.7952381372451782	9
687777	1931	6.550984	5.105485439300537	9
907071	1005	5.24387	2.8774282932281494	9
909781	1033	7.21531	4.172985076904297	9
907270	2360	3.713963	2.134338617324829	9
1503361	1786	3.389957	3.2888920307159424	9
724872	1463	4.086066	3.5063254833221436	9
910920	1016	2.054929	2.5029265880584717	9
753589	2002	5.329598	3.5622246265411377	9
924238	1844	3.104355	3.990579843521118	9
1298352	1925	6.102848	4.144154071807861	9
1299064	1026	-1.526294	1.538881778717041	9
753573	1730	1.804614	3.485869884490967	9
924188	1014	3.86386	3.5509321689605713	9
907062	1025	4.519078	4.248045921325684	9
946372	1007	-5.601456	-1.448754072189331	9
1299070	1809	-1.983034	2.944126844406128	9
910919	1091	2.14494	2.4906198978424072	9
1331035	2171	0.652516	2.4906198978424072	9
909904	1131	7.437742	5.884152889251709	9
687777	1924	6.286724	2.9225881099700928	9
688015	2109	3.473691	4.294806957244873	9
910544	1054	0.325687	-0.1570996195077896	9
687505	1008	-3.313345	2.2897536754608154	9
1298358	1023	4.80029	3.366213083267212	9
924238	1843	-0.752847	2.7559635639190674	9
910941	1777	5.161042	3.60172176361084	9
1298537	1932	1.863346	3.6575262546539307	9
1298219	1463	4.511325	3.459547758102417	9
907274	1627	2.333926	2.169018268585205	9
1503361	1862	-1.46806	1.538881778717041	9
1299078	1927	5.295294	3.907074213027954	9
688006	2171	2.569924	3.398876190185547	9
906830	1813	2.413444	2.5209083557128906	9
907783	1529	-1.304267	2.1239895820617676	9
753592	2048	-2.330038	-1.2907575368881226	9
908458	1629	4.888345	0.14298437535762787	9
905977	1580	6.013931	3.806838274002075	9
906865	1072	4.750807	3.5615174770355225	9
1298157	1049	4.247282	3.6854307651519775	9
753620	1718	4.110434	3.60172176361084	9
1298222	1806	6.026507	2.5448951721191406	9
909773	1835	2.273397	2.173032522201538	9
1298538	2040	1.6976	3.2629921436309814	9
909761	1059	0.62366	2.8512513637542725	9
1240179	1927	4.294578	3.2733707427978516	9
1503368	1018	5.332767	4.683936595916748	9
905976	1249	5.74269	3.5615174770355225	9
1299059	1625	4.657899	3.6594035625457764	9
908145	1564	2.15171	3.5509321689605713	9
910944	1629	2.551911	-0.6424764394760132	9
909975	1259	5.658772	4.311280727386475	9
753538	2362	4.912358	2.754865884780884	9
1240145	1133	2.864395	5.105485439300537	9
949153	1200	2.161731	2.7751407623291016	9
906791	2171	0.697267	3.6575262546539307	9
1240130	1811	-3.89403	3.5615174770355225	9
907270	1828	3.617525	2.1173136234283447	9
1298538	2096	1.474692	3.634828805923462	9
1299075	1840	4.854679	3.802294969558716	9
1240193	1933	1.931287	1.6605806350708008	9
909721	1855	7.805858	3.547905206680298	9
753555	1594	2.593754	2.782747507095337	9
687995	1809	-1.633358	2.288069009780884	9
910930	1072	3.628023	2.2653815746307373	9
1298526	1033	6.791754	4.380334854125977	9
908443	1017	5.385802	4.273215293884277	9
1503370	1820	0.249984	3.6885359287261963	9
1290722	1069	4.384877	3.8700060844421387	9
910689	2002	8.415978	3.642415761947632	9
1524419	1037	2.778206	3.1739158630371094	9
949093	2010	4.969419	3.5087103843688965	9
753615	1069	1.98824	3.1458303928375244	9
906863	1830	2.577962	3.3356385231018066	9
924102	1168	3.58812	3.8427815437316895	9
910687	1634	3.633073	4.175674915313721	9
906837	1738	-0.238479	3.383129596710205	9
1240161	1019	0.982141	2.6924192905426025	9
910948	1268	4.499856	4.259870529174805	9
1327769	1924	2.927646	1.2635129690170288	9
1299069	1250	0.885461	3.6542270183563232	9
1295741	1177	2.724541	2.85848069190979	9
1299078	1911	-5.452551	3.5615174770355225	9
1659823	1557	5.852376	2.0993587970733643	9
909744	2010	2.235209	1.6450912952423096	9
753538	1088	1.483736	3.194345474243164	9
925347	1199	4.968375	4.9830169677734375	9
1503367	2011	4.931847	4.171239376068115	9
1298146	1038	3.041455	4.364316463470459	9
1240185	2040	1.136363	3.387974262237549	9
907791	1449	5.946598	2.6787707805633545	9
1503370	1618	3.939533	5.818722248077393	9
687983	1593	4.452391	3.2301623821258545	9
908123	1821	3.192371	3.5087103843688965	9
905956	1088	2.335226	2.5209083557128906	9
1330950	1913	4.809605	3.4245262145996094	9
906865	1738	5.300483	3.609565019607544	9
753556	2057	6.388947	3.913775682449341	9
909751	1012	1.5514	3.4543628692626953	9
908451	1782	4.817183	1.7978401184082031	9
910918	1089	1.848204	0.35395514965057373	9
910567	1048	2.563856	2.9887545108795166	9
909904	1844	3.925087	4.106635570526123	9
908141	1827	1.63075	2.147294044494629	9
1524416	2044	2.733881	3.74113392829895	9
753552	1553	1.322175	3.387563943862915	9
687807	1922	4.076423	3.387974262237549	9
1240218	1915	2.589057	3.7002522945404053	9
905984	1908	3.025907	3.5509321689605713	9
1240158	1626	1.953481	4.2877092361450195	9
1503368	1716	5.402371	3.5921010971069336	9
910704	1739	3.965459	3.7295591831207275	9
908470	1560	5.10634	3.7552032470703125	9
930298	2037	6.448717	3.7354040145874023	9
753612	1614	4.996949	2.6787707805633545	9
925340	2170	3.344568	2.7677175998687744	9
688027	1023	3.047337	3.5063254833221436	9
1298136	1780	5.636885	4.325270175933838	9
1330960	1007	-4.760464	-2.9753499031066895	9
905983	1618	4.340549	5.3530683517456055	9
925346	1931	6.157728	5.884152889251709	9
949173	1003	-0.152091	0.4574028253555298	9
905961	1005	4.487282	1.530970811843872	9
908135	1021	0.359234	1.9750959873199463	9
909773	1089	3.007793	0.35395514965057373	9
949172	1062	4.576121	3.092726945877075	9
924238	2109	1.982907	4.371758937835693	9
906875	1563	5.466285	3.7621777057647705	9
907318	1613	1.302388	4.683936595916748	9
905938	1777	4.885815	2.184152364730835	9
1503370	1581	1.675233	4.228530406951904	9
924106	1372	2.20135	4.804924488067627	9
906871	1073	5.992409	4.073330402374268	9
1303900	2159	3.986606	4.235049247741699	9
687568	1817	-2.570229	3.496731996536255	9
908463	2003	7.209317	3.6885359287261963	9
906864	1062	4.093863	3.275644063949585	9
1480362	1168	4.15821	3.277263879776001	9
907061	1922	1.581905	3.082385778427124	9
909740	2154	4.383727	4.31812047958374	9
908475	1558	2.945849	2.197288751602173	9
909708	1062	1.704174	2.7561464309692383	9
910698	1782	4.864583	4.172985076904297	9
908483	1783	3.547962	3.8970468044281006	9
1298359	1561	0.450245	2.782747507095337	9
909750	1919	1.758546	3.6423304080963135	9
908123	1999	3.38497	3.5087103843688965	9
930297	2043	4.28243	4.091309547424316	9
1240190	1840	2.273052	3.6885359287261963	9
924187	1133	5.948039	4.863518238067627	9
906842	1714	2.738867	2.76049542427063	9
753578	1494	-4.174218	3.74113392829895	9
905934	1839	4.848308	3.802294969558716	9
905939	1820	0.144425	3.642415761947632	9
1240155	1780	4.990101	3.6542270183563232	9
753547	1576	2.46632	4.294806957244873	9
946355	2112	3.010624	3.760042667388916	9
687800	1825	4.480299	3.6885359287261963	9
946372	1620	5.312096	4.038665771484375	9
1298352	1829	4.908371	3.5079872608184814	9
1659819	1926	0.177629	1.2635129690170288	9
909706	1011	3.87353	2.298563241958618	9
949177	1706	0.633483	3.8294484615325928	9
909725	1918	4.264544	2.828418016433716	9
753588	1085	2.211274	3.41825532913208	9
910900	1062	4.252119	3.547905206680298	9
930299	2000	5.361441	3.990579843521118	9
1240217	1268	5.456482	4.393718242645264	9
1240158	1200	3.870092	4.59903621673584	9
906877	1049	2.871772	0.9290208220481873	9
1479988	1050	4.376177	-2.759657621383667	9
949153	2498	7.029237	4.175674915313721	9
906693	1067	5.99165	2.550869941711426	9
905959	2157	6.138033	4.497498035430908	9
905975	1819	-2.891504	-0.5590253472328186	9
1290725	1927	4.8253	2.6924192905426025	9
907051	1926	1.317906	2.639244318008423	9
724834	2111	5.140426	4.424131870269775	9
1298538	1250	3.777949	4.017885684967041	9
1240130	1820	2.616106	3.54984450340271	9
1298475	1709	-0.642724	2.550869941711426	9
910899	2046	2.415969	2.549243927001953	9
1240169	2113	3.707325	3.688512086868286	9
909256	1997	1.453463	1.4192992448806763	9
909703	1046	0.740901	0.16466675698757172	9
907173	1782	5.73114	4.207810878753662	9
910687	2499	9.79543	4.175674915313721	9
1240189	1732	2.18197	3.8970468044281006	9
1480359	1054	3.467079	2.7458598613739014	9
905982	1033	5.249882	3.9791533946990967	9
688013	1449	3.897807	3.41825532913208	9
906814	1375	6.742689	2.5209083557128906	9
1298476	1558	5.33545	3.7002522945404053	9
1330942	1806	5.223933	0.6746779680252075	9
910941	1780	5.134307	3.60172176361084	9
924188	2169	3.668819	2.22261643409729	9
905980	1625	7.101206	3.937812328338623	9
910710	1030	3.680657	2.6936874389648438	9
1298358	2109	1.850987	4.113342761993408	9
749711	1999	3.045969	3.5087103843688965	9
753545	1057	-2.525759	2.828418016433716	9
753581	1093	4.158956	3.609565019607544	9
1298160	1624	2.23453	3.806838274002075	9
1298157	1048	6.39206	4.487197399139404	9
1240201	1024	-0.229601	4.325270175933838	9
1298353	1237	5.451515	4.211233615875244	9
907173	1054	3.644572	2.354250192642212	9
905969	1375	8.110323	2.944126844406128	9
906844	1835	3.484318	3.5087103843688965	9
1240226	1093	4.842058	3.609565019607544	9
910689	1043	7.924846	5.40167760848999	9
1240212	2361	5.682541	2.245793104171753	9
905939	1561	0.074411	2.8512513637542725	9
949153	2096	1.998706	2.7855255603790283	9
1298362	1093	3.246279	3.383129596710205	9
910937	1054	3.71101	2.549243927001953	9
907314	1079	4.685786	3.60172176361084	9
1330950	1825	-0.954402	2.4559712409973145	9
949176	1627	3.991805	3.7621777057647705	9
906837	1936	2.413388	3.082385778427124	9
910700	1011	1.303401	2.0993587970733643	9
946358	2360	4.616595	1.2527949810028076	9
906837	1058	-0.035206	2.754865884780884	9
909704	1043	5.296882	5.053703784942627	9
1298146	2040	0.501959	3.5114076137542725	9
907799	1529	-1.098896	2.2653815746307373	9
753612	1999	2.054488	2.4559712409973145	9
910911	1925	5.414327	4.149528503417969	9
909736	1084	-0.492042	3.3077309131622314	9
906870	1730	1.748164	3.1701154708862305	9
1330960	1598	2.734072	2.777496099472046	9
907286	1058	2.063067	3.725754976272583	9
1331037	1613	2.268446	1.954465389251709	9
1659929	1248	1.561123	5.027662754058838	9
1330993	1854	3.759804	4.025712966918945	9
907287	1847	1.274515	3.642415761947632	9
1240190	2045	5.909502	2.9225881099700928	9
905944	1558	3.721459	2.197288751602173	9
687821	1632	6.302151	2.1152970790863037	9
753612	1043	4.567879	4.287012100219727	9
908465	1873	1.814338	2.9225881099700928	9
1330931	1853	3.608829	1.781938076019287	9
905940	1930	-0.221758	2.6936874389648438	9
1290725	1618	4.145017	4.305977821350098	9
1503363	2159	3.753999	4.373472213745117	9
724838	2360	5.754181	3.387563943862915	9
1298156	2048	-5.226638	-2.9527833461761475	9
909778	1560	0.355399	2.391170024871826	9
906801	1918	3.660794	2.391170024871826	9
907277	1997	-2.971252	0.7448335289955139	9
909703	1051	-3.33802	-2.9753499031066895	9
753547	1054	3.518232	2.549243927001953	9
910710	1010	2.701848	1.4047430753707886	9
907285	2171	3.649195	3.8210418224334717	9
1240161	2170	1.269584	2.754865884780884	9
908447	2043	3.907737	2.9887545108795166	9
909251	1630	2.380111	2.192261219024658	9
907786	1088	-0.044626	2.7473108768463135	9
909263	1512	6.667184	1.530970811843872	9
687561	1047	5.516725	4.920797824859619	9
1298359	1812	2.925638	2.5448951721191406	9
1298533	1048	4.726092	4.853651523590088	9
906864	1732	3.516552	4.201451301574707	9
907272	1911	-5.207302	1.9486273527145386	9
905990	1239	4.904274	4.413273334503174	9
909702	1025	4.380537	2.777496099472046	9
687777	1024	0.338929	4.028219699859619	9
687997	1249	4.256663	3.8970468044281006	9
687505	1072	3.838133	3.8635904788970947	9
907291	1042	4.813226	5.40167760848999	9
1327765	2045	2.222662	1.2635129690170288	9
722066	1909	1.717511	2.449368476867676	9
687820	1873	2.71796	2.9225881099700928	9
910927	1932	3.915946	3.583770990371704	9
907275	1463	2.150954	2.2130863666534424	9
906797	2171	3.586233	3.5313522815704346	9
687514	2045	5.789587	2.245793104171753	9
753618	1996	1.287674	1.6521953344345093	9
907068	1038	4.562822	4.091309547424316	9
753578	2107	5.827228	2.5029265880584717	9
910691	1782	4.195067	3.6580312252044678	9
753573	1627	2.394371	4.373472213745117	9
1330942	1563	4.895848	2.6531565189361572	9
1240217	1083	2.876117	3.5114076137542725	9
910079	1838	3.381804	3.760042667388916	9
908458	1830	1.235526	3.642415761947632	9
724869	1585	5.052171	3.599255323410034	9
753618	1022	-2.692848	1.6313936710357666	9
906844	1003	-4.328225	3.905315637588501	9
905947	1021	3.624386	3.788007974624634	9
753532	1013	3.75509	3.3624143600463867	9
909256	1239	2.494404	3.9022085666656494	9
687777	1996	5.057506	2.449368476867676	9
925338	1583	2.464012	4.235049247741699	9
908460	1583	4.424411	4.538248538970947	9
687985	1091	2.666656	3.398876190185547	9
1298357	2112	3.581617	3.3512346744537354	9
1240187	1866	1.888101	3.6767678260803223	9
910694	2148	1.621183	3.688512086868286	9
907787	2010	2.634225	1.8766350746154785	9
1479995	1168	1.778147	3.277263879776001	9
1299062	1133	6.267063	4.750401020050049	9
907311	2438	10.273918	2.1239895820617676	9
906814	1131	2.567917	4.607509136199951	9
1503361	1733	0.278966	3.5921010971069336	9
908455	2154	3.550592	3.917410373687744	9
910924	1718	2.928652	3.6542270183563232	9
906875	1824	2.655738	3.3313043117523193	9
906826	1734	4.436007	3.9022085666656494	9
905947	2112	1.729418	3.8109445571899414	9
753552	1780	2.837569	3.74182391166687	9
753583	1053	2.664902	2.754865884780884	9
907312	1549	4.850684	3.0997753143310547	9
908151	1050	1.531147	-0.5431641340255737	9
930297	1932	4.672783	3.3928000926971436	9
1240127	1624	4.705022	4.305079460144043	9
907172	2145	-0.192412	3.54984450340271	9
1240201	2361	4.358105	3.725754976272583	9
946372	1927	2.236232	3.82409405708313	9
1290905	1093	5.159332	3.583770990371704	9
1298529	1529	2.408021	3.6430180072784424	9
910851	1239	1.429485	3.6817550659179688	9
908141	1873	0.217788	2.1870670318603516	9
1298136	1073	5.490458	4.380334854125977	9
1330984	1069	2.711152	3.1714391708374023	9
753548	2010	1.668805	2.147294044494629	9
910569	1049	4.045683	3.112107515335083	9
1240212	1845	2.788219	3.4593474864959717	9
906825	1026	-1.914779	1.7610738277435303	9
907045	1191	-4.313851	1.316064476966858	9
908472	2113	2.519	3.6885359287261963	9
949178	2046	0.047498	1.6313936710357666	9
909784	1441	1.872314	2.828418016433716	9
907320	1030	5.578369	4.683936595916748	9
753574	2003	6.906402	3.760042667388916	9
925340	1021	4.921175	3.366213083267212	9
1240160	1811	-1.10203	4.105081558227539	9
724870	1812	0.876225	2.754905939102173	9
910544	1812	0.435192	-0.016147449612617493	9
905938	2037	3.725744	2.6531565189361572	9
946360	2096	4.442869	3.9807002544403076	9
905934	1847	4.791545	3.802294969558716	9
753623	1909	1.834704	2.4334499835968018	9
910694	1014	4.711406	3.7955102920532227	9
909723	2156	2.289599	3.5615174770355225	9
906844	1133	1.770582	5.183711051940918	9
1240160	1809	0.652781	2.8774282932281494	9
905950	2360	6.057935	2.5029265880584717	9
910549	1821	4.299495	3.760042667388916	9
687561	2106	1.639045	2.65315318107605	9
687816	1179	0.954802	2.1152970790863037	9
1503361	1010	3.847716	1.733393669128418	9
749709	1932	3.505118	3.583770990371704	9
1240155	1021	3.306886	3.366213083267212	9
1299062	1054	4.893535	2.549243927001953	9
753562	1720	-0.03049	1.8793975114822388	10
910922	1033	4.589791	4.222072601318359	10
909735	1821	3.465528	3.1092724800109863	10
949154	1563	5.752269	3.72509765625	10
908122	1449	5.609114	3.4079670906066895	10
907790	1239	1.589839	3.9422194957733154	10
687588	1911	-5.223366	4.070613861083984	10
753620	1089	2.072254	0.9508704543113708	10
907313	1200	3.41413	4.431028366088867	10
753620	1053	3.383232	2.6397337913513184	10
1297449	1031	-4.718482	0.4234246611595154	10
1240129	1375	7.952135	2.800086259841919	10
910951	1821	3.185702	1.9298605918884277	10
906865	2171	4.6659	3.4476170539855957	10
687588	2043	4.162828	4.08230447769165	10
909740	2045	7.678997	3.168914794921875	10
749709	1927	5.046772	3.4079670906066895	10
753584	1062	4.510805	2.865792751312256	10
1297447	1004	-4.271198	-2.965785503387451	10
949090	2043	6.381221	4.070026397705078	10
907048	1017	4.154822	3.87074875831604	10
906812	1089	5.353653	2.882721424102783	10
1240174	1853	2.658124	3.176764965057373	10
998189	1919	1.856695	2.7019600868225098	10
753618	1909	0.935088	2.2104272842407227	10
1674021	1373	2.723132	1.702409267425537	10
906855	1069	2.942605	2.6893858909606934	10
753614	1576	3.263471	4.064204692840576	10
908126	1428	5.132361	3.8184609413146973	10
910930	1529	-2.085623	2.9796087741851807	10
1503367	1051	2.696022	-0.5820810794830322	10
911905	2438	11.487859	4.276553630828857	10
908468	1564	5.279692	3.579441547393799	10
688018	1932	4.014504	2.5886611938476562	10
724859	1827	0.271622	3.007452964782715	10
905955	1847	6.493917	3.2270889282226562	10
949171	1849	-1.009921	2.2104272842407227	10
911905	2038	6.828222	4.17911434173584	10
906835	1936	3.407856	3.163205146789551	10
930299	1133	3.116022	4.556070327758789	10
910924	1019	3.652886	3.3034615516662598	10
753600	1048	5.415573	3.9161975383758545	10
1240220	1190	-2.941411	2.6528658866882324	10
1330983	1598	3.115095	3.107543468475342	10
910079	2148	1.180909	2.987170696258545	10
753594	1732	3.774758	3.667245388031006	10
1299075	1375	6.230549	5.690862655639648	10
724834	1016	2.458868	3.182494640350342	10
1503367	1853	2.432481	3.3062334060668945	10
905945	2000	5.007234	3.0695066452026367	10
749712	1549	4.193574	2.1870195865631104	10
753546	1820	1.369779	3.2270889282226562	10
1331036	1706	-2.614181	1.6971200704574585	10
905936	1802	3.10021	3.9422194957733154	10
908458	1930	0.725709	3.829958915710449	10
907790	2359	6.115863	3.9422194957733154	10
1290806	1911	-4.830204	3.5992326736450195	10
688026	1024	-0.670299	2.790163993835449	10
753583	1061	4.795064	2.5967698097229004	10
1331048	1372	2.235931	2.118393659591675	10
724878	1494	-3.322577	2.5616421699523926	10
1480361	1635	5.004721	4.276553630828857	10
1330993	1624	2.991494	3.916841506958008	10
687588	2159	5.415875	4.121234893798828	10
906814	1930	0.27595	3.840928077697754	10
908460	1038	6.682464	3.9161975383758545	10
1298219	1449	5.42535	3.5092647075653076	10
908463	1008	3.298238	2.5616421699523926	10
1298222	1847	6.625163	2.987170696258545	10
1298537	1862	-0.50181	1.6592638492584229	10
908128	2149	1.761763	3.859863758087158	10
907313	1733	1.950671	3.7086265087127686	10
1240160	2110	5.257328	4.101162433624268	10
924250	1051	3.140201	-0.38954535126686096	10
909702	1549	3.198294	1.5122209787368774	10
907287	1815	6.739898	3.9422194957733154	10
910688	2112	1.275651	2.212151527404785	10
1240173	1401	2.50909	1.8855098485946655	10
905985	1192	1.635539	3.441511631011963	10
683667	1073	5.56987	3.8096365928649902	10
1290908	1049	3.921822	2.982731342315674	10
910710	1912	2.384844	2.449577808380127	10
1240155	1025	5.266097	3.629347801208496	10
908123	1428	4.693276	3.840604066848755	10
998184	1576	2.319164	2.984423875808716	10
909905	1401	0.682418	2.0017781257629395	10
687590	1047	3.342696	4.819201469421387	10
1240192	1908	2.811681	3.579441547393799	10
909735	1373	3.156641	3.3431172370910645	10
907067	1428	5.345296	3.749098777770996	10
910935	1026	-1.358459	0.4234246611595154	10
753572	1563	5.460057	4.585902690887451	10
905938	1618	2.656406	3.206615447998047	10
909256	2040	1.750482	3.303542137145996	10
907053	1809	-1.204302	1.4603008031845093	10
753574	1012	2.052514	3.3062334060668945	10
1290798	1836	4.132871	3.0695066452026367	10
905956	1854	5.226776	4.085119247436523	10
906792	1777	5.169481	3.714634418487549	10
713878	2112	3.27627	2.94399094581604	10
910687	1629	3.473465	0.12529674172401428	10
1240186	2439	9.757443	3.667245388031006	10
909726	2171	2.288063	3.4476170539855957	10
749716	1036	3.928588	3.600850820541382	10
949093	1129	6.526032	2.327136754989624	10
910932	1630	4.714347	3.714634418487549	10
905962	1030	7.709581	3.829958915710449	10
1503363	1004	-4.23311	-0.5820810794830322	10
749710	1918	2.088731	2.327136754989624	10
753564	1630	3.773892	2.790163993835449	10
749711	1840	4.139913	3.0695066452026367	10
1240209	1372	-1.235414	2.744269847869873	10
753596	1930	0.959688	3.840928077697754	10
908148	1059	-0.517677	2.2752339839935303	10
1298219	2044	4.327747	2.4452097415924072	10
1240185	1441	0.741385	3.182494640350342	10
1240167	2010	3.867906	2.987170696258545	10
909253	1378	4.950562	1.4603008031845093	10
906833	2361	4.598883	2.6615853309631348	10
1297447	2047	2.268339	2.2942638397216797	10
1331045	1578	4.191665	1.2739850282669067	10
688026	1053	2.714275	2.809415102005005	10
910554	1706	1.926794	3.773367404937744	10
753575	2159	4.699994	4.03825044631958	10
917486	2010	3.25928	3.103983163833618	10
907062	2038	4.948948	3.7898216247558594	10
1480364	2096	1.923193	3.3246326446533203	10
1240224	1925	6.901548	4.289420127868652	10
1298151	2106	6.0248	3.414473295211792	10
1298475	1024	1.433571	4.034246444702148	10
1290806	1089	4.80428	2.559967041015625	10
1240159	2439	10.05598	4.055028438568115	10
906832	1248	-6.209319	3.3605759143829346	10
753532	1940	2.893574	3.88413667678833	10
1503368	2110	3.896942	4.03825044631958	10
910899	1025	5.874144	3.6611862182617188	10
687514	1051	2.131437	-0.4974880516529083	10
910567	1786	4.353604	2.127359390258789	10
910924	1200	3.121371	3.6294445991516113	10
1240185	1712	-3.95907	4.175133228302002	10
907280	1820	2.261004	2.212151527404785	10
1240189	2011	3.627045	3.667245388031006	10
908470	1618	5.340019	4.520479202270508	10
1240222	2110	4.4191	4.17911434173584	10
908447	2360	5.100768	2.6397337913513184	10
687819	1024	1.673647	3.6295385360717773	10
910549	2154	2.265553	4.03825044631958	10
908470	1632	5.071537	1.9311860799789429	10
1330982	1062	2.622504	2.118393659591675	10
687586	1003	-2.060218	2.731203556060791	10
909249	1248	-5.148714	3.636838912963867	10
1298136	1598	2.419696	4.4177727699279785	10
910931	1021	2.868316	2.982731342315674	10
907311	1913	4.274373	3.9938249588012695	10
907057	1621	4.875401	3.2998504638671875	10
907057	1012	2.472399	3.2998504638671875	10
1297447	1373	3.092043	2.2942638397216797	10
908123	1862	-1.907847	1.0590918064117432	10
909738	1048	5.635968	4.006628036499023	10
907170	1843	-3.04309	0.9508704543113708	10
907790	2439	9.975751	3.9422194957733154	10
907794	1917	0.505546	3.829958915710449	10
753575	1615	6.610704	2.7933168411254883	10
905977	1007	-2.692841	-0.18710848689079285	10
909712	2173	4.697944	3.8555500507354736	10
735784	1558	4.127608	2.1264395713806152	10
925340	1816	5.540363	3.6294445991516113	10
1240219	1190	-1.782267	2.969877243041992	10
1299059	2148	2.903799	2.9140431880950928	10
722045	1058	1.219866	3.182494640350342	10
908481	1199	5.199021	3.472874641418457	10
909709	1776	4.730465	2.9412336349487305	10
906871	1614	2.944006	2.8869051933288574	10
1298136	2043	5.764726	4.385649681091309	10
1524415	1131	1.571441	4.717606544494629	10
1659818	1580	3.166656	2.3481388092041016	10
724870	1734	1.816655	4.3643107414245605	10
910924	1998	5.018141	3.5992326736450195	10
910933	1830	1.518892	3.308743476867676	10
998189	1033	6.003784	3.9422194957733154	10
905957	1512	4.444229	2.882721424102783	10
906863	1928	4.15808	3.1160683631896973	10
753584	1732	5.315643	3.8290252685546875	10
910910	2109	3.094993	3.8423173427581787	10
753576	1835	6.777574	2.987170696258545	10
924111	1852	5.083311	3.8194847106933594	10
749710	1782	5.78206	3.840604066848755	10
1240162	1625	5.67478	3.1160683631896973	10
687995	1558	5.114397	2.719696521759033	10
949172	1239	2.857938	4.121618270874023	10
1503366	1706	1.910788	3.8499186038970947	10
687799	1997	0.638416	2.4330339431762695	10
908463	1199	4.851024	4.1472649574279785	10
1298168	1936	4.233418	3.3253021240234375	10
1509074	1086	0.979277	1.627512812614441	10
909263	1068	-0.7142	2.3025166988372803	10
909751	1594	0.988909	3.168914794921875	10
1480358	1853	4.446928	3.518422842025757	10
1240182	1926	3.150806	2.809415102005005	10
924188	1915	2.921327	2.709343910217285	10
908480	1910	2.412052	1.3708062171936035	10
753548	1036	3.846289	2.222018241882324	10
907289	1834	2.395498	3.103983163833618	10
909750	2156	1.975157	3.960742950439453	10
1240218	1919	2.226408	3.545506000518799	10
924106	1941	-4.170645	1.7118679285049438	10
924188	1624	4.263148	3.6566667556762695	10
1240190	1199	5.847007	4.1472649574279785	10
1659929	1069	4.852301	3.242476224899292	10
907068	1494	-4.56998	2.2403206825256348	10
909697	1016	0.674218	2.894710063934326	10
908480	1268	4.335199	3.6611862182617188	10
905934	1026	1.000445	5.3790388107299805	10
909738	1133	4.935829	4.817997932434082	10
724828	1578	4.810663	0.9508704543113708	10
907311	1620	4.992917	2.2533111572265625	10
753624	1578	5.259019	2.969877243041992	10
1330991	1023	2.388802	2.269479751586914	10
687821	2361	7.126832	3.182494640350342	10
1298134	1558	3.409555	2.4715399742126465	10
910852	1712	-3.212526	3.840604066848755	10
1480360	1915	1.557784	2.9724771976470947	10
1524418	1026	1.118358	0.6422416567802429	10
1298160	1168	2.908275	2.815751552581787	10
1240170	1594	1.095664	3.1883764266967773	10
908455	1073	3.988299	3.5992326736450195	10
907790	1811	-2.791734	3.9422194957733154	10
906864	1017	4.626207	3.849855661392212	10
924241	2040	1.14683	2.839656352996826	10
949093	1933	8.096007	1.0590918064117432	10
908125	1839	3.968505	3.2270889282226562	10
1298146	2113	3.977338	3.2545552253723145	10
910689	1716	6.805818	3.6246867179870605	10
753618	1912	2.271863	2.6397337913513184	10
1659928	1853	3.886348	3.1929330825805664	10
1327766	1560	4.111391	1.4771908521652222	10
1299075	1814	6.805371	5.690862655639648	10
909735	1625	5.203474	3.7696752548217773	10
910916	1911	-6.19112	3.8194847106933594	10
910544	1005	0.862245	0.4704608619213104	10
688021	1581	4.792462	3.3166732788085938	10
930083	1029	8.313351	2.9964945316314697	10
910935	1564	2.089922	2.118393659591675	10
906817	1718	5.244658	3.555236577987671	10
753569	1840	3.155856	3.3005871772766113	10
907794	1620	5.989617	3.773367404937744	10
909743	1131	3.234366	2.3216052055358887	10
1503367	2361	5.700094	2.7933168411254883	10
905986	1713	3.008846	3.0920310020446777	10
1298352	1873	4.867361	2.9431333541870117	10
908121	1909	2.004473	1.7118679285049438	10
906805	1940	3.983305	4.0460524559021	10
910907	1030	5.518252	4.385649681091309	10
908128	2112	1.756997	3.2270889282226562	10
906864	1852	5.705232	4.041332721710205	10
908135	1873	0.405997	2.6397337913513184	10
1240206	1003	-1.732287	2.4473767280578613	10
910952	1553	1.044873	2.8669216632843018	10
909708	1624	2.031281	3.1160683631896973	10
908152	2148	4.015851	3.5488269329071045	10
1290922	1847	6.645605	3.0695066452026367	10
687563	1068	-0.480822	2.244903087615967	10
1299062	1020	5.142279	1.3157126903533936	10
722045	1085	3.028946	3.6295385360717773	10
1480364	1049	4.276936	3.253695487976074	10
906805	1131	5.620124	4.743535041809082	10
906792	1042	5.160059	4.59153413772583	10
907169	1061	3.497787	0.5069301724433899	10
1240154	2010	5.28041	3.1138997077941895	10
946366	1054	3.475504	2.0017781257629395	10
724839	1177	5.888836	3.553929567337036	10
753624	1811	-1.544074	4.3643107414245605	10
1240178	1129	4.501755	3.451014995574951	10
753592	1862	-1.493508	1.6592638492584229	10
908122	1586	3.71364	3.121943473815918	10
910546	1375	6.363217	2.969877243041992	10
910903	1511	-2.367701	2.3206589221954346	10
1524414	1915	0.793419	2.3028461933135986	10
910688	1829	0.424647	2.212151527404785	10
906791	1011	3.101569	2.4330339431762695	10
906851	1849	0.55186	1.7118679285049438	10
946356	1507	5.244237	3.555236577987671	10
946369	1131	3.454729	3.7374062538146973	10
753594	2362	4.305131	2.809415102005005	10
906844	1925	4.119643	3.9955039024353027	10
909724	1199	4.745421	4.282721519470215	10
907048	1908	3.086685	3.600850820541382	10
930301	1873	1.530955	3.068603277206421	10
905944	2157	4.254392	4.149604320526123	10
1331032	1029	5.197699	1.9796026945114136	10
924240	1854	4.683046	3.8423173427581787	10
1503371	1855	3.562095	3.2175168991088867	10
1299081	1059	-1.005553	3.068603277206421	10
753595	1248	-1.948486	5.611246109008789	10
908144	1010	4.853041	2.709343910217285	10
907274	2112	2.084069	2.1250033378601074	10
924108	1836	3.673757	3.103983163833618	10
907285	1810	1.943235	2.969877243041992	10
905951	1449	5.93459	3.4079670906066895	10
688023	1563	5.241642	3.6522116661071777	10
1290730	1714	3.177069	2.865792751312256	10
910899	1089	2.401564	2.186887502670288	10
1298538	1133	3.168157	4.6471266746521	10
1290797	1733	3.855519	4.034246444702148	10
753588	1917	2.032039	3.425015926361084	10
724878	1847	6.876731	3.007452964782715	10
687804	2107	3.532528	2.9431333541870117	10
753538	1832	3.250401	2.9140431880950928	10
1327771	2173	2.592112	2.2533111572265625	10
910900	1048	4.461111	3.9161975383758545	10
1303911	1039	6.190434	3.4079670906066895	10
905982	1069	3.87905	3.441511631011963	10
753620	1777	4.88418	3.241910934448242	10
907318	1083	2.481382	2.8916354179382324	10
906851	1553	1.558881	2.327136754989624	10
906818	1777	6.11223	3.714634418487549	10
1290797	2038	3.645559	4.585902690887451	10
749710	1738	1.688132	3.3396048545837402	10
907795	2112	2.370083	3.103983163833618	10
910934	1909	1.306594	0.9694816470146179	10
753614	1777	5.307463	3.555236577987671	10
687586	1847	3.36631	3.308743476867676	10
1330947	1998	0.032313	2.2146568298339844	10
910691	1073	5.332055	3.9516074657440186	10
724866	1560	3.479284	3.182494640350342	10
1298349	1563	4.953578	3.6522116661071777	10
749715	1926	-1.170692	2.327136754989624	10
1298222	1058	2.056119	2.7933168411254883	10
688031	1580	2.81249	3.3166732788085938	10
946353	1494	-2.926909	1.8858522176742554	10
906863	1825	-0.812287	2.9140431880950928	10
909723	1873	2.975056	3.068603277206421	10
907794	2000	5.751488	3.103983163833618	10
1330973	2048	-0.148875	-1.5959957838058472	10
688013	1936	2.242734	2.839656352996826	10
1298157	1782	5.574238	3.840604066848755	10
753548	1052	2.506306	1.224032998085022	10
909729	1008	-3.081486	2.731203556060791	10
949093	2043	7.369655	3.87074875831604	10
905991	1713	2.741583	3.3246326446533203	10
908121	2439	9.380823	3.840604066848755	10
1331033	1913	4.076297	3.3605759143829346	10
905977	1626	5.427032	3.665266990661621	10
1287706	1926	0.921768	3.068603277206421	10
908472	2177	2.684736	4.149604320526123	10
910780	1060	1.230821	1.0802843570709229	10
688011	1023	3.869484	2.839656352996826	10
908462	2000	7.047567	3.5488269329071045	10
909253	1032	0.344272	1.982007384300232	10
1331048	1549	1.952113	1.5711275339126587	10
688023	1268	4.290627	3.6611862182617188	10
1480358	1561	0.94718	3.41501784324646	10
906696	1930	0.765507	3.849855661392212	10
909260	2096	2.986419	1.6547273397445679	10
910924	1833	1.035562	2.926602363586426	10
905990	2037	5.847839	4.17911434173584	10
1240181	2096	-1.816092	1.0802843570709229	10
1331035	1598	2.960878	3.363210678100586	10
1240155	1621	5.025771	3.051570415496826	10
722045	1170	2.70477	1.6592638492584229	10
910544	1021	0.943535	1.4569085836410522	10
907312	1372	-4.859482	2.865792751312256	10
753555	2111	3.887847	3.9127559661865234	10
906795	1777	6.02667	3.667311191558838	10
713899	2499	10.061502	3.8498857021331787	10
907783	1635	3.82456	3.8184609413146973	10
909975	1620	6.403265	3.7439751625061035	10
905990	1927	5.663781	3.738938331604004	10
753600	1778	3.195344	3.182494640350342	10
1295740	1820	2.789465	1.6228305101394653	10
1240173	2106	0.675381	3.168914794921875	10
1240192	1021	1.94745	2.839656352996826	10
905986	2171	2.781109	3.698690414428711	10
1503366	2113	3.387181	2.987170696258545	10
909770	1010	2.919361	2.558743953704834	10
1674021	1930	0.533298	3.829958915710449	10
1298356	1932	6.59423	3.21982479095459	10
908448	1866	2.579687	2.3528759479522705	10
908452	1911	-4.93936	3.960742950439453	10
907272	1808	1.924231	0.6676623821258545	10
753592	1782	5.384598	4.175133228302002	10
909718	1838	3.952073	3.103983163833618	10
1290806	1927	4.715982	3.3034615516662598	10
909725	1819	-0.729527	-0.18710848689079285	10
908124	1129	4.019084	3.068603277206421	10
907271	1629	4.846917	1.2217930555343628	10
687777	1180	-0.235399	2.3809995651245117	10
753585	1915	0.51454	2.3028461933135986	10
909715	1634	2.797881	3.206615447998047	10
925346	1564	1.583188	3.096820116043091	10
1299078	2010	4.706273	3.2270889282226562	10
905972	1024	0.102332	3.6295385360717773	10
905964	2109	2.884794	3.0461204051971436	10
1299059	1051	3.034076	-1.2452424764633179	10
910910	2177	2.424254	3.8987934589385986	10
910544	1820	0.357121	1.9298605918884277	10
909257	1930	-0.204344	4.070026397705078	10
905967	1268	4.245015	4.0460524559021	10
907055	2498	6.169916	4.557034015655518	10
910079	1007	-4.979204	-0.5820810794830322	10
924106	2000	5.154092	3.0695066452026367	10
687563	2154	2.536536	4.121234893798828	10
908475	1006	2.849861	4.175133228302002	10
1480360	2174	1.781755	4.276553630828857	10
1298352	1733	4.595348	3.5092647075653076	10
1298222	1820	2.35015	2.987170696258545	10
688011	1578	5.162692	2.186887502670288	10
910936	1060	-1.947003	2.5967698097229004	10
908443	1629	4.923393	1.5285433530807495	10
908440	1829	-1.697641	2.6095643043518066	10
724872	2000	5.136176	2.94399094581604	10
1240190	1494	-2.725884	2.5616421699523926	10
905944	1932	4.91257	3.1678547859191895	10
1327771	2156	0.254656	3.8184609413146973	10
749714	1932	4.129083	3.3396048545837402	10
688031	1089	1.902928	2.186887502670288	10
906814	2177	1.299673	3.859863758087158	10
906807	1088	-0.374876	1.2739850282669067	10
908121	1036	5.445356	3.600850820541382	10
909251	1785	3.772784	2.4375717639923096	10
1240192	2010	4.687622	2.94399094581604	10
1247871	1624	2.057007	1.7173527479171753	10
907788	1131	4.558195	3.867978572845459	10
1524417	1023	3.714184	3.3253021240234375	10
1322212	1632	3.65735	1.8904675245285034	10
1479987	1734	1.661296	4.276553630828857	10
1524419	1549	2.215931	2.3028461933135986	10
753564	2173	3.878158	3.3166732788085938	10
753555	1782	5.343674	4.13752555847168	10
906843	1580	3.938048	3.6366052627563477	10
908458	1061	3.076179	1.702409267425537	10
1247873	1168	0.325377	2.441396713256836	10
908469	1018	5.304574	3.425015926361084	10
1330947	1133	0.390974	2.826425790786743	10
949178	2045	4.659988	2.6397337913513184	10
946359	2045	6.232847	2.327136754989624	10
906798	1091	1.836304	2.5839247703552246	10
1240154	2038	4.61671	4.024961948394775	10
1240121	1004	-6.08134	-1.2452424764633179	10
1298353	1932	2.991198	3.21982479095459	10
908440	1799	3.189055	3.241910934448242	10
1247871	1908	2.771602	1.6547273397445679	10
687563	1931	4.92742	4.819201469421387	10
753559	1613	1.338486	3.9127559661865234	10
949153	1617	3.136251	1.1843311786651611	10
905939	1627	4.186731	3.9653947353363037	10
910944	1507	2.642543	1.9858585596084595	10
724868	1806	3.957538	2.5616421699523926	10
1298157	2499	9.100781	4.611176490783691	10
946377	2040	0.740267	3.163205146789551	10
906814	1918	1.92877	3.068603277206421	10
1240167	1049	4.043743	2.8916354179382324	10
906793	1585	3.898355	3.2780561447143555	10
753575	1033	6.741928	4.13752555847168	10
1240127	1833	3.911512	3.1092724800109863	10
1480360	1922	2.187273	3.253695487976074	10
907045	1578	5.483257	2.882721424102783	10
753570	2172	0.168629	3.1160683631896973	10
905944	1804	3.28528	3.007452964782715	10
905960	1782	4.77688	3.840604066848755	10
1330941	1091	4.611537	3.3396048545837402	10
924151	1912	3.293742	3.451014995574951	10
907285	2055	3.806868	3.6259889602661133	10
908147	1912	0.584566	1.8698523044586182	10
908455	1840	2.40315	2.926602363586426	10
753541	1808	-2.117973	2.4473767280578613	10
907274	1713	2.996207	2.118393659591675	10
1330991	1375	3.735808	1.4603008031845093	10
905960	1925	4.525882	3.9955039024353027	10
1480358	2043	5.057895	4.070026397705078	10
908151	1594	-0.63325	2.327136754989624	10
1290798	1803	3.866507	3.0695066452026367	10
905941	1922	3.987784	3.0620884895324707	10
749709	1441	2.860422	2.327136754989624	10
1297447	1014	4.019184	2.2942638397216797	10
1290730	2107	5.447677	3.1154963970184326	10
753555	2107	4.408509	2.7933168411254883	10
906797	1826	3.173648	2.9084205627441406	10
687983	1812	2.664722	2.186887502670288	10
1327765	1011	0.459478	0.9694816470146179	10
1240209	2154	3.150027	3.680124282836914	10
909709	1706	1.311081	3.1160683631896973	10
749710	1776	4.850897	3.085204839706421	10
1298223	1583	3.210608	4.042631149291992	10
909725	1021	4.234457	3.001279830932617	10
906837	1922	1.855602	2.8739280700683594	10
930297	1866	3.10537	2.9423131942749023	10
910568	1373	5.815213	2.6794660091400146	10
1298359	1007	-4.98861	-0.5820810794830322	10
908480	1086	-2.835091	1.8904675245285034	10
908440	1582	3.198378	2.6822726726531982	10
1330993	1561	1.811308	3.1864013671875	10
753621	1714	3.402308	3.2175168991088867	10
1524415	1925	5.291272	4.289420127868652	10
1299050	1828	3.654242	2.9140431880950928	10
1297447	1618	3.564824	3.636838912963867	10
907285	1079	-1.431134	4.034246444702148	10
910905	1576	3.966263	4.0327277183532715	10
905948	1718	5.120183	3.5467615127563477	10
687798	1585	5.078315	3.1176576614379883	10
906872	1072	5.997014	4.121618270874023	10
910916	1005	2.328924	2.4473767280578613	10
1298348	1032	0.401117	2.441396713256836	10
907787	1529	-0.754801	2.4375717639923096	10
907277	2109	1.677387	2.984423875808716	10
909252	1853	3.251593	1.9445909261703491	10
1298351	1375	5.445177	2.4452097415924072	10
753615	1834	2.987791	2.255967140197754	10
909743	1011	1.432721	1.1843311786651611	10
1480364	1200	4.240666	4.434878349304199	10
910688	1583	2.437379	2.6113011837005615	10
998189	1811	-3.369191	3.9422194957733154	10
1298157	1463	2.610277	3.303542137145996	10
907794	1011	1.850946	2.3025166988372803	10
753624	1831	3.699939	3.6259889602661133	10
1240179	1062	3.172466	2.7514257431030273	10
946358	1079	1.291138	1.9858585596084595	10
906746	2110	2.980081	4.121234893798828	10
910569	1840	3.829279	3.103983163833618	10
907319	1831	2.838226	2.987170696258545	10
907792	1614	7.060207	3.6246867179870605	10
753594	1013	1.604008	2.9135329723358154	10
910907	1559	-2.779107	2.3724756240844727	10
909745	1248	-1.584117	5.148377895355225	10
687983	1720	1.463031	1.3708062171936035	10
688021	1813	6.532618	2.186887502670288	10
1298134	2439	7.675927	3.817225217819214	10
1299080	1911	-4.932256	3.749098777770996	10
908449	1080	-1.172258	-1.3979380130767822	10
907068	1042	4.144127	4.681338310241699	10
907287	1564	-0.627051	1.702409267425537	10
906869	1624	4.612399	3.5254318714141846	10
907058	1016	1.377208	3.068603277206421	10
1331033	1713	2.803075	2.118393659591675	10
1503363	1005	3.031703	1.8858522176742554	10
687514	1378	2.283468	2.2403206825256348	10
724838	1168	4.054492	2.882439374923706	10
1295741	1558	1.596874	2.330442190170288	10
907319	2047	2.802841	3.2175168991088867	10
1299062	1032	3.456383	2.719696521759033	10
1298216	1494	-1.444589	2.969877243041992	10
1240123	1177	5.301437	3.829958915710449	10
909757	1617	4.206771	2.3025166988372803	10
908468	1919	3.26801	2.719696521759033	10
1240159	1003	-0.689378	2.82709002494812	10
906832	1853	5.169454	2.273353099822998	10
907173	1630	3.494908	2.992438554763794	10
1503366	1051	5.097445	-0.5820810794830322	10
909744	1507	4.614462	3.094528913497925	10
1503362	1799	3.481285	3.555236577987671	10
910924	1940	3.742721	3.629347801208496	10
949094	1561	2.766589	3.1883764266967773	10
909736	2109	3.384042	4.134522914886475	10
910934	1815	4.873056	2.9796087741851807	10
724838	1510	5.351344	2.5839247703552246	10
1480361	1853	3.237362	3.518422842025757	10
1240199	1053	4.214679	3.41501784324646	10
908125	1911	-4.403711	3.749098777770996	10
905990	1930	1.609116	4.070026397705078	10
907786	1615	5.157815	3.182494640350342	10
906870	1631	1.126529	1.5496560335159302	10
910687	1918	2.058967	1.8698523044586182	10
924187	1510	4.586075	3.538984775543213	10
1322212	1073	5.655691	3.667245388031006	10
910933	2039	3.339604	3.3639373779296875	10
930083	1052	7.619645	2.096635341644287	10
1298526	1012	1.475791	3.540168285369873	10
1331045	1810	-1.182181	1.2739850282669067	10
688031	1012	0.874956	2.935044765472412	10
910935	1463	2.331764	1.9796026945114136	10
749714	1736	5.112482	3.600850820541382	10
905962	1833	2.413188	3.103983163833618	10
753616	2173	4.015641	3.740353584289551	10
1298352	1003	0.179632	2.4452097415924072	10
1480367	1631	2.268892	3.738938331604004	10
1298160	1018	5.70944	3.840928077697754	10
906830	1049	5.860463	3.001279830932617	10
1240209	1042	5.647636	4.843710422515869	10
906792	1855	4.377241	0.5069301724433899	10
1330991	2044	4.081335	1.4603008031845093	10
749715	1824	0.485516	3.0695066452026367	10
753576	1613	4.818194	3.9127559661865234	10
998189	1030	6.185335	3.829958915710449	10
1299052	1034	-3.051958	2.8739280700683594	10
1298529	1941	-3.506838	1.8793975114822388	10
908124	1997	4.118254	2.366067409515381	10
724834	1578	7.27601	2.5616421699523926	10
1247871	1058	3.048702	1.8698523044586182	10
906820	1939	4.539722	2.2104272842407227	10
925338	1586	3.455929	3.121943473815918	10
1240178	1594	3.095825	3.451014995574951	10
924188	1011	0.06735	1.5421313047409058	10
910931	1621	3.017774	3.1176576614379883	10
907065	2111	4.313275	3.5268256664276123	10
1298218	1008	3.531497	2.969877243041992	10
906813	1016	2.321339	3.068603277206421	10
1240155	1581	2.270644	3.5254318714141846	10
753622	2039	3.324075	3.3062334060668945	10
905970	1780	6.426134	3.6295385360717773	10
1299069	1180	-3.964831	2.2714943885803223	10
905967	1053	2.497304	3.182494640350342	10
1240123	1866	2.403726	3.242476224899292	10
1331037	1838	1.878947	2.1250033378601074	10
905947	1913	3.959048	5.022588729858398	10
713880	2172	1.188806	3.3166732788085938	10
1298151	1827	-2.00221	3.2545552253723145	10
1331035	1941	-5.680754	0.9694816470146179	10
688018	1561	3.893356	2.809415102005005	10
909753	1632	3.979124	2.3497610092163086	10
910861	1925	4.471704	3.534986972808838	10
910569	1828	3.15098	3.103983163833618	10
1240129	2362	5.700987	3.41501784324646	10
688087	2044	4.905222	0.9508704543113708	10
909737	1088	3.434153	2.82709002494812	10
687995	1732	0.889476	3.667245388031006	10
753559	1560	3.414567	2.7933168411254883	10
924239	1736	4.642984	2.2942638397216797	10
687995	1085	2.485853	2.790163993835449	10
1327773	1180	-3.716241	0.8559018969535828	10
687985	1634	3.294535	3.8498857021331787	10
1240212	1734	1.989543	3.817225217819214	10
1298223	1718	4.954569	3.671565055847168	10
906839	1786	3.486677	3.163205146789551	10
924188	2171	3.440307	3.537933349609375	10
1240154	2170	4.537766	3.451014995574951	10
909753	1924	5.407855	3.41501784324646	10
906696	1814	5.538425	2.4265494346618652	10
930301	1933	4.980068	1.7620841264724731	10
1290797	2057	5.417692	3.6259889602661133	10
1330947	2055	-1.2484	2.212151527404785	10
949094	1932	5.178176	3.698690414428711	10
908442	1563	2.972041	3.9653947353363037	10
910919	1005	1.470482	1.2739850282669067	10
908126	2113	2.425202	1.9298605918884277	10
735784	2010	6.041877	2.987170696258545	10
1295740	1549	3.565127	1.5122209787368774	10
1327768	1007	-4.236484	-1.6403447389602661	10
946382	1072	5.095503	3.840604066848755	10
910704	1025	4.380255	3.8423173427581787	10
907055	1825	-0.803473	2.926602363586426	10
909248	1614	3.787778	3.026496410369873	10
907289	1840	3.107201	3.103983163833618	10
753569	1085	3.105883	3.671565055847168	10
907045	2154	3.200636	3.8987934589385986	10
949176	1190	-2.781208	0.9508704543113708	10
910941	1927	5.166639	3.241910934448242	10
910948	1053	1.489409	2.327136754989624	10
1503371	2157	4.660636	4.03825044631958	10
1295740	1010	2.453002	1.5122209787368774	10
906798	1089	2.17639	2.177072525024414	10
1240209	2039	3.771601	3.051570415496826	10
909744	2011	3.087011	3.8419833183288574	10
909729	1073	6.523422	4.070613861083984	10
906746	1378	3.727067	2.731203556060791	10
910554	2359	5.218358	3.9422194957733154	10
1240201	1925	4.730995	4.64396858215332	10
909257	1919	0.903394	2.9724771976470947	10
946360	1831	3.187061	3.4338154792785645	10
907045	2361	4.826748	2.327136754989624	10
910935	1050	0.461813	-1.6403447389602661	10
1330942	1558	4.817031	1.982007384300232	10
906821	1808	-1.055441	2.969877243041992	10
910554	1849	0.408677	2.3025166988372803	10
753624	1912	3.686613	3.8233330249786377	10
753608	1718	4.156525	3.6295385360717773	10
1331045	1997	4.102636	0.9694816470146179	10
906817	1784	6.555115	2.987170696258545	10
909252	1844	2.453777	1.6228305101394653	10
910691	1831	3.635097	3.1092724800109863	10
687457	1615	4.783325	3.1154963970184326	10
905938	1199	2.772866	2.5491976737976074	10
753579	1010	2.373877	2.815751552581787	10
1331032	2171	3.689315	1.87606680393219	10
1331036	1494	-6.555426	1.2739850282669067	10
753608	1067	5.419422	2.3809995651245117	10
910926	1706	0.619913	3.5111312866210938	10
1290724	1836	3.081545	2.9140431880950928	10
905962	1239	1.184089	3.9422194957733154	10
907067	1709	-3.143817	1.9975707530975342	10
905967	1918	1.893822	3.182494640350342	10
906864	1043	5.224408	5.200632095336914	10
905985	1626	3.160108	3.8555500507354736	10
1299052	1558	0.568867	1.8042044639587402	10
905954	1086	-0.713696	1.9975707530975342	10
905960	1036	5.904167	3.600850820541382	10
906765	1924	1.737425	1.4771908521652222	10
909251	1852	4.531856	2.4375717639923096	10
1240160	1866	5.079568	3.313666343688965	10
687816	2154	4.026777	4.149604320526123	10
910861	1043	1.439454	4.05769681930542	10
910851	1830	1.076202	3.2031898498535156	10
717431	2438	7.487088	4.121618270874023	10
688014	1827	0.190885	2.94399094581604	10
946368	1998	4.295349	4.070613861083984	10
907289	1732	2.898485	3.9422194957733154	10
905949	2057	3.983144	3.007452964782715	10
909757	2109	1.775976	4.0327277183532715	10
1240200	1843	1.87247	2.800086259841919	10
1327769	1919	1.396062	1.5711275339126587	10
910951	2499	7.593997	3.9938249588012695	10
949178	1709	-4.578815	1.7197518348693848	10
908129	1086	2.83168	2.002509832382202	10
924100	1911	-5.81785	3.9452614784240723	10
909253	1023	3.453671	2.269479751586914	10
1240159	2011	4.03747	4.055028438568115	10
910926	1053	2.245494	3.1154963970184326	10
1240129	1913	5.265773	4.90369987487793	10
906793	1927	5.348398	3.714634418487549	10
688021	1005	4.124019	2.186887502670288	10
1298136	1916	4.326674	4.034246444702148	10
687563	1175	4.474747	4.08230447769165	10
1240193	1005	1.944751	2.186887502670288	10
905934	1811	-1.140754	3.9452614784240723	10
724834	1999	3.16758	3.007452964782715	10
909781	1594	4.354443	2.8669216632843018	10
905938	1050	-0.104806	-1.4251677989959717	10
910567	1069	3.64558	3.077761650085449	10
753577	1051	1.196973	0.6119430661201477	10
907783	1428	4.272826	3.8184609413146973	10
1240200	1511	-0.209421	2.800086259841919	10
907053	1168	2.83302	1.982007384300232	10
906863	1511	-1.771571	2.4473767280578613	10
910687	1917	-0.396261	2.2794113159179688	10
753622	1200	3.023445	4.2189459800720215	10
1290455	2149	0.406821	2.6113011837005615	10
1240190	1736	2.711812	3.0263571739196777	10
749715	1068	0.463488	1.7118679285049438	10
949176	2111	4.091733	3.1071386337280273	10
908481	2044	5.231061	2.186887502670288	10
687568	2149	3.789654	4.121234893798828	10
1290806	1020	5.647781	1.602115511894226	10
687787	1133	3.9043	4.6471266746521	10
688027	1558	3.036039	2.719696521759033	10
1297449	1598	3.205538	3.363210678100586	10
1330985	1810	-2.34187	1.4603008031845093	10
724869	1017	4.679069	4.385649681091309	10
1240223	1824	3.707001	3.1138997077941895	10
688011	1594	3.808815	2.809415102005005	10
1503361	1259	4.592481	3.9127559661865234	10
753621	1084	-0.188136	2.7933168411254883	10
1240219	1008	-0.319849	2.969877243041992	10
910781	1785	4.582219	3.9516074657440186	10
724872	2096	2.109041	3.579441547393799	10
688006	1237	5.033186	3.6522116661071777	10
753538	2002	4.825453	2.9140431880950928	10
998189	1777	5.328132	3.6246867179870605	10
1331045	1910	-1.112732	0.9694816470146179	10
905935	1057	1.221979	3.1864013671875	10
905991	1025	4.06324	4.2255096435546875	10
1303900	1529	2.184656	3.840604066848755	10
909256	1714	5.102742	3.600850820541382	10
910921	1581	2.009575	3.665266990661621	10
1503363	1025	5.496467	4.064204692840576	10
1298362	1036	3.488498	2.5967698097229004	10
687815	1061	3.414173	2.8558430671691895	10
1659818	1089	2.389801	1.7825382947921753	10
909740	1809	2.282071	2.1324262619018555	10
907045	1512	3.547247	2.882721424102783	10
713899	1062	4.574844	3.579441547393799	10
946354	2109	1.33175	4.064204692840576	10
907065	1785	6.10133	3.8290252685546875	10
1240174	1614	4.003273	3.483339786529541	10
910952	1932	2.553761	3.659695863723755	10
909706	1510	5.30572	3.4476170539855957	10
724878	1510	5.209176	3.1678547859191895	10
905982	2039	3.807087	3.3639373779296875	10
1330982	2107	4.18597	1.7242217063903809	10
1240199	1375	9.52028	2.800086259841919	10
724825	1926	-2.556241	1.4771908521652222	10
1240162	1250	2.551912	2.6666412353515625	10
910933	1918	5.487285	3.1883764266967773	10
1503361	1618	2.619299	4.864414215087891	10
910947	1778	3.06799	2.2752339839935303	10
906801	1799	4.079387	3.4079670906066895	10
908450	1024	2.312142	2.8869051933288574	10
1331050	1494	-5.012694	1.2739850282669067	10
1480360	1931	4.923163	4.624065399169922	10
907318	2172	3.21469	3.8499186038970947	10
1330982	1553	-0.433571	1.7242217063903809	10
1240181	1732	3.59895	4.121618270874023	10
688058	1086	0.200767	1.9311860799789429	10
909719	1997	4.163796	2.423745632171631	10
909749	1024	-0.039052	2.9762935638427734	10
906826	2438	12.218334	3.840604066848755	10
1298359	1086	-0.21119	2.204148530960083	10
907062	1053	3.788517	2.770975112915039	10
753533	2046	3.701818	1.627512812614441	10
753558	1049	4.830775	3.3253021240234375	10
906834	1632	1.601436	1.3201860189437866	10
749709	1449	5.363916	3.4079670906066895	10
908462	1931	6.623901	4.474143981933594	10
906797	1200	2.649104	3.7493162155151367	10
688086	1428	5.095522	4.121618270874023	10
753576	1847	6.775371	2.987170696258545	10
713880	1809	-2.104512	2.186887502670288	10
949179	1529	0.594643	4.121618270874023	10
906792	1038	5.02185	3.840928077697754	10
924151	1720	4.475664	2.4407958984375	10
909747	1584	5.336826	3.1929330825805664	10
907279	1006	5.457337	3.960742950439453	10
910927	2154	2.768045	3.8987934589385986	10
724834	1553	5.175706	3.182494640350342	10
1659823	1808	3.191632	2.1324262619018555	10
910936	1558	0.793458	1.8042044639587402	10
687802	1032	0.520163	2.441396713256836	10
905991	1180	-2.695652	2.3497610092163086	10
907172	1052	4.29103	1.9975707530975342	10
1290725	1088	3.720452	2.4473767280578613	10
753533	1179	0.664066	1.627512812614441	10
687787	1738	-1.539059	3.3917152881622314	10
910907	1507	5.950037	4.034246444702148	10
905979	2498	8.255375	5.022588729858398	10
1509074	1037	1.998778	3.5467615127563477	10
925340	1847	4.291489	2.926602363586426	10
687980	1089	3.734431	2.186887502670288	10
753572	1618	4.267919	5.611246109008789	10
753608	1941	-4.079863	2.4330339431762695	10
909749	1034	-4.818204	2.728586196899414	10
905979	1816	5.566891	4.289420127868652	10
909728	1730	2.66796	3.3847148418426514	10
1298353	1093	3.444745	3.21982479095459	10
907791	1553	4.095308	1.4771908521652222	10
910710	1401	0.609885	0.859559178352356	10
909715	1038	2.507371	2.456777334213257	10
909725	1922	2.22952	3.001279830932617	10
907277	1598	2.738966	2.984423875808716	10
909253	1029	4.342034	2.269479751586914	10
910781	1014	3.535254	3.3431172370910645	10
1503365	1802	5.568441	4.13752555847168	10
753621	2040	1.344191	2.8916354179382324	10
949172	1007	-4.444895	-1.568009853363037	10
905991	1047	5.121671	4.624065399169922	10
908458	1922	-1.782454	2.9073431491851807	10
907789	1060	1.818041	1.6547273397445679	10
910924	1259	2.403294	3.500673770904541	10
724870	1584	2.603023	3.540168285369873	10
906869	1586	4.828173	3.051570415496826	10
910924	1032	1.160143	2.558743953704834	10
908130	1003	-2.01077	2.423046112060547	10
910702	2048	2.967012	-0.5337458252906799	10
909697	1180	-4.144882	2.2714943885803223	10
925338	1005	5.337535	2.882721424102783	10
687802	1614	7.200788	3.6295385360717773	10
906808	1012	0.537339	2.935044765472412	10
911905	1930	3.256224	4.070026397705078	10
910704	1626	5.355332	3.7527809143066406	10
1240212	1635	4.893285	3.817225217819214	10
749709	1013	3.083048	3.414581537246704	10
909773	1776	3.24299	2.358703851699829	10
908118	1925	4.069353	3.914597272872925	10
907788	1563	5.121613	3.7591490745544434	10
906746	1175	4.341518	4.08230447769165	10
910568	1025	5.339409	4.08184814453125	10
1327775	2170	1.993723	1.4771908521652222	10
753612	1615	5.521029	1.4771908521652222	10
906746	1268	5.589201	4.140800476074219	10
910922	2172	-0.487232	4.008654594421387	10
909735	1033	4.798414	3.9516074657440186	10
907295	1084	-2.73787	2.809415102005005	10
909762	1507	3.895795	1.9858585596084595	10
949174	2000	4.64709	2.6095643043518066	10
753558	1003	-2.76442	2.6528658866882324	10
906862	1375	6.009711	2.882721424102783	10
722058	1050	2.14577	-0.40190389752388	10
906837	1586	3.706616	3.0800790786743164	10
905967	1736	1.810641	3.0263571739196777	10
687459	1828	5.060004	2.9084205627441406	10
910933	1716	4.220693	3.7086265087127686	10
1240168	1062	5.16682	3.0920310020446777	10
688087	1999	5.279648	2.6095643043518066	10
1298349	2037	3.390248	3.6522116661071777	10
753574	2039	4.445225	3.3062334060668945	10
1503366	1939	4.38986	2.215552806854248	10
906862	1712	-3.740842	3.840604066848755	10
1240130	1512	4.74238	2.3206589221954346	10
1524417	1248	1.924284	5.022588729858398	10
687455	1630	3.878864	2.9762935638427734	10
905944	2038	4.556528	4.149604320526123	10
910927	2055	-0.154892	3.0695066452026367	10
1298219	1613	4.789047	4.02277946472168	10
907289	1783	5.610685	3.9422194957733154	10
724866	1631	3.753269	3.6295385360717773	10
909728	1802	3.987457	4.1245036125183105	10
909721	1873	2.988555	3.182494640350342	10
907274	1249	2.376513	2.9796087741851807	10
906872	2045	4.95706	2.6397337913513184	10
1240158	2499	10.622636	5.091068267822266	10
910546	1013	4.047659	4.1332197189331055	10
908152	1922	2.379704	3.5400285720825195	10
687586	1046	1.939177	2.0017781257629395	10
1659817	1248	-5.593522	3.636838912963867	10
687798	1249	3.054827	4.175133228302002	10
946370	1088	3.57677	2.731203556060791	10
713899	1933	2.922116	1.3157126903533936	10
946363	1057	-0.700763	2.6397337913513184	10
998189	2010	3.48253	3.103983163833618	10
909708	1093	3.362743	2.669844388961792	10
910079	1507	4.24705	3.555236577987671	10
713885	1060	4.143886	3.579441547393799	10
905944	1922	3.770018	2.982731342315674	10
946359	1583	3.746703	3.8987934589385986	10
924151	2177	1.479049	4.024961948394775	10
909773	1049	1.898811	1.9796026945114136	10
905980	1777	7.212301	3.5467615127563477	10
907066	1919	1.465377	2.882439374923706	10
905935	1010	4.153941	3.9625084400177	10
906763	1618	1.316089	3.8076560497283936	10
905948	1739	4.513414	3.5467615127563477	10
905935	1022	0.997887	4.310792922973633	10
1290905	1061	5.340275	3.600850820541382	10
908462	1239	1.219246	4.167845249176025	10
687820	2109	3.53354	4.0460524559021	10
687588	1030	5.480551	4.08230447769165	10
905967	1614	2.262309	3.6295385360717773	10
753552	1581	1.818606	3.5111312866210938	10
905933	1133	4.139754	4.624065399169922	10
1298218	1913	6.030566	5.611246109008789	10
1298348	1830	2.275165	3.007452964782715	10
1330947	1996	2.796406	0.8913019299507141	10
907272	1630	2.433495	1.9858585596084595	10
910911	1828	4.281838	2.9140431880950928	10
1290724	1911	-5.029187	3.8194847106933594	10
906793	1924	4.240686	3.068603277206421	10
1240146	2170	3.665475	3.182494640350342	10
1299070	1918	4.775707	3.41501784324646	10
998184	1016	-0.862577	1.8698523044586182	10
1674021	1062	2.865634	1.702409267425537	10
1240182	1849	1.773695	1.3708062171936035	10
753541	2044	2.485707	2.4473767280578613	10
910079	1779	1.378058	3.555236577987671	10
924108	1733	1.95225	3.6246867179870605	10
1331037	2171	0.748807	1.87606680393219	10
924244	1401	1.545768	2.3809995651245117	10
753592	1930	0.124013	3.9161975383758545	10
905949	2177	1.230006	4.149604320526123	10
907042	1050	1.421623	-1.3979380130767822	10
907318	1512	4.851576	1.8858522176742554	10
905991	1916	3.756757	3.738938331604004	10
1298538	1564	0.970389	2.8558430671691895	10
753575	1011	3.595973	2.215552806854248	10
924189	1549	1.92511	2.7063403129577637	10
1480361	1010	3.227107	2.9724771976470947	10
910920	1052	3.704946	1.627512812614441	10
907061	1012	0.728808	3.0800790786743164	10
687777	1821	4.857523	3.007452964782715	10
924189	1855	4.197143	1.0802843570709229	10
924238	1855	3.892741	2.6794660091400146	10
1240142	1831	3.678784	3.3005871772766113	10
908465	1199	5.142474	4.1472649574279785	10
906813	1529	2.884043	3.749098777770996	10
909744	1200	2.373017	4.1269354820251465	10
909708	1911	-6.368384	3.8194847106933594	10
687459	2043	5.826636	3.5268256664276123	10
1290455	1561	-0.325908	2.2752339839935303	10
906693	1131	5.515702	5.400947570800781	10
909746	1022	2.156832	1.8855098485946655	10
924107	1829	2.536339	2.873957633972168	10
907058	1918	5.140924	3.068603277206421	10
946367	1632	4.134637	2.0017781257629395	10
1330973	1054	6.971925	1.8904675245285034	10
906795	1849	1.589141	2.4407958984375	10
908462	1025	5.608399	4.015522480010986	10
910399	1029	5.458026	2.982731342315674	10
910937	1911	-4.059843	3.667245388031006	10
908472	1912	5.471683	3.182494640350342	10
753594	1049	3.090732	2.839656352996826	10
753563	1814	5.178465	1.7825382947921753	10
905946	1928	5.626385	3.7527809143066406	10
687802	1250	4.535375	3.6295385360717773	10
907286	1582	4.260308	3.540168285369873	10
1240129	2000	4.992457	3.4338154792785645	10
1240218	1016	3.658145	3.8233330249786377	10
905962	1832	4.062423	3.103983163833618	10
1660035	1714	2.50003	1.702409267425537	10
1240174	1093	4.429654	3.538984775543213	10
1240186	1936	2.459827	2.839656352996826	10
1524417	1177	4.934702	4.091010093688965	10
1298216	1632	3.913177	2.581526756286621	10
905956	1191	-4.755644	1.7620841264724731	10
688031	1594	2.466503	2.809415102005005	10
949094	1449	6.091929	3.7086265087127686	10
909905	1917	1.958511	4.08230447769165	10
1240123	1086	-2.632157	1.8855098485946655	10
910079	1932	1.568432	3.0811033248901367	10
925340	1512	6.23883	2.559967041015625	10
1331045	1449	4.630725	1.8367098569869995	10
749713	1933	3.106463	1.0590918064117432	10
909708	1783	5.195515	3.8194847106933594	10
910934	1833	-1.234188	2.1250033378601074	10
905990	1817	-2.835393	3.518422842025757	10
1322224	2156	0.793138	3.5992326736450195	10
1299080	2362	4.843631	3.068603277206421	10
909249	1924	1.470568	1.4771908521652222	10
909745	1997	5.11717	2.244903087615967	10
910710	1512	4.76913	0.4704608619213104	10
724859	1084	-0.506633	3.182494640350342	10
753621	1928	5.577871	3.8499186038970947	10
753608	1598	4.07846	4.0460524559021	10
906877	1080	-4.137581	-1.0915402173995972	10
724874	1627	4.227359	4.149604320526123	10
1240187	1836	2.616386	3.007452964782715	10
753538	2044	3.813845	2.4473767280578613	10
1298356	1627	3.640911	3.9927358627319336	10
687802	1510	4.696283	3.1678547859191895	10
1290798	1997	3.699183	1.7118679285049438	10
1479988	2045	5.53755	3.41501784324646	10
908472	1940	3.026864	4.0460524559021	10
1303901	1940	2.885467	3.6611862182617188	10
907790	1866	1.819906	3.242476224899292	10
908443	1069	2.896905	3.3847148418426514	10
1240170	1494	-3.110564	2.731203556060791	10
688021	1849	1.054886	1.3708062171936035	10
1330985	2177	1.318365	2.6113011837005615	10
1331037	1936	1.092599	1.9796026945114136	10
1298167	1629	4.407379	1.372878074645996	10
753549	1917	2.061228	4.08230447769165	10
905959	1630	4.551345	3.738938331604004	10
909704	1814	5.695331	2.177072525024414	10
1240181	1510	0.485695	1.3807052373886108	10
907053	1560	3.425818	2.2752339839935303	10
909250	1786	2.625526	3.3253021240234375	10
1331048	1825	-1.856689	2.1250033378601074	10
1247871	1594	0.038525	1.8698523044586182	10
905944	1912	5.062866	3.182494640350342	10
909718	1939	3.645197	2.3025166988372803	10
924108	1016	0.856194	3.168914794921875	10
1479988	1079	-0.919272	3.738938331604004	10
687802	1049	5.006132	2.982731342315674	10
946355	1840	2.743914	2.987170696258545	10
749717	1585	4.500551	3.121943473815918	10
949094	1733	1.093978	3.7086265087127686	10
905944	2039	3.439856	3.1176576614379883	10
924188	1632	4.530597	1.8936399221420288	10
687812	1585	4.145913	3.1176576614379883	10
908145	1511	-1.073085	2.1613223552703857	10
909725	1054	3.518803	1.9975707530975342	10
909249	1582	2.756995	2.40151309967041	10
909719	1441	1.490062	3.414473295211792	10
687802	1939	1.789509	2.4330339431762695	10
905941	1615	6.59641	3.258452892303467	10
909725	1079	2.053689	3.714634418487549	10
1298223	1072	6.362537	4.1245036125183105	10
1240168	1730	3.26092	3.441511631011963	10
908457	1191	-4.712846	1.2113308906555176	10
1322224	2106	3.792395	2.894710063934326	10
687821	1068	2.483403	2.4330339431762695	10
687562	1840	0.186404	3.308743476867676	10
908452	1036	3.065507	3.271430492401123	10
909736	1561	1.878933	3.414473295211792	10
1330984	1924	2.927696	1.7242217063903809	10
687568	1024	0.660157	3.7086265087127686	10
946382	1940	3.778429	3.8423173427581787	10
946369	1799	2.997702	2.8869051933288574	10
1240218	1999	6.83428	3.6259889602661133	10
910951	1131	1.80876	2.904543876647949	10
910905	1911	-2.652503	3.9422194957733154	10
998184	1003	-4.346346	0.6676623821258545	10
687995	2057	3.994528	2.94399094581604	10
687568	1057	-1.994204	3.1883764266967773	10
905941	1250	1.552844	3.671565055847168	10
749710	1629	5.816952	1.0590918064117432	10
905985	1021	2.686892	3.163205146789551	10
907794	1058	1.74039	3.168914794921875	10
753545	1129	3.567787	3.068603277206421	10
924241	1502	5.253928	3.472874641418457	10
907311	1714	-0.905889	1.1255539655685425	10
909263	1058	1.895327	3.168914794921875	10
910698	1584	3.661104	3.576129674911499	10
910546	1494	-3.316987	2.969877243041992	10
687505	1585	4.597202	3.0367047786712646	10
906830	1149	0.801148	2.366067409515381	10
688018	1776	5.087766	2.964301109313965	10
1298146	2011	5.195294	4.055028438568115	10
1480367	1026	-0.890958	1.5032092332839966	10
905952	1776	3.045485	2.112025260925293	10
907281	1449	3.852574	2.504974365234375	10
909709	2177	2.491992	3.7898216247558594	10
907313	1582	3.591624	3.3639373779296875	10
1240162	1835	3.617319	2.9140431880950928	10
753535	1036	3.643391	2.5967698097229004	10
688086	1025	4.980474	3.965776205062866	10
1503370	2110	5.09681	4.149604320526123	10
907042	1836	1.819973	3.1924679279327393	10
687586	2171	3.342136	3.698690414428711	10
907281	1051	1.832832	-2.965785503387451	10
946368	1014	2.33181	3.0920310020446777	10
910903	1179	-0.5744	1.9975707530975342	10
906696	2173	2.371138	3.863271951675415	10
1299080	2171	2.499987	3.4476170539855957	10
905990	1584	3.055817	3.518422842025757	10
905954	2171	2.829982	3.4476170539855957	10
908147	1631	1.909628	1.9858585596084595	10
735784	1086	-0.985814	2.204148530960083	10
1330947	1449	3.824214	1.5496560335159302	10
905957	1008	3.480325	2.882721424102783	10
905940	2040	-0.624047	1.4569085836410522	10
924111	1042	4.452077	4.752235412597656	10
1290798	1048	6.273053	3.87074875831604	10
906842	1024	-2.740618	1.8367098569869995	10
910936	1050	2.029314	-1.2452424764633179	10
1331038	2057	4.718229	2.1250033378601074	10
906765	1821	2.175095	2.255967140197754	10
910935	2156	0.772996	2.9796087741851807	10
688021	1259	5.451927	3.425015926361084	10
907046	1013	2.369655	3.414581537246704	10
910921	1918	1.910417	3.068603277206421	10
753579	1941	-5.560448	2.366067409515381	10
1298168	2145	-0.113539	3.4140262603759766	10
753552	1783	4.314327	3.8290252685546875	10
905972	1060	0.450212	3.0263571739196777	10
910933	1634	3.586813	5.148377895355225	10
1240143	1832	4.445372	3.3005871772766113	10
1240220	1925	5.235572	4.289420127868652	10
906863	1032	-1.260062	1.8042044639587402	10
906814	1250	2.790884	3.714634418487549	10
906693	1048	5.229529	4.385649681091309	10
1503362	1177	4.515225	3.9127559661865234	10
1503369	1073	4.821106	4.175133228302002	10
906818	1821	4.671884	3.2270889282226562	10
753548	1782	4.315507	2.2146568298339844	10
906763	1088	1.195178	0.6676623821258545	10
910689	1582	6.80104	3.1929330825805664	10
909974	1908	2.264836	3.603015184402466	10
907789	1191	-6.326402	0.12529674172401428	10
1240167	1779	0.927814	3.555236577987671	10
910549	1941	-2.888803	2.215552806854248	10
1659817	1011	1.981835	0.6579291224479675	10
907791	1008	2.962735	1.7825382947921753	10
722046	1852	4.442596	4.175133228302002	10
910900	1043	5.531322	5.264741897583008	10
753559	1053	2.696417	2.7933168411254883	10
1240217	1617	0.371309	2.423745632171631	10
909729	1635	5.427522	4.070613861083984	10
1240123	2438	10.451476	3.9422194957733154	10
908124	1917	2.542412	3.840928077697754	10
1298359	1049	4.208821	2.8916354179382324	10
910948	1096	1.536325	0.3187130391597748	10
910850	1802	4.586724	4.055028438568115	10
907051	1029	4.062611	3.0292985439300537	10
909709	1908	2.870719	2.5967698097229004	10
753547	1830	1.287175	2.94399094581604	10
909727	1553	1.550992	3.068603277206421	10
909761	1583	3.329118	3.9653947353363037	10
907170	1738	-1.947946	1.3807052373886108	10
753595	1050	6.188947	-0.5337458252906799	10
1240145	1631	2.675595	3.6295385360717773	10
905957	1576	3.081657	3.8423173427581787	10
753589	1598	4.528898	3.6611862182617188	10
906830	1824	2.705837	3.2270889282226562	10
907291	1019	1.27207	3.6246867179870605	10
724868	2439	9.066724	4.175133228302002	10
905978	1843	-0.085915	2.6528658866882324	10
907787	1736	3.454701	1.6547273397445679	10
905990	1558	4.487601	2.9724771976470947	10
1524415	1924	1.548107	2.8669216632843018	10
906804	1200	2.828264	4.306173324584961	10
908440	1191	-5.502798	1.2584387063980103	10
713885	1010	4.289047	2.719696521759033	10
910952	1561	0.64541	2.8669216632843018	10
949175	1030	4.191579	3.1071386337280273	10
906833	1583	2.836068	3.753593921661377	10
906868	1581	3.098035	3.6566667556762695	10
910698	1021	3.035311	3.3253021240234375	10
909737	1250	1.969972	3.6183977127075195	10
907281	1854	3.643013	3.0461204051971436	10
753585	1051	1.050581	0.6119430661201477	10
910698	1812	3.313632	2.6528658866882324	10
1303900	1062	4.477823	3.600850820541382	10
949176	1008	2.655251	0.9508704543113708	10
687980	1558	3.778194	2.719696521759033	10
1290769	1845	2.9219	3.103983163833618	10
908145	1559	-3.762752	1.2217930555343628	10
908122	1511	-0.404266	2.882721424102783	10
687983	1853	3.310795	2.935044765472412	10
924151	1716	4.468729	3.667311191558838	10
687588	1799	6.394768	3.7086265087127686	10
1298531	1011	3.781755	1.8793975114822388	10
909712	2177	2.281131	4.121234893798828	10
1299081	1494	-4.589042	2.3206589221954346	10
907281	1072	4.133671	2.810725688934326	10
907280	1776	3.677151	2.3528759479522705	10
753556	1852	4.979669	4.1245036125183105	10
949173	1053	0.501048	2.6397337913513184	10
911905	1557	7.397171	2.2277088165283203	10
1480371	1054	4.625719	2.3497610092163086	10
753610	1237	5.083855	3.6522116661071777	10
1298347	1998	3.855856	4.175133228302002	10
907311	1829	-0.236481	1.9298605918884277	10
753576	1010	4.240801	2.1264395713806152	10
907289	1018	5.40166	3.829958915710449	10
907270	1558	1.483068	2.469301462173462	10
906869	1511	0.472067	2.559967041015625	10
908125	1778	4.263472	3.068603277206421	10
906825	1190	-5.473842	2.800086259841919	10
1479995	2043	4.82193	4.070026397705078	10
946358	1913	3.349078	3.8076560497283936	10
908473	1048	5.474047	3.9161975383758545	10
949088	1927	3.772093	1.8367098569869995	10
906875	1237	4.695166	3.8419442176818848	10
753547	1079	3.068705	2.790163993835449	10
1295741	1011	3.910645	0.6579291224479675	10
909907	2110	5.891059	3.8987934589385986	10
753558	1133	2.936061	4.717606544494629	10
905939	1042	4.53498	4.992271900177002	10
687568	2046	4.577148	2.0017781257629395	10
905933	1249	4.067944	4.276553630828857	10
1240219	2055	5.59903	3.6259889602661133	10
735784	1821	4.093617	2.987170696258545	10
908447	1778	4.602301	2.6397337913513184	10
910549	2113	2.548596	2.987170696258545	10
1330985	1259	-0.751479	2.456777334213257	10
906834	1913	4.120234	4.4772562980651855	10
910903	1849	-0.769826	2.366067409515381	10
949176	1919	1.114485	2.7063403129577637	10
753538	1013	3.445634	2.9786183834075928	10
905956	1782	6.02094	3.749098777770996	10
905947	1824	2.952488	3.4140262603759766	10
753556	1268	5.628955	4.16934871673584	10
1303900	1998	5.252296	3.840604066848755	10
1480359	1578	4.536711	2.800086259841919	10
909740	1932	3.896564	3.233400344848633	10
924102	2037	5.277372	4.024961948394775	10
908463	1811	-0.726968	4.175133228302002	10
909256	1005	3.154564	2.882721424102783	10
1503362	2438	10.869068	4.13752555847168	10
909735	1463	3.01345	3.0292985439300537	10
1479987	1372	1.797365	3.3246326446533203	10
910935	1559	-4.360836	0.4234246611595154	10
687506	1821	3.081941	2.873957633972168	10
1240179	1782	5.210843	3.817225217819214	10
930301	1089	4.737442	2.3206589221954346	10
1295741	1051	-2.865128	-2.965785503387451	10
1298146	1629	5.146827	1.8031330108642578	10
924108	1776	4.881492	3.242476224899292	10
907281	1825	-2.539693	2.255967140197754	10
907285	1023	2.754276	3.3385162353515625	10
946369	1079	-1.623444	2.8869051933288574	10
910549	1190	-1.343487	1.8858522176742554	10
910921	1849	-1.106313	2.366067409515381	10
724869	1931	6.463359	5.400947570800781	10
1240121	1563	5.837687	3.7898216247558594	10
971777	1529	-1.479034	3.749098777770996	10
1240145	2043	5.015648	3.9161975383758545	10
906792	1084	-2.251876	3.068603277206421	10
910861	1911	-7.113407	2.9796087741851807	10
905967	2361	4.567987	3.182494640350342	10
907287	2003	6.046751	3.103983163833618	10
1503363	1845	0.791785	2.987170696258545	10
1524418	2044	5.757951	2.6528658866882324	10
1240168	1998	3.863017	4.070613861083984	10
907787	1814	3.849665	0.6676623821258545	10
907272	1036	3.609592	1.6547273397445679	10
905977	1250	5.968178	3.714634418487549	10
909253	1061	4.150075	2.222018241882324	10
905944	1738	2.322184	3.1678547859191895	10
753551	1084	-0.803048	2.809415102005005	10
910399	1012	1.626852	3.1176576614379883	10
1330984	1250	-1.332193	1.8367098569869995	10
908129	2037	6.228895	3.896894693374634	10
907312	1714	-1.512356	2.865792751312256	10
909252	1917	1.340073	2.2794113159179688	10
713899	1080	-4.215189	-1.5959957838058472	10
907300	1050	1.54201	-1.4251677989959717	10
905958	2037	4.270003	2.2634902000427246	10
722066	1079	3.422625	3.6295385360717773	10
909761	1910	-0.91953	2.3025166988372803	10
1503366	1083	4.148733	2.8916354179382324	10
909975	1625	4.526683	3.7439751625061035	10
909248	1058	3.65954	2.6615853309631348	10
910700	1449	6.693422	3.6246867179870605	10
924108	1069	3.638627	3.242476224899292	10
906865	1054	2.855002	1.9975707530975342	10
909781	1047	7.965019	4.717606544494629	10
687777	2043	6.706517	3.9161975383758545	10
910704	1401	1.95208	1.7595288753509521	10
908123	1586	4.637677	3.121943473815918	10
1330995	1811	-4.648966	2.9796087741851807	10
1509074	1799	2.683343	3.5467615127563477	10
687568	1175	5.095585	4.08230447769165	10
909263	1843	-0.631027	2.1324262619018555	10
946359	1239	3.603356	3.840604066848755	10
724873	1062	1.473981	3.0263571739196777	10
1299050	1578	5.189748	2.4473767280578613	10
910688	1915	1.987386	1.982007384300232	10
1299059	1821	3.460592	2.9140431880950928	10
917486	1999	5.07399	3.103983163833618	10
753545	1911	-5.221466	3.749098777770996	10
905952	1828	2.644206	1.6228305101394653	10
687448	1802	5.338344	3.749098777770996	10
1480367	1936	3.505467	3.253695487976074	10
753594	2158	2.975697	3.6522116661071777	10
908480	1511	-0.686152	2.186887502670288	10
930299	1913	5.649074	4.917503356933594	10
908125	1617	2.079987	2.366067409515381	10
946368	1820	1.8403	3.308743476867676	10
906851	1999	3.937988	3.0695066452026367	10
724872	1085	1.566087	2.790163993835449	10
753620	1714	2.93688	1.0802843570709229	10
1297447	1873	1.710731	1.4771908521652222	10
907319	1804	3.972961	2.987170696258545	10
687794	1557	4.891411	2.4330339431762695	10
925347	1042	6.671677	5.907245635986328	10
753535	1909	3.044686	1.8793975114822388	10
917486	1917	2.565918	3.829958915710449	10
1240187	1080	-3.746398	-0.40190389752388	10
907055	1620	5.036677	3.5254318714141846	10
910900	1831	2.896498	3.007452964782715	10
688018	1018	6.291739	3.425015926361084	10
906863	1713	2.028422	2.5967698097229004	10
910919	1621	2.450433	2.273353099822998	10
687457	1778	4.808776	3.1154963970184326	10
687514	1007	-3.799454	-0.4974880516529083	10
687815	1019	0.332212	3.671565055847168	10
909755	1831	3.698525	3.103983163833618	10
910079	1931	6.420704	4.6279377937316895	10
905974	1576	2.473302	4.085119247436523	10
906798	1625	4.681511	3.5111312866210938	10
907274	1853	3.834464	2.273353099822998	10
1298357	1250	5.199496	3.3034615516662598	10
749715	1250	1.858509	3.4079670906066895	10
906870	1940	2.214153	3.107543468475342	10
910921	1016	-0.717037	3.068603277206421	10
909751	1259	1.62069	3.829958915710449	10
688018	1012	0.523694	2.935044765472412	10
905944	1918	5.280983	3.182494640350342	10
1322212	1939	0.982356	1.3708062171936035	10
949171	1808	-1.7275	0.9508704543113708	10
906805	1916	3.786916	3.6295385360717773	10
753616	1558	2.861688	2.7063403129577637	10
753541	1564	2.353656	2.5967698097229004	10
1298358	1584	3.679433	3.051570415496826	10
753621	1177	5.138492	3.9127559661865234	10
1240123	1853	4.452671	3.1929330825805664	10
910924	1441	-0.37589	2.894710063934326	10
749709	1585	4.568793	3.121943473815918	10
909729	1259	2.774368	4.08230447769165	10
907788	1910	1.236423	4.567356109619141	10
910852	1067	5.795474	1.7595288753509521	10
910691	1580	4.570116	3.7696752548217773	10
907272	1614	2.202285	1.9858585596084595	10
687777	1149	1.833647	2.4330339431762695	10
907787	1622	3.994376	2.984423875808716	10
1524415	1557	2.260158	1.9703428745269775	10
1298353	1512	5.543497	2.4452097415924072	10
910918	2096	2.326477	2.118393659591675	10
905991	1635	4.362288	4.276553630828857	10
687777	2149	4.329329	4.149604320526123	10
1479987	1809	-1.060085	2.800086259841919	10
724866	1549	4.11915	2.441396713256836	10
910399	1023	3.586122	2.982731342315674	10
910927	1200	2.526215	3.9955039024353027	10
905952	1621	2.499867	1.9445909261703491	10
906832	1049	2.789686	1.9796026945114136	10
910545	2040	-0.150746	2.269479751586914	10
1479995	1617	-2.844997	2.2277088165283203	10
909702	1598	2.632304	2.984423875808716	10
1503368	1378	6.196335	1.8858522176742554	10
907314	1133	3.284863	3.906100273132324	10
753533	1023	2.312217	3.3253021240234375	10
1503363	2057	6.402447	2.987170696258545	10
687787	1630	4.560358	3.671565055847168	10
753614	1626	3.1688	3.8499186038970947	10
909738	1494	0.062137	2.82709002494812	10
1303900	2057	3.114172	3.0695066452026367	10
949153	1022	-2.091074	0.781008780002594	10
910554	1617	4.987978	2.3025166988372803	10
753592	1834	2.141916	3.007452964782715	10
688025	1930	-0.415751	3.425015926361084	10
946359	1054	5.622013	1.7595288753509521	10
907295	1014	3.333901	3.579441547393799	10
1298358	1834	3.653695	2.926602363586426	10
713880	1560	4.255099	2.809415102005005	10
1503371	1512	4.340587	1.8858522176742554	10
1298347	1621	4.19223	3.1176576614379883	10
946382	1089	5.096834	2.882721424102783	10
910700	1843	1.254804	2.1324262619018555	10
909257	1034	-3.510352	3.253695487976074	10
946353	1010	3.802831	2.1264395713806152	10
909252	2043	3.549792	2.2794113159179688	10
908462	1149	1.756798	1.8085967302322388	10
753576	1908	4.383475	3.2175168991088867	10
924108	1086	-2.555342	1.8855098485946655	10
908481	1038	4.658888	3.425015926361084	10
1240217	2156	3.530872	4.055028438568115	10
910899	1009	4.932351	3.667245388031006	10
1303900	1936	2.095172	3.303542137145996	10
753573	2148	1.692499	2.987170696258545	10
905955	1634	4.655349	4.081931114196777	10
949090	2045	5.384838	3.41501784324646	10
687592	1855	5.155633	3.0920310020446777	10
924238	1739	2.642086	3.667311191558838	10
713878	1830	2.613879	2.94399094581604	10
909738	1828	5.545583	3.2545552253723145	10
910568	1916	4.754504	3.667311191558838	10
906835	1561	4.807494	3.1883764266967773	10
1299059	1998	5.788042	3.8194847106933594	10
687819	2173	4.607506	3.959714889526367	10
905979	2048	0.860472	0.6119430661201477	10
905956	1199	6.106907	4.282721519470215	10
907792	1627	4.882063	3.9653947353363037	10
1240160	1576	2.130749	4.134522914886475	10
907794	1086	0.499292	1.8855098485946655	10
910545	1855	4.89949	2.222018241882324	10
949176	2174	3.309023	4.121618270874023	10
924240	1720	2.981594	1.7118679285049438	10
1240209	1776	4.229664	2.9976632595062256	10
907282	1928	5.459013	3.6566667556762695	10
908144	1042	4.908375	4.100007057189941	10
906863	1593	3.089884	3.0800790786743164	10
1240189	1625	4.459653	3.3166732788085938	10
1240162	1847	5.788536	2.9140431880950928	10
908448	1915	1.949644	1.982007384300232	10
687821	2037	7.010899	4.149604320526123	10
1331038	1782	4.235377	2.9796087741851807	10
907062	2040	1.937166	2.8739280700683594	10
1240204	1873	0.801138	2.770975112915039	10
910781	2156	3.00653	3.9516074657440186	10
905938	1632	3.276377	1.224032998085022	10
1330941	1016	-2.07313	2.327136754989624	10
907051	1834	1.172961	3.1092724800109863	10
1240222	1803	4.534103	3.4338154792785645	10
905963	1932	4.360744	3.659695863723755	10
687505	1840	0.08126	2.873957633972168	10
688011	2046	4.255103	1.8904675245285034	10
753610	2002	4.049229	2.94399094581604	10
1297447	1029	4.934732	1.9874942302703857	10
905990	1918	5.290357	3.41501784324646	10
1299052	1918	4.608066	2.770975112915039	10
724866	1013	5.220138	3.602928638458252	10
909709	1558	1.430399	1.8042044639587402	10
905971	1563	4.92635	3.9653947353363037	10
1298151	1428	5.241273	4.055028438568115	10
1240130	1627	2.373881	3.859863758087158	10
906804	1449	3.63487	3.5092647075653076	10
906797	1237	5.083887	3.806361198425293	10
905962	1835	2.650534	3.103983163833618	10
753585	1510	4.266699	3.659695863723755	10
907790	1025	4.464741	4.0327277183532715	10
910948	1912	0.004751	2.327136754989624	10
910691	1618	3.946321	4.68882417678833	10
905963	1627	2.41882	4.167542457580566	10
911905	1940	5.697065	4.2255096435546875	10
1290905	1933	3.520675	1.0590918064117432	10
713878	1779	1.295288	2.790163993835449	10
946373	2044	4.566328	2.1613223552703857	10
753573	1911	-6.157683	4.13752555847168	10
1240198	1808	1.732549	2.800086259841919	10
1480364	1029	6.427262	3.253695487976074	10
910932	1712	-2.282797	3.749098777770996	10
749711	1779	0.559335	3.4079670906066895	10
909719	1624	3.848136	3.8703455924987793	10
753624	1845	3.85898	3.6259889602661133	10
753584	2498	7.425781	4.040041923522949	10
907788	1093	2.460666	5.751394271850586	10
907289	1024	-0.174242	3.6246867179870605	10
735784	2172	3.868734	3.8499186038970947	10
1298168	1036	5.280417	3.603015184402466	10
907790	2048	-5.042099	-1.1138561964035034	10
1240167	1940	5.069877	4.064204692840576	10
1298531	1051	1.533405	-1.2452424764633179	10
724870	1913	5.151662	5.611246109008789	10
1331033	1806	2.756741	1.2739850282669067	10
907171	2043	4.459853	3.840928077697754	10
1240178	1096	3.734072	-0.1632053554058075	10
907071	1739	1.076638	3.6183977127075195	10
908129	1617	1.947768	2.1180777549743652	10
907318	1578	5.002379	1.8858522176742554	10
909974	1180	-1.104162	1.627512812614441	10
910546	1634	5.089548	5.611246109008789	10
1240172	1053	4.702928	2.327136754989624	10
907318	1786	2.062567	2.8916354179382324	10
753551	1630	4.990078	2.790163993835449	10
908128	1029	6.159526	3.001279830932617	10
910921	2038	4.570392	3.859863758087158	10
1503367	2498	7.746783	4.864414215087891	10
1297446	1168	2.284919	1.5122209787368774	10
910927	1840	0.619342	3.0695066452026367	10
909975	2003	4.777474	3.2031898498535156	10
909252	1428	3.319591	2.4375717639923096	10
1330991	2048	-5.625321	-1.4251677989959717	10
724870	1733	1.685458	4.034246444702148	10
908470	2107	7.367166	3.7014970779418945	10
905945	1091	2.370526	3.3396048545837402	10
910926	1843	-2.372077	2.177072525024414	10
1303900	1085	1.906934	3.4079670906066895	10
1290922	1815	5.339265	3.840604066848755	10
753551	1808	-2.598625	2.186887502670288	10
909744	2113	2.090996	2.5577030181884766	10
908121	2159	5.040173	3.8987934589385986	10
906844	2002	3.17554	3.0695066452026367	10
925347	1084	0.350817	3.8233330249786377	10
907275	1908	0.294486	2.222018241882324	10
906851	1739	3.00224	3.4079670906066895	10
909974	1052	3.992299	1.627512812614441	10
908455	2047	2.369775	2.744269847869873	10
905961	1012	0.640992	3.1929330825805664	10
905980	2498	10.223356	5.022588729858398	10
907042	2177	0.886061	3.638568878173828	10
1240162	1133	4.892631	4.556857585906982	10
1298537	1494	-1.63944	2.5616421699523926	10
753541	1049	4.445391	2.8739280700683594	10
905934	1832	4.669541	4.035381317138672	10
1240179	1558	2.911279	2.4715399742126465	10
910952	1563	6.158566	4.167542457580566	10
905940	1016	1.392067	2.449577808380127	10
909194	1007	-5.257323	-1.5959957838058472	10
907057	1553	5.225244	3.414473295211792	10
1659819	1036	-2.787767	2.118393659591675	10
907787	1029	4.648065	1.216705560684204	10
905963	1635	6.454829	4.222072601318359	10
749712	2003	4.988038	3.0695066452026367	10
946366	1873	2.596659	3.1883764266967773	10
906818	1018	5.3728	3.840928077697754	10
753588	1175	3.135723	3.425015926361084	10
753624	2096	1.273229	3.096820116043091	10
687821	1714	3.535725	3.0263571739196777	10
949174	1026	0.286272	1.2584387063980103	10
753563	1845	-2.043964	2.255967140197754	10
908129	1036	4.12141	3.3431172370910645	10
1297439	1549	4.558265	2.719696521759033	10
753545	1062	-2.920743	0.5069301724433899	10
906870	1936	1.922431	2.269479751586914	10
1298350	2000	5.852461	3.007452964782715	10
1503371	1799	-1.71278	3.555236577987671	10
753585	1862	-1.155741	0.6422416567802429	10
753531	1133	2.55452	4.556857585906982	10
909737	1249	4.650083	4.055028438568115	10
1479987	1089	4.385581	2.800086259841919	10
1299081	1012	1.574724	3.2780561447143555	10
910932	1924	4.892724	3.068603277206421	10
1298226	1026	-0.534931	1.5285433530807495	10
1298526	1778	5.846324	3.8233330249786377	10
1330950	1713	0.109157	2.2942638397216797	10
909755	2055	2.417214	3.103983163833618	10
910781	2110	5.326278	3.896894693374634	10
907058	1939	1.67761	2.366067409515381	10
1290908	1849	-0.22176	2.4330339431762695	10
907289	1017	5.11702	3.829958915710449	10
909784	1828	3.794909	3.2270889282226562	10
909253	1059	-0.309822	2.2752339839935303	10
906877	1032	0.455395	1.5122209787368774	10
1298134	1047	4.048735	4.178958892822266	10
1298349	2096	3.397895	3.579441547393799	10
910924	1199	2.98238	3.6294445991516113	10
1240161	2044	3.443714	2.4473767280578613	10
906868	1928	5.320503	3.6566667556762695	10
910937	1529	-2.024556	3.667245388031006	10
905984	1922	0.942654	3.0697436332702637	10
906863	1582	3.698196	3.0800790786743164	10
930083	1529	7.280743	4.041332721710205	10
1290922	2113	2.694648	3.0695066452026367	10
909746	1738	1.76723	3.233400344848633	10
949154	1086	-0.102596	1.8844949007034302	10
1240130	1614	2.61324	3.714634418487549	10
905967	1806	5.911763	2.5616421699523926	10
907274	1059	-1.337582	1.7242217063903809	10
753575	2043	6.094154	3.9127559661865234	10
1298357	1038	2.020684	3.500673770904541	10
1290797	1634	4.00487	5.611246109008789	10
906801	1008	2.649014	2.882721424102783	10
713869	1627	3.755415	4.149604320526123	10
907063	1561	0.096403	1.7242217063903809	10
753564	1632	2.514051	1.8904675245285034	10
907062	1708	2.70431	2.1348180770874023	10
905977	2177	3.266612	3.859863758087158	10
724839	1834	4.424283	2.873957633972168	10
1330982	1917	-1.452053	2.188417911529541	10
907169	1250	3.323484	3.714634418487549	10
905971	1810	-0.023491	2.1324262619018555	10
1298359	1836	4.756745	2.987170696258545	10
724866	1061	5.777107	3.0263571739196777	10
1303900	1933	3.43445	1.0590918064117432	10
753538	1250	1.940714	2.6666412353515625	10
1290797	2109	2.214209	4.4177727699279785	10
908130	2499	10.144787	4.68882417678833	10
909251	1712	-4.294351	2.4375717639923096	10
753545	1199	5.285432	4.282721519470215	10
949176	1621	3.322181	2.6822726726531982	10
1503365	1627	3.072346	4.03825044631958	10
930083	2002	7.371354	3.1138997077941895	10
753574	1855	7.208987	3.2175168991088867	10
1299052	2158	6.251041	3.7898216247558594	10
1240219	1926	0.834229	3.8233330249786377	10
722058	1941	-2.692944	2.4330339431762695	10
907795	1849	-0.199442	2.3025166988372803	10
906844	1840	3.19865	3.0695066452026367	10
753573	1855	3.680995	3.2175168991088867	10
911905	1924	5.601737	3.41501784324646	10
909757	1815	5.601212	3.9422194957733154	10
908458	1718	1.852323	3.6246867179870605	10
946373	1918	3.043666	2.511305332183838	10
1659928	1709	-2.375825	1.8855098485946655	10
905968	1817	-4.712529	3.518422842025757	10
909905	1716	5.257621	3.7086265087127686	10
1299080	1631	2.306015	3.714634418487549	10
949171	1835	2.328421	2.6095643043518066	10
753595	1634	6.477433	5.611246109008789	10
749711	1924	3.47085	2.327136754989624	10
1298358	1709	-2.542281	2.2714943885803223	10
753533	1013	2.994354	3.733191728591919	10
1240162	2173	6.107483	3.1160683631896973	10
906797	1622	5.37041	3.800769329071045	10
688006	1854	5.12723	3.6611862182617188	10
908129	2156	3.210868	3.9516074657440186	10
1330993	1088	1.554947	5.690862655639648	10
907791	1249	1.930371	2.810725688934326	10
908125	1048	5.56336	3.840928077697754	10
1290455	1553	2.06352	2.2752339839935303	10
906830	1783	6.898966	3.749098777770996	10
906837	1529	-0.417474	3.8194847106933594	10
910934	1802	3.174402	2.9796087741851807	10
909194	1038	3.835209	3.425015926361084	10
907789	1835	1.46214	1.6228305101394653	10
1240179	1862	-0.305938	1.0693594217300415	10
908123	1708	-1.544416	1.7595288753509521	10
1331045	1089	1.257545	1.2739850282669067	10
1240189	1072	2.615727	3.667245388031006	10
910851	1529	-1.445295	3.8854644298553467	10
1240190	2037	4.086096	4.149604320526123	10
905944	1908	3.794689	3.0263571739196777	10
905971	1632	3.538013	1.8855098485946655	10
910546	1007	-2.959049	-0.5337458252906799	10
907279	1931	6.871694	3.7374062538146973	10
753551	1243	2.449173	3.667245388031006	10
1327766	2360	3.823168	1.4771908521652222	10
909755	2002	6.126864	3.103983163833618	10
910919	1062	3.304288	2.118393659591675	10
906793	1933	3.335829	1.7620841264724731	10
906763	1080	-4.909406	-1.0915402173995972	10
1240145	1632	4.050098	2.3809995651245117	10
1240217	1803	4.138943	3.2545552253723145	10
905947	1624	2.446134	4.008654594421387	10
909757	1068	2.196597	2.3025166988372803	10
949170	1997	3.447109	2.2104272842407227	10
910934	1834	-1.659559	2.1250033378601074	10
907792	1716	5.97225	3.6246867179870605	10
724839	1614	5.95822	3.313431739807129	10
753600	1058	0.998055	3.182494640350342	10
1327769	1093	3.608736	1.87606680393219	10
909744	1561	2.10904	2.4799468517303467	10
906837	1025	4.193223	3.88413667678833	10
1240173	1021	3.326954	2.9073431491851807	10
1479987	2172	0.716401	4.038508415222168	10
905941	1835	7.118591	3.3005871772766113	10
906693	1718	3.446121	4.034246444702148	10
924239	1594	1.67377	1.4771908521652222	10
905951	1853	5.64724	3.121943473815918	10
906875	2148	0.050489	2.6095643043518066	10
949179	2010	5.110713	2.6095643043518066	10
905950	2109	1.937777	4.106060981750488	10
1290797	1730	1.934285	3.721928119659424	10
1330991	1855	3.902415	2.222018241882324	10
688013	2499	10.243619	3.8498857021331787	10
1327766	1003	-2.076289	1.7825382947921753	10
930083	2111	7.65329	3.849855661392212	10
909708	1627	1.743923	3.7898216247558594	10
1331055	1049	4.023199	2.839656352996826	10
924111	2110	3.742603	3.7898216247558594	10
1240193	2000	4.053391	2.94399094581604	10
910549	1049	4.049305	2.8916354179382324	10
907287	2158	5.764109	3.9653947353363037	10
949171	1915	2.650902	2.7063403129577637	10
1330950	1852	4.80971	2.810725688934326	10
906833	1708	-0.600575	1.3201860189437866	10
1240199	1088	5.404444	2.800086259841919	10
687820	1011	2.444843	2.4330339431762695	10
687505	1613	3.102971	3.553929567337036	10
905962	1615	7.096334	3.168914794921875	10
909738	2157	7.194286	4.101162433624268	10
908449	1039	6.477138	2.8869051933288574	10
908457	1598	6.392398	4.0327277183532715	10
1659929	1194	4.314443	2.9073431491851807	10
753534	1622	2.17417	4.12022066116333	10
687459	1584	2.597223	3.032283306121826	10
722066	1930	0.497535	3.9161975383758545	10
1298167	1054	4.028049	2.096635341644287	10
909704	1908	2.149629	2.865792751312256	10
688014	1200	3.947093	3.472874641418457	10
909253	1926	0.997528	2.2752339839935303	10
1298476	1933	9.24812	2.3724756240844727	10
1503364	2048	-5.051871	-0.38954535126686096	10
925348	1816	5.857504	4.64396858215332	10
724859	1714	0.740361	3.0263571739196777	10
907055	1932	2.109604	3.381093978881836	10
1503364	1626	2.450565	3.5254318714141846	10
1303911	1069	3.471106	3.085204839706421	10
713880	1024	0.802588	2.790163993835449	10
724838	2045	5.065724	3.1154963970184326	10
924111	1803	6.080247	2.9140431880950928	10
949176	1494	-2.279718	0.9508704543113708	10
910920	1817	-4.061067	3.576129674911499	10
906821	1586	5.431188	3.540168285369873	10
906812	1250	4.738984	3.4079670906066895	10
1240179	1559	-0.862687	1.0693594217300415	10
905940	2046	1.774915	0.859559178352356	10
688015	1180	-3.783273	1.8904675245285034	10
687821	1033	6.788536	4.175133228302002	10
1290769	1833	4.166804	3.103983163833618	10
907061	1613	4.307908	3.676703453063965	10
909773	1936	0.818582	1.9796026945114136	10
907314	2171	0.607085	1.3807052373886108	10
1330985	2173	1.756534	1.4879820346832275	10
905967	1042	5.599033	5.264741897583008	10
1479995	1085	2.776339	3.738938331604004	10
906825	1039	5.306458	3.738938331604004	10
909736	1821	3.880915	3.2545552253723145	10
687590	1855	5.623414	3.0920310020446777	10
949171	1840	2.509286	2.6095643043518066	10
911905	1817	-2.489137	3.518422842025757	10
1480362	2047	4.521493	3.3246326446533203	10
753574	2011	3.473981	4.13752555847168	10
907277	1849	-2.531712	1.1843311786651611	10
1331055	1373	4.696806	3.579441547393799	10
924107	1776	4.246578	2.9423131942749023	10
905957	1777	3.1778	3.4079670906066895	10
905934	1732	4.244229	3.9452614784240723	10
1298356	1529	5.570186	3.8854644298553467	10
749715	2359	3.726164	3.840604066848755	10
908448	1006	-1.476829	2.2146568298339844	10
905959	2154	3.525638	4.17911434173584	10
1299075	1564	5.350519	4.3361897468566895	10
1503361	1025	4.399637	4.064204692840576	10
910780	1825	-2.655683	2.6095643043518066	10
906763	1038	2.860489	2.2794113159179688	10
753575	1020	6.11904	0.9801971316337585	10
907057	1034	-3.147746	3.1347875595092773	10
907046	1054	3.82137	1.7595288753509521	10
1524417	1917	1.159075	4.091010093688965	10
910700	1738	2.257858	3.233400344848633	10
1240157	1862	-1.28824	1.8031330108642578	10
1503369	1916	2.672288	3.6295385360717773	10
1290798	1720	2.446217	1.7118679285049438	10
1240204	1911	-7.074266	3.8194847106933594	10
753556	1706	-0.486472	3.880955934524536	10
753620	1629	4.306605	1.2584387063980103	10
753564	1051	-2.659503	-1.5959957838058472	10
724870	1909	3.237991	2.6302552223205566	10
1327773	1928	2.637928	1.6971200704574585	10
1247873	1561	1.515861	3.182494640350342	10
906790	1802	2.886145	3.5992326736450195	10
905946	1834	1.140175	3.0695066452026367	10
908451	1908	0.90931	2.222018241882324	10
1480358	1036	5.738886	3.3246326446533203	10
687514	2113	2.894308	2.873957633972168	10
908148	2499	9.397064	3.206615447998047	10
906795	1581	3.558161	3.863271951675415	10
905968	1629	3.826013	1.5032092332839966	10
1330942	1010	3.62709	1.982007384300232	10
907795	2039	2.611389	3.1929330825805664	10
1290806	1086	-0.304296	2.2714943885803223	10
722066	2149	2.09211	4.149604320526123	10
909750	1058	0.472113	2.511305332183838	10
1330995	1708	-1.18171	0.8559018969535828	10
910921	1829	1.567906	3.2270889282226562	10
909773	1939	4.44643	0.9694816470146179	10
1503364	1133	4.802437	4.363312721252441	10
1240183	2055	4.630286	3.3005871772766113	10
1330942	1827	1.95207	2.212151527404785	10
946369	1200	3.047253	4.3381452560424805	10
1240183	1620	6.281649	3.880955934524536	10
908462	2156	3.529431	4.167845249176025	10
1240189	1834	2.134013	2.94399094581604	10
910549	1378	5.327451	1.8858522176742554	10
1298538	1558	0.923451	2.2925119400024414	10
910549	1803	6.539859	2.987170696258545	10
917486	2106	3.620943	3.168914794921875	10
724839	1560	4.922825	2.5607798099517822	10
909257	1561	0.586265	3.41501784324646	10
1297446	1810	-1.977516	0.6676623821258545	10
687985	1927	4.055119	2.790163993835449	10
908121	2170	3.477169	2.327136754989624	10
753589	1847	5.351804	2.94399094581604	10
1659819	2111	0.682287	2.188417911529541	10
905983	1059	0.954711	3.1883764266967773	10
905951	1778	4.169353	2.327136754989624	10
687983	1177	4.494617	3.425015926361084	10
946355	1029	6.193639	2.8916354179382324	10
905958	1549	4.094715	1.5122209787368774	10
688058	1718	4.645434	2.992438554763794	10
1298350	1739	3.437471	3.6295385360717773	10
907787	1802	1.704696	2.4375717639923096	10
909747	1922	4.904763	2.9073431491851807	10
688021	1836	5.230084	2.94399094581604	10
907277	1734	1.195409	2.4375717639923096	10
1503370	1840	1.282582	3.007452964782715	10
1480372	1008	-0.892905	2.800086259841919	10
907794	2154	2.462043	3.9653947353363037	10
1327766	1779	-0.034092	2.504974365234375	10
1298475	1919	2.033079	3.545506000518799	10
1240206	1248	-5.041359	4.523548126220703	10
713869	1080	-3.832255	-0.40190389752388	10
1331034	1060	1.619091	2.118393659591675	10
908460	1810	4.038643	2.5616421699523926	10
910952	1017	4.884314	4.091010093688965	10
910704	1732	4.939091	3.840604066848755	10
753555	1088	1.886249	1.8858522176742554	10
1480367	1029	6.07001	3.253695487976074	10
905968	2173	4.778236	4.038508415222168	10
910554	1829	1.908773	3.103983163833618	10
930083	2044	6.415807	2.4265494346618652	10
1299075	1613	5.450726	3.891672372817993	10
1299059	1714	4.023921	2.5967698097229004	10
907063	1039	4.407976	1.8367098569869995	10
910919	1086	-4.820014	0.8559018969535828	10
1330950	1630	4.38557	2.504974365234375	10
1330948	1179	-1.807224	1.224032998085022	10
687455	1825	0.222133	2.9084205627441406	10
910701	1997	2.675535	1.8793975114822388	10
908455	1022	0.559904	2.2714943885803223	10
946354	1917	0.394175	3.9127559661865234	10
1240186	1580	4.503988	3.3166732788085938	10
910941	2157	4.76409	3.8419442176818848	10
907319	1617	0.723389	2.215552806854248	10
909773	1401	0.788353	0.8559018969535828	10
749709	2499	9.988558	4.611176490783691	10
907783	2043	4.522192	2.561990976333618	10
909761	1928	5.757327	3.773367404937744	10
907318	1996	3.600459	2.215552806854248	10
724870	1826	2.776384	3.6259889602661133	10
749715	1786	2.59835	3.303542137145996	10
1480374	2172	1.66918	4.038508415222168	10
907312	2000	4.965102	2.9084205627441406	10
907173	1268	2.851828	4.015522480010986	10
687586	1249	4.418246	4.070613861083984	10
906835	1634	5.968648	5.148377895355225	10
1479995	1512	4.735946	2.800086259841919	10
949170	1259	2.442466	3.1071386337280273	10
1298348	1621	6.200051	3.1176576614379883	10
907169	1635	5.419143	3.749098777770996	10
909709	1032	-0.498673	1.8042044639587402	10
749710	1824	3.675363	3.0695066452026367	10
909753	1941	-5.594641	2.2277088165283203	10
907053	1582	3.1117	1.9704921245574951	10
1524418	1069	3.387442	3.5186309814453125	10
1240159	1614	3.769677	3.6183977127075195	10
907287	1529	0.729003	3.9422194957733154	10
909784	1777	5.755612	3.714634418487549	10
1480371	1845	0.924058	3.4338154792785645	10
753582	1507	5.183485	2.790163993835449	10
906864	1939	1.71831	2.4407958984375	10
910941	1561	2.644485	2.6397337913513184	10
910545	1563	3.866029	2.6113011837005615	10
1299062	2112	2.714667	2.94399094581604	10
1240168	1088	3.011117	2.731203556060791	10
1240174	1372	1.705696	3.3431172370910645	10
688013	1058	1.900446	2.809415102005005	10
906839	1073	7.462406	4.070613861083984	10
906832	1375	6.228458	1.2739850282669067	10
906746	1030	5.381157	4.08230447769165	10
1503364	1557	3.781025	2.3728020191192627	10
753533	1910	1.039536	1.9703428745269775	10
683667	1631	2.183548	3.026496410369873	10
1327773	1190	-3.727467	1.2739850282669067	10
1240167	2038	4.106453	4.03825044631958	10
907275	1820	0.710042	2.212151527404785	10
1298358	1133	5.476154	4.363312721252441	10
905978	1799	3.954821	3.5467615127563477	10
1524416	1862	-1.804596	0.6422416567802429	10
908483	1621	4.868493	2.935044765472412	10
907300	2148	0.022754	2.212151527404785	10
908472	2362	4.66731	3.182494640350342	10
1298168	1512	6.00914	2.6528658866882324	10
946359	1053	2.096332	2.327136754989624	10
907274	2111	3.407669	2.188417911529541	10
907790	1911	-5.972589	3.9422194957733154	10
1298351	1799	2.611815	3.5092647075653076	10
909751	1091	-0.557369	3.233400344848633	10
907055	1924	-0.394129	2.894710063934326	10
1240173	1712	-3.137055	3.9422194957733154	10
909905	1847	4.655184	3.308743476867676	10
909709	1820	3.93685	2.9140431880950928	10
688026	1061	4.328471	3.579441547393799	10
946354	1625	3.044334	3.8499186038970947	10
930299	1908	3.822004	2.6794660091400146	10
1480360	1032	2.030076	2.9724771976470947	10
909697	1072	5.568368	3.5992326736450195	10
908121	1561	-2.627532	2.327136754989624	10
909740	1093	5.638011	3.233400344848633	10
1298358	1586	4.981195	3.051570415496826	10
909718	1249	5.206389	3.9422194957733154	10
909709	1249	5.314777	3.8194847106933594	10
907270	1908	0.452936	1.0298856496810913	10
1480372	2046	4.505351	2.3497610092163086	10
909704	1712	-4.907564	3.8290252685546875	10
949093	2169	5.606029	2.327136754989624	10
1327771	1050	0.548501	-2.0067994594573975	10
687812	2048	-0.060483	-0.40190389752388	10
949093	1168	5.476614	2.1870195865631104	10
907783	1812	2.587051	0.4704608619213104	10
753610	1933	3.205564	1.3157126903533936	10
905950	2011	5.105346	4.222072601318359	10
1299062	1730	3.038507	2.964301109313965	10
907317	2046	4.55544	2.204148530960083	10
905957	1730	2.384018	3.085204839706421	10
910692	2055	1.721443	2.94399094581604	10
1298223	1529	-0.069493	4.1245036125183105	10
906875	1072	4.174625	4.121618270874023	10
1240168	1085	1.743365	3.7086265087127686	10
1524418	1512	5.94549	2.6528658866882324	10
908146	2173	2.205915	1.7173527479171753	10
910930	1581	0.511791	1.6971200704574585	10
909698	1564	0.787293	1.702409267425537	10
687997	1732	3.005588	3.667245388031006	10
910546	1594	3.680903	3.8233330249786377	10
1503366	1635	5.803249	4.13752555847168	10
